ISO-10303-21;
HEADER;
/* Generated by software containing ST-Developer
 * from STEP Tools, Inc. (www.steptools.com) 
 */
/* OPTION: using custom renumber hook */

FILE_DESCRIPTION(
/* description */ ('STEP AP242 Edition 2',
'CAx-IF Rec.Pracs.---Representation and Presentation of Product Manufa
cturing Information (PMI)---4.0---2014-10-13',
'CAx-IF Rec.Pracs.---3D Tessellated Geometry---0.4---2014-09-14','2;1',
'CAx-IF Rec.Pracs.---User Defined Attributes---1.5---2016-08-15'),
/* implementation_level */ '2;1');

FILE_NAME(
/* name */ 'Arm',
/* time_stamp */ '2026-09-01T03:58:59Z',
/* author */ (''),
/* organization */ (''),
/* preprocessor_version */ 'ST-DEVELOPER v20',
/* originating_system */ 'ONSHAPE BY PTC INC, 1.220',
/* authorisation */ '  ');

FILE_SCHEMA (('AP242_MANAGED_MODEL_BASED_3D_ENGINEERING_MIM_LF { 1 0 10303 442 3 1 4 }'));
ENDSEC;

DATA;
#10=SHAPE_REPRESENTATION_RELATIONSHIP('','',#1415,#11);
#11=ADVANCED_BREP_SHAPE_REPRESENTATION('',(#1413),#6144);
#12=B_SPLINE_SURFACE_WITH_KNOTS('',5,1,((#2435,#2436),(#2437,#2438),(#2439,
#2440),(#2441,#2442),(#2443,#2444),(#2445,#2446),(#2447,#2448),(#2449,#2450)),
 .SURF_OF_LINEAR_EXTRUSION.,.F.,.F.,.F.,(6,2,6),(2,2),(0.,0.5,1.),(0.,1.),
 .UNSPECIFIED.);
#13=B_SPLINE_SURFACE_WITH_KNOTS('',5,1,((#2465,#2466),(#2467,#2468),(#2469,
#2470),(#2471,#2472),(#2473,#2474),(#2475,#2476),(#2477,#2478),(#2479,#2480)),
 .SURF_OF_LINEAR_EXTRUSION.,.F.,.F.,.F.,(6,2,6),(2,2),(0.,0.5,1.),(0.,1.),
 .UNSPECIFIED.);
#14=B_SPLINE_SURFACE_WITH_KNOTS('',5,1,((#2495,#2496),(#2497,#2498),(#2499,
#2500),(#2501,#2502),(#2503,#2504),(#2505,#2506),(#2507,#2508),(#2509,#2510)),
 .SURF_OF_LINEAR_EXTRUSION.,.F.,.F.,.F.,(6,2,6),(2,2),(0.,0.5,1.),(0.,1.),
 .UNSPECIFIED.);
#15=B_SPLINE_SURFACE_WITH_KNOTS('',5,1,((#2525,#2526),(#2527,#2528),(#2529,
#2530),(#2531,#2532),(#2533,#2534),(#2535,#2536),(#2537,#2538),(#2539,#2540)),
 .SURF_OF_LINEAR_EXTRUSION.,.F.,.F.,.F.,(6,2,6),(2,2),(0.,0.5,1.),(0.,1.),
 .UNSPECIFIED.);
#16=B_SPLINE_SURFACE_WITH_KNOTS('',5,1,((#2555,#2556),(#2557,#2558),(#2559,
#2560),(#2561,#2562),(#2563,#2564),(#2565,#2566),(#2567,#2568),(#2569,#2570)),
 .SURF_OF_LINEAR_EXTRUSION.,.F.,.F.,.F.,(6,2,6),(2,2),(0.,0.5,1.),(0.,1.),
 .UNSPECIFIED.);
#17=B_SPLINE_SURFACE_WITH_KNOTS('',3,3,((#2585,#2586,#2587,#2588,#2589,
#2590,#2591,#2592,#2593,#2594,#2595,#2596,#2597,#2598,#2599,#2600,#2601,
#2602,#2603),(#2604,#2605,#2606,#2607,#2608,#2609,#2610,#2611,#2612,#2613,
#2614,#2615,#2616,#2617,#2618,#2619,#2620,#2621,#2622),(#2623,#2624,#2625,
#2626,#2627,#2628,#2629,#2630,#2631,#2632,#2633,#2634,#2635,#2636,#2637,
#2638,#2639,#2640,#2641),(#2642,#2643,#2644,#2645,#2646,#2647,#2648,#2649,
#2650,#2651,#2652,#2653,#2654,#2655,#2656,#2657,#2658,#2659,#2660),(#2661,
#2662,#2663,#2664,#2665,#2666,#2667,#2668,#2669,#2670,#2671,#2672,#2673,
#2674,#2675,#2676,#2677,#2678,#2679),(#2680,#2681,#2682,#2683,#2684,#2685,
#2686,#2687,#2688,#2689,#2690,#2691,#2692,#2693,#2694,#2695,#2696,#2697,
#2698),(#2699,#2700,#2701,#2702,#2703,#2704,#2705,#2706,#2707,#2708,#2709,
#2710,#2711,#2712,#2713,#2714,#2715,#2716,#2717),(#2718,#2719,#2720,#2721,
#2722,#2723,#2724,#2725,#2726,#2727,#2728,#2729,#2730,#2731,#2732,#2733,
#2734,#2735,#2736),(#2737,#2738,#2739,#2740,#2741,#2742,#2743,#2744,#2745,
#2746,#2747,#2748,#2749,#2750,#2751,#2752,#2753,#2754,#2755),(#2756,#2757,
#2758,#2759,#2760,#2761,#2762,#2763,#2764,#2765,#2766,#2767,#2768,#2769,
#2770,#2771,#2772,#2773,#2774),(#2775,#2776,#2777,#2778,#2779,#2780,#2781,
#2782,#2783,#2784,#2785,#2786,#2787,#2788,#2789,#2790,#2791,#2792,#2793),
(#2794,#2795,#2796,#2797,#2798,#2799,#2800,#2801,#2802,#2803,#2804,#2805,
#2806,#2807,#2808,#2809,#2810,#2811,#2812),(#2813,#2814,#2815,#2816,#2817,
#2818,#2819,#2820,#2821,#2822,#2823,#2824,#2825,#2826,#2827,#2828,#2829,
#2830,#2831),(#2832,#2833,#2834,#2835,#2836,#2837,#2838,#2839,#2840,#2841,
#2842,#2843,#2844,#2845,#2846,#2847,#2848,#2849,#2850),(#2851,#2852,#2853,
#2854,#2855,#2856,#2857,#2858,#2859,#2860,#2861,#2862,#2863,#2864,#2865,
#2866,#2867,#2868,#2869),(#2870,#2871,#2872,#2873,#2874,#2875,#2876,#2877,
#2878,#2879,#2880,#2881,#2882,#2883,#2884,#2885,#2886,#2887,#2888),(#2889,
#2890,#2891,#2892,#2893,#2894,#2895,#2896,#2897,#2898,#2899,#2900,#2901,
#2902,#2903,#2904,#2905,#2906,#2907),(#2908,#2909,#2910,#2911,#2912,#2913,
#2914,#2915,#2916,#2917,#2918,#2919,#2920,#2921,#2922,#2923,#2924,#2925,
#2926),(#2927,#2928,#2929,#2930,#2931,#2932,#2933,#2934,#2935,#2936,#2937,
#2938,#2939,#2940,#2941,#2942,#2943,#2944,#2945),(#2946,#2947,#2948,#2949,
#2950,#2951,#2952,#2953,#2954,#2955,#2956,#2957,#2958,#2959,#2960,#2961,
#2962,#2963,#2964),(#2965,#2966,#2967,#2968,#2969,#2970,#2971,#2972,#2973,
#2974,#2975,#2976,#2977,#2978,#2979,#2980,#2981,#2982,#2983),(#2984,#2985,
#2986,#2987,#2988,#2989,#2990,#2991,#2992,#2993,#2994,#2995,#2996,#2997,
#2998,#2999,#3000,#3001,#3002)),.UNSPECIFIED.,.F.,.F.,.F.,(4,2,2,2,2,2,
2,2,2,2,4),(4,1,1,1,2,2,1,2,2,1,1,1,4),(0.,0.0625,0.125,0.25,0.375,0.5,
0.625,0.75,0.875,0.9375,1.),(0.,0.000397150187010362,0.000794300374020724,
0.00119145056103109,0.00158860074804145,0.00238290112206217,0.00317720149608289,
0.00397150187010362,0.00476580224412434,0.0051629524311347,0.00556010261814507,
0.00595725280515543,0.00635440299216579),.UNSPECIFIED.);
#18=B_SPLINE_SURFACE_WITH_KNOTS('',3,3,((#3010,#3011,#3012,#3013,#3014,
#3015,#3016,#3017,#3018,#3019,#3020,#3021,#3022,#3023,#3024,#3025,#3026,
#3027,#3028),(#3029,#3030,#3031,#3032,#3033,#3034,#3035,#3036,#3037,#3038,
#3039,#3040,#3041,#3042,#3043,#3044,#3045,#3046,#3047),(#3048,#3049,#3050,
#3051,#3052,#3053,#3054,#3055,#3056,#3057,#3058,#3059,#3060,#3061,#3062,
#3063,#3064,#3065,#3066),(#3067,#3068,#3069,#3070,#3071,#3072,#3073,#3074,
#3075,#3076,#3077,#3078,#3079,#3080,#3081,#3082,#3083,#3084,#3085),(#3086,
#3087,#3088,#3089,#3090,#3091,#3092,#3093,#3094,#3095,#3096,#3097,#3098,
#3099,#3100,#3101,#3102,#3103,#3104),(#3105,#3106,#3107,#3108,#3109,#3110,
#3111,#3112,#3113,#3114,#3115,#3116,#3117,#3118,#3119,#3120,#3121,#3122,
#3123),(#3124,#3125,#3126,#3127,#3128,#3129,#3130,#3131,#3132,#3133,#3134,
#3135,#3136,#3137,#3138,#3139,#3140,#3141,#3142),(#3143,#3144,#3145,#3146,
#3147,#3148,#3149,#3150,#3151,#3152,#3153,#3154,#3155,#3156,#3157,#3158,
#3159,#3160,#3161),(#3162,#3163,#3164,#3165,#3166,#3167,#3168,#3169,#3170,
#3171,#3172,#3173,#3174,#3175,#3176,#3177,#3178,#3179,#3180),(#3181,#3182,
#3183,#3184,#3185,#3186,#3187,#3188,#3189,#3190,#3191,#3192,#3193,#3194,
#3195,#3196,#3197,#3198,#3199),(#3200,#3201,#3202,#3203,#3204,#3205,#3206,
#3207,#3208,#3209,#3210,#3211,#3212,#3213,#3214,#3215,#3216,#3217,#3218),
(#3219,#3220,#3221,#3222,#3223,#3224,#3225,#3226,#3227,#3228,#3229,#3230,
#3231,#3232,#3233,#3234,#3235,#3236,#3237),(#3238,#3239,#3240,#3241,#3242,
#3243,#3244,#3245,#3246,#3247,#3248,#3249,#3250,#3251,#3252,#3253,#3254,
#3255,#3256),(#3257,#3258,#3259,#3260,#3261,#3262,#3263,#3264,#3265,#3266,
#3267,#3268,#3269,#3270,#3271,#3272,#3273,#3274,#3275),(#3276,#3277,#3278,
#3279,#3280,#3281,#3282,#3283,#3284,#3285,#3286,#3287,#3288,#3289,#3290,
#3291,#3292,#3293,#3294),(#3295,#3296,#3297,#3298,#3299,#3300,#3301,#3302,
#3303,#3304,#3305,#3306,#3307,#3308,#3309,#3310,#3311,#3312,#3313),(#3314,
#3315,#3316,#3317,#3318,#3319,#3320,#3321,#3322,#3323,#3324,#3325,#3326,
#3327,#3328,#3329,#3330,#3331,#3332),(#3333,#3334,#3335,#3336,#3337,#3338,
#3339,#3340,#3341,#3342,#3343,#3344,#3345,#3346,#3347,#3348,#3349,#3350,
#3351),(#3352,#3353,#3354,#3355,#3356,#3357,#3358,#3359,#3360,#3361,#3362,
#3363,#3364,#3365,#3366,#3367,#3368,#3369,#3370),(#3371,#3372,#3373,#3374,
#3375,#3376,#3377,#3378,#3379,#3380,#3381,#3382,#3383,#3384,#3385,#3386,
#3387,#3388,#3389),(#3390,#3391,#3392,#3393,#3394,#3395,#3396,#3397,#3398,
#3399,#3400,#3401,#3402,#3403,#3404,#3405,#3406,#3407,#3408),(#3409,#3410,
#3411,#3412,#3413,#3414,#3415,#3416,#3417,#3418,#3419,#3420,#3421,#3422,
#3423,#3424,#3425,#3426,#3427)),.UNSPECIFIED.,.F.,.F.,.F.,(4,2,2,2,2,2,
2,2,2,2,4),(4,1,1,1,2,2,1,2,2,1,1,1,4),(0.,0.0625,0.125,0.25,0.375,0.5,
0.625,0.75,0.875,0.9375,1.),(0.,0.000397150187010361,0.000794300374020722,
0.00119145056103108,0.00158860074804144,0.00238290112206217,0.00317720149608289,
0.00397150187010361,0.00476580224412433,0.0051629524311347,0.00556010261814506,
0.00595725280515542,0.00635440299216578),.UNSPECIFIED.);
#19=B_SPLINE_SURFACE_WITH_KNOTS('',5,1,((#3435,#3436),(#3437,#3438),(#3439,
#3440),(#3441,#3442),(#3443,#3444),(#3445,#3446),(#3447,#3448),(#3449,#3450)),
 .SURF_OF_LINEAR_EXTRUSION.,.F.,.F.,.F.,(6,2,6),(2,2),(0.,0.5,1.),(0.,1.),
 .UNSPECIFIED.);
#20=B_SPLINE_SURFACE_WITH_KNOTS('',5,1,((#3458,#3459),(#3460,#3461),(#3462,
#3463),(#3464,#3465),(#3466,#3467),(#3468,#3469),(#3470,#3471),(#3472,#3473)),
 .SURF_OF_LINEAR_EXTRUSION.,.F.,.F.,.F.,(6,2,6),(2,2),(0.,0.5,1.),(0.,1.),
 .UNSPECIFIED.);
#21=B_SPLINE_SURFACE_WITH_KNOTS('',3,3,((#3481,#3482,#3483,#3484,#3485,
#3486,#3487,#3488,#3489,#3490,#3491,#3492,#3493,#3494,#3495,#3496,#3497,
#3498,#3499),(#3500,#3501,#3502,#3503,#3504,#3505,#3506,#3507,#3508,#3509,
#3510,#3511,#3512,#3513,#3514,#3515,#3516,#3517,#3518),(#3519,#3520,#3521,
#3522,#3523,#3524,#3525,#3526,#3527,#3528,#3529,#3530,#3531,#3532,#3533,
#3534,#3535,#3536,#3537),(#3538,#3539,#3540,#3541,#3542,#3543,#3544,#3545,
#3546,#3547,#3548,#3549,#3550,#3551,#3552,#3553,#3554,#3555,#3556),(#3557,
#3558,#3559,#3560,#3561,#3562,#3563,#3564,#3565,#3566,#3567,#3568,#3569,
#3570,#3571,#3572,#3573,#3574,#3575),(#3576,#3577,#3578,#3579,#3580,#3581,
#3582,#3583,#3584,#3585,#3586,#3587,#3588,#3589,#3590,#3591,#3592,#3593,
#3594),(#3595,#3596,#3597,#3598,#3599,#3600,#3601,#3602,#3603,#3604,#3605,
#3606,#3607,#3608,#3609,#3610,#3611,#3612,#3613),(#3614,#3615,#3616,#3617,
#3618,#3619,#3620,#3621,#3622,#3623,#3624,#3625,#3626,#3627,#3628,#3629,
#3630,#3631,#3632),(#3633,#3634,#3635,#3636,#3637,#3638,#3639,#3640,#3641,
#3642,#3643,#3644,#3645,#3646,#3647,#3648,#3649,#3650,#3651),(#3652,#3653,
#3654,#3655,#3656,#3657,#3658,#3659,#3660,#3661,#3662,#3663,#3664,#3665,
#3666,#3667,#3668,#3669,#3670),(#3671,#3672,#3673,#3674,#3675,#3676,#3677,
#3678,#3679,#3680,#3681,#3682,#3683,#3684,#3685,#3686,#3687,#3688,#3689),
(#3690,#3691,#3692,#3693,#3694,#3695,#3696,#3697,#3698,#3699,#3700,#3701,
#3702,#3703,#3704,#3705,#3706,#3707,#3708),(#3709,#3710,#3711,#3712,#3713,
#3714,#3715,#3716,#3717,#3718,#3719,#3720,#3721,#3722,#3723,#3724,#3725,
#3726,#3727),(#3728,#3729,#3730,#3731,#3732,#3733,#3734,#3735,#3736,#3737,
#3738,#3739,#3740,#3741,#3742,#3743,#3744,#3745,#3746),(#3747,#3748,#3749,
#3750,#3751,#3752,#3753,#3754,#3755,#3756,#3757,#3758,#3759,#3760,#3761,
#3762,#3763,#3764,#3765),(#3766,#3767,#3768,#3769,#3770,#3771,#3772,#3773,
#3774,#3775,#3776,#3777,#3778,#3779,#3780,#3781,#3782,#3783,#3784),(#3785,
#3786,#3787,#3788,#3789,#3790,#3791,#3792,#3793,#3794,#3795,#3796,#3797,
#3798,#3799,#3800,#3801,#3802,#3803),(#3804,#3805,#3806,#3807,#3808,#3809,
#3810,#3811,#3812,#3813,#3814,#3815,#3816,#3817,#3818,#3819,#3820,#3821,
#3822),(#3823,#3824,#3825,#3826,#3827,#3828,#3829,#3830,#3831,#3832,#3833,
#3834,#3835,#3836,#3837,#3838,#3839,#3840,#3841),(#3842,#3843,#3844,#3845,
#3846,#3847,#3848,#3849,#3850,#3851,#3852,#3853,#3854,#3855,#3856,#3857,
#3858,#3859,#3860),(#3861,#3862,#3863,#3864,#3865,#3866,#3867,#3868,#3869,
#3870,#3871,#3872,#3873,#3874,#3875,#3876,#3877,#3878,#3879),(#3880,#3881,
#3882,#3883,#3884,#3885,#3886,#3887,#3888,#3889,#3890,#3891,#3892,#3893,
#3894,#3895,#3896,#3897,#3898)),.UNSPECIFIED.,.F.,.F.,.F.,(4,2,2,2,2,2,
2,2,2,2,4),(4,1,1,1,2,2,1,2,2,1,1,1,4),(0.,0.0625,0.125,0.25,0.375,0.5,
0.625,0.75,0.875,0.9375,1.),(0.,0.000397150187010366,0.000794300374020733,
0.0011914505610311,0.00158860074804147,0.0023829011220622,0.00317720149608293,
0.00397150187010366,0.0047658022441244,0.00516295243113476,0.00556010261814513,
0.00595725280515549,0.00635440299216586),.UNSPECIFIED.);
#22=B_SPLINE_SURFACE_WITH_KNOTS('',3,3,((#3906,#3907,#3908,#3909,#3910,
#3911,#3912,#3913,#3914,#3915,#3916,#3917,#3918,#3919,#3920,#3921,#3922,
#3923,#3924),(#3925,#3926,#3927,#3928,#3929,#3930,#3931,#3932,#3933,#3934,
#3935,#3936,#3937,#3938,#3939,#3940,#3941,#3942,#3943),(#3944,#3945,#3946,
#3947,#3948,#3949,#3950,#3951,#3952,#3953,#3954,#3955,#3956,#3957,#3958,
#3959,#3960,#3961,#3962),(#3963,#3964,#3965,#3966,#3967,#3968,#3969,#3970,
#3971,#3972,#3973,#3974,#3975,#3976,#3977,#3978,#3979,#3980,#3981),(#3982,
#3983,#3984,#3985,#3986,#3987,#3988,#3989,#3990,#3991,#3992,#3993,#3994,
#3995,#3996,#3997,#3998,#3999,#4000),(#4001,#4002,#4003,#4004,#4005,#4006,
#4007,#4008,#4009,#4010,#4011,#4012,#4013,#4014,#4015,#4016,#4017,#4018,
#4019),(#4020,#4021,#4022,#4023,#4024,#4025,#4026,#4027,#4028,#4029,#4030,
#4031,#4032,#4033,#4034,#4035,#4036,#4037,#4038),(#4039,#4040,#4041,#4042,
#4043,#4044,#4045,#4046,#4047,#4048,#4049,#4050,#4051,#4052,#4053,#4054,
#4055,#4056,#4057),(#4058,#4059,#4060,#4061,#4062,#4063,#4064,#4065,#4066,
#4067,#4068,#4069,#4070,#4071,#4072,#4073,#4074,#4075,#4076),(#4077,#4078,
#4079,#4080,#4081,#4082,#4083,#4084,#4085,#4086,#4087,#4088,#4089,#4090,
#4091,#4092,#4093,#4094,#4095),(#4096,#4097,#4098,#4099,#4100,#4101,#4102,
#4103,#4104,#4105,#4106,#4107,#4108,#4109,#4110,#4111,#4112,#4113,#4114),
(#4115,#4116,#4117,#4118,#4119,#4120,#4121,#4122,#4123,#4124,#4125,#4126,
#4127,#4128,#4129,#4130,#4131,#4132,#4133),(#4134,#4135,#4136,#4137,#4138,
#4139,#4140,#4141,#4142,#4143,#4144,#4145,#4146,#4147,#4148,#4149,#4150,
#4151,#4152),(#4153,#4154,#4155,#4156,#4157,#4158,#4159,#4160,#4161,#4162,
#4163,#4164,#4165,#4166,#4167,#4168,#4169,#4170,#4171),(#4172,#4173,#4174,
#4175,#4176,#4177,#4178,#4179,#4180,#4181,#4182,#4183,#4184,#4185,#4186,
#4187,#4188,#4189,#4190),(#4191,#4192,#4193,#4194,#4195,#4196,#4197,#4198,
#4199,#4200,#4201,#4202,#4203,#4204,#4205,#4206,#4207,#4208,#4209),(#4210,
#4211,#4212,#4213,#4214,#4215,#4216,#4217,#4218,#4219,#4220,#4221,#4222,
#4223,#4224,#4225,#4226,#4227,#4228),(#4229,#4230,#4231,#4232,#4233,#4234,
#4235,#4236,#4237,#4238,#4239,#4240,#4241,#4242,#4243,#4244,#4245,#4246,
#4247),(#4248,#4249,#4250,#4251,#4252,#4253,#4254,#4255,#4256,#4257,#4258,
#4259,#4260,#4261,#4262,#4263,#4264,#4265,#4266),(#4267,#4268,#4269,#4270,
#4271,#4272,#4273,#4274,#4275,#4276,#4277,#4278,#4279,#4280,#4281,#4282,
#4283,#4284,#4285),(#4286,#4287,#4288,#4289,#4290,#4291,#4292,#4293,#4294,
#4295,#4296,#4297,#4298,#4299,#4300,#4301,#4302,#4303,#4304),(#4305,#4306,
#4307,#4308,#4309,#4310,#4311,#4312,#4313,#4314,#4315,#4316,#4317,#4318,
#4319,#4320,#4321,#4322,#4323)),.UNSPECIFIED.,.F.,.F.,.F.,(4,2,2,2,2,2,
2,2,2,2,4),(4,1,1,1,2,2,1,2,2,1,1,1,4),(0.,0.0625,0.125,0.25,0.375,0.5,
0.625,0.75,0.875,0.9375,1.),(0.,0.000397150187010359,0.000794300374020717,
0.00119145056103108,0.00158860074804143,0.00238290112206215,0.00317720149608287,
0.00397150187010359,0.0047658022441243,0.00516295243113466,0.00556010261814502,
0.00595725280515538,0.00635440299216574),.UNSPECIFIED.);
#23=B_SPLINE_SURFACE_WITH_KNOTS('',5,1,((#4331,#4332),(#4333,#4334),(#4335,
#4336),(#4337,#4338),(#4339,#4340),(#4341,#4342),(#4343,#4344),(#4345,#4346)),
 .SURF_OF_LINEAR_EXTRUSION.,.F.,.F.,.F.,(6,2,6),(2,2),(0.,0.5,1.),(0.,1.),
 .UNSPECIFIED.);
#24=B_SPLINE_SURFACE_WITH_KNOTS('',5,1,((#4347,#4348),(#4349,#4350),(#4351,
#4352),(#4353,#4354),(#4355,#4356),(#4357,#4358),(#4359,#4360),(#4361,#4362)),
 .SURF_OF_LINEAR_EXTRUSION.,.F.,.F.,.F.,(6,2,6),(2,2),(0.,0.5,1.),(0.,1.),
 .UNSPECIFIED.);
#25=B_SPLINE_SURFACE_WITH_KNOTS('',3,3,((#4377,#4378,#4379,#4380,#4381,
#4382,#4383,#4384,#4385,#4386,#4387,#4388,#4389,#4390,#4391,#4392,#4393,
#4394,#4395),(#4396,#4397,#4398,#4399,#4400,#4401,#4402,#4403,#4404,#4405,
#4406,#4407,#4408,#4409,#4410,#4411,#4412,#4413,#4414),(#4415,#4416,#4417,
#4418,#4419,#4420,#4421,#4422,#4423,#4424,#4425,#4426,#4427,#4428,#4429,
#4430,#4431,#4432,#4433),(#4434,#4435,#4436,#4437,#4438,#4439,#4440,#4441,
#4442,#4443,#4444,#4445,#4446,#4447,#4448,#4449,#4450,#4451,#4452),(#4453,
#4454,#4455,#4456,#4457,#4458,#4459,#4460,#4461,#4462,#4463,#4464,#4465,
#4466,#4467,#4468,#4469,#4470,#4471),(#4472,#4473,#4474,#4475,#4476,#4477,
#4478,#4479,#4480,#4481,#4482,#4483,#4484,#4485,#4486,#4487,#4488,#4489,
#4490),(#4491,#4492,#4493,#4494,#4495,#4496,#4497,#4498,#4499,#4500,#4501,
#4502,#4503,#4504,#4505,#4506,#4507,#4508,#4509),(#4510,#4511,#4512,#4513,
#4514,#4515,#4516,#4517,#4518,#4519,#4520,#4521,#4522,#4523,#4524,#4525,
#4526,#4527,#4528),(#4529,#4530,#4531,#4532,#4533,#4534,#4535,#4536,#4537,
#4538,#4539,#4540,#4541,#4542,#4543,#4544,#4545,#4546,#4547),(#4548,#4549,
#4550,#4551,#4552,#4553,#4554,#4555,#4556,#4557,#4558,#4559,#4560,#4561,
#4562,#4563,#4564,#4565,#4566),(#4567,#4568,#4569,#4570,#4571,#4572,#4573,
#4574,#4575,#4576,#4577,#4578,#4579,#4580,#4581,#4582,#4583,#4584,#4585),
(#4586,#4587,#4588,#4589,#4590,#4591,#4592,#4593,#4594,#4595,#4596,#4597,
#4598,#4599,#4600,#4601,#4602,#4603,#4604),(#4605,#4606,#4607,#4608,#4609,
#4610,#4611,#4612,#4613,#4614,#4615,#4616,#4617,#4618,#4619,#4620,#4621,
#4622,#4623),(#4624,#4625,#4626,#4627,#4628,#4629,#4630,#4631,#4632,#4633,
#4634,#4635,#4636,#4637,#4638,#4639,#4640,#4641,#4642),(#4643,#4644,#4645,
#4646,#4647,#4648,#4649,#4650,#4651,#4652,#4653,#4654,#4655,#4656,#4657,
#4658,#4659,#4660,#4661),(#4662,#4663,#4664,#4665,#4666,#4667,#4668,#4669,
#4670,#4671,#4672,#4673,#4674,#4675,#4676,#4677,#4678,#4679,#4680),(#4681,
#4682,#4683,#4684,#4685,#4686,#4687,#4688,#4689,#4690,#4691,#4692,#4693,
#4694,#4695,#4696,#4697,#4698,#4699),(#4700,#4701,#4702,#4703,#4704,#4705,
#4706,#4707,#4708,#4709,#4710,#4711,#4712,#4713,#4714,#4715,#4716,#4717,
#4718),(#4719,#4720,#4721,#4722,#4723,#4724,#4725,#4726,#4727,#4728,#4729,
#4730,#4731,#4732,#4733,#4734,#4735,#4736,#4737),(#4738,#4739,#4740,#4741,
#4742,#4743,#4744,#4745,#4746,#4747,#4748,#4749,#4750,#4751,#4752,#4753,
#4754,#4755,#4756),(#4757,#4758,#4759,#4760,#4761,#4762,#4763,#4764,#4765,
#4766,#4767,#4768,#4769,#4770,#4771,#4772,#4773,#4774,#4775),(#4776,#4777,
#4778,#4779,#4780,#4781,#4782,#4783,#4784,#4785,#4786,#4787,#4788,#4789,
#4790,#4791,#4792,#4793,#4794)),.UNSPECIFIED.,.F.,.F.,.F.,(4,2,2,2,2,2,
2,2,2,2,4),(4,1,1,1,2,2,1,2,2,1,1,1,4),(0.,0.0625,0.125,0.25,0.375,0.5,
0.625,0.75,0.875,0.9375,1.),(0.,0.000397150187010358,0.000794300374020716,
0.00119145056103107,0.00158860074804143,0.00238290112206215,0.00317720149608287,
0.00397150187010358,0.0047658022441243,0.00516295243113466,0.00556010261814501,
0.00595725280515537,0.00635440299216573),.UNSPECIFIED.);
#26=B_SPLINE_SURFACE_WITH_KNOTS('',3,3,((#4802,#4803,#4804,#4805,#4806,
#4807,#4808,#4809,#4810,#4811,#4812,#4813,#4814,#4815,#4816,#4817,#4818,
#4819,#4820),(#4821,#4822,#4823,#4824,#4825,#4826,#4827,#4828,#4829,#4830,
#4831,#4832,#4833,#4834,#4835,#4836,#4837,#4838,#4839),(#4840,#4841,#4842,
#4843,#4844,#4845,#4846,#4847,#4848,#4849,#4850,#4851,#4852,#4853,#4854,
#4855,#4856,#4857,#4858),(#4859,#4860,#4861,#4862,#4863,#4864,#4865,#4866,
#4867,#4868,#4869,#4870,#4871,#4872,#4873,#4874,#4875,#4876,#4877),(#4878,
#4879,#4880,#4881,#4882,#4883,#4884,#4885,#4886,#4887,#4888,#4889,#4890,
#4891,#4892,#4893,#4894,#4895,#4896),(#4897,#4898,#4899,#4900,#4901,#4902,
#4903,#4904,#4905,#4906,#4907,#4908,#4909,#4910,#4911,#4912,#4913,#4914,
#4915),(#4916,#4917,#4918,#4919,#4920,#4921,#4922,#4923,#4924,#4925,#4926,
#4927,#4928,#4929,#4930,#4931,#4932,#4933,#4934),(#4935,#4936,#4937,#4938,
#4939,#4940,#4941,#4942,#4943,#4944,#4945,#4946,#4947,#4948,#4949,#4950,
#4951,#4952,#4953),(#4954,#4955,#4956,#4957,#4958,#4959,#4960,#4961,#4962,
#4963,#4964,#4965,#4966,#4967,#4968,#4969,#4970,#4971,#4972),(#4973,#4974,
#4975,#4976,#4977,#4978,#4979,#4980,#4981,#4982,#4983,#4984,#4985,#4986,
#4987,#4988,#4989,#4990,#4991),(#4992,#4993,#4994,#4995,#4996,#4997,#4998,
#4999,#5000,#5001,#5002,#5003,#5004,#5005,#5006,#5007,#5008,#5009,#5010),
(#5011,#5012,#5013,#5014,#5015,#5016,#5017,#5018,#5019,#5020,#5021,#5022,
#5023,#5024,#5025,#5026,#5027,#5028,#5029),(#5030,#5031,#5032,#5033,#5034,
#5035,#5036,#5037,#5038,#5039,#5040,#5041,#5042,#5043,#5044,#5045,#5046,
#5047,#5048),(#5049,#5050,#5051,#5052,#5053,#5054,#5055,#5056,#5057,#5058,
#5059,#5060,#5061,#5062,#5063,#5064,#5065,#5066,#5067),(#5068,#5069,#5070,
#5071,#5072,#5073,#5074,#5075,#5076,#5077,#5078,#5079,#5080,#5081,#5082,
#5083,#5084,#5085,#5086),(#5087,#5088,#5089,#5090,#5091,#5092,#5093,#5094,
#5095,#5096,#5097,#5098,#5099,#5100,#5101,#5102,#5103,#5104,#5105),(#5106,
#5107,#5108,#5109,#5110,#5111,#5112,#5113,#5114,#5115,#5116,#5117,#5118,
#5119,#5120,#5121,#5122,#5123,#5124),(#5125,#5126,#5127,#5128,#5129,#5130,
#5131,#5132,#5133,#5134,#5135,#5136,#5137,#5138,#5139,#5140,#5141,#5142,
#5143),(#5144,#5145,#5146,#5147,#5148,#5149,#5150,#5151,#5152,#5153,#5154,
#5155,#5156,#5157,#5158,#5159,#5160,#5161,#5162),(#5163,#5164,#5165,#5166,
#5167,#5168,#5169,#5170,#5171,#5172,#5173,#5174,#5175,#5176,#5177,#5178,
#5179,#5180,#5181),(#5182,#5183,#5184,#5185,#5186,#5187,#5188,#5189,#5190,
#5191,#5192,#5193,#5194,#5195,#5196,#5197,#5198,#5199,#5200),(#5201,#5202,
#5203,#5204,#5205,#5206,#5207,#5208,#5209,#5210,#5211,#5212,#5213,#5214,
#5215,#5216,#5217,#5218,#5219)),.UNSPECIFIED.,.F.,.F.,.F.,(4,2,2,2,2,2,
2,2,2,2,4),(4,1,1,1,2,2,1,2,2,1,1,1,4),(0.,0.0625,0.125,0.25,0.375,0.5,
0.625,0.75,0.875,0.9375,1.),(0.,0.000397150187010358,0.000794300374020716,
0.00119145056103107,0.00158860074804143,0.00238290112206215,0.00317720149608287,
0.00397150187010358,0.0047658022441243,0.00516295243113466,0.00556010261814501,
0.00595725280515537,0.00635440299216573),.UNSPECIFIED.);
#27=B_SPLINE_SURFACE_WITH_KNOTS('',5,1,((#5227,#5228),(#5229,#5230),(#5231,
#5232),(#5233,#5234),(#5235,#5236),(#5237,#5238),(#5239,#5240),(#5241,#5242)),
 .SURF_OF_LINEAR_EXTRUSION.,.F.,.F.,.F.,(6,2,6),(2,2),(0.,0.5,1.),(0.,1.),
 .UNSPECIFIED.);
#28=B_SPLINE_SURFACE_WITH_KNOTS('',5,1,((#5250,#5251),(#5252,#5253),(#5254,
#5255),(#5256,#5257),(#5258,#5259),(#5260,#5261),(#5262,#5263),(#5264,#5265)),
 .SURF_OF_LINEAR_EXTRUSION.,.F.,.F.,.F.,(6,2,6),(2,2),(0.,0.5,1.),(0.,1.),
 .UNSPECIFIED.);
#29=B_SPLINE_SURFACE_WITH_KNOTS('',3,3,((#5273,#5274,#5275,#5276,#5277,
#5278,#5279,#5280,#5281,#5282,#5283,#5284,#5285,#5286,#5287,#5288,#5289,
#5290,#5291),(#5292,#5293,#5294,#5295,#5296,#5297,#5298,#5299,#5300,#5301,
#5302,#5303,#5304,#5305,#5306,#5307,#5308,#5309,#5310),(#5311,#5312,#5313,
#5314,#5315,#5316,#5317,#5318,#5319,#5320,#5321,#5322,#5323,#5324,#5325,
#5326,#5327,#5328,#5329),(#5330,#5331,#5332,#5333,#5334,#5335,#5336,#5337,
#5338,#5339,#5340,#5341,#5342,#5343,#5344,#5345,#5346,#5347,#5348),(#5349,
#5350,#5351,#5352,#5353,#5354,#5355,#5356,#5357,#5358,#5359,#5360,#5361,
#5362,#5363,#5364,#5365,#5366,#5367),(#5368,#5369,#5370,#5371,#5372,#5373,
#5374,#5375,#5376,#5377,#5378,#5379,#5380,#5381,#5382,#5383,#5384,#5385,
#5386),(#5387,#5388,#5389,#5390,#5391,#5392,#5393,#5394,#5395,#5396,#5397,
#5398,#5399,#5400,#5401,#5402,#5403,#5404,#5405),(#5406,#5407,#5408,#5409,
#5410,#5411,#5412,#5413,#5414,#5415,#5416,#5417,#5418,#5419,#5420,#5421,
#5422,#5423,#5424),(#5425,#5426,#5427,#5428,#5429,#5430,#5431,#5432,#5433,
#5434,#5435,#5436,#5437,#5438,#5439,#5440,#5441,#5442,#5443),(#5444,#5445,
#5446,#5447,#5448,#5449,#5450,#5451,#5452,#5453,#5454,#5455,#5456,#5457,
#5458,#5459,#5460,#5461,#5462),(#5463,#5464,#5465,#5466,#5467,#5468,#5469,
#5470,#5471,#5472,#5473,#5474,#5475,#5476,#5477,#5478,#5479,#5480,#5481),
(#5482,#5483,#5484,#5485,#5486,#5487,#5488,#5489,#5490,#5491,#5492,#5493,
#5494,#5495,#5496,#5497,#5498,#5499,#5500),(#5501,#5502,#5503,#5504,#5505,
#5506,#5507,#5508,#5509,#5510,#5511,#5512,#5513,#5514,#5515,#5516,#5517,
#5518,#5519),(#5520,#5521,#5522,#5523,#5524,#5525,#5526,#5527,#5528,#5529,
#5530,#5531,#5532,#5533,#5534,#5535,#5536,#5537,#5538),(#5539,#5540,#5541,
#5542,#5543,#5544,#5545,#5546,#5547,#5548,#5549,#5550,#5551,#5552,#5553,
#5554,#5555,#5556,#5557),(#5558,#5559,#5560,#5561,#5562,#5563,#5564,#5565,
#5566,#5567,#5568,#5569,#5570,#5571,#5572,#5573,#5574,#5575,#5576),(#5577,
#5578,#5579,#5580,#5581,#5582,#5583,#5584,#5585,#5586,#5587,#5588,#5589,
#5590,#5591,#5592,#5593,#5594,#5595),(#5596,#5597,#5598,#5599,#5600,#5601,
#5602,#5603,#5604,#5605,#5606,#5607,#5608,#5609,#5610,#5611,#5612,#5613,
#5614),(#5615,#5616,#5617,#5618,#5619,#5620,#5621,#5622,#5623,#5624,#5625,
#5626,#5627,#5628,#5629,#5630,#5631,#5632,#5633),(#5634,#5635,#5636,#5637,
#5638,#5639,#5640,#5641,#5642,#5643,#5644,#5645,#5646,#5647,#5648,#5649,
#5650,#5651,#5652),(#5653,#5654,#5655,#5656,#5657,#5658,#5659,#5660,#5661,
#5662,#5663,#5664,#5665,#5666,#5667,#5668,#5669,#5670,#5671),(#5672,#5673,
#5674,#5675,#5676,#5677,#5678,#5679,#5680,#5681,#5682,#5683,#5684,#5685,
#5686,#5687,#5688,#5689,#5690)),.UNSPECIFIED.,.F.,.F.,.F.,(4,2,2,2,2,2,
2,2,2,2,4),(4,1,1,1,2,2,1,2,2,1,1,1,4),(0.,0.0625,0.125,0.25,0.375,0.5,
0.625,0.75,0.875,0.9375,1.),(0.,0.00039715018701036,0.00079430037402072,
0.00119145056103108,0.00158860074804144,0.00238290112206216,0.00317720149608288,
0.0039715018701036,0.00476580224412432,0.00516295243113468,0.00556010261814504,
0.0059572528051554,0.00635440299216576),.UNSPECIFIED.);
#30=B_SPLINE_SURFACE_WITH_KNOTS('',3,3,((#5698,#5699,#5700,#5701,#5702,
#5703,#5704,#5705,#5706,#5707,#5708,#5709,#5710,#5711,#5712,#5713,#5714,
#5715,#5716),(#5717,#5718,#5719,#5720,#5721,#5722,#5723,#5724,#5725,#5726,
#5727,#5728,#5729,#5730,#5731,#5732,#5733,#5734,#5735),(#5736,#5737,#5738,
#5739,#5740,#5741,#5742,#5743,#5744,#5745,#5746,#5747,#5748,#5749,#5750,
#5751,#5752,#5753,#5754),(#5755,#5756,#5757,#5758,#5759,#5760,#5761,#5762,
#5763,#5764,#5765,#5766,#5767,#5768,#5769,#5770,#5771,#5772,#5773),(#5774,
#5775,#5776,#5777,#5778,#5779,#5780,#5781,#5782,#5783,#5784,#5785,#5786,
#5787,#5788,#5789,#5790,#5791,#5792),(#5793,#5794,#5795,#5796,#5797,#5798,
#5799,#5800,#5801,#5802,#5803,#5804,#5805,#5806,#5807,#5808,#5809,#5810,
#5811),(#5812,#5813,#5814,#5815,#5816,#5817,#5818,#5819,#5820,#5821,#5822,
#5823,#5824,#5825,#5826,#5827,#5828,#5829,#5830),(#5831,#5832,#5833,#5834,
#5835,#5836,#5837,#5838,#5839,#5840,#5841,#5842,#5843,#5844,#5845,#5846,
#5847,#5848,#5849),(#5850,#5851,#5852,#5853,#5854,#5855,#5856,#5857,#5858,
#5859,#5860,#5861,#5862,#5863,#5864,#5865,#5866,#5867,#5868),(#5869,#5870,
#5871,#5872,#5873,#5874,#5875,#5876,#5877,#5878,#5879,#5880,#5881,#5882,
#5883,#5884,#5885,#5886,#5887),(#5888,#5889,#5890,#5891,#5892,#5893,#5894,
#5895,#5896,#5897,#5898,#5899,#5900,#5901,#5902,#5903,#5904,#5905,#5906),
(#5907,#5908,#5909,#5910,#5911,#5912,#5913,#5914,#5915,#5916,#5917,#5918,
#5919,#5920,#5921,#5922,#5923,#5924,#5925),(#5926,#5927,#5928,#5929,#5930,
#5931,#5932,#5933,#5934,#5935,#5936,#5937,#5938,#5939,#5940,#5941,#5942,
#5943,#5944),(#5945,#5946,#5947,#5948,#5949,#5950,#5951,#5952,#5953,#5954,
#5955,#5956,#5957,#5958,#5959,#5960,#5961,#5962,#5963),(#5964,#5965,#5966,
#5967,#5968,#5969,#5970,#5971,#5972,#5973,#5974,#5975,#5976,#5977,#5978,
#5979,#5980,#5981,#5982),(#5983,#5984,#5985,#5986,#5987,#5988,#5989,#5990,
#5991,#5992,#5993,#5994,#5995,#5996,#5997,#5998,#5999,#6000,#6001),(#6002,
#6003,#6004,#6005,#6006,#6007,#6008,#6009,#6010,#6011,#6012,#6013,#6014,
#6015,#6016,#6017,#6018,#6019,#6020),(#6021,#6022,#6023,#6024,#6025,#6026,
#6027,#6028,#6029,#6030,#6031,#6032,#6033,#6034,#6035,#6036,#6037,#6038,
#6039),(#6040,#6041,#6042,#6043,#6044,#6045,#6046,#6047,#6048,#6049,#6050,
#6051,#6052,#6053,#6054,#6055,#6056,#6057,#6058),(#6059,#6060,#6061,#6062,
#6063,#6064,#6065,#6066,#6067,#6068,#6069,#6070,#6071,#6072,#6073,#6074,
#6075,#6076,#6077),(#6078,#6079,#6080,#6081,#6082,#6083,#6084,#6085,#6086,
#6087,#6088,#6089,#6090,#6091,#6092,#6093,#6094,#6095,#6096),(#6097,#6098,
#6099,#6100,#6101,#6102,#6103,#6104,#6105,#6106,#6107,#6108,#6109,#6110,
#6111,#6112,#6113,#6114,#6115)),.UNSPECIFIED.,.F.,.F.,.F.,(4,2,2,2,2,2,
2,2,2,2,4),(4,1,1,1,2,2,1,2,2,1,1,1,4),(0.,0.0625,0.125,0.25,0.375,0.5,
0.625,0.75,0.875,0.9375,1.),(0.,0.000397150187010362,0.000794300374020724,
0.00119145056103109,0.00158860074804145,0.00238290112206217,0.00317720149608289,
0.00397150187010362,0.00476580224412434,0.0051629524311347,0.00556010261814507,
0.00595725280515543,0.00635440299216579),.UNSPECIFIED.);
#31=B_SPLINE_SURFACE_WITH_KNOTS('',5,1,((#6123,#6124),(#6125,#6126),(#6127,
#6128),(#6129,#6130),(#6131,#6132),(#6133,#6134),(#6135,#6136),(#6137,#6138)),
 .SURF_OF_LINEAR_EXTRUSION.,.F.,.F.,.F.,(6,2,6),(2,2),(0.,0.5,1.),(0.,1.),
 .UNSPECIFIED.);
#32=ELLIPSE('',#1512,0.00282842712474619,0.002);
#33=ELLIPSE('',#1513,0.00282842712474619,0.002);
#34=ELLIPSE('',#1514,0.00282842712474619,0.002);
#35=ELLIPSE('',#1516,0.00282842712474619,0.002);
#36=ELLIPSE('',#1518,0.00282842712474619,0.002);
#37=ELLIPSE('',#1520,0.00282842712474619,0.002);
#38=SPHERICAL_SURFACE('',#1507,0.002);
#39=SPHERICAL_SURFACE('',#1509,0.002);
#40=SPHERICAL_SURFACE('',#1529,0.002);
#41=SPHERICAL_SURFACE('',#1537,0.002);
#42=TOROIDAL_SURFACE('',#1493,0.0049,0.002);
#43=TOROIDAL_SURFACE('',#1494,0.0049,0.002);
#44=TOROIDAL_SURFACE('',#1495,0.0045,0.002);
#45=TOROIDAL_SURFACE('',#1496,0.031,0.002);
#46=TOROIDAL_SURFACE('',#1499,0.004,0.002);
#47=TOROIDAL_SURFACE('',#1501,0.004,0.002);
#48=TOROIDAL_SURFACE('',#1522,0.004,0.002);
#49=TOROIDAL_SURFACE('',#1527,0.031,0.002);
#50=TOROIDAL_SURFACE('',#1531,0.004,0.002);
#51=TOROIDAL_SURFACE('',#1550,0.0032,0.001);
#52=TOROIDAL_SURFACE('',#1551,0.0032,0.001);
#53=TOROIDAL_SURFACE('',#1552,0.0032,0.001);
#54=TOROIDAL_SURFACE('',#1553,0.0032,0.001);
#55=CYLINDRICAL_SURFACE('',#1434,0.002);
#56=CYLINDRICAL_SURFACE('',#1437,0.002);
#57=CYLINDRICAL_SURFACE('',#1440,0.0025);
#58=CYLINDRICAL_SURFACE('',#1443,0.033);
#59=CYLINDRICAL_SURFACE('',#1446,0.030005);
#60=CYLINDRICAL_SURFACE('',#1451,0.002);
#61=CYLINDRICAL_SURFACE('',#1454,0.002);
#62=CYLINDRICAL_SURFACE('',#1457,0.002);
#63=CYLINDRICAL_SURFACE('',#1460,0.002);
#64=CYLINDRICAL_SURFACE('',#1464,0.0029);
#65=CYLINDRICAL_SURFACE('',#1468,0.0029);
#66=CYLINDRICAL_SURFACE('',#1475,0.0022);
#67=CYLINDRICAL_SURFACE('',#1479,0.0022);
#68=CYLINDRICAL_SURFACE('',#1484,0.0022);
#69=CYLINDRICAL_SURFACE('',#1488,0.0022);
#70=CYLINDRICAL_SURFACE('',#1503,0.002);
#71=CYLINDRICAL_SURFACE('',#1505,0.002);
#72=CYLINDRICAL_SURFACE('',#1511,0.002);
#73=CYLINDRICAL_SURFACE('',#1515,0.002);
#74=CYLINDRICAL_SURFACE('',#1517,0.002);
#75=CYLINDRICAL_SURFACE('',#1519,0.002);
#76=CYLINDRICAL_SURFACE('',#1521,0.002);
#77=CYLINDRICAL_SURFACE('',#1525,0.002);
#78=CYLINDRICAL_SURFACE('',#1533,0.002);
#79=CYLINDRICAL_SURFACE('',#1535,0.002);
#80=CIRCLE('',#1419,0.030005);
#81=CIRCLE('',#1420,0.004);
#82=CIRCLE('',#1421,0.031);
#83=CIRCLE('',#1422,0.004);
#84=CIRCLE('',#1424,0.0032);
#85=CIRCLE('',#1425,0.0032);
#86=CIRCLE('',#1428,0.0049);
#87=CIRCLE('',#1429,0.0049);
#88=CIRCLE('',#1430,0.0045);
#89=CIRCLE('',#1431,0.004);
#90=CIRCLE('',#1432,0.031);
#91=CIRCLE('',#1433,0.004);
#92=CIRCLE('',#1435,0.002);
#93=CIRCLE('',#1436,0.002);
#94=CIRCLE('',#1438,0.002);
#95=CIRCLE('',#1439,0.002);
#96=CIRCLE('',#1441,0.0025);
#97=CIRCLE('',#1442,0.0025);
#98=CIRCLE('',#1444,0.033);
#99=CIRCLE('',#1445,0.033);
#100=CIRCLE('',#1447,0.030005);
#101=CIRCLE('',#1452,0.002);
#102=CIRCLE('',#1453,0.002);
#103=CIRCLE('',#1455,0.002);
#104=CIRCLE('',#1456,0.002);
#105=CIRCLE('',#1458,0.002);
#106=CIRCLE('',#1459,0.002);
#107=CIRCLE('',#1461,0.002);
#108=CIRCLE('',#1462,0.002);
#109=CIRCLE('',#1465,0.0029);
#110=CIRCLE('',#1466,0.0029);
#111=CIRCLE('',#1469,0.0029);
#112=CIRCLE('',#1470,0.0029);
#113=CIRCLE('',#1473,0.0032);
#114=CIRCLE('',#1474,0.0032);
#115=CIRCLE('',#1476,0.0022);
#116=CIRCLE('',#1477,0.0022);
#117=CIRCLE('',#1480,0.0022);
#118=CIRCLE('',#1481,0.0022);
#119=CIRCLE('',#1485,0.0022);
#120=CIRCLE('',#1486,0.0022);
#121=CIRCLE('',#1489,0.0022);
#122=CIRCLE('',#1490,0.0022);
#123=CIRCLE('',#1497,0.002);
#124=CIRCLE('',#1498,0.002);
#125=CIRCLE('',#1500,0.002);
#126=CIRCLE('',#1502,0.002);
#127=CIRCLE('',#1504,0.002);
#128=CIRCLE('',#1506,0.002);
#129=CIRCLE('',#1508,0.002);
#130=CIRCLE('',#1510,0.002);
#131=CIRCLE('',#1523,0.002);
#132=CIRCLE('',#1524,0.002);
#133=CIRCLE('',#1526,0.002);
#134=CIRCLE('',#1528,0.002);
#135=CIRCLE('',#1530,0.002);
#136=CIRCLE('',#1532,0.002);
#137=CIRCLE('',#1534,0.002);
#138=CIRCLE('',#1536,0.002);
#139=LINE('',#1925,#212);
#140=LINE('',#1927,#213);
#141=LINE('',#1929,#214);
#142=LINE('',#1967,#215);
#143=LINE('',#1975,#216);
#144=LINE('',#1991,#217);
#145=LINE('',#1996,#218);
#146=LINE('',#1998,#219);
#147=LINE('',#2000,#220);
#148=LINE('',#2002,#221);
#149=LINE('',#2004,#222);
#150=LINE('',#2008,#223);
#151=LINE('',#2011,#224);
#152=LINE('',#2013,#225);
#153=LINE('',#2015,#226);
#154=LINE('',#2036,#227);
#155=LINE('',#2038,#228);
#156=LINE('',#2040,#229);
#157=LINE('',#2082,#230);
#158=LINE('',#2090,#231);
#159=LINE('',#2121,#232);
#160=LINE('',#2126,#233);
#161=LINE('',#2133,#234);
#162=LINE('',#2136,#235);
#163=LINE('',#2138,#236);
#164=LINE('',#2140,#237);
#165=LINE('',#2142,#238);
#166=LINE('',#2144,#239);
#167=LINE('',#2146,#240);
#168=LINE('',#2148,#241);
#169=LINE('',#2150,#242);
#170=LINE('',#2153,#243);
#171=LINE('',#2155,#244);
#172=LINE('',#2157,#245);
#173=LINE('',#2159,#246);
#174=LINE('',#2162,#247);
#175=LINE('',#2164,#248);
#176=LINE('',#2166,#249);
#177=LINE('',#2193,#250);
#178=LINE('',#2198,#251);
#179=LINE('',#2202,#252);
#180=LINE('',#2204,#253);
#181=LINE('',#2206,#254);
#182=LINE('',#2208,#255);
#183=LINE('',#2222,#256);
#184=LINE('',#2225,#257);
#185=LINE('',#2227,#258);
#186=LINE('',#2229,#259);
#187=LINE('',#2231,#260);
#188=LINE('',#2233,#261);
#189=LINE('',#2247,#262);
#190=LINE('',#2250,#263);
#191=LINE('',#2252,#264);
#192=LINE('',#2254,#265);
#193=LINE('',#2256,#266);
#194=LINE('',#2258,#267);
#195=LINE('',#2271,#268);
#196=LINE('',#2273,#269);
#197=LINE('',#2284,#270);
#198=LINE('',#2286,#271);
#199=LINE('',#2294,#272);
#200=LINE('',#2300,#273);
#201=LINE('',#2310,#274);
#202=LINE('',#2398,#275);
#203=LINE('',#2399,#276);
#204=LINE('',#2401,#277);
#205=LINE('',#2402,#278);
#206=LINE('',#2404,#279);
#207=LINE('',#2406,#280);
#208=LINE('',#2407,#281);
#209=LINE('',#2409,#282);
#210=LINE('',#2411,#283);
#211=LINE('',#2412,#284);
#212=VECTOR('',#1558,1.);
#213=VECTOR('',#1559,1.);
#214=VECTOR('',#1560,1.);
#215=VECTOR('',#1565,1.);
#216=VECTOR('',#1572,1.);
#217=VECTOR('',#1575,1.);
#218=VECTOR('',#1578,1.);
#219=VECTOR('',#1579,1.);
#220=VECTOR('',#1580,1.);
#221=VECTOR('',#1581,1.);
#222=VECTOR('',#1582,1.);
#223=VECTOR('',#1587,1.);
#224=VECTOR('',#1588,1.);
#225=VECTOR('',#1589,1.);
#226=VECTOR('',#1590,1.);
#227=VECTOR('',#1591,1.);
#228=VECTOR('',#1592,1.);
#229=VECTOR('',#1593,1.);
#230=VECTOR('',#1602,1.);
#231=VECTOR('',#1609,1.);
#232=VECTOR('',#1630,1.);
#233=VECTOR('',#1633,1.);
#234=VECTOR('',#1642,1.);
#235=VECTOR('',#1643,1.);
#236=VECTOR('',#1644,1.);
#237=VECTOR('',#1645,1.);
#238=VECTOR('',#1646,1.);
#239=VECTOR('',#1647,1.);
#240=VECTOR('',#1648,1.);
#241=VECTOR('',#1649,1.);
#242=VECTOR('',#1652,1.);
#243=VECTOR('',#1653,1.);
#244=VECTOR('',#1654,1.);
#245=VECTOR('',#1655,1.);
#246=VECTOR('',#1658,1.);
#247=VECTOR('',#1659,1.);
#248=VECTOR('',#1660,1.);
#249=VECTOR('',#1661,1.);
#250=VECTOR('',#1706,1.);
#251=VECTOR('',#1709,1.);
#252=VECTOR('',#1712,1.);
#253=VECTOR('',#1713,1.);
#254=VECTOR('',#1714,1.);
#255=VECTOR('',#1715,1.);
#256=VECTOR('',#1734,1.);
#257=VECTOR('',#1735,1.);
#258=VECTOR('',#1736,1.);
#259=VECTOR('',#1737,1.);
#260=VECTOR('',#1738,1.);
#261=VECTOR('',#1739,1.);
#262=VECTOR('',#1758,1.);
#263=VECTOR('',#1759,1.);
#264=VECTOR('',#1760,1.);
#265=VECTOR('',#1761,1.);
#266=VECTOR('',#1762,1.);
#267=VECTOR('',#1763,1.);
#268=VECTOR('',#1788,1.);
#269=VECTOR('',#1791,1.);
#270=VECTOR('',#1810,1.);
#271=VECTOR('',#1813,1.);
#272=VECTOR('',#1826,1.);
#273=VECTOR('',#1837,1.);
#274=VECTOR('',#1856,1.);
#275=VECTOR('',#1871,1.);
#276=VECTOR('',#1872,1.);
#277=VECTOR('',#1875,1.);
#278=VECTOR('',#1876,1.);
#279=VECTOR('',#1879,1.);
#280=VECTOR('',#1882,1.);
#281=VECTOR('',#1883,1.);
#282=VECTOR('',#1886,1.);
#283=VECTOR('',#1889,1.);
#284=VECTOR('',#1890,1.);
#285=ORIENTED_EDGE('',*,*,#673,.T.);
#286=ORIENTED_EDGE('',*,*,#674,.T.);
#287=ORIENTED_EDGE('',*,*,#675,.T.);
#288=ORIENTED_EDGE('',*,*,#676,.T.);
#289=ORIENTED_EDGE('',*,*,#677,.T.);
#290=ORIENTED_EDGE('',*,*,#678,.T.);
#291=ORIENTED_EDGE('',*,*,#679,.F.);
#292=ORIENTED_EDGE('',*,*,#680,.T.);
#293=ORIENTED_EDGE('',*,*,#681,.T.);
#294=ORIENTED_EDGE('',*,*,#682,.T.);
#295=ORIENTED_EDGE('',*,*,#683,.T.);
#296=ORIENTED_EDGE('',*,*,#684,.T.);
#297=ORIENTED_EDGE('',*,*,#685,.T.);
#298=ORIENTED_EDGE('',*,*,#686,.T.);
#299=ORIENTED_EDGE('',*,*,#687,.T.);
#300=ORIENTED_EDGE('',*,*,#688,.F.);
#301=ORIENTED_EDGE('',*,*,#689,.T.);
#302=ORIENTED_EDGE('',*,*,#690,.F.);
#303=ORIENTED_EDGE('',*,*,#691,.T.);
#304=ORIENTED_EDGE('',*,*,#692,.T.);
#305=ORIENTED_EDGE('',*,*,#693,.F.);
#306=ORIENTED_EDGE('',*,*,#694,.F.);
#307=ORIENTED_EDGE('',*,*,#695,.T.);
#308=ORIENTED_EDGE('',*,*,#696,.T.);
#309=ORIENTED_EDGE('',*,*,#697,.T.);
#310=ORIENTED_EDGE('',*,*,#698,.F.);
#311=ORIENTED_EDGE('',*,*,#699,.F.);
#312=ORIENTED_EDGE('',*,*,#700,.T.);
#313=ORIENTED_EDGE('',*,*,#701,.T.);
#314=ORIENTED_EDGE('',*,*,#702,.T.);
#315=ORIENTED_EDGE('',*,*,#703,.T.);
#316=ORIENTED_EDGE('',*,*,#704,.T.);
#317=ORIENTED_EDGE('',*,*,#705,.T.);
#318=ORIENTED_EDGE('',*,*,#706,.T.);
#319=ORIENTED_EDGE('',*,*,#707,.T.);
#320=ORIENTED_EDGE('',*,*,#708,.T.);
#321=ORIENTED_EDGE('',*,*,#709,.T.);
#322=ORIENTED_EDGE('',*,*,#710,.T.);
#323=ORIENTED_EDGE('',*,*,#711,.T.);
#324=ORIENTED_EDGE('',*,*,#712,.T.);
#325=ORIENTED_EDGE('',*,*,#713,.T.);
#326=ORIENTED_EDGE('',*,*,#714,.T.);
#327=ORIENTED_EDGE('',*,*,#715,.T.);
#328=ORIENTED_EDGE('',*,*,#716,.T.);
#329=ORIENTED_EDGE('',*,*,#717,.T.);
#330=ORIENTED_EDGE('',*,*,#718,.T.);
#331=ORIENTED_EDGE('',*,*,#719,.T.);
#332=ORIENTED_EDGE('',*,*,#720,.T.);
#333=ORIENTED_EDGE('',*,*,#721,.T.);
#334=ORIENTED_EDGE('',*,*,#722,.T.);
#335=ORIENTED_EDGE('',*,*,#723,.T.);
#336=ORIENTED_EDGE('',*,*,#724,.T.);
#337=ORIENTED_EDGE('',*,*,#725,.T.);
#338=ORIENTED_EDGE('',*,*,#726,.T.);
#339=ORIENTED_EDGE('',*,*,#727,.F.);
#340=ORIENTED_EDGE('',*,*,#679,.T.);
#341=ORIENTED_EDGE('',*,*,#728,.T.);
#342=ORIENTED_EDGE('',*,*,#729,.T.);
#343=ORIENTED_EDGE('',*,*,#730,.T.);
#344=ORIENTED_EDGE('',*,*,#731,.T.);
#345=ORIENTED_EDGE('',*,*,#732,.T.);
#346=ORIENTED_EDGE('',*,*,#733,.T.);
#347=ORIENTED_EDGE('',*,*,#734,.T.);
#348=ORIENTED_EDGE('',*,*,#735,.T.);
#349=ORIENTED_EDGE('',*,*,#736,.T.);
#350=ORIENTED_EDGE('',*,*,#737,.T.);
#351=ORIENTED_EDGE('',*,*,#738,.T.);
#352=ORIENTED_EDGE('',*,*,#739,.T.);
#353=ORIENTED_EDGE('',*,*,#740,.T.);
#354=ORIENTED_EDGE('',*,*,#741,.T.);
#355=ORIENTED_EDGE('',*,*,#742,.T.);
#356=ORIENTED_EDGE('',*,*,#743,.T.);
#357=ORIENTED_EDGE('',*,*,#742,.F.);
#358=ORIENTED_EDGE('',*,*,#744,.T.);
#359=ORIENTED_EDGE('',*,*,#723,.F.);
#360=ORIENTED_EDGE('',*,*,#745,.T.);
#361=ORIENTED_EDGE('',*,*,#725,.F.);
#362=ORIENTED_EDGE('',*,*,#746,.T.);
#363=ORIENTED_EDGE('',*,*,#736,.F.);
#364=ORIENTED_EDGE('',*,*,#747,.T.);
#365=ORIENTED_EDGE('',*,*,#730,.F.);
#366=ORIENTED_EDGE('',*,*,#748,.T.);
#367=ORIENTED_EDGE('',*,*,#740,.F.);
#368=ORIENTED_EDGE('',*,*,#749,.T.);
#369=ORIENTED_EDGE('',*,*,#738,.F.);
#370=ORIENTED_EDGE('',*,*,#750,.T.);
#371=ORIENTED_EDGE('',*,*,#728,.F.);
#372=ORIENTED_EDGE('',*,*,#751,.T.);
#373=ORIENTED_EDGE('',*,*,#722,.F.);
#374=ORIENTED_EDGE('',*,*,#719,.F.);
#375=ORIENTED_EDGE('',*,*,#717,.F.);
#376=ORIENTED_EDGE('',*,*,#727,.T.);
#377=ORIENTED_EDGE('',*,*,#752,.T.);
#378=ORIENTED_EDGE('',*,*,#753,.F.);
#379=ORIENTED_EDGE('',*,*,#718,.F.);
#380=ORIENTED_EDGE('',*,*,#753,.T.);
#381=ORIENTED_EDGE('',*,*,#754,.T.);
#382=ORIENTED_EDGE('',*,*,#755,.F.);
#383=ORIENTED_EDGE('',*,*,#720,.F.);
#384=ORIENTED_EDGE('',*,*,#755,.T.);
#385=ORIENTED_EDGE('',*,*,#756,.T.);
#386=ORIENTED_EDGE('',*,*,#757,.T.);
#387=ORIENTED_EDGE('',*,*,#758,.T.);
#388=ORIENTED_EDGE('',*,*,#759,.T.);
#389=ORIENTED_EDGE('',*,*,#760,.T.);
#390=ORIENTED_EDGE('',*,*,#761,.F.);
#391=ORIENTED_EDGE('',*,*,#762,.F.);
#392=ORIENTED_EDGE('',*,*,#763,.T.);
#393=ORIENTED_EDGE('',*,*,#764,.T.);
#394=ORIENTED_EDGE('',*,*,#765,.F.);
#395=ORIENTED_EDGE('',*,*,#765,.T.);
#396=ORIENTED_EDGE('',*,*,#766,.T.);
#397=ORIENTED_EDGE('',*,*,#767,.F.);
#398=ORIENTED_EDGE('',*,*,#767,.T.);
#399=ORIENTED_EDGE('',*,*,#768,.T.);
#400=ORIENTED_EDGE('',*,*,#769,.F.);
#401=ORIENTED_EDGE('',*,*,#770,.T.);
#402=ORIENTED_EDGE('',*,*,#771,.T.);
#403=ORIENTED_EDGE('',*,*,#772,.F.);
#404=ORIENTED_EDGE('',*,*,#773,.T.);
#405=ORIENTED_EDGE('',*,*,#774,.T.);
#406=ORIENTED_EDGE('',*,*,#775,.F.);
#407=ORIENTED_EDGE('',*,*,#775,.T.);
#408=ORIENTED_EDGE('',*,*,#776,.T.);
#409=ORIENTED_EDGE('',*,*,#777,.F.);
#410=ORIENTED_EDGE('',*,*,#777,.T.);
#411=ORIENTED_EDGE('',*,*,#778,.T.);
#412=ORIENTED_EDGE('',*,*,#779,.F.);
#413=ORIENTED_EDGE('',*,*,#780,.T.);
#414=ORIENTED_EDGE('',*,*,#781,.T.);
#415=ORIENTED_EDGE('',*,*,#782,.F.);
#416=ORIENTED_EDGE('',*,*,#783,.T.);
#417=ORIENTED_EDGE('',*,*,#706,.F.);
#418=ORIENTED_EDGE('',*,*,#754,.F.);
#419=ORIENTED_EDGE('',*,*,#707,.F.);
#420=ORIENTED_EDGE('',*,*,#752,.F.);
#421=ORIENTED_EDGE('',*,*,#708,.F.);
#422=ORIENTED_EDGE('',*,*,#721,.F.);
#423=ORIENTED_EDGE('',*,*,#784,.F.);
#424=ORIENTED_EDGE('',*,*,#726,.F.);
#425=ORIENTED_EDGE('',*,*,#785,.F.);
#426=ORIENTED_EDGE('',*,*,#713,.F.);
#427=ORIENTED_EDGE('',*,*,#785,.T.);
#428=ORIENTED_EDGE('',*,*,#747,.F.);
#429=ORIENTED_EDGE('',*,*,#786,.F.);
#430=ORIENTED_EDGE('',*,*,#714,.F.);
#431=ORIENTED_EDGE('',*,*,#784,.T.);
#432=ORIENTED_EDGE('',*,*,#712,.F.);
#433=ORIENTED_EDGE('',*,*,#787,.F.);
#434=ORIENTED_EDGE('',*,*,#745,.F.);
#435=ORIENTED_EDGE('',*,*,#786,.T.);
#436=ORIENTED_EDGE('',*,*,#739,.F.);
#437=ORIENTED_EDGE('',*,*,#788,.F.);
#438=ORIENTED_EDGE('',*,*,#675,.F.);
#439=ORIENTED_EDGE('',*,*,#789,.F.);
#440=ORIENTED_EDGE('',*,*,#715,.F.);
#441=ORIENTED_EDGE('',*,*,#787,.T.);
#442=ORIENTED_EDGE('',*,*,#711,.F.);
#443=ORIENTED_EDGE('',*,*,#790,.F.);
#444=ORIENTED_EDGE('',*,*,#677,.F.);
#445=ORIENTED_EDGE('',*,*,#791,.F.);
#446=ORIENTED_EDGE('',*,*,#743,.F.);
#447=ORIENTED_EDGE('',*,*,#788,.T.);
#448=ORIENTED_EDGE('',*,*,#751,.F.);
#449=ORIENTED_EDGE('',*,*,#792,.F.);
#450=ORIENTED_EDGE('',*,*,#749,.F.);
#451=ORIENTED_EDGE('',*,*,#791,.T.);
#452=ORIENTED_EDGE('',*,*,#793,.F.);
#453=ORIENTED_EDGE('',*,*,#794,.F.);
#454=ORIENTED_EDGE('',*,*,#732,.F.);
#455=ORIENTED_EDGE('',*,*,#795,.F.);
#456=ORIENTED_EDGE('',*,*,#796,.F.);
#457=ORIENTED_EDGE('',*,*,#797,.F.);
#458=ORIENTED_EDGE('',*,*,#798,.F.);
#459=ORIENTED_EDGE('',*,*,#795,.T.);
#460=ORIENTED_EDGE('',*,*,#731,.F.);
#461=ORIENTED_EDGE('',*,*,#793,.T.);
#462=ORIENTED_EDGE('',*,*,#676,.F.);
#463=ORIENTED_EDGE('',*,*,#792,.T.);
#464=ORIENTED_EDGE('',*,*,#735,.F.);
#465=ORIENTED_EDGE('',*,*,#799,.F.);
#466=ORIENTED_EDGE('',*,*,#796,.T.);
#467=ORIENTED_EDGE('',*,*,#798,.T.);
#468=ORIENTED_EDGE('',*,*,#800,.F.);
#469=ORIENTED_EDGE('',*,*,#771,.F.);
#470=ORIENTED_EDGE('',*,*,#794,.T.);
#471=ORIENTED_EDGE('',*,*,#778,.F.);
#472=ORIENTED_EDGE('',*,*,#801,.F.);
#473=ORIENTED_EDGE('',*,*,#733,.F.);
#474=ORIENTED_EDGE('',*,*,#799,.T.);
#475=ORIENTED_EDGE('',*,*,#734,.F.);
#476=ORIENTED_EDGE('',*,*,#801,.T.);
#477=ORIENTED_EDGE('',*,*,#802,.F.);
#478=ORIENTED_EDGE('',*,*,#800,.T.);
#479=ORIENTED_EDGE('',*,*,#803,.F.);
#480=ORIENTED_EDGE('',*,*,#744,.F.);
#481=ORIENTED_EDGE('',*,*,#804,.F.);
#482=ORIENTED_EDGE('',*,*,#685,.F.);
#483=ORIENTED_EDGE('',*,*,#804,.T.);
#484=ORIENTED_EDGE('',*,*,#741,.F.);
#485=ORIENTED_EDGE('',*,*,#805,.F.);
#486=ORIENTED_EDGE('',*,*,#702,.F.);
#487=ORIENTED_EDGE('',*,*,#806,.F.);
#488=ORIENTED_EDGE('',*,*,#686,.F.);
#489=ORIENTED_EDGE('',*,*,#803,.T.);
#490=ORIENTED_EDGE('',*,*,#684,.F.);
#491=ORIENTED_EDGE('',*,*,#807,.F.);
#492=ORIENTED_EDGE('',*,*,#724,.F.);
#493=ORIENTED_EDGE('',*,*,#805,.T.);
#494=ORIENTED_EDGE('',*,*,#748,.F.);
#495=ORIENTED_EDGE('',*,*,#808,.F.);
#496=ORIENTED_EDGE('',*,*,#807,.T.);
#497=ORIENTED_EDGE('',*,*,#683,.F.);
#498=ORIENTED_EDGE('',*,*,#809,.F.);
#499=ORIENTED_EDGE('',*,*,#746,.F.);
#500=ORIENTED_EDGE('',*,*,#808,.T.);
#501=ORIENTED_EDGE('',*,*,#729,.F.);
#502=ORIENTED_EDGE('',*,*,#810,.F.);
#503=ORIENTED_EDGE('',*,*,#703,.F.);
#504=ORIENTED_EDGE('',*,*,#809,.T.);
#505=ORIENTED_EDGE('',*,*,#682,.F.);
#506=ORIENTED_EDGE('',*,*,#811,.F.);
#507=ORIENTED_EDGE('',*,*,#704,.F.);
#508=ORIENTED_EDGE('',*,*,#812,.F.);
#509=ORIENTED_EDGE('',*,*,#737,.F.);
#510=ORIENTED_EDGE('',*,*,#810,.T.);
#511=ORIENTED_EDGE('',*,*,#750,.F.);
#512=ORIENTED_EDGE('',*,*,#812,.T.);
#513=ORIENTED_EDGE('',*,*,#813,.T.);
#514=ORIENTED_EDGE('',*,*,#814,.T.);
#515=ORIENTED_EDGE('',*,*,#815,.T.);
#516=ORIENTED_EDGE('',*,*,#816,.T.);
#517=ORIENTED_EDGE('',*,*,#817,.T.);
#518=ORIENTED_EDGE('',*,*,#818,.T.);
#519=ORIENTED_EDGE('',*,*,#819,.T.);
#520=ORIENTED_EDGE('',*,*,#820,.T.);
#521=ORIENTED_EDGE('',*,*,#821,.T.);
#522=ORIENTED_EDGE('',*,*,#822,.T.);
#523=ORIENTED_EDGE('',*,*,#823,.T.);
#524=ORIENTED_EDGE('',*,*,#824,.T.);
#525=ORIENTED_EDGE('',*,*,#825,.T.);
#526=ORIENTED_EDGE('',*,*,#826,.T.);
#527=ORIENTED_EDGE('',*,*,#827,.T.);
#528=ORIENTED_EDGE('',*,*,#828,.T.);
#529=ORIENTED_EDGE('',*,*,#768,.F.);
#530=ORIENTED_EDGE('',*,*,#829,.T.);
#531=ORIENTED_EDGE('',*,*,#762,.T.);
#532=ORIENTED_EDGE('',*,*,#830,.F.);
#533=ORIENTED_EDGE('',*,*,#781,.F.);
#534=ORIENTED_EDGE('',*,*,#831,.T.);
#535=ORIENTED_EDGE('',*,*,#692,.F.);
#536=ORIENTED_EDGE('',*,*,#832,.F.);
#537=ORIENTED_EDGE('',*,*,#797,.T.);
#538=ORIENTED_EDGE('',*,*,#770,.F.);
#539=ORIENTED_EDGE('',*,*,#833,.F.);
#540=ORIENTED_EDGE('',*,*,#779,.T.);
#541=ORIENTED_EDGE('',*,*,#780,.F.);
#542=ORIENTED_EDGE('',*,*,#833,.T.);
#543=ORIENTED_EDGE('',*,*,#769,.T.);
#544=ORIENTED_EDGE('',*,*,#830,.T.);
#545=ORIENTED_EDGE('',*,*,#761,.T.);
#546=ORIENTED_EDGE('',*,*,#834,.T.);
#547=ORIENTED_EDGE('',*,*,#697,.F.);
#548=ORIENTED_EDGE('',*,*,#835,.F.);
#549=ORIENTED_EDGE('',*,*,#693,.T.);
#550=ORIENTED_EDGE('',*,*,#831,.F.);
#551=ORIENTED_EDGE('',*,*,#802,.T.);
#552=ORIENTED_EDGE('',*,*,#783,.F.);
#553=ORIENTED_EDGE('',*,*,#836,.F.);
#554=ORIENTED_EDGE('',*,*,#772,.T.);
#555=ORIENTED_EDGE('',*,*,#773,.F.);
#556=ORIENTED_EDGE('',*,*,#836,.T.);
#557=ORIENTED_EDGE('',*,*,#782,.T.);
#558=ORIENTED_EDGE('',*,*,#832,.T.);
#559=ORIENTED_EDGE('',*,*,#691,.F.);
#560=ORIENTED_EDGE('',*,*,#837,.T.);
#561=ORIENTED_EDGE('',*,*,#699,.T.);
#562=ORIENTED_EDGE('',*,*,#838,.F.);
#563=ORIENTED_EDGE('',*,*,#763,.F.);
#564=ORIENTED_EDGE('',*,*,#829,.F.);
#565=ORIENTED_EDGE('',*,*,#756,.F.);
#566=ORIENTED_EDGE('',*,*,#838,.T.);
#567=ORIENTED_EDGE('',*,*,#698,.T.);
#568=ORIENTED_EDGE('',*,*,#834,.F.);
#569=ORIENTED_EDGE('',*,*,#760,.F.);
#570=ORIENTED_EDGE('',*,*,#839,.T.);
#571=ORIENTED_EDGE('',*,*,#758,.F.);
#572=ORIENTED_EDGE('',*,*,#840,.T.);
#573=ORIENTED_EDGE('',*,*,#696,.F.);
#574=ORIENTED_EDGE('',*,*,#837,.F.);
#575=ORIENTED_EDGE('',*,*,#690,.T.);
#576=ORIENTED_EDGE('',*,*,#841,.T.);
#577=ORIENTED_EDGE('',*,*,#688,.T.);
#578=ORIENTED_EDGE('',*,*,#842,.T.);
#579=ORIENTED_EDGE('',*,*,#694,.T.);
#580=ORIENTED_EDGE('',*,*,#835,.T.);
#581=ORIENTED_EDGE('',*,*,#819,.F.);
#582=ORIENTED_EDGE('',*,*,#843,.T.);
#583=ORIENTED_EDGE('',*,*,#821,.F.);
#584=ORIENTED_EDGE('',*,*,#844,.T.);
#585=ORIENTED_EDGE('',*,*,#823,.F.);
#586=ORIENTED_EDGE('',*,*,#845,.T.);
#587=ORIENTED_EDGE('',*,*,#825,.F.);
#588=ORIENTED_EDGE('',*,*,#846,.T.);
#589=ORIENTED_EDGE('',*,*,#815,.F.);
#590=ORIENTED_EDGE('',*,*,#847,.T.);
#591=ORIENTED_EDGE('',*,*,#817,.F.);
#592=ORIENTED_EDGE('',*,*,#848,.T.);
#593=ORIENTED_EDGE('',*,*,#827,.F.);
#594=ORIENTED_EDGE('',*,*,#849,.T.);
#595=ORIENTED_EDGE('',*,*,#813,.F.);
#596=ORIENTED_EDGE('',*,*,#850,.T.);
#597=ORIENTED_EDGE('',*,*,#851,.F.);
#598=ORIENTED_EDGE('',*,*,#806,.T.);
#599=ORIENTED_EDGE('',*,*,#852,.F.);
#600=ORIENTED_EDGE('',*,*,#826,.F.);
#601=ORIENTED_EDGE('',*,*,#852,.T.);
#602=ORIENTED_EDGE('',*,*,#701,.F.);
#603=ORIENTED_EDGE('',*,*,#853,.F.);
#604=ORIENTED_EDGE('',*,*,#849,.F.);
#605=ORIENTED_EDGE('',*,*,#851,.T.);
#606=ORIENTED_EDGE('',*,*,#845,.F.);
#607=ORIENTED_EDGE('',*,*,#854,.F.);
#608=ORIENTED_EDGE('',*,*,#687,.F.);
#609=ORIENTED_EDGE('',*,*,#853,.T.);
#610=ORIENTED_EDGE('',*,*,#700,.F.);
#611=ORIENTED_EDGE('',*,*,#855,.F.);
#612=ORIENTED_EDGE('',*,*,#814,.F.);
#613=ORIENTED_EDGE('',*,*,#854,.T.);
#614=ORIENTED_EDGE('',*,*,#822,.F.);
#615=ORIENTED_EDGE('',*,*,#856,.F.);
#616=ORIENTED_EDGE('',*,*,#680,.F.);
#617=ORIENTED_EDGE('',*,*,#855,.T.);
#618=ORIENTED_EDGE('',*,*,#705,.F.);
#619=ORIENTED_EDGE('',*,*,#857,.F.);
#620=ORIENTED_EDGE('',*,*,#847,.F.);
#621=ORIENTED_EDGE('',*,*,#856,.T.);
#622=ORIENTED_EDGE('',*,*,#843,.F.);
#623=ORIENTED_EDGE('',*,*,#858,.F.);
#624=ORIENTED_EDGE('',*,*,#681,.F.);
#625=ORIENTED_EDGE('',*,*,#857,.T.);
#626=ORIENTED_EDGE('',*,*,#811,.T.);
#627=ORIENTED_EDGE('',*,*,#858,.T.);
#628=ORIENTED_EDGE('',*,*,#818,.F.);
#629=ORIENTED_EDGE('',*,*,#859,.F.);
#630=ORIENTED_EDGE('',*,*,#790,.T.);
#631=ORIENTED_EDGE('',*,*,#860,.F.);
#632=ORIENTED_EDGE('',*,*,#828,.F.);
#633=ORIENTED_EDGE('',*,*,#860,.T.);
#634=ORIENTED_EDGE('',*,*,#710,.F.);
#635=ORIENTED_EDGE('',*,*,#861,.F.);
#636=ORIENTED_EDGE('',*,*,#846,.F.);
#637=ORIENTED_EDGE('',*,*,#859,.T.);
#638=ORIENTED_EDGE('',*,*,#850,.F.);
#639=ORIENTED_EDGE('',*,*,#862,.F.);
#640=ORIENTED_EDGE('',*,*,#678,.F.);
#641=ORIENTED_EDGE('',*,*,#861,.T.);
#642=ORIENTED_EDGE('',*,*,#709,.F.);
#643=ORIENTED_EDGE('',*,*,#863,.F.);
#644=ORIENTED_EDGE('',*,*,#824,.F.);
#645=ORIENTED_EDGE('',*,*,#862,.T.);
#646=ORIENTED_EDGE('',*,*,#816,.F.);
#647=ORIENTED_EDGE('',*,*,#864,.F.);
#648=ORIENTED_EDGE('',*,*,#673,.F.);
#649=ORIENTED_EDGE('',*,*,#863,.T.);
#650=ORIENTED_EDGE('',*,*,#716,.F.);
#651=ORIENTED_EDGE('',*,*,#865,.F.);
#652=ORIENTED_EDGE('',*,*,#844,.F.);
#653=ORIENTED_EDGE('',*,*,#864,.T.);
#654=ORIENTED_EDGE('',*,*,#848,.F.);
#655=ORIENTED_EDGE('',*,*,#866,.F.);
#656=ORIENTED_EDGE('',*,*,#674,.F.);
#657=ORIENTED_EDGE('',*,*,#865,.T.);
#658=ORIENTED_EDGE('',*,*,#789,.T.);
#659=ORIENTED_EDGE('',*,*,#866,.T.);
#660=ORIENTED_EDGE('',*,*,#820,.F.);
#661=ORIENTED_EDGE('',*,*,#840,.F.);
#662=ORIENTED_EDGE('',*,*,#757,.F.);
#663=ORIENTED_EDGE('',*,*,#774,.F.);
#664=ORIENTED_EDGE('',*,*,#839,.F.);
#665=ORIENTED_EDGE('',*,*,#759,.F.);
#666=ORIENTED_EDGE('',*,*,#764,.F.);
#667=ORIENTED_EDGE('',*,*,#841,.F.);
#668=ORIENTED_EDGE('',*,*,#689,.F.);
#669=ORIENTED_EDGE('',*,*,#776,.F.);
#670=ORIENTED_EDGE('',*,*,#842,.F.);
#671=ORIENTED_EDGE('',*,*,#695,.F.);
#672=ORIENTED_EDGE('',*,*,#766,.F.);
#673=EDGE_CURVE('',#867,#868,#988,.T.);
#674=EDGE_CURVE('',#868,#869,#989,.T.);
#675=EDGE_CURVE('',#869,#870,#139,.T.);
#676=EDGE_CURVE('',#870,#871,#140,.F.);
#677=EDGE_CURVE('',#871,#872,#141,.F.);
#678=EDGE_CURVE('',#872,#867,#990,.T.);
#679=EDGE_CURVE('',#873,#873,#80,.T.);
#680=EDGE_CURVE('',#874,#875,#991,.T.);
#681=EDGE_CURVE('',#875,#876,#992,.T.);
#682=EDGE_CURVE('',#876,#877,#142,.T.);
#683=EDGE_CURVE('',#877,#878,#81,.T.);
#684=EDGE_CURVE('',#878,#879,#82,.F.);
#685=EDGE_CURVE('',#879,#880,#83,.T.);
#686=EDGE_CURVE('',#880,#881,#143,.F.);
#687=EDGE_CURVE('',#881,#874,#993,.T.);
#688=EDGE_CURVE('',#882,#883,#144,.T.);
#689=EDGE_CURVE('',#882,#884,#84,.F.);
#690=EDGE_CURVE('',#885,#884,#145,.T.);
#691=EDGE_CURVE('',#885,#886,#146,.T.);
#692=EDGE_CURVE('',#886,#887,#147,.T.);
#693=EDGE_CURVE('',#888,#887,#148,.T.);
#694=EDGE_CURVE('',#889,#888,#149,.T.);
#695=EDGE_CURVE('',#889,#883,#85,.F.);
#696=EDGE_CURVE('',#890,#891,#150,.T.);
#697=EDGE_CURVE('',#891,#892,#151,.T.);
#698=EDGE_CURVE('',#893,#892,#152,.T.);
#699=EDGE_CURVE('',#890,#893,#153,.T.);
#700=EDGE_CURVE('',#894,#895,#994,.T.);
#701=EDGE_CURVE('',#895,#896,#995,.T.);
#702=EDGE_CURVE('',#896,#897,#154,.F.);
#703=EDGE_CURVE('',#897,#898,#155,.F.);
#704=EDGE_CURVE('',#898,#899,#156,.T.);
#705=EDGE_CURVE('',#899,#894,#996,.T.);
#706=EDGE_CURVE('',#900,#900,#86,.F.);
#707=EDGE_CURVE('',#901,#901,#87,.F.);
#708=EDGE_CURVE('',#902,#902,#88,.F.);
#709=EDGE_CURVE('',#903,#904,#997,.T.);
#710=EDGE_CURVE('',#904,#905,#998,.T.);
#711=EDGE_CURVE('',#905,#906,#157,.F.);
#712=EDGE_CURVE('',#906,#907,#89,.F.);
#713=EDGE_CURVE('',#907,#908,#90,.T.);
#714=EDGE_CURVE('',#908,#909,#91,.F.);
#715=EDGE_CURVE('',#909,#910,#158,.T.);
#716=EDGE_CURVE('',#910,#903,#999,.T.);
#717=EDGE_CURVE('',#911,#911,#92,.T.);
#718=EDGE_CURVE('',#912,#912,#93,.T.);
#719=EDGE_CURVE('',#913,#913,#94,.T.);
#720=EDGE_CURVE('',#914,#914,#95,.T.);
#721=EDGE_CURVE('',#915,#915,#96,.T.);
#722=EDGE_CURVE('',#916,#916,#97,.T.);
#723=EDGE_CURVE('',#917,#918,#159,.T.);
#724=EDGE_CURVE('',#918,#919,#98,.T.);
#725=EDGE_CURVE('',#919,#920,#160,.F.);
#726=EDGE_CURVE('',#920,#917,#99,.F.);
#727=EDGE_CURVE('',#921,#921,#100,.T.);
#728=EDGE_CURVE('',#922,#923,#161,.F.);
#729=EDGE_CURVE('',#923,#924,#162,.T.);
#730=EDGE_CURVE('',#924,#925,#163,.T.);
#731=EDGE_CURVE('',#925,#926,#164,.T.);
#732=EDGE_CURVE('',#926,#927,#165,.T.);
#733=EDGE_CURVE('',#927,#928,#166,.T.);
#734=EDGE_CURVE('',#928,#929,#167,.F.);
#735=EDGE_CURVE('',#929,#922,#168,.T.);
#736=EDGE_CURVE('',#930,#931,#169,.T.);
#737=EDGE_CURVE('',#931,#932,#170,.F.);
#738=EDGE_CURVE('',#932,#933,#171,.T.);
#739=EDGE_CURVE('',#933,#930,#172,.F.);
#740=EDGE_CURVE('',#934,#935,#173,.F.);
#741=EDGE_CURVE('',#935,#936,#174,.T.);
#742=EDGE_CURVE('',#936,#937,#175,.T.);
#743=EDGE_CURVE('',#937,#934,#176,.T.);
#744=EDGE_CURVE('',#936,#918,#101,.F.);
#745=EDGE_CURVE('',#917,#937,#102,.T.);
#746=EDGE_CURVE('',#919,#931,#103,.F.);
#747=EDGE_CURVE('',#930,#920,#104,.T.);
#748=EDGE_CURVE('',#924,#935,#105,.T.);
#749=EDGE_CURVE('',#934,#925,#106,.F.);
#750=EDGE_CURVE('',#932,#923,#107,.F.);
#751=EDGE_CURVE('',#922,#933,#108,.T.);
#752=EDGE_CURVE('',#938,#938,#109,.T.);
#753=EDGE_CURVE('',#939,#939,#110,.T.);
#754=EDGE_CURVE('',#940,#940,#111,.T.);
#755=EDGE_CURVE('',#941,#941,#112,.T.);
#756=EDGE_CURVE('',#942,#943,#177,.T.);
#757=EDGE_CURVE('',#943,#944,#113,.F.);
#758=EDGE_CURVE('',#944,#945,#178,.T.);
#759=EDGE_CURVE('',#945,#946,#114,.F.);
#760=EDGE_CURVE('',#946,#947,#179,.T.);
#761=EDGE_CURVE('',#948,#947,#180,.T.);
#762=EDGE_CURVE('',#949,#948,#181,.T.);
#763=EDGE_CURVE('',#949,#942,#182,.T.);
#764=EDGE_CURVE('',#950,#950,#115,.T.);
#765=EDGE_CURVE('',#951,#951,#116,.T.);
#766=EDGE_CURVE('',#952,#952,#117,.T.);
#767=EDGE_CURVE('',#953,#953,#118,.T.);
#768=EDGE_CURVE('',#954,#955,#183,.T.);
#769=EDGE_CURVE('',#956,#955,#184,.T.);
#770=EDGE_CURVE('',#956,#957,#185,.T.);
#771=EDGE_CURVE('',#957,#958,#186,.F.);
#772=EDGE_CURVE('',#959,#958,#187,.T.);
#773=EDGE_CURVE('',#959,#954,#188,.T.);
#774=EDGE_CURVE('',#960,#960,#119,.T.);
#775=EDGE_CURVE('',#961,#961,#120,.T.);
#776=EDGE_CURVE('',#962,#962,#121,.T.);
#777=EDGE_CURVE('',#963,#963,#122,.T.);
#778=EDGE_CURVE('',#964,#965,#189,.F.);
#779=EDGE_CURVE('',#966,#965,#190,.T.);
#780=EDGE_CURVE('',#966,#967,#191,.T.);
#781=EDGE_CURVE('',#967,#968,#192,.T.);
#782=EDGE_CURVE('',#969,#968,#193,.T.);
#783=EDGE_CURVE('',#969,#964,#194,.T.);
#784=EDGE_CURVE('',#917,#907,#123,.T.);
#785=EDGE_CURVE('',#908,#920,#124,.T.);
#786=EDGE_CURVE('',#909,#930,#125,.T.);
#787=EDGE_CURVE('',#937,#906,#126,.T.);
#788=EDGE_CURVE('',#870,#933,#127,.T.);
#789=EDGE_CURVE('',#910,#869,#195,.T.);
#790=EDGE_CURVE('',#872,#905,#196,.F.);
#791=EDGE_CURVE('',#934,#871,#128,.T.);
#792=EDGE_CURVE('',#870,#922,#129,.T.);
#793=EDGE_CURVE('',#925,#871,#130,.T.);
#794=EDGE_CURVE('',#927,#965,#32,.T.);
#795=EDGE_CURVE('',#970,#926,#33,.T.);
#796=EDGE_CURVE('',#957,#970,#34,.T.);
#797=EDGE_CURVE('',#965,#957,#197,.F.);
#798=EDGE_CURVE('',#970,#971,#198,.F.);
#799=EDGE_CURVE('',#971,#929,#35,.T.);
#800=EDGE_CURVE('',#958,#971,#36,.T.);
#801=EDGE_CURVE('',#928,#964,#37,.F.);
#802=EDGE_CURVE('',#958,#964,#199,.T.);
#803=EDGE_CURVE('',#918,#879,#131,.T.);
#804=EDGE_CURVE('',#880,#936,#132,.T.);
#805=EDGE_CURVE('',#897,#935,#133,.T.);
#806=EDGE_CURVE('',#881,#896,#200,.F.);
#807=EDGE_CURVE('',#919,#878,#134,.T.);
#808=EDGE_CURVE('',#897,#924,#135,.T.);
#809=EDGE_CURVE('',#931,#877,#136,.T.);
#810=EDGE_CURVE('',#898,#923,#137,.T.);
#811=EDGE_CURVE('',#899,#876,#201,.T.);
#812=EDGE_CURVE('',#932,#898,#138,.T.);
#813=EDGE_CURVE('',#972,#973,#1000,.T.);
#814=EDGE_CURVE('',#973,#974,#1001,.T.);
#815=EDGE_CURVE('',#974,#975,#1002,.T.);
#816=EDGE_CURVE('',#975,#972,#1003,.T.);
#817=EDGE_CURVE('',#976,#977,#1004,.T.);
#818=EDGE_CURVE('',#977,#978,#1005,.T.);
#819=EDGE_CURVE('',#978,#979,#1006,.T.);
#820=EDGE_CURVE('',#979,#976,#1007,.T.);
#821=EDGE_CURVE('',#980,#981,#1008,.T.);
#822=EDGE_CURVE('',#981,#982,#1009,.T.);
#823=EDGE_CURVE('',#982,#983,#1010,.T.);
#824=EDGE_CURVE('',#983,#980,#1011,.T.);
#825=EDGE_CURVE('',#984,#985,#1012,.T.);
#826=EDGE_CURVE('',#985,#986,#1013,.T.);
#827=EDGE_CURVE('',#986,#987,#1014,.T.);
#828=EDGE_CURVE('',#987,#984,#1015,.T.);
#829=EDGE_CURVE('',#954,#949,#202,.T.);
#830=EDGE_CURVE('',#955,#948,#203,.T.);
#831=EDGE_CURVE('',#967,#887,#204,.T.);
#832=EDGE_CURVE('',#968,#886,#205,.T.);
#833=EDGE_CURVE('',#966,#956,#206,.F.);
#834=EDGE_CURVE('',#947,#892,#207,.T.);
#835=EDGE_CURVE('',#888,#891,#208,.T.);
#836=EDGE_CURVE('',#959,#969,#209,.T.);
#837=EDGE_CURVE('',#885,#890,#210,.T.);
#838=EDGE_CURVE('',#942,#893,#211,.T.);
#839=EDGE_CURVE('',#946,#945,#1016,.T.);
#840=EDGE_CURVE('',#944,#943,#1017,.T.);
#841=EDGE_CURVE('',#884,#882,#1018,.T.);
#842=EDGE_CURVE('',#883,#889,#1019,.T.);
#843=EDGE_CURVE('',#978,#981,#1020,.T.);
#844=EDGE_CURVE('',#980,#979,#1021,.T.);
#845=EDGE_CURVE('',#982,#985,#1022,.T.);
#846=EDGE_CURVE('',#984,#983,#1023,.T.);
#847=EDGE_CURVE('',#974,#977,#1024,.T.);
#848=EDGE_CURVE('',#976,#975,#1025,.T.);
#849=EDGE_CURVE('',#986,#973,#1026,.T.);
#850=EDGE_CURVE('',#972,#987,#1027,.T.);
#851=EDGE_CURVE('',#881,#985,#1028,.F.);
#852=EDGE_CURVE('',#986,#896,#1029,.F.);
#853=EDGE_CURVE('',#973,#895,#1030,.T.);
#854=EDGE_CURVE('',#874,#982,#1031,.T.);
#855=EDGE_CURVE('',#974,#894,#1032,.F.);
#856=EDGE_CURVE('',#875,#981,#1033,.F.);
#857=EDGE_CURVE('',#977,#899,#1034,.T.);
#858=EDGE_CURVE('',#876,#978,#1035,.T.);
#859=EDGE_CURVE('',#872,#987,#1036,.F.);
#860=EDGE_CURVE('',#984,#905,#1037,.F.);
#861=EDGE_CURVE('',#983,#904,#1038,.T.);
#862=EDGE_CURVE('',#867,#972,#1039,.T.);
#863=EDGE_CURVE('',#980,#903,#1040,.F.);
#864=EDGE_CURVE('',#868,#975,#1041,.F.);
#865=EDGE_CURVE('',#979,#910,#1042,.T.);
#866=EDGE_CURVE('',#869,#976,#1043,.T.);
#867=VERTEX_POINT('',#1909);
#868=VERTEX_POINT('',#1910);
#869=VERTEX_POINT('',#1924);
#870=VERTEX_POINT('',#1926);
#871=VERTEX_POINT('',#1928);
#872=VERTEX_POINT('',#1930);
#873=VERTEX_POINT('',#1946);
#874=VERTEX_POINT('',#1951);
#875=VERTEX_POINT('',#1952);
#876=VERTEX_POINT('',#1966);
#877=VERTEX_POINT('',#1968);
#878=VERTEX_POINT('',#1970);
#879=VERTEX_POINT('',#1972);
#880=VERTEX_POINT('',#1974);
#881=VERTEX_POINT('',#1976);
#882=VERTEX_POINT('',#1992);
#883=VERTEX_POINT('',#1993);
#884=VERTEX_POINT('',#1995);
#885=VERTEX_POINT('',#1997);
#886=VERTEX_POINT('',#1999);
#887=VERTEX_POINT('',#2001);
#888=VERTEX_POINT('',#2003);
#889=VERTEX_POINT('',#2005);
#890=VERTEX_POINT('',#2009);
#891=VERTEX_POINT('',#2010);
#892=VERTEX_POINT('',#2012);
#893=VERTEX_POINT('',#2014);
#894=VERTEX_POINT('',#2020);
#895=VERTEX_POINT('',#2021);
#896=VERTEX_POINT('',#2035);
#897=VERTEX_POINT('',#2037);
#898=VERTEX_POINT('',#2039);
#899=VERTEX_POINT('',#2041);
#900=VERTEX_POINT('',#2057);
#901=VERTEX_POINT('',#2059);
#902=VERTEX_POINT('',#2061);
#903=VERTEX_POINT('',#2066);
#904=VERTEX_POINT('',#2067);
#905=VERTEX_POINT('',#2081);
#906=VERTEX_POINT('',#2083);
#907=VERTEX_POINT('',#2085);
#908=VERTEX_POINT('',#2087);
#909=VERTEX_POINT('',#2089);
#910=VERTEX_POINT('',#2091);
#911=VERTEX_POINT('',#2107);
#912=VERTEX_POINT('',#2109);
#913=VERTEX_POINT('',#2112);
#914=VERTEX_POINT('',#2114);
#915=VERTEX_POINT('',#2117);
#916=VERTEX_POINT('',#2119);
#917=VERTEX_POINT('',#2122);
#918=VERTEX_POINT('',#2123);
#919=VERTEX_POINT('',#2125);
#920=VERTEX_POINT('',#2127);
#921=VERTEX_POINT('',#2131);
#922=VERTEX_POINT('',#2134);
#923=VERTEX_POINT('',#2135);
#924=VERTEX_POINT('',#2137);
#925=VERTEX_POINT('',#2139);
#926=VERTEX_POINT('',#2141);
#927=VERTEX_POINT('',#2143);
#928=VERTEX_POINT('',#2145);
#929=VERTEX_POINT('',#2147);
#930=VERTEX_POINT('',#2151);
#931=VERTEX_POINT('',#2152);
#932=VERTEX_POINT('',#2154);
#933=VERTEX_POINT('',#2156);
#934=VERTEX_POINT('',#2160);
#935=VERTEX_POINT('',#2161);
#936=VERTEX_POINT('',#2163);
#937=VERTEX_POINT('',#2165);
#938=VERTEX_POINT('',#2182);
#939=VERTEX_POINT('',#2184);
#940=VERTEX_POINT('',#2188);
#941=VERTEX_POINT('',#2190);
#942=VERTEX_POINT('',#2194);
#943=VERTEX_POINT('',#2195);
#944=VERTEX_POINT('',#2197);
#945=VERTEX_POINT('',#2199);
#946=VERTEX_POINT('',#2201);
#947=VERTEX_POINT('',#2203);
#948=VERTEX_POINT('',#2205);
#949=VERTEX_POINT('',#2207);
#950=VERTEX_POINT('',#2211);
#951=VERTEX_POINT('',#2213);
#952=VERTEX_POINT('',#2217);
#953=VERTEX_POINT('',#2219);
#954=VERTEX_POINT('',#2223);
#955=VERTEX_POINT('',#2224);
#956=VERTEX_POINT('',#2226);
#957=VERTEX_POINT('',#2228);
#958=VERTEX_POINT('',#2230);
#959=VERTEX_POINT('',#2232);
#960=VERTEX_POINT('',#2236);
#961=VERTEX_POINT('',#2238);
#962=VERTEX_POINT('',#2242);
#963=VERTEX_POINT('',#2244);
#964=VERTEX_POINT('',#2248);
#965=VERTEX_POINT('',#2249);
#966=VERTEX_POINT('',#2251);
#967=VERTEX_POINT('',#2253);
#968=VERTEX_POINT('',#2255);
#969=VERTEX_POINT('',#2257);
#970=VERTEX_POINT('',#2282);
#971=VERTEX_POINT('',#2287);
#972=VERTEX_POINT('',#2318);
#973=VERTEX_POINT('',#2319);
#974=VERTEX_POINT('',#2324);
#975=VERTEX_POINT('',#2329);
#976=VERTEX_POINT('',#2339);
#977=VERTEX_POINT('',#2340);
#978=VERTEX_POINT('',#2345);
#979=VERTEX_POINT('',#2350);
#980=VERTEX_POINT('',#2360);
#981=VERTEX_POINT('',#2361);
#982=VERTEX_POINT('',#2366);
#983=VERTEX_POINT('',#2371);
#984=VERTEX_POINT('',#2381);
#985=VERTEX_POINT('',#2382);
#986=VERTEX_POINT('',#2387);
#987=VERTEX_POINT('',#2392);
#988=B_SPLINE_CURVE_WITH_KNOTS('',3,(#1905,#1906,#1907,#1908),
 .UNSPECIFIED.,.F.,.F.,(4,4),(0.,1.),.UNSPECIFIED.);
#989=B_SPLINE_CURVE_WITH_KNOTS('',3,(#1911,#1912,#1913,#1914,#1915,#1916,
#1917,#1918,#1919,#1920,#1921,#1922,#1923),.UNSPECIFIED.,.F.,.F.,(4,1,1,
1,1,1,1,1,1,1,4),(0.,0.125,0.25,0.375,0.5,0.625,0.75,0.8125,0.84375,0.875,
1.),.UNSPECIFIED.);
#990=B_SPLINE_CURVE_WITH_KNOTS('',3,(#1931,#1932,#1933,#1934,#1935,#1936,
#1937,#1938,#1939,#1940,#1941,#1942,#1943),.UNSPECIFIED.,.F.,.F.,(4,1,1,
1,1,1,1,1,1,1,4),(0.,0.125,0.25,0.375,0.5,0.625,0.75,0.8125,0.84375,0.875,
1.),.UNSPECIFIED.);
#991=B_SPLINE_CURVE_WITH_KNOTS('',3,(#1947,#1948,#1949,#1950),
 .UNSPECIFIED.,.F.,.F.,(4,4),(0.,1.),.UNSPECIFIED.);
#992=B_SPLINE_CURVE_WITH_KNOTS('',3,(#1953,#1954,#1955,#1956,#1957,#1958,
#1959,#1960,#1961,#1962,#1963,#1964,#1965),.UNSPECIFIED.,.F.,.F.,(4,1,1,
1,1,1,1,1,1,1,4),(0.,0.125,0.25,0.375,0.5,0.625,0.75,0.8125,0.84375,0.875,
1.),.UNSPECIFIED.);
#993=B_SPLINE_CURVE_WITH_KNOTS('',3,(#1977,#1978,#1979,#1980,#1981,#1982,
#1983,#1984,#1985,#1986,#1987,#1988,#1989),.UNSPECIFIED.,.F.,.F.,(4,1,1,
1,1,1,1,1,1,1,4),(0.,0.125,0.25,0.375,0.5,0.625,0.75,0.8125,0.84375,0.875,
1.),.UNSPECIFIED.);
#994=B_SPLINE_CURVE_WITH_KNOTS('',3,(#2016,#2017,#2018,#2019),
 .UNSPECIFIED.,.F.,.F.,(4,4),(0.,1.),.UNSPECIFIED.);
#995=B_SPLINE_CURVE_WITH_KNOTS('',3,(#2022,#2023,#2024,#2025,#2026,#2027,
#2028,#2029,#2030,#2031,#2032,#2033,#2034),.UNSPECIFIED.,.F.,.F.,(4,1,1,
1,1,1,1,1,1,1,4),(0.,0.125,0.25,0.375,0.5,0.625,0.75,0.8125,0.84375,0.875,
1.),.UNSPECIFIED.);
#996=B_SPLINE_CURVE_WITH_KNOTS('',3,(#2042,#2043,#2044,#2045,#2046,#2047,
#2048,#2049,#2050,#2051,#2052,#2053,#2054),.UNSPECIFIED.,.F.,.F.,(4,1,1,
1,1,1,1,1,1,1,4),(0.,0.125,0.25,0.375,0.5,0.625,0.75,0.8125,0.84375,0.875,
1.),.UNSPECIFIED.);
#997=B_SPLINE_CURVE_WITH_KNOTS('',3,(#2062,#2063,#2064,#2065),
 .UNSPECIFIED.,.F.,.F.,(4,4),(0.,1.),.UNSPECIFIED.);
#998=B_SPLINE_CURVE_WITH_KNOTS('',3,(#2068,#2069,#2070,#2071,#2072,#2073,
#2074,#2075,#2076,#2077,#2078,#2079,#2080),.UNSPECIFIED.,.F.,.F.,(4,1,1,
1,1,1,1,1,1,1,4),(0.,0.125,0.25,0.375,0.5,0.625,0.75,0.8125,0.84375,0.875,
1.),.UNSPECIFIED.);
#999=B_SPLINE_CURVE_WITH_KNOTS('',3,(#2092,#2093,#2094,#2095,#2096,#2097,
#2098,#2099,#2100,#2101,#2102,#2103,#2104),.UNSPECIFIED.,.F.,.F.,(4,1,1,
1,1,1,1,1,1,1,4),(0.,0.125,0.25,0.375,0.5,0.625,0.75,0.8125,0.84375,0.875,
1.),.UNSPECIFIED.);
#1000=B_SPLINE_CURVE_WITH_KNOTS('',3,(#2314,#2315,#2316,#2317),
 .UNSPECIFIED.,.F.,.F.,(4,4),(0.0588062334608492,0.941193766539233),
 .UNSPECIFIED.);
#1001=B_SPLINE_CURVE_WITH_KNOTS('',3,(#2320,#2321,#2322,#2323),
 .UNSPECIFIED.,.F.,.F.,(4,4),(0.,1.),.UNSPECIFIED.);
#1002=B_SPLINE_CURVE_WITH_KNOTS('',3,(#2325,#2326,#2327,#2328),
 .UNSPECIFIED.,.F.,.F.,(4,4),(0.0588062334608208,0.941193766538824),
 .UNSPECIFIED.);
#1003=B_SPLINE_CURVE_WITH_KNOTS('',3,(#2330,#2331,#2332,#2333),
 .UNSPECIFIED.,.F.,.F.,(4,4),(0.,1.),.UNSPECIFIED.);
#1004=B_SPLINE_CURVE_WITH_KNOTS('',3,(#2335,#2336,#2337,#2338),
 .UNSPECIFIED.,.F.,.F.,(4,4),(0.0588062334610589,0.941193766539157),
 .UNSPECIFIED.);
#1005=B_SPLINE_CURVE_WITH_KNOTS('',3,(#2341,#2342,#2343,#2344),
 .UNSPECIFIED.,.F.,.F.,(4,4),(0.,1.),.UNSPECIFIED.);
#1006=B_SPLINE_CURVE_WITH_KNOTS('',3,(#2346,#2347,#2348,#2349),
 .UNSPECIFIED.,.F.,.F.,(4,4),(0.0588062334608208,0.941193766550304),
 .UNSPECIFIED.);
#1007=B_SPLINE_CURVE_WITH_KNOTS('',3,(#2351,#2352,#2353,#2354),
 .UNSPECIFIED.,.F.,.F.,(4,4),(0.,1.),.UNSPECIFIED.);
#1008=B_SPLINE_CURVE_WITH_KNOTS('',3,(#2356,#2357,#2358,#2359),
 .UNSPECIFIED.,.F.,.F.,(4,4),(0.0588062334610589,0.941193766539192),
 .UNSPECIFIED.);
#1009=B_SPLINE_CURVE_WITH_KNOTS('',3,(#2362,#2363,#2364,#2365),
 .UNSPECIFIED.,.F.,.F.,(4,4),(0.,1.),.UNSPECIFIED.);
#1010=B_SPLINE_CURVE_WITH_KNOTS('',3,(#2367,#2368,#2369,#2370),
 .UNSPECIFIED.,.F.,.F.,(4,4),(0.0588062334607717,0.941193766539111),
 .UNSPECIFIED.);
#1011=B_SPLINE_CURVE_WITH_KNOTS('',3,(#2372,#2373,#2374,#2375),
 .UNSPECIFIED.,.F.,.F.,(4,4),(0.,1.),.UNSPECIFIED.);
#1012=B_SPLINE_CURVE_WITH_KNOTS('',3,(#2377,#2378,#2379,#2380),
 .UNSPECIFIED.,.F.,.F.,(4,4),(0.0588062334608508,0.941193766539233),
 .UNSPECIFIED.);
#1013=B_SPLINE_CURVE_WITH_KNOTS('',3,(#2383,#2384,#2385,#2386),
 .UNSPECIFIED.,.F.,.F.,(4,4),(0.,1.),.UNSPECIFIED.);
#1014=B_SPLINE_CURVE_WITH_KNOTS('',3,(#2388,#2389,#2390,#2391),
 .UNSPECIFIED.,.F.,.F.,(4,4),(0.0588062334607713,0.941193766539111),
 .UNSPECIFIED.);
#1015=B_SPLINE_CURVE_WITH_KNOTS('',3,(#2393,#2394,#2395,#2396),
 .UNSPECIFIED.,.F.,.F.,(4,4),(0.,1.),.UNSPECIFIED.);
#1016=B_SPLINE_CURVE_WITH_KNOTS('',3,(#2414,#2415,#2416,#2417,#2418),
 .UNSPECIFIED.,.F.,.F.,(4,1,4),(0.,0.00163547112626482,0.00327094225252964),
 .UNSPECIFIED.);
#1017=B_SPLINE_CURVE_WITH_KNOTS('',3,(#2419,#2420,#2421,#2422,#2423),
 .UNSPECIFIED.,.F.,.F.,(4,1,4),(0.,0.00163547112626483,0.00327094225252966),
 .UNSPECIFIED.);
#1018=B_SPLINE_CURVE_WITH_KNOTS('',3,(#2425,#2426,#2427,#2428,#2429),
 .UNSPECIFIED.,.F.,.F.,(4,1,4),(0.,0.0016354711262648,0.0032709422525296),
 .UNSPECIFIED.);
#1019=B_SPLINE_CURVE_WITH_KNOTS('',3,(#2430,#2431,#2432,#2433,#2434),
 .UNSPECIFIED.,.F.,.F.,(4,1,4),(0.,0.00163547112626481,0.00327094225252962),
 .UNSPECIFIED.);
#1020=B_SPLINE_CURVE_WITH_KNOTS('',3,(#2451,#2452,#2453,#2454,#2455,#2456,
#2457),.UNSPECIFIED.,.F.,.F.,(4,1,1,1,4),(0.,0.25,0.5,0.75,1.),
 .UNSPECIFIED.);
#1021=B_SPLINE_CURVE_WITH_KNOTS('',3,(#2458,#2459,#2460,#2461,#2462,#2463,
#2464),.UNSPECIFIED.,.F.,.F.,(4,1,1,1,4),(0.,0.25,0.5,0.75,1.),
 .UNSPECIFIED.);
#1022=B_SPLINE_CURVE_WITH_KNOTS('',3,(#2481,#2482,#2483,#2484,#2485,#2486,
#2487),.UNSPECIFIED.,.F.,.F.,(4,1,1,1,4),(0.,0.25,0.5,0.75,1.),
 .UNSPECIFIED.);
#1023=B_SPLINE_CURVE_WITH_KNOTS('',3,(#2488,#2489,#2490,#2491,#2492,#2493,
#2494),.UNSPECIFIED.,.F.,.F.,(4,1,1,1,4),(0.,0.25,0.5,0.75,1.),
 .UNSPECIFIED.);
#1024=B_SPLINE_CURVE_WITH_KNOTS('',3,(#2511,#2512,#2513,#2514,#2515,#2516,
#2517),.UNSPECIFIED.,.F.,.F.,(4,1,1,1,4),(0.,0.25,0.5,0.75,1.),
 .UNSPECIFIED.);
#1025=B_SPLINE_CURVE_WITH_KNOTS('',3,(#2518,#2519,#2520,#2521,#2522,#2523,
#2524),.UNSPECIFIED.,.F.,.F.,(4,1,1,1,4),(0.,0.25,0.5,0.75,1.),
 .UNSPECIFIED.);
#1026=B_SPLINE_CURVE_WITH_KNOTS('',3,(#2541,#2542,#2543,#2544,#2545,#2546,
#2547),.UNSPECIFIED.,.F.,.F.,(4,1,1,1,4),(0.,0.25,0.5,0.75,1.),
 .UNSPECIFIED.);
#1027=B_SPLINE_CURVE_WITH_KNOTS('',3,(#2548,#2549,#2550,#2551,#2552,#2553,
#2554),.UNSPECIFIED.,.F.,.F.,(4,1,1,1,4),(0.,0.25,0.5,0.75,1.),
 .UNSPECIFIED.);
#1028=B_SPLINE_CURVE_WITH_KNOTS('',3,(#2571,#2572,#2573,#2574,#2575,#2576,
#2577),.UNSPECIFIED.,.F.,.F.,(4,1,1,1,4),(0.,0.25,0.5,0.75,1.),
 .UNSPECIFIED.);
#1029=B_SPLINE_CURVE_WITH_KNOTS('',3,(#2578,#2579,#2580,#2581,#2582,#2583,
#2584),.UNSPECIFIED.,.F.,.F.,(4,1,1,1,4),(0.,0.25,0.5,0.75,1.),
 .UNSPECIFIED.);
#1030=B_SPLINE_CURVE_WITH_KNOTS('',3,(#3003,#3004,#3005,#3006,#3007,#3008,
#3009),.UNSPECIFIED.,.F.,.F.,(4,1,1,1,4),(0.,0.25,0.5,0.75,1.),
 .UNSPECIFIED.);
#1031=B_SPLINE_CURVE_WITH_KNOTS('',3,(#3428,#3429,#3430,#3431,#3432,#3433,
#3434),.UNSPECIFIED.,.F.,.F.,(4,1,1,1,4),(0.,0.25,0.5,0.75,1.),
 .UNSPECIFIED.);
#1032=B_SPLINE_CURVE_WITH_KNOTS('',3,(#3451,#3452,#3453,#3454,#3455,#3456,
#3457),.UNSPECIFIED.,.F.,.F.,(4,1,1,1,4),(0.,0.25,0.5,0.75,1.),
 .UNSPECIFIED.);
#1033=B_SPLINE_CURVE_WITH_KNOTS('',3,(#3474,#3475,#3476,#3477,#3478,#3479,
#3480),.UNSPECIFIED.,.F.,.F.,(4,1,1,1,4),(0.,0.25,0.5,0.75,1.),
 .UNSPECIFIED.);
#1034=B_SPLINE_CURVE_WITH_KNOTS('',3,(#3899,#3900,#3901,#3902,#3903,#3904,
#3905),.UNSPECIFIED.,.F.,.F.,(4,1,1,1,4),(0.,0.25,0.5,0.75,1.),
 .UNSPECIFIED.);
#1035=B_SPLINE_CURVE_WITH_KNOTS('',3,(#4324,#4325,#4326,#4327,#4328,#4329,
#4330),.UNSPECIFIED.,.F.,.F.,(4,1,1,1,4),(0.,0.25,0.5,0.75,1.),
 .UNSPECIFIED.);
#1036=B_SPLINE_CURVE_WITH_KNOTS('',3,(#4363,#4364,#4365,#4366,#4367,#4368,
#4369),.UNSPECIFIED.,.F.,.F.,(4,1,1,1,4),(0.,0.25,0.5,0.75,1.),
 .UNSPECIFIED.);
#1037=B_SPLINE_CURVE_WITH_KNOTS('',3,(#4370,#4371,#4372,#4373,#4374,#4375,
#4376),.UNSPECIFIED.,.F.,.F.,(4,1,1,1,4),(0.,0.25,0.5,0.75,1.),
 .UNSPECIFIED.);
#1038=B_SPLINE_CURVE_WITH_KNOTS('',3,(#4795,#4796,#4797,#4798,#4799,#4800,
#4801),.UNSPECIFIED.,.F.,.F.,(4,1,1,1,4),(0.,0.25,0.5,0.75,1.),
 .UNSPECIFIED.);
#1039=B_SPLINE_CURVE_WITH_KNOTS('',3,(#5220,#5221,#5222,#5223,#5224,#5225,
#5226),.UNSPECIFIED.,.F.,.F.,(4,1,1,1,4),(0.,0.25,0.5,0.75,1.),
 .UNSPECIFIED.);
#1040=B_SPLINE_CURVE_WITH_KNOTS('',3,(#5243,#5244,#5245,#5246,#5247,#5248,
#5249),.UNSPECIFIED.,.F.,.F.,(4,1,1,1,4),(0.,0.25,0.5,0.75,1.),
 .UNSPECIFIED.);
#1041=B_SPLINE_CURVE_WITH_KNOTS('',3,(#5266,#5267,#5268,#5269,#5270,#5271,
#5272),.UNSPECIFIED.,.F.,.F.,(4,1,1,1,4),(0.,0.25,0.5,0.75,1.),
 .UNSPECIFIED.);
#1042=B_SPLINE_CURVE_WITH_KNOTS('',3,(#5691,#5692,#5693,#5694,#5695,#5696,
#5697),.UNSPECIFIED.,.F.,.F.,(4,1,1,1,4),(0.,0.25,0.5,0.75,1.),
 .UNSPECIFIED.);
#1043=B_SPLINE_CURVE_WITH_KNOTS('',3,(#6116,#6117,#6118,#6119,#6120,#6121,
#6122),.UNSPECIFIED.,.F.,.F.,(4,1,1,1,4),(0.,0.25,0.5,0.75,1.),
 .UNSPECIFIED.);
#1044=EDGE_LOOP('',(#285,#286,#287,#288,#289,#290));
#1045=EDGE_LOOP('',(#291));
#1046=EDGE_LOOP('',(#292,#293,#294,#295,#296,#297,#298,#299));
#1047=EDGE_LOOP('',(#300,#301,#302,#303,#304,#305,#306,#307));
#1048=EDGE_LOOP('',(#308,#309,#310,#311));
#1049=EDGE_LOOP('',(#312,#313,#314,#315,#316,#317));
#1050=EDGE_LOOP('',(#318));
#1051=EDGE_LOOP('',(#319));
#1052=EDGE_LOOP('',(#320));
#1053=EDGE_LOOP('',(#321,#322,#323,#324,#325,#326,#327,#328));
#1054=EDGE_LOOP('',(#329));
#1055=EDGE_LOOP('',(#330));
#1056=EDGE_LOOP('',(#331));
#1057=EDGE_LOOP('',(#332));
#1058=EDGE_LOOP('',(#333));
#1059=EDGE_LOOP('',(#334));
#1060=EDGE_LOOP('',(#335,#336,#337,#338));
#1061=EDGE_LOOP('',(#339));
#1062=EDGE_LOOP('',(#340));
#1063=EDGE_LOOP('',(#341,#342,#343,#344,#345,#346,#347,#348));
#1064=EDGE_LOOP('',(#349,#350,#351,#352));
#1065=EDGE_LOOP('',(#353,#354,#355,#356));
#1066=EDGE_LOOP('',(#357,#358,#359,#360));
#1067=EDGE_LOOP('',(#361,#362,#363,#364));
#1068=EDGE_LOOP('',(#365,#366,#367,#368));
#1069=EDGE_LOOP('',(#369,#370,#371,#372));
#1070=EDGE_LOOP('',(#373));
#1071=EDGE_LOOP('',(#374));
#1072=EDGE_LOOP('',(#375));
#1073=EDGE_LOOP('',(#376));
#1074=EDGE_LOOP('',(#377));
#1075=EDGE_LOOP('',(#378));
#1076=EDGE_LOOP('',(#379));
#1077=EDGE_LOOP('',(#380));
#1078=EDGE_LOOP('',(#381));
#1079=EDGE_LOOP('',(#382));
#1080=EDGE_LOOP('',(#383));
#1081=EDGE_LOOP('',(#384));
#1082=EDGE_LOOP('',(#385,#386,#387,#388,#389,#390,#391,#392));
#1083=EDGE_LOOP('',(#393));
#1084=EDGE_LOOP('',(#394));
#1085=EDGE_LOOP('',(#395));
#1086=EDGE_LOOP('',(#396));
#1087=EDGE_LOOP('',(#397));
#1088=EDGE_LOOP('',(#398));
#1089=EDGE_LOOP('',(#399,#400,#401,#402,#403,#404));
#1090=EDGE_LOOP('',(#405));
#1091=EDGE_LOOP('',(#406));
#1092=EDGE_LOOP('',(#407));
#1093=EDGE_LOOP('',(#408));
#1094=EDGE_LOOP('',(#409));
#1095=EDGE_LOOP('',(#410));
#1096=EDGE_LOOP('',(#411,#412,#413,#414,#415,#416));
#1097=EDGE_LOOP('',(#417));
#1098=EDGE_LOOP('',(#418));
#1099=EDGE_LOOP('',(#419));
#1100=EDGE_LOOP('',(#420));
#1101=EDGE_LOOP('',(#421));
#1102=EDGE_LOOP('',(#422));
#1103=EDGE_LOOP('',(#423,#424,#425,#426));
#1104=EDGE_LOOP('',(#427,#428,#429,#430));
#1105=EDGE_LOOP('',(#431,#432,#433,#434));
#1106=EDGE_LOOP('',(#435,#436,#437,#438,#439,#440));
#1107=EDGE_LOOP('',(#441,#442,#443,#444,#445,#446));
#1108=EDGE_LOOP('',(#447,#448,#449));
#1109=EDGE_LOOP('',(#450,#451,#452));
#1110=EDGE_LOOP('',(#453,#454,#455,#456,#457));
#1111=EDGE_LOOP('',(#458,#459,#460,#461,#462,#463,#464,#465));
#1112=EDGE_LOOP('',(#466,#467,#468,#469));
#1113=EDGE_LOOP('',(#470,#471,#472,#473));
#1114=EDGE_LOOP('',(#474,#475,#476,#477,#478));
#1115=EDGE_LOOP('',(#479,#480,#481,#482));
#1116=EDGE_LOOP('',(#483,#484,#485,#486,#487,#488));
#1117=EDGE_LOOP('',(#489,#490,#491,#492));
#1118=EDGE_LOOP('',(#493,#494,#495));
#1119=EDGE_LOOP('',(#496,#497,#498,#499));
#1120=EDGE_LOOP('',(#500,#501,#502,#503));
#1121=EDGE_LOOP('',(#504,#505,#506,#507,#508,#509));
#1122=EDGE_LOOP('',(#510,#511,#512));
#1123=EDGE_LOOP('',(#513,#514,#515,#516));
#1124=EDGE_LOOP('',(#517,#518,#519,#520));
#1125=EDGE_LOOP('',(#521,#522,#523,#524));
#1126=EDGE_LOOP('',(#525,#526,#527,#528));
#1127=EDGE_LOOP('',(#529,#530,#531,#532));
#1128=EDGE_LOOP('',(#533,#534,#535,#536));
#1129=EDGE_LOOP('',(#537,#538,#539,#540));
#1130=EDGE_LOOP('',(#541,#542,#543,#544,#545,#546,#547,#548,#549,#550));
#1131=EDGE_LOOP('',(#551,#552,#553,#554));
#1132=EDGE_LOOP('',(#555,#556,#557,#558,#559,#560,#561,#562,#563,#564));
#1133=EDGE_LOOP('',(#565,#566,#567,#568,#569,#570,#571,#572));
#1134=EDGE_LOOP('',(#573,#574,#575,#576,#577,#578,#579,#580));
#1135=EDGE_LOOP('',(#581,#582,#583,#584));
#1136=EDGE_LOOP('',(#585,#586,#587,#588));
#1137=EDGE_LOOP('',(#589,#590,#591,#592));
#1138=EDGE_LOOP('',(#593,#594,#595,#596));
#1139=EDGE_LOOP('',(#597,#598,#599,#600));
#1140=EDGE_LOOP('',(#601,#602,#603,#604));
#1141=EDGE_LOOP('',(#605,#606,#607,#608));
#1142=EDGE_LOOP('',(#609,#610,#611,#612));
#1143=EDGE_LOOP('',(#613,#614,#615,#616));
#1144=EDGE_LOOP('',(#617,#618,#619,#620));
#1145=EDGE_LOOP('',(#621,#622,#623,#624));
#1146=EDGE_LOOP('',(#625,#626,#627,#628));
#1147=EDGE_LOOP('',(#629,#630,#631,#632));
#1148=EDGE_LOOP('',(#633,#634,#635,#636));
#1149=EDGE_LOOP('',(#637,#638,#639,#640));
#1150=EDGE_LOOP('',(#641,#642,#643,#644));
#1151=EDGE_LOOP('',(#645,#646,#647,#648));
#1152=EDGE_LOOP('',(#649,#650,#651,#652));
#1153=EDGE_LOOP('',(#653,#654,#655,#656));
#1154=EDGE_LOOP('',(#657,#658,#659,#660));
#1155=EDGE_LOOP('',(#661,#662));
#1156=EDGE_LOOP('',(#663));
#1157=EDGE_LOOP('',(#664,#665));
#1158=EDGE_LOOP('',(#666));
#1159=EDGE_LOOP('',(#667,#668));
#1160=EDGE_LOOP('',(#669));
#1161=EDGE_LOOP('',(#670,#671));
#1162=EDGE_LOOP('',(#672));
#1163=FACE_BOUND('',#1044,.T.);
#1164=FACE_BOUND('',#1045,.T.);
#1165=FACE_BOUND('',#1046,.T.);
#1166=FACE_BOUND('',#1047,.T.);
#1167=FACE_BOUND('',#1048,.T.);
#1168=FACE_BOUND('',#1049,.T.);
#1169=FACE_BOUND('',#1050,.T.);
#1170=FACE_BOUND('',#1051,.T.);
#1171=FACE_BOUND('',#1052,.T.);
#1172=FACE_BOUND('',#1053,.T.);
#1173=FACE_BOUND('',#1054,.T.);
#1174=FACE_BOUND('',#1055,.T.);
#1175=FACE_BOUND('',#1056,.T.);
#1176=FACE_BOUND('',#1057,.T.);
#1177=FACE_BOUND('',#1058,.T.);
#1178=FACE_BOUND('',#1059,.T.);
#1179=FACE_BOUND('',#1060,.T.);
#1180=FACE_BOUND('',#1061,.T.);
#1181=FACE_BOUND('',#1062,.T.);
#1182=FACE_BOUND('',#1063,.T.);
#1183=FACE_BOUND('',#1064,.T.);
#1184=FACE_BOUND('',#1065,.T.);
#1185=FACE_BOUND('',#1066,.T.);
#1186=FACE_BOUND('',#1067,.T.);
#1187=FACE_BOUND('',#1068,.T.);
#1188=FACE_BOUND('',#1069,.T.);
#1189=FACE_BOUND('',#1070,.T.);
#1190=FACE_BOUND('',#1071,.T.);
#1191=FACE_BOUND('',#1072,.T.);
#1192=FACE_BOUND('',#1073,.T.);
#1193=FACE_BOUND('',#1074,.T.);
#1194=FACE_BOUND('',#1075,.T.);
#1195=FACE_BOUND('',#1076,.T.);
#1196=FACE_BOUND('',#1077,.T.);
#1197=FACE_BOUND('',#1078,.T.);
#1198=FACE_BOUND('',#1079,.T.);
#1199=FACE_BOUND('',#1080,.T.);
#1200=FACE_BOUND('',#1081,.T.);
#1201=FACE_BOUND('',#1082,.T.);
#1202=FACE_BOUND('',#1083,.T.);
#1203=FACE_BOUND('',#1084,.T.);
#1204=FACE_BOUND('',#1085,.T.);
#1205=FACE_BOUND('',#1086,.T.);
#1206=FACE_BOUND('',#1087,.T.);
#1207=FACE_BOUND('',#1088,.T.);
#1208=FACE_BOUND('',#1089,.T.);
#1209=FACE_BOUND('',#1090,.T.);
#1210=FACE_BOUND('',#1091,.T.);
#1211=FACE_BOUND('',#1092,.T.);
#1212=FACE_BOUND('',#1093,.T.);
#1213=FACE_BOUND('',#1094,.T.);
#1214=FACE_BOUND('',#1095,.T.);
#1215=FACE_BOUND('',#1096,.T.);
#1216=FACE_BOUND('',#1097,.T.);
#1217=FACE_BOUND('',#1098,.T.);
#1218=FACE_BOUND('',#1099,.T.);
#1219=FACE_BOUND('',#1100,.T.);
#1220=FACE_BOUND('',#1101,.T.);
#1221=FACE_BOUND('',#1102,.T.);
#1222=FACE_BOUND('',#1103,.T.);
#1223=FACE_BOUND('',#1104,.T.);
#1224=FACE_BOUND('',#1105,.T.);
#1225=FACE_BOUND('',#1106,.T.);
#1226=FACE_BOUND('',#1107,.T.);
#1227=FACE_BOUND('',#1108,.T.);
#1228=FACE_BOUND('',#1109,.T.);
#1229=FACE_BOUND('',#1110,.T.);
#1230=FACE_BOUND('',#1111,.T.);
#1231=FACE_BOUND('',#1112,.T.);
#1232=FACE_BOUND('',#1113,.T.);
#1233=FACE_BOUND('',#1114,.T.);
#1234=FACE_BOUND('',#1115,.T.);
#1235=FACE_BOUND('',#1116,.T.);
#1236=FACE_BOUND('',#1117,.T.);
#1237=FACE_BOUND('',#1118,.T.);
#1238=FACE_BOUND('',#1119,.T.);
#1239=FACE_BOUND('',#1120,.T.);
#1240=FACE_BOUND('',#1121,.T.);
#1241=FACE_BOUND('',#1122,.T.);
#1242=FACE_BOUND('',#1123,.T.);
#1243=FACE_BOUND('',#1124,.T.);
#1244=FACE_BOUND('',#1125,.T.);
#1245=FACE_BOUND('',#1126,.T.);
#1246=FACE_BOUND('',#1127,.T.);
#1247=FACE_BOUND('',#1128,.T.);
#1248=FACE_BOUND('',#1129,.T.);
#1249=FACE_BOUND('',#1130,.T.);
#1250=FACE_BOUND('',#1131,.T.);
#1251=FACE_BOUND('',#1132,.T.);
#1252=FACE_BOUND('',#1133,.T.);
#1253=FACE_BOUND('',#1134,.T.);
#1254=FACE_BOUND('',#1135,.T.);
#1255=FACE_BOUND('',#1136,.T.);
#1256=FACE_BOUND('',#1137,.T.);
#1257=FACE_BOUND('',#1138,.T.);
#1258=FACE_BOUND('',#1139,.T.);
#1259=FACE_BOUND('',#1140,.T.);
#1260=FACE_BOUND('',#1141,.T.);
#1261=FACE_BOUND('',#1142,.T.);
#1262=FACE_BOUND('',#1143,.T.);
#1263=FACE_BOUND('',#1144,.T.);
#1264=FACE_BOUND('',#1145,.T.);
#1265=FACE_BOUND('',#1146,.T.);
#1266=FACE_BOUND('',#1147,.T.);
#1267=FACE_BOUND('',#1148,.T.);
#1268=FACE_BOUND('',#1149,.T.);
#1269=FACE_BOUND('',#1150,.T.);
#1270=FACE_BOUND('',#1151,.T.);
#1271=FACE_BOUND('',#1152,.T.);
#1272=FACE_BOUND('',#1153,.T.);
#1273=FACE_BOUND('',#1154,.T.);
#1274=FACE_BOUND('',#1155,.T.);
#1275=FACE_BOUND('',#1156,.T.);
#1276=FACE_BOUND('',#1157,.T.);
#1277=FACE_BOUND('',#1158,.T.);
#1278=FACE_BOUND('',#1159,.T.);
#1279=FACE_BOUND('',#1160,.T.);
#1280=FACE_BOUND('',#1161,.T.);
#1281=FACE_BOUND('',#1162,.T.);
#1282=PLANE('',#1417);
#1283=PLANE('',#1418);
#1284=PLANE('',#1423);
#1285=PLANE('',#1426);
#1286=PLANE('',#1427);
#1287=PLANE('',#1448);
#1288=PLANE('',#1449);
#1289=PLANE('',#1450);
#1290=PLANE('',#1463);
#1291=PLANE('',#1467);
#1292=PLANE('',#1471);
#1293=PLANE('',#1472);
#1294=PLANE('',#1478);
#1295=PLANE('',#1482);
#1296=PLANE('',#1483);
#1297=PLANE('',#1487);
#1298=PLANE('',#1491);
#1299=PLANE('',#1492);
#1300=PLANE('',#1538);
#1301=PLANE('',#1539);
#1302=PLANE('',#1540);
#1303=PLANE('',#1541);
#1304=PLANE('',#1542);
#1305=PLANE('',#1543);
#1306=PLANE('',#1544);
#1307=PLANE('',#1545);
#1308=PLANE('',#1546);
#1309=PLANE('',#1547);
#1310=PLANE('',#1548);
#1311=PLANE('',#1549);
#1312=ADVANCED_FACE('',(#1163),#1282,.T.);
#1313=ADVANCED_FACE('',(#1164,#1165),#1283,.F.);
#1314=ADVANCED_FACE('',(#1166),#1284,.T.);
#1315=ADVANCED_FACE('',(#1167,#1168),#1285,.F.);
#1316=ADVANCED_FACE('',(#1169,#1170,#1171,#1172),#1286,.T.);
#1317=ADVANCED_FACE('',(#1173,#1174),#55,.F.);
#1318=ADVANCED_FACE('',(#1175,#1176),#56,.F.);
#1319=ADVANCED_FACE('',(#1177,#1178),#57,.F.);
#1320=ADVANCED_FACE('',(#1179),#58,.T.);
#1321=ADVANCED_FACE('',(#1180,#1181),#59,.F.);
#1322=ADVANCED_FACE('',(#1182),#1287,.F.);
#1323=ADVANCED_FACE('',(#1183),#1288,.T.);
#1324=ADVANCED_FACE('',(#1184),#1289,.F.);
#1325=ADVANCED_FACE('',(#1185),#60,.F.);
#1326=ADVANCED_FACE('',(#1186),#61,.F.);
#1327=ADVANCED_FACE('',(#1187),#62,.T.);
#1328=ADVANCED_FACE('',(#1188),#63,.T.);
#1329=ADVANCED_FACE('',(#1189,#1190,#1191,#1192),#1290,.T.);
#1330=ADVANCED_FACE('',(#1193,#1194),#64,.F.);
#1331=ADVANCED_FACE('',(#1195,#1196),#1291,.T.);
#1332=ADVANCED_FACE('',(#1197,#1198),#65,.F.);
#1333=ADVANCED_FACE('',(#1199,#1200),#1292,.T.);
#1334=ADVANCED_FACE('',(#1201),#1293,.T.);
#1335=ADVANCED_FACE('',(#1202,#1203),#66,.F.);
#1336=ADVANCED_FACE('',(#1204),#1294,.T.);
#1337=ADVANCED_FACE('',(#1205,#1206),#67,.F.);
#1338=ADVANCED_FACE('',(#1207),#1295,.T.);
#1339=ADVANCED_FACE('',(#1208),#1296,.T.);
#1340=ADVANCED_FACE('',(#1209,#1210),#68,.F.);
#1341=ADVANCED_FACE('',(#1211),#1297,.T.);
#1342=ADVANCED_FACE('',(#1212,#1213),#69,.F.);
#1343=ADVANCED_FACE('',(#1214),#1298,.T.);
#1344=ADVANCED_FACE('',(#1215),#1299,.F.);
#1345=ADVANCED_FACE('',(#1216,#1217),#42,.T.);
#1346=ADVANCED_FACE('',(#1218,#1219),#43,.T.);
#1347=ADVANCED_FACE('',(#1220,#1221),#44,.T.);
#1348=ADVANCED_FACE('',(#1222),#45,.T.);
#1349=ADVANCED_FACE('',(#1223),#46,.T.);
#1350=ADVANCED_FACE('',(#1224),#47,.T.);
#1351=ADVANCED_FACE('',(#1225),#70,.T.);
#1352=ADVANCED_FACE('',(#1226),#71,.T.);
#1353=ADVANCED_FACE('',(#1227),#38,.T.);
#1354=ADVANCED_FACE('',(#1228),#39,.T.);
#1355=ADVANCED_FACE('',(#1229),#72,.T.);
#1356=ADVANCED_FACE('',(#1230),#73,.T.);
#1357=ADVANCED_FACE('',(#1231),#74,.T.);
#1358=ADVANCED_FACE('',(#1232),#75,.T.);
#1359=ADVANCED_FACE('',(#1233),#76,.T.);
#1360=ADVANCED_FACE('',(#1234),#48,.T.);
#1361=ADVANCED_FACE('',(#1235),#77,.T.);
#1362=ADVANCED_FACE('',(#1236),#49,.T.);
#1363=ADVANCED_FACE('',(#1237),#40,.T.);
#1364=ADVANCED_FACE('',(#1238),#50,.T.);
#1365=ADVANCED_FACE('',(#1239),#78,.T.);
#1366=ADVANCED_FACE('',(#1240),#79,.T.);
#1367=ADVANCED_FACE('',(#1241),#41,.T.);
#1368=ADVANCED_FACE('',(#1242),#1300,.T.);
#1369=ADVANCED_FACE('',(#1243),#1301,.F.);
#1370=ADVANCED_FACE('',(#1244),#1302,.T.);
#1371=ADVANCED_FACE('',(#1245),#1303,.T.);
#1372=ADVANCED_FACE('',(#1246),#1304,.F.);
#1373=ADVANCED_FACE('',(#1247),#1305,.T.);
#1374=ADVANCED_FACE('',(#1248),#1306,.F.);
#1375=ADVANCED_FACE('',(#1249),#1307,.T.);
#1376=ADVANCED_FACE('',(#1250),#1308,.F.);
#1377=ADVANCED_FACE('',(#1251),#1309,.F.);
#1378=ADVANCED_FACE('',(#1252),#1310,.F.);
#1379=ADVANCED_FACE('',(#1253),#1311,.T.);
#1380=ADVANCED_FACE('',(#1254),#12,.F.);
#1381=ADVANCED_FACE('',(#1255),#13,.F.);
#1382=ADVANCED_FACE('',(#1256),#14,.F.);
#1383=ADVANCED_FACE('',(#1257),#15,.F.);
#1384=ADVANCED_FACE('',(#1258),#16,.T.);
#1385=ADVANCED_FACE('',(#1259),#17,.T.);
#1386=ADVANCED_FACE('',(#1260),#18,.T.);
#1387=ADVANCED_FACE('',(#1261),#19,.T.);
#1388=ADVANCED_FACE('',(#1262),#20,.T.);
#1389=ADVANCED_FACE('',(#1263),#21,.T.);
#1390=ADVANCED_FACE('',(#1264),#22,.T.);
#1391=ADVANCED_FACE('',(#1265),#23,.T.);
#1392=ADVANCED_FACE('',(#1266),#24,.T.);
#1393=ADVANCED_FACE('',(#1267),#25,.T.);
#1394=ADVANCED_FACE('',(#1268),#26,.T.);
#1395=ADVANCED_FACE('',(#1269),#27,.T.);
#1396=ADVANCED_FACE('',(#1270),#28,.T.);
#1397=ADVANCED_FACE('',(#1271),#29,.T.);
#1398=ADVANCED_FACE('',(#1272),#30,.T.);
#1399=ADVANCED_FACE('',(#1273),#31,.T.);
#1400=ADVANCED_FACE('',(#1274,#1275),#51,.T.);
#1401=ADVANCED_FACE('',(#1276,#1277),#52,.T.);
#1402=ADVANCED_FACE('',(#1278,#1279),#53,.T.);
#1403=ADVANCED_FACE('',(#1280,#1281),#54,.T.);
#1404=CLOSED_SHELL('',(#1312,#1313,#1314,#1315,#1316,#1317,#1318,#1319,
#1320,#1321,#1322,#1323,#1324,#1325,#1326,#1327,#1328,#1329,#1330,#1331,
#1332,#1333,#1334,#1335,#1336,#1337,#1338,#1339,#1340,#1341,#1342,#1343,
#1344,#1345,#1346,#1347,#1348,#1349,#1350,#1351,#1352,#1353,#1354,#1355,
#1356,#1357,#1358,#1359,#1360,#1361,#1362,#1363,#1364,#1365,#1366,#1367,
#1368,#1369,#1370,#1371,#1372,#1373,#1374,#1375,#1376,#1377,#1378,#1379,
#1380,#1381,#1382,#1383,#1384,#1385,#1386,#1387,#1388,#1389,#1390,#1391,
#1392,#1393,#1394,#1395,#1396,#1397,#1398,#1399,#1400,#1401,#1402,#1403));
#1405=STYLED_ITEM('',(#1406),#1413);
#1406=PRESENTATION_STYLE_ASSIGNMENT((#1407));
#1407=SURFACE_STYLE_USAGE(.BOTH.,#1408);
#1408=SURFACE_SIDE_STYLE('',(#1409));
#1409=SURFACE_STYLE_FILL_AREA(#1410);
#1410=FILL_AREA_STYLE('',(#1411));
#1411=FILL_AREA_STYLE_COLOUR('',#1412);
#1412=COLOUR_RGB('',0.615686274509804,0.811764705882353,0.929411764705882);
#1413=MANIFOLD_SOLID_BREP('Part 1',#1404);
#1414=SHAPE_DEFINITION_REPRESENTATION(#6149,#1415);
#1415=SHAPE_REPRESENTATION('Part 1',(#1416),#6144);
#1416=AXIS2_PLACEMENT_3D('',#1903,#1554,#1555);
#1417=AXIS2_PLACEMENT_3D('',#1904,#1556,#1557);
#1418=AXIS2_PLACEMENT_3D('',#1944,#1561,#1562);
#1419=AXIS2_PLACEMENT_3D('',#1945,#1563,#1564);
#1420=AXIS2_PLACEMENT_3D('',#1969,#1566,#1567);
#1421=AXIS2_PLACEMENT_3D('',#1971,#1568,#1569);
#1422=AXIS2_PLACEMENT_3D('',#1973,#1570,#1571);
#1423=AXIS2_PLACEMENT_3D('',#1990,#1573,#1574);
#1424=AXIS2_PLACEMENT_3D('',#1994,#1576,#1577);
#1425=AXIS2_PLACEMENT_3D('',#2006,#1583,#1584);
#1426=AXIS2_PLACEMENT_3D('',#2007,#1585,#1586);
#1427=AXIS2_PLACEMENT_3D('',#2055,#1594,#1595);
#1428=AXIS2_PLACEMENT_3D('',#2056,#1596,#1597);
#1429=AXIS2_PLACEMENT_3D('',#2058,#1598,#1599);
#1430=AXIS2_PLACEMENT_3D('',#2060,#1600,#1601);
#1431=AXIS2_PLACEMENT_3D('',#2084,#1603,#1604);
#1432=AXIS2_PLACEMENT_3D('',#2086,#1605,#1606);
#1433=AXIS2_PLACEMENT_3D('',#2088,#1607,#1608);
#1434=AXIS2_PLACEMENT_3D('',#2105,#1610,#1611);
#1435=AXIS2_PLACEMENT_3D('',#2106,#1612,#1613);
#1436=AXIS2_PLACEMENT_3D('',#2108,#1614,#1615);
#1437=AXIS2_PLACEMENT_3D('',#2110,#1616,#1617);
#1438=AXIS2_PLACEMENT_3D('',#2111,#1618,#1619);
#1439=AXIS2_PLACEMENT_3D('',#2113,#1620,#1621);
#1440=AXIS2_PLACEMENT_3D('',#2115,#1622,#1623);
#1441=AXIS2_PLACEMENT_3D('',#2116,#1624,#1625);
#1442=AXIS2_PLACEMENT_3D('',#2118,#1626,#1627);
#1443=AXIS2_PLACEMENT_3D('',#2120,#1628,#1629);
#1444=AXIS2_PLACEMENT_3D('',#2124,#1631,#1632);
#1445=AXIS2_PLACEMENT_3D('',#2128,#1634,#1635);
#1446=AXIS2_PLACEMENT_3D('',#2129,#1636,#1637);
#1447=AXIS2_PLACEMENT_3D('',#2130,#1638,#1639);
#1448=AXIS2_PLACEMENT_3D('',#2132,#1640,#1641);
#1449=AXIS2_PLACEMENT_3D('',#2149,#1650,#1651);
#1450=AXIS2_PLACEMENT_3D('',#2158,#1656,#1657);
#1451=AXIS2_PLACEMENT_3D('',#2167,#1662,#1663);
#1452=AXIS2_PLACEMENT_3D('',#2168,#1664,#1665);
#1453=AXIS2_PLACEMENT_3D('',#2169,#1666,#1667);
#1454=AXIS2_PLACEMENT_3D('',#2170,#1668,#1669);
#1455=AXIS2_PLACEMENT_3D('',#2171,#1670,#1671);
#1456=AXIS2_PLACEMENT_3D('',#2172,#1672,#1673);
#1457=AXIS2_PLACEMENT_3D('',#2173,#1674,#1675);
#1458=AXIS2_PLACEMENT_3D('',#2174,#1676,#1677);
#1459=AXIS2_PLACEMENT_3D('',#2175,#1678,#1679);
#1460=AXIS2_PLACEMENT_3D('',#2176,#1680,#1681);
#1461=AXIS2_PLACEMENT_3D('',#2177,#1682,#1683);
#1462=AXIS2_PLACEMENT_3D('',#2178,#1684,#1685);
#1463=AXIS2_PLACEMENT_3D('',#2179,#1686,#1687);
#1464=AXIS2_PLACEMENT_3D('',#2180,#1688,#1689);
#1465=AXIS2_PLACEMENT_3D('',#2181,#1690,#1691);
#1466=AXIS2_PLACEMENT_3D('',#2183,#1692,#1693);
#1467=AXIS2_PLACEMENT_3D('',#2185,#1694,#1695);
#1468=AXIS2_PLACEMENT_3D('',#2186,#1696,#1697);
#1469=AXIS2_PLACEMENT_3D('',#2187,#1698,#1699);
#1470=AXIS2_PLACEMENT_3D('',#2189,#1700,#1701);
#1471=AXIS2_PLACEMENT_3D('',#2191,#1702,#1703);
#1472=AXIS2_PLACEMENT_3D('',#2192,#1704,#1705);
#1473=AXIS2_PLACEMENT_3D('',#2196,#1707,#1708);
#1474=AXIS2_PLACEMENT_3D('',#2200,#1710,#1711);
#1475=AXIS2_PLACEMENT_3D('',#2209,#1716,#1717);
#1476=AXIS2_PLACEMENT_3D('',#2210,#1718,#1719);
#1477=AXIS2_PLACEMENT_3D('',#2212,#1720,#1721);
#1478=AXIS2_PLACEMENT_3D('',#2214,#1722,#1723);
#1479=AXIS2_PLACEMENT_3D('',#2215,#1724,#1725);
#1480=AXIS2_PLACEMENT_3D('',#2216,#1726,#1727);
#1481=AXIS2_PLACEMENT_3D('',#2218,#1728,#1729);
#1482=AXIS2_PLACEMENT_3D('',#2220,#1730,#1731);
#1483=AXIS2_PLACEMENT_3D('',#2221,#1732,#1733);
#1484=AXIS2_PLACEMENT_3D('',#2234,#1740,#1741);
#1485=AXIS2_PLACEMENT_3D('',#2235,#1742,#1743);
#1486=AXIS2_PLACEMENT_3D('',#2237,#1744,#1745);
#1487=AXIS2_PLACEMENT_3D('',#2239,#1746,#1747);
#1488=AXIS2_PLACEMENT_3D('',#2240,#1748,#1749);
#1489=AXIS2_PLACEMENT_3D('',#2241,#1750,#1751);
#1490=AXIS2_PLACEMENT_3D('',#2243,#1752,#1753);
#1491=AXIS2_PLACEMENT_3D('',#2245,#1754,#1755);
#1492=AXIS2_PLACEMENT_3D('',#2246,#1756,#1757);
#1493=AXIS2_PLACEMENT_3D('',#2259,#1764,#1765);
#1494=AXIS2_PLACEMENT_3D('',#2260,#1766,#1767);
#1495=AXIS2_PLACEMENT_3D('',#2261,#1768,#1769);
#1496=AXIS2_PLACEMENT_3D('',#2262,#1770,#1771);
#1497=AXIS2_PLACEMENT_3D('',#2263,#1772,#1773);
#1498=AXIS2_PLACEMENT_3D('',#2264,#1774,#1775);
#1499=AXIS2_PLACEMENT_3D('',#2265,#1776,#1777);
#1500=AXIS2_PLACEMENT_3D('',#2266,#1778,#1779);
#1501=AXIS2_PLACEMENT_3D('',#2267,#1780,#1781);
#1502=AXIS2_PLACEMENT_3D('',#2268,#1782,#1783);
#1503=AXIS2_PLACEMENT_3D('',#2269,#1784,#1785);
#1504=AXIS2_PLACEMENT_3D('',#2270,#1786,#1787);
#1505=AXIS2_PLACEMENT_3D('',#2272,#1789,#1790);
#1506=AXIS2_PLACEMENT_3D('',#2274,#1792,#1793);
#1507=AXIS2_PLACEMENT_3D('',#2275,#1794,#1795);
#1508=AXIS2_PLACEMENT_3D('',#2276,#1796,#1797);
#1509=AXIS2_PLACEMENT_3D('',#2277,#1798,#1799);
#1510=AXIS2_PLACEMENT_3D('',#2278,#1800,#1801);
#1511=AXIS2_PLACEMENT_3D('',#2279,#1802,#1803);
#1512=AXIS2_PLACEMENT_3D('',#2280,#1804,#1805);
#1513=AXIS2_PLACEMENT_3D('',#2281,#1806,#1807);
#1514=AXIS2_PLACEMENT_3D('',#2283,#1808,#1809);
#1515=AXIS2_PLACEMENT_3D('',#2285,#1811,#1812);
#1516=AXIS2_PLACEMENT_3D('',#2288,#1814,#1815);
#1517=AXIS2_PLACEMENT_3D('',#2289,#1816,#1817);
#1518=AXIS2_PLACEMENT_3D('',#2290,#1818,#1819);
#1519=AXIS2_PLACEMENT_3D('',#2291,#1820,#1821);
#1520=AXIS2_PLACEMENT_3D('',#2292,#1822,#1823);
#1521=AXIS2_PLACEMENT_3D('',#2293,#1824,#1825);
#1522=AXIS2_PLACEMENT_3D('',#2295,#1827,#1828);
#1523=AXIS2_PLACEMENT_3D('',#2296,#1829,#1830);
#1524=AXIS2_PLACEMENT_3D('',#2297,#1831,#1832);
#1525=AXIS2_PLACEMENT_3D('',#2298,#1833,#1834);
#1526=AXIS2_PLACEMENT_3D('',#2299,#1835,#1836);
#1527=AXIS2_PLACEMENT_3D('',#2301,#1838,#1839);
#1528=AXIS2_PLACEMENT_3D('',#2302,#1840,#1841);
#1529=AXIS2_PLACEMENT_3D('',#2303,#1842,#1843);
#1530=AXIS2_PLACEMENT_3D('',#2304,#1844,#1845);
#1531=AXIS2_PLACEMENT_3D('',#2305,#1846,#1847);
#1532=AXIS2_PLACEMENT_3D('',#2306,#1848,#1849);
#1533=AXIS2_PLACEMENT_3D('',#2307,#1850,#1851);
#1534=AXIS2_PLACEMENT_3D('',#2308,#1852,#1853);
#1535=AXIS2_PLACEMENT_3D('',#2309,#1854,#1855);
#1536=AXIS2_PLACEMENT_3D('',#2311,#1857,#1858);
#1537=AXIS2_PLACEMENT_3D('',#2312,#1859,#1860);
#1538=AXIS2_PLACEMENT_3D('',#2313,#1861,#1862);
#1539=AXIS2_PLACEMENT_3D('',#2334,#1863,#1864);
#1540=AXIS2_PLACEMENT_3D('',#2355,#1865,#1866);
#1541=AXIS2_PLACEMENT_3D('',#2376,#1867,#1868);
#1542=AXIS2_PLACEMENT_3D('',#2397,#1869,#1870);
#1543=AXIS2_PLACEMENT_3D('',#2400,#1873,#1874);
#1544=AXIS2_PLACEMENT_3D('',#2403,#1877,#1878);
#1545=AXIS2_PLACEMENT_3D('',#2405,#1880,#1881);
#1546=AXIS2_PLACEMENT_3D('',#2408,#1884,#1885);
#1547=AXIS2_PLACEMENT_3D('',#2410,#1887,#1888);
#1548=AXIS2_PLACEMENT_3D('',#2413,#1891,#1892);
#1549=AXIS2_PLACEMENT_3D('',#2424,#1893,#1894);
#1550=AXIS2_PLACEMENT_3D('',#6139,#1895,#1896);
#1551=AXIS2_PLACEMENT_3D('',#6140,#1897,#1898);
#1552=AXIS2_PLACEMENT_3D('',#6141,#1899,#1900);
#1553=AXIS2_PLACEMENT_3D('',#6142,#1901,#1902);
#1554=DIRECTION('',(0.,0.,1.));
#1555=DIRECTION('',(1.,0.,0.));
#1556=DIRECTION('',(0.,0.,1.));
#1557=DIRECTION('',(1.,0.,0.));
#1558=DIRECTION('',(-1.75063837025183E-16,1.,0.));
#1559=DIRECTION('',(1.,0.,0.));
#1560=DIRECTION('',(0.,1.,0.));
#1561=DIRECTION('',(0.,0.,1.));
#1562=DIRECTION('',(1.,0.,0.));
#1563=DIRECTION('',(0.,0.,-1.));
#1564=DIRECTION('',(-1.,0.,0.));
#1565=DIRECTION('',(1.75063837025183E-16,-1.,0.));
#1566=DIRECTION('',(0.,0.,1.));
#1567=DIRECTION('',(1.,0.,0.));
#1568=DIRECTION('',(0.,0.,1.));
#1569=DIRECTION('',(1.,0.,0.));
#1570=DIRECTION('',(0.,0.,1.));
#1571=DIRECTION('',(1.,0.,0.));
#1572=DIRECTION('',(0.,-1.,0.));
#1573=DIRECTION('',(0.,0.,-1.));
#1574=DIRECTION('',(1.,0.,0.));
#1575=DIRECTION('',(-1.,0.,0.));
#1576=DIRECTION('',(0.,0.,-1.));
#1577=DIRECTION('',(-1.,0.,0.));
#1578=DIRECTION('',(-1.,0.,0.));
#1579=DIRECTION('',(0.,-1.,0.));
#1580=DIRECTION('',(-1.,0.,0.));
#1581=DIRECTION('',(-2.39272203583008E-16,-1.,0.));
#1582=DIRECTION('',(-1.,0.,0.));
#1583=DIRECTION('',(0.,0.,-1.));
#1584=DIRECTION('',(-1.,0.,0.));
#1585=DIRECTION('',(0.,0.,1.));
#1586=DIRECTION('',(1.,0.,0.));
#1587=DIRECTION('',(-1.,0.,0.));
#1588=DIRECTION('',(-2.39272203583008E-16,-1.,0.));
#1589=DIRECTION('',(-1.,0.,0.));
#1590=DIRECTION('',(0.,-1.,0.));
#1591=DIRECTION('',(0.,-1.,0.));
#1592=DIRECTION('',(-1.,0.,0.));
#1593=DIRECTION('',(1.75063837025183E-16,-1.,0.));
#1594=DIRECTION('',(0.,0.,1.));
#1595=DIRECTION('',(1.,0.,0.));
#1596=DIRECTION('',(0.,0.,1.));
#1597=DIRECTION('',(1.,0.,0.));
#1598=DIRECTION('',(0.,0.,1.));
#1599=DIRECTION('',(1.,0.,0.));
#1600=DIRECTION('',(0.,0.,1.));
#1601=DIRECTION('',(1.,0.,0.));
#1602=DIRECTION('',(0.,1.,0.));
#1603=DIRECTION('',(0.,0.,1.));
#1604=DIRECTION('',(1.,0.,0.));
#1605=DIRECTION('',(0.,0.,1.));
#1606=DIRECTION('',(1.,0.,0.));
#1607=DIRECTION('',(0.,0.,1.));
#1608=DIRECTION('',(1.,0.,0.));
#1609=DIRECTION('',(-1.75063837025183E-16,1.,0.));
#1610=DIRECTION('',(0.,0.,1.));
#1611=DIRECTION('',(1.,0.,0.));
#1612=DIRECTION('',(0.,0.,-1.));
#1613=DIRECTION('',(-1.,0.,0.));
#1614=DIRECTION('',(0.,0.,1.));
#1615=DIRECTION('',(1.,0.,0.));
#1616=DIRECTION('',(0.,0.,1.));
#1617=DIRECTION('',(1.,0.,0.));
#1618=DIRECTION('',(0.,0.,-1.));
#1619=DIRECTION('',(-1.,0.,0.));
#1620=DIRECTION('',(0.,0.,1.));
#1621=DIRECTION('',(1.,0.,0.));
#1622=DIRECTION('',(0.,0.,1.));
#1623=DIRECTION('',(1.,0.,0.));
#1624=DIRECTION('',(0.,0.,1.));
#1625=DIRECTION('',(1.,0.,0.));
#1626=DIRECTION('',(0.,0.,-1.));
#1627=DIRECTION('',(-1.,0.,0.));
#1628=DIRECTION('',(0.,0.,-1.));
#1629=DIRECTION('',(-1.,0.,0.));
#1630=DIRECTION('',(0.,0.,-1.));
#1631=DIRECTION('',(0.,0.,1.));
#1632=DIRECTION('',(1.,0.,0.));
#1633=DIRECTION('',(0.,0.,-1.));
#1634=DIRECTION('',(0.,0.,1.));
#1635=DIRECTION('',(1.,0.,0.));
#1636=DIRECTION('',(0.,0.,-1.));
#1637=DIRECTION('',(-1.,0.,0.));
#1638=DIRECTION('',(0.,0.,-1.));
#1639=DIRECTION('',(-1.,0.,0.));
#1640=DIRECTION('',(0.,-1.,0.));
#1641=DIRECTION('',(0.,0.,-1.));
#1642=DIRECTION('',(0.,0.,1.));
#1643=DIRECTION('',(-1.,0.,0.));
#1644=DIRECTION('',(0.,0.,1.));
#1645=DIRECTION('',(1.,0.,0.));
#1646=DIRECTION('',(0.,0.,-1.));
#1647=DIRECTION('',(1.,0.,0.));
#1648=DIRECTION('',(0.,0.,-1.));
#1649=DIRECTION('',(1.,0.,0.));
#1650=DIRECTION('',(1.,1.75063837025183E-16,0.));
#1651=DIRECTION('',(-1.75063837025183E-16,1.,0.));
#1652=DIRECTION('',(0.,0.,-1.));
#1653=DIRECTION('',(1.75063837025183E-16,-1.,0.));
#1654=DIRECTION('',(0.,0.,1.));
#1655=DIRECTION('',(-1.75063837025183E-16,1.,0.));
#1656=DIRECTION('',(1.,0.,0.));
#1657=DIRECTION('',(0.,0.,-1.));
#1658=DIRECTION('',(0.,0.,1.));
#1659=DIRECTION('',(0.,-1.,0.));
#1660=DIRECTION('',(0.,0.,1.));
#1661=DIRECTION('',(0.,1.,0.));
#1662=DIRECTION('',(0.,0.,-1.));
#1663=DIRECTION('',(-1.,0.,0.));
#1664=DIRECTION('',(0.,0.,1.));
#1665=DIRECTION('',(1.,0.,0.));
#1666=DIRECTION('',(0.,0.,1.));
#1667=DIRECTION('',(1.,0.,0.));
#1668=DIRECTION('',(0.,0.,-1.));
#1669=DIRECTION('',(-1.,0.,0.));
#1670=DIRECTION('',(0.,0.,1.));
#1671=DIRECTION('',(1.,0.,0.));
#1672=DIRECTION('',(0.,0.,1.));
#1673=DIRECTION('',(1.,0.,0.));
#1674=DIRECTION('',(0.,0.,1.));
#1675=DIRECTION('',(1.,0.,0.));
#1676=DIRECTION('',(0.,0.,1.));
#1677=DIRECTION('',(1.,0.,0.));
#1678=DIRECTION('',(0.,0.,1.));
#1679=DIRECTION('',(1.,0.,0.));
#1680=DIRECTION('',(0.,0.,-1.));
#1681=DIRECTION('',(-1.,0.,0.));
#1682=DIRECTION('',(0.,0.,-1.));
#1683=DIRECTION('',(-1.,0.,0.));
#1684=DIRECTION('',(0.,0.,-1.));
#1685=DIRECTION('',(-1.,0.,0.));
#1686=DIRECTION('',(0.,0.,-1.));
#1687=DIRECTION('',(1.,0.,0.));
#1688=DIRECTION('',(0.,0.,1.));
#1689=DIRECTION('',(1.,0.,0.));
#1690=DIRECTION('',(0.,0.,1.));
#1691=DIRECTION('',(1.,0.,0.));
#1692=DIRECTION('',(0.,0.,1.));
#1693=DIRECTION('',(1.,0.,0.));
#1694=DIRECTION('',(0.,0.,1.));
#1695=DIRECTION('',(1.,0.,0.));
#1696=DIRECTION('',(0.,0.,1.));
#1697=DIRECTION('',(1.,0.,0.));
#1698=DIRECTION('',(0.,0.,1.));
#1699=DIRECTION('',(1.,0.,0.));
#1700=DIRECTION('',(0.,0.,1.));
#1701=DIRECTION('',(1.,0.,0.));
#1702=DIRECTION('',(0.,0.,1.));
#1703=DIRECTION('',(1.,0.,0.));
#1704=DIRECTION('',(0.,0.,-1.));
#1705=DIRECTION('',(1.,0.,0.));
#1706=DIRECTION('',(-1.,0.,0.));
#1707=DIRECTION('',(0.,0.,-1.));
#1708=DIRECTION('',(-1.,0.,0.));
#1709=DIRECTION('',(-1.,0.,0.));
#1710=DIRECTION('',(0.,0.,-1.));
#1711=DIRECTION('',(-1.,0.,0.));
#1712=DIRECTION('',(-1.,0.,0.));
#1713=DIRECTION('',(-2.39272203583008E-16,-1.,0.));
#1714=DIRECTION('',(-1.,0.,0.));
#1715=DIRECTION('',(0.,-1.,0.));
#1716=DIRECTION('',(0.,0.,1.));
#1717=DIRECTION('',(1.,0.,0.));
#1718=DIRECTION('',(0.,0.,-1.));
#1719=DIRECTION('',(-1.,0.,0.));
#1720=DIRECTION('',(0.,0.,-1.));
#1721=DIRECTION('',(-1.,0.,0.));
#1722=DIRECTION('',(0.,0.,-1.));
#1723=DIRECTION('',(1.,0.,0.));
#1724=DIRECTION('',(0.,0.,1.));
#1725=DIRECTION('',(1.,0.,0.));
#1726=DIRECTION('',(0.,0.,-1.));
#1727=DIRECTION('',(-1.,0.,0.));
#1728=DIRECTION('',(0.,0.,-1.));
#1729=DIRECTION('',(-1.,0.,0.));
#1730=DIRECTION('',(0.,0.,-1.));
#1731=DIRECTION('',(1.,0.,0.));
#1732=DIRECTION('',(0.,0.,-1.));
#1733=DIRECTION('',(1.,0.,0.));
#1734=DIRECTION('',(-1.,0.,0.));
#1735=DIRECTION('',(0.,-1.,0.));
#1736=DIRECTION('',(1.,-2.39272203583008E-16,0.));
#1737=DIRECTION('',(-1.,0.,0.));
#1738=DIRECTION('',(-1.,0.,0.));
#1739=DIRECTION('',(0.,-1.,0.));
#1740=DIRECTION('',(0.,0.,1.));
#1741=DIRECTION('',(1.,0.,0.));
#1742=DIRECTION('',(0.,0.,-1.));
#1743=DIRECTION('',(-1.,0.,0.));
#1744=DIRECTION('',(0.,0.,-1.));
#1745=DIRECTION('',(-1.,0.,0.));
#1746=DIRECTION('',(0.,0.,-1.));
#1747=DIRECTION('',(1.,0.,0.));
#1748=DIRECTION('',(0.,0.,1.));
#1749=DIRECTION('',(1.,0.,0.));
#1750=DIRECTION('',(0.,0.,-1.));
#1751=DIRECTION('',(-1.,0.,0.));
#1752=DIRECTION('',(0.,0.,-1.));
#1753=DIRECTION('',(-1.,0.,0.));
#1754=DIRECTION('',(0.,0.,-1.));
#1755=DIRECTION('',(1.,0.,0.));
#1756=DIRECTION('',(0.,0.,-1.));
#1757=DIRECTION('',(-1.,0.,0.));
#1758=DIRECTION('',(1.,0.,0.));
#1759=DIRECTION('',(1.,-2.39272203583008E-16,0.));
#1760=DIRECTION('',(0.,-1.,0.));
#1761=DIRECTION('',(1.,0.,0.));
#1762=DIRECTION('',(0.,-1.,0.));
#1763=DIRECTION('',(-1.,0.,0.));
#1764=DIRECTION('',(0.,0.,1.));
#1765=DIRECTION('',(1.,0.,0.));
#1766=DIRECTION('',(0.,0.,1.));
#1767=DIRECTION('',(1.,0.,0.));
#1768=DIRECTION('',(0.,0.,1.));
#1769=DIRECTION('',(1.,0.,0.));
#1770=DIRECTION('',(0.,0.,1.));
#1771=DIRECTION('',(1.,0.,0.));
#1772=DIRECTION('',(0.87411763090162,0.485714285714286,2.44333613563689E-15));
#1773=DIRECTION('',(-0.485714285714286,0.87411763090162,0.));
#1774=DIRECTION('',(-0.87411763090162,0.485714285714286,0.));
#1775=DIRECTION('',(-0.485714285714286,-0.87411763090162,0.));
#1776=DIRECTION('',(0.,0.,1.));
#1777=DIRECTION('',(1.,0.,0.));
#1778=DIRECTION('',(0.,1.,0.));
#1779=DIRECTION('',(0.,0.,1.));
#1780=DIRECTION('',(0.,0.,1.));
#1781=DIRECTION('',(1.,0.,0.));
#1782=DIRECTION('',(0.,1.,0.));
#1783=DIRECTION('',(0.,0.,1.));
#1784=DIRECTION('',(-1.75063837025183E-16,1.,0.));
#1785=DIRECTION('',(-1.,-1.75063837025183E-16,0.));
#1786=DIRECTION('',(0.,1.,0.));
#1787=DIRECTION('',(0.,0.,1.));
#1788=DIRECTION('',(-1.75063837025183E-16,1.,0.));
#1789=DIRECTION('',(0.,-1.,0.));
#1790=DIRECTION('',(0.,0.,-1.));
#1791=DIRECTION('',(0.,1.,0.));
#1792=DIRECTION('',(0.,1.,0.));
#1793=DIRECTION('',(0.,0.,1.));
#1794=DIRECTION('',(0.,0.,1.));
#1795=DIRECTION('',(1.,0.,0.));
#1796=DIRECTION('',(-1.,0.,0.));
#1797=DIRECTION('',(0.,0.,1.));
#1798=DIRECTION('',(0.,0.,1.));
#1799=DIRECTION('',(1.,0.,0.));
#1800=DIRECTION('',(1.,0.,0.));
#1801=DIRECTION('',(0.,0.,-1.));
#1802=DIRECTION('',(0.,0.,1.));
#1803=DIRECTION('',(1.,0.,0.));
#1804=DIRECTION('',(0.707106781186548,0.,-0.707106781186548));
#1805=DIRECTION('',(0.707106781186548,0.,0.707106781186548));
#1806=DIRECTION('',(-0.707106781186548,0.,0.707106781186548));
#1807=DIRECTION('',(0.707106781186548,0.,0.707106781186548));
#1808=DIRECTION('',(0.707106781186548,0.,0.707106781186548));
#1809=DIRECTION('',(-0.707106781186548,0.,0.707106781186548));
#1810=DIRECTION('',(0.,0.,-1.));
#1811=DIRECTION('',(-1.,0.,0.));
#1812=DIRECTION('',(0.,0.,1.));
#1813=DIRECTION('',(-1.,0.,0.));
#1814=DIRECTION('',(-0.707106781186548,0.,-0.707106781186548));
#1815=DIRECTION('',(0.707106781186548,0.,-0.707106781186548));
#1816=DIRECTION('',(1.,0.,0.));
#1817=DIRECTION('',(0.,0.,-1.));
#1818=DIRECTION('',(0.707106781186548,0.,-0.707106781186548));
#1819=DIRECTION('',(-0.707106781186548,0.,-0.707106781186548));
#1820=DIRECTION('',(1.,0.,0.));
#1821=DIRECTION('',(0.,0.,-1.));
#1822=DIRECTION('',(-0.707106781186548,0.,-0.707106781186548));
#1823=DIRECTION('',(0.707106781186548,0.,-0.707106781186548));
#1824=DIRECTION('',(0.,0.,-1.));
#1825=DIRECTION('',(-1.,0.,0.));
#1826=DIRECTION('',(0.,0.,-1.));
#1827=DIRECTION('',(0.,0.,1.));
#1828=DIRECTION('',(1.,0.,0.));
#1829=DIRECTION('',(-0.874117630901621,-0.485714285714284,-3.11710853668128E-15));
#1830=DIRECTION('',(0.485714285714284,-0.874117630901621,0.));
#1831=DIRECTION('',(0.,1.,0.));
#1832=DIRECTION('',(0.,0.,1.));
#1833=DIRECTION('',(0.,-1.,0.));
#1834=DIRECTION('',(0.,0.,-1.));
#1835=DIRECTION('',(0.,1.,0.));
#1836=DIRECTION('',(0.,0.,1.));
#1837=DIRECTION('',(0.,-1.,0.));
#1838=DIRECTION('',(0.,0.,1.));
#1839=DIRECTION('',(1.,0.,0.));
#1840=DIRECTION('',(-0.87411763090162,0.485714285714286,-8.42579974045877E-16));
#1841=DIRECTION('',(-0.485714285714286,-0.87411763090162,0.));
#1842=DIRECTION('',(0.,0.,1.));
#1843=DIRECTION('',(1.,0.,0.));
#1844=DIRECTION('',(1.,0.,0.));
#1845=DIRECTION('',(0.,0.,-1.));
#1846=DIRECTION('',(0.,0.,1.));
#1847=DIRECTION('',(1.,0.,0.));
#1848=DIRECTION('',(0.,1.,0.));
#1849=DIRECTION('',(0.,0.,1.));
#1850=DIRECTION('',(-1.,0.,0.));
#1851=DIRECTION('',(0.,0.,1.));
#1852=DIRECTION('',(1.,0.,0.));
#1853=DIRECTION('',(0.,0.,-1.));
#1854=DIRECTION('',(-1.75063837025183E-16,1.,0.));
#1855=DIRECTION('',(-1.,-1.75063837025183E-16,0.));
#1856=DIRECTION('',(1.75063837025183E-16,-1.,0.));
#1857=DIRECTION('',(0.,1.,0.));
#1858=DIRECTION('',(0.,0.,1.));
#1859=DIRECTION('',(0.,0.,1.));
#1860=DIRECTION('',(1.,0.,0.));
#1861=DIRECTION('',(0.,-1.,0.));
#1862=DIRECTION('',(0.,0.,-1.));
#1863=DIRECTION('',(1.,0.,0.));
#1864=DIRECTION('',(0.,0.,-1.));
#1865=DIRECTION('',(0.,1.,0.));
#1866=DIRECTION('',(0.,0.,1.));
#1867=DIRECTION('',(1.,0.,0.));
#1868=DIRECTION('',(0.,0.,-1.));
#1869=DIRECTION('',(0.,-1.,0.));
#1870=DIRECTION('',(0.,0.,-1.));
#1871=DIRECTION('',(0.,0.,-1.));
#1872=DIRECTION('',(0.,0.,-1.));
#1873=DIRECTION('',(0.,-1.,0.));
#1874=DIRECTION('',(0.,0.,-1.));
#1875=DIRECTION('',(0.,0.,-1.));
#1876=DIRECTION('',(0.,0.,-1.));
#1877=DIRECTION('',(2.39272203583008E-16,1.,0.));
#1878=DIRECTION('',(-1.,2.39272203583008E-16,0.));
#1879=DIRECTION('',(0.,0.,-1.));
#1880=DIRECTION('',(1.,-2.39272203583008E-16,0.));
#1881=DIRECTION('',(2.39272203583008E-16,1.,0.));
#1882=DIRECTION('',(0.,0.,-1.));
#1883=DIRECTION('',(0.,0.,-1.));
#1884=DIRECTION('',(0.,1.,0.));
#1885=DIRECTION('',(0.,0.,1.));
#1886=DIRECTION('',(0.,0.,-1.));
#1887=DIRECTION('',(1.,0.,0.));
#1888=DIRECTION('',(0.,0.,-1.));
#1889=DIRECTION('',(0.,0.,-1.));
#1890=DIRECTION('',(0.,0.,-1.));
#1891=DIRECTION('',(0.,-1.,0.));
#1892=DIRECTION('',(0.,0.,-1.));
#1893=DIRECTION('',(0.,-1.,0.));
#1894=DIRECTION('',(0.,0.,-1.));
#1895=DIRECTION('',(0.,0.,-1.));
#1896=DIRECTION('',(-1.,0.,0.));
#1897=DIRECTION('',(0.,0.,-1.));
#1898=DIRECTION('',(-1.,0.,0.));
#1899=DIRECTION('',(0.,0.,-1.));
#1900=DIRECTION('',(-1.,0.,0.));
#1901=DIRECTION('',(0.,0.,-1.));
#1902=DIRECTION('',(-1.,0.,0.));
#1903=CARTESIAN_POINT('',(0.,0.,0.));
#1904=CARTESIAN_POINT('',(0.,0.,0.03401));
#1905=CARTESIAN_POINT('',(-0.009,0.08345,0.03401));
#1906=CARTESIAN_POINT('',(-0.003,0.08345,0.03401));
#1907=CARTESIAN_POINT('',(0.003,0.08345,0.03401));
#1908=CARTESIAN_POINT('',(0.009,0.08345,0.03401));
#1909=CARTESIAN_POINT('',(-0.009,0.08345,0.03401));
#1910=CARTESIAN_POINT('',(0.009,0.08345,0.03401));
#1911=CARTESIAN_POINT('',(0.009,0.08345,0.03401));
#1912=CARTESIAN_POINT('',(0.00930625549864509,0.083450000179811,0.03401));
#1913=CARTESIAN_POINT('',(0.00980834014146558,0.0834228307941747,0.03401));
#1914=CARTESIAN_POINT('',(0.0105809972171954,0.0832327189664168,0.03401));
#1915=CARTESIAN_POINT('',(0.0113180895972081,0.082877987121687,0.03401));
#1916=CARTESIAN_POINT('',(0.0119357644722841,0.0823843640659503,0.03401));
#1917=CARTESIAN_POINT('',(0.0124324822272805,0.0817614848763809,0.03401));
#1918=CARTESIAN_POINT('',(0.0127253097492353,0.081147871345082,0.03401));
#1919=CARTESIAN_POINT('',(0.0128588078228692,0.0807096839686074,0.03401));
#1920=CARTESIAN_POINT('',(0.0129194768821326,0.0804359284949525,0.03401));
#1921=CARTESIAN_POINT('',(0.0129776743531379,0.0800951434822902,0.03401));
#1922=CARTESIAN_POINT('',(0.013000000178894,0.07975469761951,0.03401));
#1923=CARTESIAN_POINT('',(0.013,0.07945,0.03401));
#1924=CARTESIAN_POINT('',(0.013,0.07945,0.03401));
#1925=CARTESIAN_POINT('',(0.013,2.27582988132737E-18,0.03401));
#1926=CARTESIAN_POINT('',(0.013,0.14,0.03401));
#1927=CARTESIAN_POINT('',(-0.013,0.14,0.03401));
#1928=CARTESIAN_POINT('',(-0.013,0.14,0.03401));
#1929=CARTESIAN_POINT('',(-0.013,0.0305941170815567,0.03401));
#1930=CARTESIAN_POINT('',(-0.013,0.07945,0.03401));
#1931=CARTESIAN_POINT('',(-0.013,0.07945,0.03401));
#1932=CARTESIAN_POINT('',(-0.0130000001798065,0.0797562554986767,0.03401));
#1933=CARTESIAN_POINT('',(-0.0129728307941752,0.0802583401414719,0.03401));
#1934=CARTESIAN_POINT('',(-0.0127827189664119,0.0810309972171944,0.03401));
#1935=CARTESIAN_POINT('',(-0.0124279871217041,0.0817680895971862,0.03401));
#1936=CARTESIAN_POINT('',(-0.0119343640659423,0.0823857644722916,0.03401));
#1937=CARTESIAN_POINT('',(-0.0113114848763962,0.0828824822272721,0.03401));
#1938=CARTESIAN_POINT('',(-0.0106978713450774,0.0831753097492376,0.03401));
#1939=CARTESIAN_POINT('',(-0.0102596839686047,0.0833088078228706,0.03401));
#1940=CARTESIAN_POINT('',(-0.00998592849495119,0.083369476882133,0.03401));
#1941=CARTESIAN_POINT('',(-0.00964514348229681,0.0834276743531355,0.03401));
#1942=CARTESIAN_POINT('',(-0.00930469761951522,0.0834500001788921,0.03401));
#1943=CARTESIAN_POINT('',(-0.009,0.08345,0.03401));
#1944=CARTESIAN_POINT('',(0.,0.,0.));
#1945=CARTESIAN_POINT('',(0.,-1.83727636042081E-18,0.));
#1946=CARTESIAN_POINT('',(-0.030005,-1.83727636042081E-18,0.));
#1947=CARTESIAN_POINT('',(-0.009,0.031005,0.));
#1948=CARTESIAN_POINT('',(-0.003,0.031005,0.));
#1949=CARTESIAN_POINT('',(0.003,0.031005,0.));
#1950=CARTESIAN_POINT('',(0.009,0.031005,0.));
#1951=CARTESIAN_POINT('',(-0.009,0.031005,0.));
#1952=CARTESIAN_POINT('',(0.009,0.031005,0.));
#1953=CARTESIAN_POINT('',(0.009,0.031005,0.));
#1954=CARTESIAN_POINT('',(0.00930514191939589,0.0310049998208454,0.));
#1955=CARTESIAN_POINT('',(0.00980539163449693,0.0310318078058768,0.));
#1956=CARTESIAN_POINT('',(0.0105767831761887,0.031221018202895,0.));
#1957=CARTESIAN_POINT('',(0.0113114504217567,0.0315725184259043,0.));
#1958=CARTESIAN_POINT('',(0.0119343924887154,0.0320692717369222,0.));
#1959=CARTESIAN_POINT('',(0.0124279078852513,0.0326867649127823,0.));
#1960=CARTESIAN_POINT('',(0.012723613127463,0.0333028872306747,0.));
#1961=CARTESIAN_POINT('',(0.0128576954807957,0.0337413785255602,0.));
#1962=CARTESIAN_POINT('',(0.0129187807903051,0.0340156537112118,0.));
#1963=CARTESIAN_POINT('',(0.0129774873817865,0.0343576340211141,0.));
#1964=CARTESIAN_POINT('',(0.0130000001795092,0.0346992495165929,0.));
#1965=CARTESIAN_POINT('',(0.013,0.035005,0.));
#1966=CARTESIAN_POINT('',(0.013,0.035005,0.));
#1967=CARTESIAN_POINT('',(0.013,0.0305941170815567,0.));
#1968=CARTESIAN_POINT('',(0.013,0.0305941170815567,0.));
#1969=CARTESIAN_POINT('',(0.017,0.0305941170815567,0.));
#1970=CARTESIAN_POINT('',(0.0150571428571429,0.0270976465579502,0.));
#1971=CARTESIAN_POINT('',(0.,2.02066721859313E-18,0.));
#1972=CARTESIAN_POINT('',(-0.0150571428571429,0.0270976465579502,0.));
#1973=CARTESIAN_POINT('',(-0.017,0.0305941170815567,0.));
#1974=CARTESIAN_POINT('',(-0.013,0.0305941170815567,0.));
#1975=CARTESIAN_POINT('',(-0.013,0.,0.));
#1976=CARTESIAN_POINT('',(-0.013,0.035005,0.));
#1977=CARTESIAN_POINT('',(-0.013,0.035005,0.));
#1978=CARTESIAN_POINT('',(-0.0130000001791527,0.0346998580806008,0.));
#1979=CARTESIAN_POINT('',(-0.0129731921941221,0.0341996083654977,0.));
#1980=CARTESIAN_POINT('',(-0.0127839817971072,0.0334282168238251,0.));
#1981=CARTESIAN_POINT('',(-0.0124324815741035,0.0326935495782485,0.));
#1982=CARTESIAN_POINT('',(-0.0119357282630748,0.0320706075112825,0.));
#1983=CARTESIAN_POINT('',(-0.0113182350872221,0.0315770921147519,0.));
#1984=CARTESIAN_POINT('',(-0.0107021127693219,0.031281386872535,0.));
#1985=CARTESIAN_POINT('',(-0.0102636214744363,0.0311473045192025,0.));
#1986=CARTESIAN_POINT('',(-0.00998934628878727,0.0310862192096947,0.));
#1987=CARTESIAN_POINT('',(-0.00964736597888826,0.0310275126182156,0.));
#1988=CARTESIAN_POINT('',(-0.00930575048340898,0.0310049998204924,0.));
#1989=CARTESIAN_POINT('',(-0.009,0.031005,0.));
#1990=CARTESIAN_POINT('',(0.,0.0545,0.003));
#1991=CARTESIAN_POINT('',(-0.005,0.13925,0.003));
#1992=CARTESIAN_POINT('',(0.00336369318280465,0.13925,0.003));
#1993=CARTESIAN_POINT('',(-0.00336369318280464,0.13925,0.003));
#1994=CARTESIAN_POINT('',(0.005,0.1365,0.003));
#1995=CARTESIAN_POINT('',(0.00663630681719535,0.13925,0.003));
#1996=CARTESIAN_POINT('',(-0.005,0.13925,0.003));
#1997=CARTESIAN_POINT('',(0.01015,0.13925,0.003));
#1998=CARTESIAN_POINT('',(0.01015,0.135375,0.003));
#1999=CARTESIAN_POINT('',(0.01015,0.1319,0.003));
#2000=CARTESIAN_POINT('',(-3.46944695195361E-18,0.1319,0.003));
#2001=CARTESIAN_POINT('',(-0.01015,0.1319,0.003));
#2002=CARTESIAN_POINT('',(-0.01015,0.135375,0.003));
#2003=CARTESIAN_POINT('',(-0.01015,0.13925,0.003));
#2004=CARTESIAN_POINT('',(-0.005,0.13925,0.003));
#2005=CARTESIAN_POINT('',(-0.00663630681719536,0.13925,0.003));
#2006=CARTESIAN_POINT('',(-0.005,0.1365,0.003));
#2007=CARTESIAN_POINT('',(0.,0.,0.));
#2008=CARTESIAN_POINT('',(-0.005,0.13925,0.));
#2009=CARTESIAN_POINT('',(0.01015,0.13925,0.));
#2010=CARTESIAN_POINT('',(-0.01015,0.13925,0.));
#2011=CARTESIAN_POINT('',(-0.01015,0.135375,0.));
#2012=CARTESIAN_POINT('',(-0.01015,0.08425,0.));
#2013=CARTESIAN_POINT('',(-1.04083408558608E-17,0.08425,0.));
#2014=CARTESIAN_POINT('',(0.01015,0.08425,0.));
#2015=CARTESIAN_POINT('',(0.01015,0.135375,0.));
#2016=CARTESIAN_POINT('',(0.009,0.08345,0.));
#2017=CARTESIAN_POINT('',(0.003,0.08345,0.));
#2018=CARTESIAN_POINT('',(-0.003,0.08345,0.));
#2019=CARTESIAN_POINT('',(-0.009,0.08345,0.));
#2020=CARTESIAN_POINT('',(0.009,0.08345,0.));
#2021=CARTESIAN_POINT('',(-0.009,0.08345,0.));
#2022=CARTESIAN_POINT('',(-0.009,0.08345,0.));
#2023=CARTESIAN_POINT('',(-0.00930514191941064,0.0834500001791487,0.));
#2024=CARTESIAN_POINT('',(-0.00980539163450781,0.0834231921941198,0.));
#2025=CARTESIAN_POINT('',(-0.0105767831761709,0.0832339817971121,0.));
#2026=CARTESIAN_POINT('',(-0.0113114504217534,0.0828824815740986,0.));
#2027=CARTESIAN_POINT('',(-0.0119343924887182,0.0823857282630747,0.));
#2028=CARTESIAN_POINT('',(-0.0124279078852435,0.0817682350872276,0.));
#2029=CARTESIAN_POINT('',(-0.0127236131274619,0.0811521127693309,0.));
#2030=CARTESIAN_POINT('',(-0.0128576954807926,0.08071362147445,0.));
#2031=CARTESIAN_POINT('',(-0.012918780790305,0.0804393462887881,0.));
#2032=CARTESIAN_POINT('',(-0.0129774873817869,0.0800973659788907,0.));
#2033=CARTESIAN_POINT('',(-0.0130000001795095,0.0797557504834111,0.));
#2034=CARTESIAN_POINT('',(-0.013,0.07945,0.));
#2035=CARTESIAN_POINT('',(-0.013,0.07945,0.));
#2036=CARTESIAN_POINT('',(-0.013,0.,0.));
#2037=CARTESIAN_POINT('',(-0.013,0.14,0.));
#2038=CARTESIAN_POINT('',(0.,0.14,0.));
#2039=CARTESIAN_POINT('',(0.013,0.14,0.));
#2040=CARTESIAN_POINT('',(0.013,0.0305941170815567,0.));
#2041=CARTESIAN_POINT('',(0.013,0.07945,0.));
#2042=CARTESIAN_POINT('',(0.013,0.07945,0.));
#2043=CARTESIAN_POINT('',(0.0130000001791527,0.0797551419194002,0.));
#2044=CARTESIAN_POINT('',(0.0129731921941223,0.080255391634502,0.));
#2045=CARTESIAN_POINT('',(0.0127839817971066,0.0810267831761774,0.));
#2046=CARTESIAN_POINT('',(0.0124324815741043,0.0817614504217483,0.));
#2047=CARTESIAN_POINT('',(0.0119357282630745,0.0823843924887186,0.));
#2048=CARTESIAN_POINT('',(0.0113182350872215,0.0828779078852483,0.));
#2049=CARTESIAN_POINT('',(0.010702112769335,0.083173613127458,0.));
#2050=CARTESIAN_POINT('',(0.0102636214744632,0.083307695480787,0.));
#2051=CARTESIAN_POINT('',(0.00998934628877984,0.0833687807903058,0.));
#2052=CARTESIAN_POINT('',(0.00964736597895825,0.0834274873817774,0.));
#2053=CARTESIAN_POINT('',(0.00930575048346498,0.0834500001795018,0.));
#2054=CARTESIAN_POINT('',(0.009,0.08345,0.));
#2055=CARTESIAN_POINT('',(0.,0.,0.03401));
#2056=CARTESIAN_POINT('',(-1.77573785876366E-19,0.016,0.03401));
#2057=CARTESIAN_POINT('',(0.0049,0.016,0.03401));
#2058=CARTESIAN_POINT('',(-1.77573785876366E-19,-0.016,0.03401));
#2059=CARTESIAN_POINT('',(0.0049,-0.016,0.03401));
#2060=CARTESIAN_POINT('',(0.,2.17374806848655E-18,0.03401));
#2061=CARTESIAN_POINT('',(0.0045,2.17374806848655E-18,0.03401));
#2062=CARTESIAN_POINT('',(0.009,0.031005,0.03401));
#2063=CARTESIAN_POINT('',(0.003,0.031005,0.03401));
#2064=CARTESIAN_POINT('',(-0.003,0.031005,0.03401));
#2065=CARTESIAN_POINT('',(-0.009,0.031005,0.03401));
#2066=CARTESIAN_POINT('',(0.009,0.031005,0.03401));
#2067=CARTESIAN_POINT('',(-0.009,0.031005,0.03401));
#2068=CARTESIAN_POINT('',(-0.009,0.031005,0.03401));
#2069=CARTESIAN_POINT('',(-0.00930625549868325,0.0310049998201948,0.03401));
#2070=CARTESIAN_POINT('',(-0.009808340141473,0.0310321692058256,0.03401));
#2071=CARTESIAN_POINT('',(-0.0105809972171965,0.0312222810335867,0.03401));
#2072=CARTESIAN_POINT('',(-0.0113180895971942,0.031577012878303,0.03401));
#2073=CARTESIAN_POINT('',(-0.0119357644722881,0.032070635934054,0.03401));
#2074=CARTESIAN_POINT('',(-0.0124324822272784,0.0326935151236115,0.03401));
#2075=CARTESIAN_POINT('',(-0.0127253097492357,0.033307128654922,0.03401));
#2076=CARTESIAN_POINT('',(-0.0128588078228686,0.033745316031392,0.03401));
#2077=CARTESIAN_POINT('',(-0.0129194768821333,0.0340190715050525,0.03401));
#2078=CARTESIAN_POINT('',(-0.0129776743531312,0.0343598565176729,0.03401));
#2079=CARTESIAN_POINT('',(-0.0130000001788887,0.0347003023804606,0.03401));
#2080=CARTESIAN_POINT('',(-0.013,0.035005,0.03401));
#2081=CARTESIAN_POINT('',(-0.013,0.035005,0.03401));
#2082=CARTESIAN_POINT('',(-0.013,0.0305941170815567,0.03401));
#2083=CARTESIAN_POINT('',(-0.013,0.0305941170815567,0.03401));
#2084=CARTESIAN_POINT('',(-0.017,0.0305941170815567,0.03401));
#2085=CARTESIAN_POINT('',(-0.0150571428571429,0.0270976465579502,0.03401));
#2086=CARTESIAN_POINT('',(0.,2.02066721859313E-18,0.03401));
#2087=CARTESIAN_POINT('',(0.0150571428571429,0.0270976465579502,0.03401));
#2088=CARTESIAN_POINT('',(0.017,0.0305941170815567,0.03401));
#2089=CARTESIAN_POINT('',(0.013,0.0305941170815567,0.03401));
#2090=CARTESIAN_POINT('',(0.013,2.27582988132737E-18,0.03401));
#2091=CARTESIAN_POINT('',(0.013,0.035005,0.03401));
#2092=CARTESIAN_POINT('',(0.013,0.035005,0.03401));
#2093=CARTESIAN_POINT('',(0.0130000001798068,0.0346987445013223,0.03401));
#2094=CARTESIAN_POINT('',(0.012972830794175,0.0341966598585298,0.03401));
#2095=CARTESIAN_POINT('',(0.0127827189664127,0.0334240027827995,0.03401));
#2096=CARTESIAN_POINT('',(0.0124279871216923,0.0326869104027991,0.03401));
#2097=CARTESIAN_POINT('',(0.0119343640659487,0.0320692355277147,0.03401));
#2098=CARTESIAN_POINT('',(0.0113114848763823,0.0315725177727174,0.03401));
#2099=CARTESIAN_POINT('',(0.0106978713450743,0.031279690250764,0.03401));
#2100=CARTESIAN_POINT('',(0.0102596839686082,0.0311461921771315,0.03401));
#2101=CARTESIAN_POINT('',(0.00998592849494061,0.0310855231178658,0.03401));
#2102=CARTESIAN_POINT('',(0.00964514348237568,0.0310273256468785,0.03401));
#2103=CARTESIAN_POINT('',(0.0093046976195781,0.031004999821119,0.03401));
#2104=CARTESIAN_POINT('',(0.009,0.031005,0.03401));
#2105=CARTESIAN_POINT('',(-1.22464679914735E-19,-0.016,0.028));
#2106=CARTESIAN_POINT('',(-1.22464679914735E-19,-0.016,0.03001));
#2107=CARTESIAN_POINT('',(-0.002,-0.016,0.03001));
#2108=CARTESIAN_POINT('',(-1.22464679914735E-19,-0.016,0.03101));
#2109=CARTESIAN_POINT('',(0.002,-0.016,0.03101));
#2110=CARTESIAN_POINT('',(-1.22464679914735E-19,0.016,0.028));
#2111=CARTESIAN_POINT('',(-1.22464679914735E-19,0.016,0.03001));
#2112=CARTESIAN_POINT('',(-0.002,0.016,0.03001));
#2113=CARTESIAN_POINT('',(-1.22464679914735E-19,0.016,0.03101));
#2114=CARTESIAN_POINT('',(0.002,0.016,0.03101));
#2115=CARTESIAN_POINT('',(0.,2.17374806848655E-18,0.028));
#2116=CARTESIAN_POINT('',(0.,2.17374806848655E-18,0.03201));
#2117=CARTESIAN_POINT('',(0.0025,2.17374806848655E-18,0.03201));
#2118=CARTESIAN_POINT('',(0.,2.17374806848655E-18,0.03001));
#2119=CARTESIAN_POINT('',(-0.0025,2.17374806848655E-18,0.03001));
#2120=CARTESIAN_POINT('',(0.,2.02066721859313E-18,0.053));
#2121=CARTESIAN_POINT('',(-0.0160285714285714,0.0288458818197535,0.053));
#2122=CARTESIAN_POINT('',(-0.0160285714285714,0.0288458818197535,0.03201));
#2123=CARTESIAN_POINT('',(-0.0160285714285714,0.0288458818197535,0.002));
#2124=CARTESIAN_POINT('',(0.,2.02066721859313E-18,0.002));
#2125=CARTESIAN_POINT('',(0.0160285714285714,0.0288458818197535,0.002));
#2126=CARTESIAN_POINT('',(0.0160285714285714,0.0288458818197535,0.053));
#2127=CARTESIAN_POINT('',(0.0160285714285714,0.0288458818197535,0.03201));
#2128=CARTESIAN_POINT('',(0.,2.02066721859313E-18,0.03201));
#2129=CARTESIAN_POINT('',(0.,-1.83727636042081E-18,0.05001));
#2130=CARTESIAN_POINT('',(0.,-1.83727636042081E-18,0.03001));
#2131=CARTESIAN_POINT('',(-0.030005,-1.83727636042081E-18,0.03001));
#2132=CARTESIAN_POINT('',(-2.42861286636753E-17,0.142,-2.000000000002E-6));
#2133=CARTESIAN_POINT('',(0.013,0.142,0.));
#2134=CARTESIAN_POINT('',(0.013,0.142,0.03201));
#2135=CARTESIAN_POINT('',(0.013,0.142,0.002));
#2136=CARTESIAN_POINT('',(-2.42861286636753E-17,0.142,0.002));
#2137=CARTESIAN_POINT('',(-0.013,0.142,0.002));
#2138=CARTESIAN_POINT('',(-0.013,0.142,-2.000000000002E-6));
#2139=CARTESIAN_POINT('',(-0.013,0.142,0.03201));
#2140=CARTESIAN_POINT('',(0.013,0.142,0.03201));
#2141=CARTESIAN_POINT('',(-0.01205,0.142,0.03201));
#2142=CARTESIAN_POINT('',(-0.01205,0.142,0.0189));
#2143=CARTESIAN_POINT('',(-0.01205,0.142,0.0169));
#2144=CARTESIAN_POINT('',(-2.42861286636753E-17,0.142,0.0169));
#2145=CARTESIAN_POINT('',(0.01205,0.142,0.0169));
#2146=CARTESIAN_POINT('',(0.01205,0.142,-2.000000000002E-6));
#2147=CARTESIAN_POINT('',(0.01205,0.142,0.03201));
#2148=CARTESIAN_POINT('',(0.013,0.142,0.03201));
#2149=CARTESIAN_POINT('',(0.015,0.0875,-2.000000000002E-6));
#2150=CARTESIAN_POINT('',(0.015,0.0305941170815567,-2.000000000002E-6));
#2151=CARTESIAN_POINT('',(0.015,0.0305941170815567,0.03201));
#2152=CARTESIAN_POINT('',(0.015,0.0305941170815567,0.002));
#2153=CARTESIAN_POINT('',(0.015,0.14,0.002));
#2154=CARTESIAN_POINT('',(0.015,0.14,0.002));
#2155=CARTESIAN_POINT('',(0.015,0.14,0.053));
#2156=CARTESIAN_POINT('',(0.015,0.14,0.03201));
#2157=CARTESIAN_POINT('',(0.015,0.0875,0.03201));
#2158=CARTESIAN_POINT('',(-0.015,0.0875,-2.000000000002E-6));
#2159=CARTESIAN_POINT('',(-0.015,0.14,-2.000000000002E-6));
#2160=CARTESIAN_POINT('',(-0.015,0.14,0.03201));
#2161=CARTESIAN_POINT('',(-0.015,0.14,0.002));
#2162=CARTESIAN_POINT('',(-0.015,0.0875,0.002));
#2163=CARTESIAN_POINT('',(-0.015,0.0305941170815567,0.002));
#2164=CARTESIAN_POINT('',(-0.015,0.0305941170815567,0.053));
#2165=CARTESIAN_POINT('',(-0.015,0.0305941170815567,0.03201));
#2166=CARTESIAN_POINT('',(-0.015,0.14,0.03201));
#2167=CARTESIAN_POINT('',(-0.017,0.0305941170815567,0.053));
#2168=CARTESIAN_POINT('',(-0.017,0.0305941170815567,0.002));
#2169=CARTESIAN_POINT('',(-0.017,0.0305941170815567,0.03201));
#2170=CARTESIAN_POINT('',(0.017,0.0305941170815567,0.053));
#2171=CARTESIAN_POINT('',(0.017,0.0305941170815567,0.002));
#2172=CARTESIAN_POINT('',(0.017,0.0305941170815567,0.03201));
#2173=CARTESIAN_POINT('',(-0.013,0.14,-2.000000000002E-6));
#2174=CARTESIAN_POINT('',(-0.013,0.14,0.002));
#2175=CARTESIAN_POINT('',(-0.013,0.14,0.03201));
#2176=CARTESIAN_POINT('',(0.013,0.14,-2.000000000002E-6));
#2177=CARTESIAN_POINT('',(0.013,0.14,0.002));
#2178=CARTESIAN_POINT('',(0.013,0.14,0.03201));
#2179=CARTESIAN_POINT('',(0.,0.,0.03001));
#2180=CARTESIAN_POINT('',(-1.77573785876366E-19,-0.016,0.03101));
#2181=CARTESIAN_POINT('',(-1.77573785876366E-19,-0.016,0.03201));
#2182=CARTESIAN_POINT('',(0.0029,-0.016,0.03201));
#2183=CARTESIAN_POINT('',(-1.77573785876366E-19,-0.016,0.03101));
#2184=CARTESIAN_POINT('',(0.0029,-0.016,0.03101));
#2185=CARTESIAN_POINT('',(0.,0.0545,0.03101));
#2186=CARTESIAN_POINT('',(-1.77573785876366E-19,0.016,0.03101));
#2187=CARTESIAN_POINT('',(-1.77573785876366E-19,0.016,0.03201));
#2188=CARTESIAN_POINT('',(0.0029,0.016,0.03201));
#2189=CARTESIAN_POINT('',(-1.77573785876366E-19,0.016,0.03101));
#2190=CARTESIAN_POINT('',(0.0029,0.016,0.03101));
#2191=CARTESIAN_POINT('',(0.,0.0545,0.03101));
#2192=CARTESIAN_POINT('',(0.,0.0545,0.003));
#2193=CARTESIAN_POINT('',(-1.04083408558608E-17,0.08425,0.003));
#2194=CARTESIAN_POINT('',(0.01015,0.08425,0.003));
#2195=CARTESIAN_POINT('',(0.00663630681719537,0.08425,0.003));
#2196=CARTESIAN_POINT('',(0.005,0.087,0.003));
#2197=CARTESIAN_POINT('',(0.00336369318280462,0.08425,0.003));
#2198=CARTESIAN_POINT('',(-1.04083408558608E-17,0.08425,0.003));
#2199=CARTESIAN_POINT('',(-0.00336369318280463,0.08425,0.003));
#2200=CARTESIAN_POINT('',(-0.005,0.087,0.003));
#2201=CARTESIAN_POINT('',(-0.00663630681719537,0.08425,0.003));
#2202=CARTESIAN_POINT('',(-1.04083408558608E-17,0.08425,0.003));
#2203=CARTESIAN_POINT('',(-0.01015,0.08425,0.003));
#2204=CARTESIAN_POINT('',(-0.01015,0.088125,0.003));
#2205=CARTESIAN_POINT('',(-0.01015,0.0916,0.003));
#2206=CARTESIAN_POINT('',(-6.93889390390723E-18,0.0916,0.003));
#2207=CARTESIAN_POINT('',(0.01015,0.0916,0.003));
#2208=CARTESIAN_POINT('',(0.01015,0.088125,0.003));
#2209=CARTESIAN_POINT('',(-0.005,0.087,0.004));
#2210=CARTESIAN_POINT('',(-0.005,0.087,0.004));
#2211=CARTESIAN_POINT('',(-0.0072,0.087,0.004));
#2212=CARTESIAN_POINT('',(-0.005,0.087,0.0071));
#2213=CARTESIAN_POINT('',(-0.0072,0.087,0.0071));
#2214=CARTESIAN_POINT('',(-1.7347234759768E-18,0.1119,0.0071));
#2215=CARTESIAN_POINT('',(-0.005,0.1365,0.004));
#2216=CARTESIAN_POINT('',(-0.005,0.1365,0.004));
#2217=CARTESIAN_POINT('',(-0.0072,0.1365,0.004));
#2218=CARTESIAN_POINT('',(-0.005,0.1365,0.0071));
#2219=CARTESIAN_POINT('',(-0.0072,0.1365,0.0071));
#2220=CARTESIAN_POINT('',(-1.7347234759768E-18,0.1119,0.0071));
#2221=CARTESIAN_POINT('',(0.,0.0545,0.0309));
#2222=CARTESIAN_POINT('',(-6.93889390390723E-18,0.0916,0.0309));
#2223=CARTESIAN_POINT('',(0.01015,0.0916,0.0309));
#2224=CARTESIAN_POINT('',(-0.01015,0.0916,0.0309));
#2225=CARTESIAN_POINT('',(-0.01015,0.11175,0.0309));
#2226=CARTESIAN_POINT('',(-0.01015,0.14,0.0309));
#2227=CARTESIAN_POINT('',(-0.01015,0.14,0.0309));
#2228=CARTESIAN_POINT('',(-0.01005,0.14,0.0309));
#2229=CARTESIAN_POINT('',(0.01005,0.14,0.0309));
#2230=CARTESIAN_POINT('',(0.01005,0.14,0.0309));
#2231=CARTESIAN_POINT('',(0.01015,0.14,0.0309));
#2232=CARTESIAN_POINT('',(0.01015,0.14,0.0309));
#2233=CARTESIAN_POINT('',(0.01015,0.11175,0.0309));
#2234=CARTESIAN_POINT('',(0.005,0.087,0.004));
#2235=CARTESIAN_POINT('',(0.005,0.087,0.004));
#2236=CARTESIAN_POINT('',(0.0028,0.087,0.004));
#2237=CARTESIAN_POINT('',(0.005,0.087,0.0071));
#2238=CARTESIAN_POINT('',(0.0028,0.087,0.0071));
#2239=CARTESIAN_POINT('',(-1.7347234759768E-18,0.1119,0.0071));
#2240=CARTESIAN_POINT('',(0.005,0.1365,0.004));
#2241=CARTESIAN_POINT('',(0.005,0.1365,0.004));
#2242=CARTESIAN_POINT('',(0.0028,0.1365,0.004));
#2243=CARTESIAN_POINT('',(0.005,0.1365,0.0071));
#2244=CARTESIAN_POINT('',(0.0028,0.1365,0.0071));
#2245=CARTESIAN_POINT('',(-1.7347234759768E-18,0.1119,0.0071));
#2246=CARTESIAN_POINT('',(-1.7347234759768E-18,0.1568,0.0189));
#2247=CARTESIAN_POINT('',(-1.7347234759768E-18,0.14,0.0189));
#2248=CARTESIAN_POINT('',(0.01005,0.14,0.0189));
#2249=CARTESIAN_POINT('',(-0.01005,0.14,0.0189));
#2250=CARTESIAN_POINT('',(-0.01015,0.14,0.0189));
#2251=CARTESIAN_POINT('',(-0.01015,0.14,0.0189));
#2252=CARTESIAN_POINT('',(-0.01015,0.1568,0.0189));
#2253=CARTESIAN_POINT('',(-0.01015,0.1319,0.0189));
#2254=CARTESIAN_POINT('',(-1.7347234759768E-18,0.1319,0.0189));
#2255=CARTESIAN_POINT('',(0.01015,0.1319,0.0189));
#2256=CARTESIAN_POINT('',(0.01015,0.1568,0.0189));
#2257=CARTESIAN_POINT('',(0.01015,0.14,0.0189));
#2258=CARTESIAN_POINT('',(0.01015,0.14,0.0189));
#2259=CARTESIAN_POINT('',(-1.77573785876366E-19,0.016,0.03201));
#2260=CARTESIAN_POINT('',(-1.77573785876366E-19,-0.016,0.03201));
#2261=CARTESIAN_POINT('',(0.,2.17374806848655E-18,0.03201));
#2262=CARTESIAN_POINT('',(0.,2.02066721859313E-18,0.03201));
#2263=CARTESIAN_POINT('',(-0.0150571428571429,0.0270976465579502,0.03201));
#2264=CARTESIAN_POINT('',(0.0150571428571429,0.0270976465579502,0.03201));
#2265=CARTESIAN_POINT('',(0.017,0.0305941170815567,0.03201));
#2266=CARTESIAN_POINT('',(0.013,0.0305941170815567,0.03201));
#2267=CARTESIAN_POINT('',(-0.017,0.0305941170815567,0.03201));
#2268=CARTESIAN_POINT('',(-0.013,0.0305941170815567,0.03201));
#2269=CARTESIAN_POINT('',(0.013,2.27582988132737E-18,0.03201));
#2270=CARTESIAN_POINT('',(0.013,0.14,0.03201));
#2271=CARTESIAN_POINT('',(0.013,2.27582988132737E-18,0.03401));
#2272=CARTESIAN_POINT('',(-0.013,0.0875,0.03201));
#2273=CARTESIAN_POINT('',(-0.013,0.0305941170815567,0.03401));
#2274=CARTESIAN_POINT('',(-0.013,0.14,0.03201));
#2275=CARTESIAN_POINT('',(0.013,0.14,0.03201));
#2276=CARTESIAN_POINT('',(0.013,0.14,0.03201));
#2277=CARTESIAN_POINT('',(-0.013,0.14,0.03201));
#2278=CARTESIAN_POINT('',(-0.013,0.14,0.03201));
#2279=CARTESIAN_POINT('',(-0.01205,0.14,-2.000000000002E-6));
#2280=CARTESIAN_POINT('',(-0.01205,0.14,0.0169));
#2281=CARTESIAN_POINT('',(-0.01205,0.14,0.03201));
#2282=CARTESIAN_POINT('',(-0.011605,0.141949865379969,0.032455));
#2283=CARTESIAN_POINT('',(-0.01205,0.14,0.0329));
#2284=CARTESIAN_POINT('',(-0.01005,0.14,0.0309));
#2285=CARTESIAN_POINT('',(-2.42861286636753E-17,0.14,0.03201));
#2286=CARTESIAN_POINT('',(-1.04083408558608E-17,0.141949865379969,0.032455));
#2287=CARTESIAN_POINT('',(0.011605,0.141949865379969,0.032455));
#2288=CARTESIAN_POINT('',(0.01205,0.14,0.03201));
#2289=CARTESIAN_POINT('',(-2.42861286636753E-17,0.14,0.0329));
#2290=CARTESIAN_POINT('',(0.01205,0.14,0.0329));
#2291=CARTESIAN_POINT('',(-2.42861286636753E-17,0.14,0.0169));
#2292=CARTESIAN_POINT('',(0.01205,0.14,0.0169));
#2293=CARTESIAN_POINT('',(0.01205,0.14,0.0128));
#2294=CARTESIAN_POINT('',(0.01005,0.14,0.0128));
#2295=CARTESIAN_POINT('',(-0.017,0.0305941170815567,0.002));
#2296=CARTESIAN_POINT('',(-0.0150571428571429,0.0270976465579502,0.002));
#2297=CARTESIAN_POINT('',(-0.013,0.0305941170815567,0.002));
#2298=CARTESIAN_POINT('',(-0.013,0.0875,0.002));
#2299=CARTESIAN_POINT('',(-0.013,0.14,0.002));
#2300=CARTESIAN_POINT('',(-0.013,0.,0.));
#2301=CARTESIAN_POINT('',(0.,2.02066721859313E-18,0.002));
#2302=CARTESIAN_POINT('',(0.0150571428571429,0.0270976465579502,0.002));
#2303=CARTESIAN_POINT('',(-0.013,0.14,0.002));
#2304=CARTESIAN_POINT('',(-0.013,0.14,0.002));
#2305=CARTESIAN_POINT('',(0.017,0.0305941170815567,0.002));
#2306=CARTESIAN_POINT('',(0.013,0.0305941170815567,0.002));
#2307=CARTESIAN_POINT('',(-2.42861286636753E-17,0.14,0.002));
#2308=CARTESIAN_POINT('',(0.013,0.14,0.002));
#2309=CARTESIAN_POINT('',(0.013,2.27582988132737E-18,0.002));
#2310=CARTESIAN_POINT('',(0.013,0.0305941170815567,0.));
#2311=CARTESIAN_POINT('',(0.013,0.14,0.002));
#2312=CARTESIAN_POINT('',(0.013,0.14,0.002));
#2313=CARTESIAN_POINT('',(-0.010525,0.08145,0.05));
#2314=CARTESIAN_POINT('',(-0.009,0.08145,0.0320099999999987));
#2315=CARTESIAN_POINT('',(-0.009,0.08145,0.0220066666666657));
#2316=CARTESIAN_POINT('',(-0.009,0.08145,0.0120033333333327));
#2317=CARTESIAN_POINT('',(-0.009,0.08145,0.0019999999999997));
#2318=CARTESIAN_POINT('',(-0.009,0.08145,0.0320099999999987));
#2319=CARTESIAN_POINT('',(-0.009,0.08145,0.0019999999999997));
#2320=CARTESIAN_POINT('',(-0.009,0.08145,0.002));
#2321=CARTESIAN_POINT('',(-0.003,0.08145,0.002));
#2322=CARTESIAN_POINT('',(0.003,0.08145,0.002));
#2323=CARTESIAN_POINT('',(0.009,0.08145,0.002));
#2324=CARTESIAN_POINT('',(0.009,0.08145,0.00199999999999956));
#2325=CARTESIAN_POINT('',(0.009,0.08145,0.00199999999999955));
#2326=CARTESIAN_POINT('',(0.009,0.08145,0.0120033333333304));
#2327=CARTESIAN_POINT('',(0.009,0.08145,0.0220066666666612));
#2328=CARTESIAN_POINT('',(0.009,0.08145,0.032009999999992));
#2329=CARTESIAN_POINT('',(0.009,0.08145,0.032009999999992));
#2330=CARTESIAN_POINT('',(0.009,0.08145,0.03201));
#2331=CARTESIAN_POINT('',(0.003,0.08145,0.03201));
#2332=CARTESIAN_POINT('',(-0.003,0.08145,0.03201));
#2333=CARTESIAN_POINT('',(-0.009,0.08145,0.03201));
#2334=CARTESIAN_POINT('',(0.011,0.0572275,0.05));
#2335=CARTESIAN_POINT('',(0.011,0.07945,0.032009999999996));
#2336=CARTESIAN_POINT('',(0.011,0.07945,0.0220066666666641));
#2337=CARTESIAN_POINT('',(0.011,0.07945,0.0120033333333322));
#2338=CARTESIAN_POINT('',(0.011,0.07945,0.0020000000000003));
#2339=CARTESIAN_POINT('',(0.011,0.07945,0.032009999999996));
#2340=CARTESIAN_POINT('',(0.011,0.07945,0.0020000000000003));
#2341=CARTESIAN_POINT('',(0.011,0.07945,0.002));
#2342=CARTESIAN_POINT('',(0.011,0.064635,0.002));
#2343=CARTESIAN_POINT('',(0.011,0.04982,0.002));
#2344=CARTESIAN_POINT('',(0.011,0.035005,0.002));
#2345=CARTESIAN_POINT('',(0.011,0.035005,0.00199999999999956));
#2346=CARTESIAN_POINT('',(0.011,0.035005,0.00199999999999955));
#2347=CARTESIAN_POINT('',(0.011,0.035005,0.0120033333334605));
#2348=CARTESIAN_POINT('',(0.011,0.035005,0.0220066666669215));
#2349=CARTESIAN_POINT('',(0.011,0.035005,0.0320100000003824));
#2350=CARTESIAN_POINT('',(0.011,0.035005,0.0320100000003824));
#2351=CARTESIAN_POINT('',(0.011,0.035005,0.03201));
#2352=CARTESIAN_POINT('',(0.011,0.04982,0.03201));
#2353=CARTESIAN_POINT('',(0.011,0.064635,0.03201));
#2354=CARTESIAN_POINT('',(0.011,0.07945,0.03201));
#2355=CARTESIAN_POINT('',(-1.90819582357449E-17,0.033005,0.05));
#2356=CARTESIAN_POINT('',(0.00899999999999998,0.033005,0.032009999999996));
#2357=CARTESIAN_POINT('',(0.00899999999999998,0.033005,0.0220066666666637));
#2358=CARTESIAN_POINT('',(0.00899999999999998,0.033005,0.0120033333333314));
#2359=CARTESIAN_POINT('',(0.00899999999999998,0.033005,0.00199999999999911));
#2360=CARTESIAN_POINT('',(0.009,0.033005,0.032009999999996));
#2361=CARTESIAN_POINT('',(0.009,0.033005,0.00199999999999912));
#2362=CARTESIAN_POINT('',(0.00899999999999998,0.033005,0.002));
#2363=CARTESIAN_POINT('',(0.00299999999999998,0.033005,0.002));
#2364=CARTESIAN_POINT('',(-0.00300000000000002,0.033005,0.002));
#2365=CARTESIAN_POINT('',(-0.00900000000000002,0.033005,0.002));
#2366=CARTESIAN_POINT('',(-0.009,0.033005,0.00199999999999986));
#2367=CARTESIAN_POINT('',(-0.00900000000000002,0.033005,0.00199999999999986));
#2368=CARTESIAN_POINT('',(-0.00900000000000002,0.033005,0.0120033333333324));
#2369=CARTESIAN_POINT('',(-0.00900000000000002,0.033005,0.0220066666666649));
#2370=CARTESIAN_POINT('',(-0.00900000000000002,0.033005,0.0320099999999974));
#2371=CARTESIAN_POINT('',(-0.009,0.033005,0.0320099999999974));
#2372=CARTESIAN_POINT('',(-0.00900000000000002,0.033005,0.03201));
#2373=CARTESIAN_POINT('',(-0.00300000000000002,0.033005,0.03201));
#2374=CARTESIAN_POINT('',(0.00299999999999998,0.033005,0.03201));
#2375=CARTESIAN_POINT('',(0.00899999999999998,0.033005,0.03201));
#2376=CARTESIAN_POINT('',(-0.011,0.0572275,0.05));
#2377=CARTESIAN_POINT('',(-0.011,0.035005,0.0320099999999987));
#2378=CARTESIAN_POINT('',(-0.011,0.035005,0.0220066666666657));
#2379=CARTESIAN_POINT('',(-0.011,0.035005,0.0120033333333327));
#2380=CARTESIAN_POINT('',(-0.011,0.035005,0.0019999999999997));
#2381=CARTESIAN_POINT('',(-0.011,0.035005,0.0320099999999987));
#2382=CARTESIAN_POINT('',(-0.011,0.035005,0.0019999999999997));
#2383=CARTESIAN_POINT('',(-0.011,0.035005,0.002));
#2384=CARTESIAN_POINT('',(-0.011,0.04982,0.002));
#2385=CARTESIAN_POINT('',(-0.011,0.064635,0.002));
#2386=CARTESIAN_POINT('',(-0.011,0.07945,0.002));
#2387=CARTESIAN_POINT('',(-0.011,0.07945,0.00199999999999984));
#2388=CARTESIAN_POINT('',(-0.011,0.07945,0.00199999999999984));
#2389=CARTESIAN_POINT('',(-0.011,0.07945,0.0120033333333324));
#2390=CARTESIAN_POINT('',(-0.011,0.07945,0.0220066666666649));
#2391=CARTESIAN_POINT('',(-0.011,0.07945,0.0320099999999974));
#2392=CARTESIAN_POINT('',(-0.011,0.07945,0.0320099999999974));
#2393=CARTESIAN_POINT('',(-0.011,0.07945,0.03201));
#2394=CARTESIAN_POINT('',(-0.011,0.064635,0.03201));
#2395=CARTESIAN_POINT('',(-0.011,0.04982,0.03201));
#2396=CARTESIAN_POINT('',(-0.011,0.035005,0.03201));
#2397=CARTESIAN_POINT('',(-6.93889390390723E-18,0.0916,0.0407));
#2398=CARTESIAN_POINT('',(0.01015,0.0916,0.0407));
#2399=CARTESIAN_POINT('',(-0.01015,0.0916,0.0407));
#2400=CARTESIAN_POINT('',(-3.46944695195361E-18,0.1319,0.0407));
#2401=CARTESIAN_POINT('',(-0.01015,0.1319,0.0407));
#2402=CARTESIAN_POINT('',(0.01015,0.1319,0.0407));
#2403=CARTESIAN_POINT('',(-0.01015,0.14,0.0309));
#2404=CARTESIAN_POINT('',(-0.01015,0.14,0.0309));
#2405=CARTESIAN_POINT('',(-0.01015,0.135375,0.0128));
#2406=CARTESIAN_POINT('',(-0.01015,0.08425,0.0128));
#2407=CARTESIAN_POINT('',(-0.01015,0.13925,0.0128));
#2408=CARTESIAN_POINT('',(0.01015,0.14,0.0128));
#2409=CARTESIAN_POINT('',(0.01015,0.14,0.0128));
#2410=CARTESIAN_POINT('',(0.01015,0.135375,0.0128));
#2411=CARTESIAN_POINT('',(0.01015,0.13925,0.0128));
#2412=CARTESIAN_POINT('',(0.01015,0.08425,0.0128));
#2413=CARTESIAN_POINT('',(-1.04083408558608E-17,0.08425,0.0128));
#2414=CARTESIAN_POINT('',(-0.00663630681719537,0.08425,0.003));
#2415=CARTESIAN_POINT('',(-0.00609053119689095,0.08425,0.003));
#2416=CARTESIAN_POINT('',(-0.00500608363293921,0.08425,0.00321393984398855));
#2417=CARTESIAN_POINT('',(-0.00391361038120066,0.08425,0.003));
#2418=CARTESIAN_POINT('',(-0.00336369318280463,0.08425,0.003));
#2419=CARTESIAN_POINT('',(0.00336369318280462,0.08425,0.003));
#2420=CARTESIAN_POINT('',(0.00390946880310904,0.08425,0.003));
#2421=CARTESIAN_POINT('',(0.00499391636706079,0.08425,0.00321393984398855));
#2422=CARTESIAN_POINT('',(0.00608638961879934,0.08425,0.003));
#2423=CARTESIAN_POINT('',(0.00663630681719537,0.08425,0.003));
#2424=CARTESIAN_POINT('',(-0.005,0.13925,0.0128));
#2425=CARTESIAN_POINT('',(0.00663630681719535,0.13925,0.003));
#2426=CARTESIAN_POINT('',(0.00609053119689093,0.13925,0.003));
#2427=CARTESIAN_POINT('',(0.0050060836329392,0.13925,0.00321393984398854));
#2428=CARTESIAN_POINT('',(0.00391361038120067,0.13925,0.003));
#2429=CARTESIAN_POINT('',(0.00336369318280465,0.13925,0.003));
#2430=CARTESIAN_POINT('',(-0.00336369318280464,0.13925,0.003));
#2431=CARTESIAN_POINT('',(-0.00390946880310906,0.13925,0.003));
#2432=CARTESIAN_POINT('',(-0.0049939163670608,0.13925,0.00321393984398854));
#2433=CARTESIAN_POINT('',(-0.00608638961879934,0.13925,0.003));
#2434=CARTESIAN_POINT('',(-0.00663630681719536,0.13925,0.003));
#2435=CARTESIAN_POINT('',(0.00899999999999999,0.033005,0.00199999999999911));
#2436=CARTESIAN_POINT('',(0.00899999999999999,0.033005,0.0320100000003824));
#2437=CARTESIAN_POINT('',(0.00929999999999999,0.033005,0.00199999999999911));
#2438=CARTESIAN_POINT('',(0.00929999999999999,0.033005,0.0320100000003824));
#2439=CARTESIAN_POINT('',(0.00959999999999999,0.033005,0.00199999999999911));
#2440=CARTESIAN_POINT('',(0.00959999999999999,0.033005,0.0320100000003824));
#2441=CARTESIAN_POINT('',(0.0103333333333333,0.033205,0.00199999999999911));
#2442=CARTESIAN_POINT('',(0.0103333333333333,0.033205,0.0320100000003824));
#2443=CARTESIAN_POINT('',(0.0108,0.0336716666666666,0.00199999999999911));
#2444=CARTESIAN_POINT('',(0.0108,0.0336716666666666,0.0320100000003824));
#2445=CARTESIAN_POINT('',(0.011,0.034405,0.00199999999999911));
#2446=CARTESIAN_POINT('',(0.011,0.034405,0.0320100000003824));
#2447=CARTESIAN_POINT('',(0.011,0.034705,0.00199999999999911));
#2448=CARTESIAN_POINT('',(0.011,0.034705,0.0320100000003824));
#2449=CARTESIAN_POINT('',(0.011,0.035005,0.00199999999999911));
#2450=CARTESIAN_POINT('',(0.011,0.035005,0.0320100000003824));
#2451=CARTESIAN_POINT('',(0.011,0.035005,0.002));
#2452=CARTESIAN_POINT('',(0.011,0.034755,0.002));
#2453=CARTESIAN_POINT('',(0.0109739583333333,0.0342185416666667,0.002));
#2454=CARTESIAN_POINT('',(0.0105598958333333,0.0334451041666667,0.002));
#2455=CARTESIAN_POINT('',(0.00978645833333333,0.0330310416666667,0.002));
#2456=CARTESIAN_POINT('',(0.00925,0.033005,0.002));
#2457=CARTESIAN_POINT('',(0.009,0.033005,0.002));
#2458=CARTESIAN_POINT('',(0.009,0.033005,0.03201));
#2459=CARTESIAN_POINT('',(0.00925,0.033005,0.03201));
#2460=CARTESIAN_POINT('',(0.00978645833333332,0.0330310416666667,0.03201));
#2461=CARTESIAN_POINT('',(0.0105598958333333,0.0334451041666666,0.03201));
#2462=CARTESIAN_POINT('',(0.0109739583333333,0.0342185416666667,0.03201));
#2463=CARTESIAN_POINT('',(0.011,0.034755,0.03201));
#2464=CARTESIAN_POINT('',(0.011,0.035005,0.03201));
#2465=CARTESIAN_POINT('',(-0.009,0.033005,0.03201));
#2466=CARTESIAN_POINT('',(-0.009,0.033005,0.0019999999999997));
#2467=CARTESIAN_POINT('',(-0.0093,0.033005,0.03201));
#2468=CARTESIAN_POINT('',(-0.0093,0.033005,0.0019999999999997));
#2469=CARTESIAN_POINT('',(-0.0096,0.033005,0.03201));
#2470=CARTESIAN_POINT('',(-0.0096,0.033005,0.0019999999999997));
#2471=CARTESIAN_POINT('',(-0.0103333333333333,0.033205,0.03201));
#2472=CARTESIAN_POINT('',(-0.0103333333333333,0.033205,0.0019999999999997));
#2473=CARTESIAN_POINT('',(-0.0108,0.0336716666666667,0.03201));
#2474=CARTESIAN_POINT('',(-0.0108,0.0336716666666667,0.0019999999999997));
#2475=CARTESIAN_POINT('',(-0.011,0.034405,0.03201));
#2476=CARTESIAN_POINT('',(-0.011,0.034405,0.0019999999999997));
#2477=CARTESIAN_POINT('',(-0.011,0.034705,0.03201));
#2478=CARTESIAN_POINT('',(-0.011,0.034705,0.0019999999999997));
#2479=CARTESIAN_POINT('',(-0.011,0.035005,0.03201));
#2480=CARTESIAN_POINT('',(-0.011,0.035005,0.0019999999999997));
#2481=CARTESIAN_POINT('',(-0.009,0.033005,0.002));
#2482=CARTESIAN_POINT('',(-0.00925,0.033005,0.002));
#2483=CARTESIAN_POINT('',(-0.00978645833333334,0.0330310416666667,0.002));
#2484=CARTESIAN_POINT('',(-0.0105598958333333,0.0334451041666667,0.002));
#2485=CARTESIAN_POINT('',(-0.0109739583333333,0.0342185416666667,0.002));
#2486=CARTESIAN_POINT('',(-0.011,0.034755,0.002));
#2487=CARTESIAN_POINT('',(-0.011,0.035005,0.002));
#2488=CARTESIAN_POINT('',(-0.011,0.035005,0.03201));
#2489=CARTESIAN_POINT('',(-0.011,0.034755,0.03201));
#2490=CARTESIAN_POINT('',(-0.0109739583333333,0.0342185416666667,0.03201));
#2491=CARTESIAN_POINT('',(-0.0105598958333333,0.0334451041666667,0.03201));
#2492=CARTESIAN_POINT('',(-0.00978645833333333,0.0330310416666667,0.03201));
#2493=CARTESIAN_POINT('',(-0.00925,0.033005,0.03201));
#2494=CARTESIAN_POINT('',(-0.009,0.033005,0.03201));
#2495=CARTESIAN_POINT('',(0.011,0.07945,0.00199999999999955));
#2496=CARTESIAN_POINT('',(0.011,0.07945,0.03201));
#2497=CARTESIAN_POINT('',(0.011,0.07975,0.00199999999999955));
#2498=CARTESIAN_POINT('',(0.011,0.07975,0.03201));
#2499=CARTESIAN_POINT('',(0.011,0.08005,0.00199999999999955));
#2500=CARTESIAN_POINT('',(0.011,0.08005,0.03201));
#2501=CARTESIAN_POINT('',(0.0108,0.0807833333333334,0.00199999999999955));
#2502=CARTESIAN_POINT('',(0.0108,0.0807833333333334,0.03201));
#2503=CARTESIAN_POINT('',(0.0103333333333333,0.08125,0.00199999999999955));
#2504=CARTESIAN_POINT('',(0.0103333333333333,0.08125,0.03201));
#2505=CARTESIAN_POINT('',(0.0096,0.08145,0.00199999999999955));
#2506=CARTESIAN_POINT('',(0.0096,0.08145,0.03201));
#2507=CARTESIAN_POINT('',(0.0093,0.08145,0.00199999999999955));
#2508=CARTESIAN_POINT('',(0.0093,0.08145,0.03201));
#2509=CARTESIAN_POINT('',(0.009,0.08145,0.00199999999999955));
#2510=CARTESIAN_POINT('',(0.009,0.08145,0.03201));
#2511=CARTESIAN_POINT('',(0.009,0.08145,0.002));
#2512=CARTESIAN_POINT('',(0.00925,0.08145,0.002));
#2513=CARTESIAN_POINT('',(0.00978645833333332,0.0814239583333333,0.002));
#2514=CARTESIAN_POINT('',(0.0105598958333333,0.0810098958333334,0.002));
#2515=CARTESIAN_POINT('',(0.0109739583333333,0.0802364583333334,0.002));
#2516=CARTESIAN_POINT('',(0.011,0.0797,0.002));
#2517=CARTESIAN_POINT('',(0.011,0.07945,0.002));
#2518=CARTESIAN_POINT('',(0.011,0.07945,0.03201));
#2519=CARTESIAN_POINT('',(0.011,0.0797,0.03201));
#2520=CARTESIAN_POINT('',(0.0109739583333333,0.0802364583333334,0.03201));
#2521=CARTESIAN_POINT('',(0.0105598958333333,0.0810098958333335,0.03201));
#2522=CARTESIAN_POINT('',(0.00978645833333332,0.0814239583333333,0.03201));
#2523=CARTESIAN_POINT('',(0.00925,0.08145,0.03201));
#2524=CARTESIAN_POINT('',(0.009,0.08145,0.03201));
#2525=CARTESIAN_POINT('',(-0.011,0.07945,0.03201));
#2526=CARTESIAN_POINT('',(-0.011,0.07945,0.0019999999999997));
#2527=CARTESIAN_POINT('',(-0.011,0.07975,0.03201));
#2528=CARTESIAN_POINT('',(-0.011,0.07975,0.0019999999999997));
#2529=CARTESIAN_POINT('',(-0.011,0.08005,0.03201));
#2530=CARTESIAN_POINT('',(-0.011,0.08005,0.0019999999999997));
#2531=CARTESIAN_POINT('',(-0.0108,0.0807833333333334,0.03201));
#2532=CARTESIAN_POINT('',(-0.0108,0.0807833333333334,0.0019999999999997));
#2533=CARTESIAN_POINT('',(-0.0103333333333334,0.08125,0.03201));
#2534=CARTESIAN_POINT('',(-0.0103333333333334,0.08125,0.0019999999999997));
#2535=CARTESIAN_POINT('',(-0.0096,0.08145,0.03201));
#2536=CARTESIAN_POINT('',(-0.0096,0.08145,0.0019999999999997));
#2537=CARTESIAN_POINT('',(-0.0093,0.08145,0.03201));
#2538=CARTESIAN_POINT('',(-0.0093,0.08145,0.0019999999999997));
#2539=CARTESIAN_POINT('',(-0.009,0.08145,0.03201));
#2540=CARTESIAN_POINT('',(-0.009,0.08145,0.0019999999999997));
#2541=CARTESIAN_POINT('',(-0.011,0.07945,0.002));
#2542=CARTESIAN_POINT('',(-0.011,0.0797,0.002));
#2543=CARTESIAN_POINT('',(-0.0109739583333333,0.0802364583333333,0.002));
#2544=CARTESIAN_POINT('',(-0.0105598958333334,0.0810098958333333,0.002));
#2545=CARTESIAN_POINT('',(-0.00978645833333335,0.0814239583333334,0.002));
#2546=CARTESIAN_POINT('',(-0.00925,0.08145,0.002));
#2547=CARTESIAN_POINT('',(-0.009,0.08145,0.002));
#2548=CARTESIAN_POINT('',(-0.009,0.08145,0.03201));
#2549=CARTESIAN_POINT('',(-0.00925,0.08145,0.03201));
#2550=CARTESIAN_POINT('',(-0.00978645833333334,0.0814239583333333,0.03201));
#2551=CARTESIAN_POINT('',(-0.0105598958333334,0.0810098958333334,0.03201));
#2552=CARTESIAN_POINT('',(-0.0109739583333333,0.0802364583333334,0.03201));
#2553=CARTESIAN_POINT('',(-0.011,0.0797,0.03201));
#2554=CARTESIAN_POINT('',(-0.011,0.07945,0.03201));
#2555=CARTESIAN_POINT('',(-0.011,0.035005,0.00200000000000001));
#2556=CARTESIAN_POINT('',(-0.011,0.07945,0.00200000000000001));
#2557=CARTESIAN_POINT('',(-0.0109999999999952,0.035005,0.00170000000000001));
#2558=CARTESIAN_POINT('',(-0.0109999999999952,0.07945,0.00170000000000001));
#2559=CARTESIAN_POINT('',(-0.0109999999999952,0.035005,0.00140000000000001));
#2560=CARTESIAN_POINT('',(-0.0109999999999952,0.07945,0.00140000000000001));
#2561=CARTESIAN_POINT('',(-0.0112000000000048,0.035005,0.000666666666663663));
#2562=CARTESIAN_POINT('',(-0.0112000000000048,0.07945,0.000666666666663663));
#2563=CARTESIAN_POINT('',(-0.0116666666666667,0.035005,0.000199999999996992));
#2564=CARTESIAN_POINT('',(-0.0116666666666667,0.07945,0.000199999999996992));
#2565=CARTESIAN_POINT('',(-0.0124,0.035005,-3.34284149297779E-15));
#2566=CARTESIAN_POINT('',(-0.0124,0.07945,-3.34284149297779E-15));
#2567=CARTESIAN_POINT('',(-0.0127,0.035005,-3.61405241670526E-15));
#2568=CARTESIAN_POINT('',(-0.0127,0.07945,-3.61405241670526E-15));
#2569=CARTESIAN_POINT('',(-0.013,0.035005,-8.02480841045674E-30));
#2570=CARTESIAN_POINT('',(-0.013,0.07945,-8.02480841045674E-30));
#2571=CARTESIAN_POINT('',(-0.011,0.035005,0.002));
#2572=CARTESIAN_POINT('',(-0.010999999999996,0.035005,0.00175));
#2573=CARTESIAN_POINT('',(-0.0110260416666642,0.035005,0.00121354166666597));
#2574=CARTESIAN_POINT('',(-0.0114401041666692,0.035005,0.000440104166663645));
#2575=CARTESIAN_POINT('',(-0.0122135416666663,0.035005,2.60416666633885E-5));
#2576=CARTESIAN_POINT('',(-0.01275,0.035005,-3.01171034725439E-15));
#2577=CARTESIAN_POINT('',(-0.013,0.035005,0.));
#2578=CARTESIAN_POINT('',(-0.013,0.07945,0.));
#2579=CARTESIAN_POINT('',(-0.01275,0.07945,-3.01171034725439E-15));
#2580=CARTESIAN_POINT('',(-0.0122135416666663,0.07945,2.60416666633898E-5));
#2581=CARTESIAN_POINT('',(-0.0114401041666692,0.07945,0.000440104166663648));
#2582=CARTESIAN_POINT('',(-0.0110260416666642,0.07945,0.00121354166666598));
#2583=CARTESIAN_POINT('',(-0.010999999999996,0.07945,0.00175));
#2584=CARTESIAN_POINT('',(-0.011,0.07945,0.002));
#2585=CARTESIAN_POINT('',(-0.009,0.08345,-3.46944695195361E-18));
#2586=CARTESIAN_POINT('',(-0.00913365075937934,0.0834500000784663,-3.46944695195361E-18));
#2587=CARTESIAN_POINT('',(-0.0094004725035027,0.083446702558005,-3.46941632815674E-18));
#2588=CARTESIAN_POINT('',(-0.00979598797374896,0.0834067790957103,-3.46955413524269E-18));
#2589=CARTESIAN_POINT('',(-0.0101859629866274,0.0833302989186078,-3.46904884259419E-18));
#2590=CARTESIAN_POINT('',(-0.010443384706375,0.0832524537845025,-3.47030441826622E-18));
#2591=CARTESIAN_POINT('',(-0.0108214461569759,0.0831169442729327,-3.4677320193284E-18));
#2592=CARTESIAN_POINT('',(-0.0110608228965891,0.0830023027536517,-3.45246911896402E-18));
#2593=CARTESIAN_POINT('',(-0.0115118919416446,0.0827208973302095,-3.48642478494321E-18));
#2594=CARTESIAN_POINT('',(-0.0119360376413665,0.0823870946276279,-3.5879046980882E-18));
#2595=CARTESIAN_POINT('',(-0.0122673182835354,0.0819673332236181,-3.21555362669484E-18));
#2596=CARTESIAN_POINT('',(-0.012549005328461,0.081516413205919,-3.72334027721239E-18));
#2597=CARTESIAN_POINT('',(-0.0126650702298512,0.0812752891804972,-4.24855849457573E-18));
#2598=CARTESIAN_POINT('',(-0.0128010667880006,0.0808979221864411,-3.07989118064254E-18));
#2599=CARTESIAN_POINT('',(-0.0128789854515826,0.0806413289794146,-2.07047468015487E-18));
#2600=CARTESIAN_POINT('',(-0.01295661456377,0.0802478423622011,-3.74601313228538E-18));
#2601=CARTESIAN_POINT('',(-0.0129966745447344,0.0798511662225666,-3.76215450242528E-18));
#2602=CARTESIAN_POINT('',(-0.0130000000785738,0.0795838312714239,-4.33680868994202E-18));
#2603=CARTESIAN_POINT('',(-0.013,0.07945,-4.33680868994202E-18));
#2604=CARTESIAN_POINT('',(-0.009,0.0833875,-3.46944695195361E-18));
#2605=CARTESIAN_POINT('',(-0.00913365069866354,0.0833875000784466,-3.24503333164157E-17));
#2606=CARTESIAN_POINT('',(-0.00939690464092624,0.0833842157840973,9.97484145849155E-18));
#2607=CARTESIAN_POINT('',(-0.00978691485637603,0.0833448531374594,-7.05312684181834E-18));
#2608=CARTESIAN_POINT('',(-0.0101708873367434,0.0832695352993847,-2.57901580293992E-18));
#2609=CARTESIAN_POINT('',(-0.0104242694519351,0.0831929107506819,-3.15799970640906E-18));
#2610=CARTESIAN_POINT('',(-0.0107962994764554,0.0830595662312944,-4.03737049389585E-18));
#2611=CARTESIAN_POINT('',(-0.0110317101496535,0.0829467962583772,-3.58179161738866E-18));
#2612=CARTESIAN_POINT('',(-0.0114749764998855,0.0826702658101565,-3.29983196201604E-18));
#2613=CARTESIAN_POINT('',(-0.011891441912137,0.0823424768721687,-4.06961146210217E-18));
#2614=CARTESIAN_POINT('',(-0.0122167495566941,0.0819303225488063,-2.43873292159408E-18));
#2615=CARTESIAN_POINT('',(-0.0124935548033897,0.0814872051656731,-4.50016098231317E-18));
#2616=CARTESIAN_POINT('',(-0.0126077229622801,0.0812500789297305,-6.44232397684452E-18));
#2617=CARTESIAN_POINT('',(-0.0127415455099634,0.0808787354885272,-1.90651154750772E-18));
#2618=CARTESIAN_POINT('',(-0.0128182421420181,0.0806261702015219,1.26362153799036E-18));
#2619=CARTESIAN_POINT('',(-0.0128946908597154,0.0802387423417618,-1.71754193454955E-17));
#2620=CARTESIAN_POINT('',(-0.0129341880950723,0.0798475892560156,4.6621374132272E-17));
#2621=CARTESIAN_POINT('',(-0.0129375000785544,0.0795838312106277,-1.13161917801471E-16));
#2622=CARTESIAN_POINT('',(-0.0129375,0.07945,-4.33680868994202E-18));
#2623=CARTESIAN_POINT('',(-0.009,0.0833249254014757,5.08626302048619E-8));
#2624=CARTESIAN_POINT('',(-0.00913365063787526,0.0833249254799026,5.08626301407082E-8));
#2625=CARTESIAN_POINT('',(-0.00939333251983326,0.0833216544274516,5.08626302346668E-8));
#2626=CARTESIAN_POINT('',(-0.00977783090954444,0.0832828532658469,5.08626301969455E-8));
#2627=CARTESIAN_POINT('',(-0.0101557936929197,0.0832086991541404,5.08626302068942E-8));
#2628=CARTESIAN_POINT('',(-0.0104051313819789,0.0831332966477021,5.08626302055431E-8));
#2629=CARTESIAN_POINT('',(-0.0107711227814508,0.0830021197045804,5.08626302035229E-8));
#2630=CARTESIAN_POINT('',(-0.0110025626544305,0.0828912235118604,5.08626302045609E-8));
#2631=CARTESIAN_POINT('',(-0.0114380169967267,0.0826195738575165,5.0862630205323E-8));
#2632=CARTESIAN_POINT('',(-0.011846792954498,0.0822978058620101,5.08626302038188E-8));
#2633=CARTESIAN_POINT('',(-0.0121661204722144,0.0818932676989269,5.08626302064065E-8));
#2634=CARTESIAN_POINT('',(-0.0124380380938809,0.0814579622634,5.08626302032867E-8));
#2635=CARTESIAN_POINT('',(-0.0125503072463645,0.0812248385886035,5.08626302003511E-8));
#2636=CARTESIAN_POINT('',(-0.012681953188734,0.0808595258898236,5.08626302072732E-8));
#2637=CARTESIAN_POINT('',(-0.0127574263306735,0.0806109933304697,5.08626302119665E-8));
#2638=CARTESIAN_POINT('',(-0.0128326932449897,0.0802296314597529,5.08626301815745E-8));
#2639=CARTESIAN_POINT('',(-0.0128716270630594,0.0798440080200819,5.0862630291019E-8));
#2640=CARTESIAN_POINT('',(-0.0128749254800107,0.079583831149759,5.08626300172199E-8));
#2641=CARTESIAN_POINT('',(-0.0128749254014757,0.07945,5.08626302039918E-8));
#2642=CARTESIAN_POINT('',(-0.009,0.0831979383680556,3.54003906249648E-6));
#2643=CARTESIAN_POINT('',(-0.00913365051451335,0.0831979384464426,3.54003906237383E-6));
#2644=CARTESIAN_POINT('',(-0.0093860833632855,0.0831946942667069,3.54003906255361E-6));
#2645=CARTESIAN_POINT('',(-0.00975939621739946,0.0831570325661673,3.54003906248138E-6));
#2646=CARTESIAN_POINT('',(-0.0101251631000295,0.0830852400862201,3.54003906250066E-6));
#2647=CARTESIAN_POINT('',(-0.0103662931507088,0.0830123175560909,3.54003906249787E-6));
#2648=CARTESIAN_POINT('',(-0.0107200299436963,0.0828855394279227,3.54003906249376E-6));
#2649=CARTESIAN_POINT('',(-0.0109434115925414,0.0827784458291329,3.54003906249586E-6));
#2650=CARTESIAN_POINT('',(-0.0113630124777445,0.0825167011130511,3.5400390624975E-6));
#2651=CARTESIAN_POINT('',(-0.011756183684769,0.0822071518395521,3.54003906249472E-6));
#2652=CARTESIAN_POINT('',(-0.0120633753105279,0.0818180696861392,3.54003906249883E-6));
#2653=CARTESIAN_POINT('',(-0.0123253741309946,0.0813986175852745,3.54003906249415E-6));
#2654=CARTESIAN_POINT('',(-0.0124337894962269,0.0811736165892972,3.54003906248973E-6));
#2655=CARTESIAN_POINT('',(-0.0125610183003607,0.0808205425002362,3.54003906250026E-6));
#2656=CARTESIAN_POINT('',(-0.0126340085277661,0.0805801938387116,3.54003906250724E-6));
#2657=CARTESIAN_POINT('',(-0.0127068771253691,0.0802111421061586,3.54003906245856E-6));
#2658=CARTESIAN_POINT('',(-0.0127446675611148,0.0798367403661467,3.54003906263812E-6));
#2659=CARTESIAN_POINT('',(-0.0127479384465511,0.0795838310262337,3.54003906218899E-6));
#2660=CARTESIAN_POINT('',(-0.0127479383680556,0.07945,3.54003906249564E-6));
#2661=CARTESIAN_POINT('',(-0.009,0.0831335394965278,6.97157118055199E-6));
#2662=CARTESIAN_POINT('',(-0.00913365045195287,0.0831335395748947,6.97157118040581E-6));
#2663=CARTESIAN_POINT('',(-0.00938240710210646,0.0831303090231057,6.97157118062018E-6));
#2664=CARTESIAN_POINT('',(-0.00975004744107857,0.0830932251768932,6.97157118053401E-6));
#2665=CARTESIAN_POINT('',(-0.0101096294225883,0.0830226303500935,6.97157118055718E-6));
#2666=CARTESIAN_POINT('',(-0.0103465971376705,0.0829509654891248,6.97157118055371E-6));
#2667=CARTESIAN_POINT('',(-0.0106941192581254,0.0828264181298111,6.97157118054866E-6));
#2668=CARTESIAN_POINT('',(-0.0109134143437458,0.0827212529386026,6.97157118055123E-6));
#2669=CARTESIAN_POINT('',(-0.0113249754730847,0.0824645313089687,6.97157118055328E-6));
#2670=CARTESIAN_POINT('',(-0.0117102330505716,0.0821611785099253,6.97157118054995E-6));
#2671=CARTESIAN_POINT('',(-0.012011270207437,0.0817799345550613,6.97157118055462E-6));
#2672=CARTESIAN_POINT('',(-0.0122682389111512,0.0813685221479726,6.97157118054945E-6));
#2673=CARTESIAN_POINT('',(-0.0123746999071585,0.0811476404020923,6.97157118054453E-6));
#2674=CARTESIAN_POINT('',(-0.0124996886501608,0.0808007728731322,6.97157118055629E-6));
#2675=CARTESIAN_POINT('',(-0.012571419718345,0.0805645745076709,6.97157118056404E-6));
#2676=CARTESIAN_POINT('',(-0.0126430720587781,0.080201765609404,6.97157118050902E-6));
#2677=CARTESIAN_POINT('',(-0.0126802826516106,0.0798330547243967,6.97157118071301E-6));
#2678=CARTESIAN_POINT('',(-0.0126835395750033,0.0795838309635903,6.97157118020265E-6));
#2679=CARTESIAN_POINT('',(-0.0126835394965278,0.07945,6.97157118055119E-6));
#2680=CARTESIAN_POINT('',(-0.009,0.0829374131944444,2.56076388888851E-5));
#2681=CARTESIAN_POINT('',(-0.0091336502614254,0.0829374132727504,2.56076388886937E-5));
#2682=CARTESIAN_POINT('',(-0.00937121107501108,0.082934224224775,2.56076388889748E-5));
#2683=CARTESIAN_POINT('',(-0.00972157580973904,0.0828989002297779,2.56076388888616E-5));
#2684=CARTESIAN_POINT('',(-0.0100623217191764,0.0828319528470625,2.56076388888928E-5));
#2685=CARTESIAN_POINT('',(-0.0102866130710039,0.0827641182085161,2.56076388888877E-5));
#2686=CARTESIAN_POINT('',(-0.010615208450763,0.0826463646397743,2.56076388888805E-5));
#2687=CARTESIAN_POINT('',(-0.0108220579373462,0.0825470724000456,2.56076388888841E-5));
#2688=CARTESIAN_POINT('',(-0.0112091340477727,0.0823056485442189,2.56076388888871E-5));
#2689=CARTESIAN_POINT('',(-0.0115702907231716,0.0820211670637578,2.56076388888825E-5));
#2690=CARTESIAN_POINT('',(-0.0118525844890939,0.0816637942864461,2.56076388888885E-5));
#2691=CARTESIAN_POINT('',(-0.0120942340082582,0.0812768667091802,2.56076388888823E-5));
#2692=CARTESIAN_POINT('',(-0.0121947429867857,0.0810685301099726,2.56076388888763E-5));
#2693=CARTESIAN_POINT('',(-0.0123129096396532,0.0807405646153554,2.56076388888908E-5));
#2694=CARTESIAN_POINT('',(-0.012380805947446,0.0805170059468355,2.56076388889002E-5));
#2695=CARTESIAN_POINT('',(-0.0124487541853774,0.0801732095556817,2.56076388888306E-5));
#2696=CARTESIAN_POINT('',(-0.0124841988707702,0.0798218301288397,2.56076388890911E-5));
#2697=CARTESIAN_POINT('',(-0.012487413272859,0.0795838307728104,2.5607638888439E-5));
#2698=CARTESIAN_POINT('',(-0.0124874131944444,0.07945,2.56076388888845E-5));
#2699=CARTESIAN_POINT('',(-0.009,0.0828024305555556,4.94791666666627E-5));
#2700=CARTESIAN_POINT('',(-0.00913365013029612,0.08280243063382,4.94791666664773E-5));
#2701=CARTESIAN_POINT('',(-0.00936350548291888,0.0827992701505711,4.94791666667501E-5));
#2702=CARTESIAN_POINT('',(-0.0097019803965239,0.0827651573616112,4.947916666664E-5));
#2703=CARTESIAN_POINT('',(-0.0100297625031077,0.0827007203083236,4.94791666666713E-5));
#2704=CARTESIAN_POINT('',(-0.0102453294312067,0.0826355217951954,4.94791666666657E-5));
#2705=CARTESIAN_POINT('',(-0.0105608986060279,0.0825224440081805,4.94791666666579E-5));
#2706=CARTESIAN_POINT('',(-0.0107591824908394,0.0824271937887235,4.94791666666617E-5));
#2707=CARTESIAN_POINT('',(-0.0111294069478624,0.0821962985252154,4.94791666666648E-5));
#2708=CARTESIAN_POINT('',(-0.0114739763357385,0.0819248051057869,4.947916666666E-5));
#2709=CARTESIAN_POINT('',(-0.0117433700859853,0.0815838615095955,4.94791666666665E-5));
#2710=CARTESIAN_POINT('',(-0.0119744762770278,0.0812137854555936,4.947916666666E-5));
#2711=CARTESIAN_POINT('',(-0.0120708888186288,0.0810140829711639,4.94791666666538E-5));
#2712=CARTESIAN_POINT('',(-0.012184360212781,0.0806991266774997,4.94791666666689E-5));
#2713=CARTESIAN_POINT('',(-0.0122496172719283,0.0804842671973587,4.94791666666787E-5));
#2714=CARTESIAN_POINT('',(-0.0123150161856482,0.0801535560393162,4.9479166666605E-5));
#2715=CARTESIAN_POINT('',(-0.0123492454968474,0.0798141048746916,4.94791666668821E-5));
#2716=CARTESIAN_POINT('',(-0.0123524306339281,0.0795838306415073,4.94791666661879E-5));
#2717=CARTESIAN_POINT('',(-0.0123524305555556,0.07945,4.94791666666623E-5));
#2718=CARTESIAN_POINT('',(-0.009,0.0825350694444444,0.000127604166666662));
#2719=CARTESIAN_POINT('',(-0.00913364987056737,0.082535069522627,0.00012760416666648));
#2720=CARTESIAN_POINT('',(-0.00934824295967518,0.0825319656177424,0.000127604166666749));
#2721=CARTESIAN_POINT('',(-0.00966316761665081,0.0825002518735383,0.00012760416666664));
#2722=CARTESIAN_POINT('',(-0.0099652722230486,0.0824407870483135,0.000127604166666672));
#2723=CARTESIAN_POINT('',(-0.0101635586205475,0.0823808099282965,0.000127604166666666));
#2724=CARTESIAN_POINT('',(-0.0104533266949127,0.0822769934967279,0.000127604166666657));
#2725=CARTESIAN_POINT('',(-0.0106346446289481,0.0821897493367156,0.000127604166666662));
#2726=CARTESIAN_POINT('',(-0.0109714908914482,0.0819797081338774,0.000127604166666665));
#2727=CARTESIAN_POINT('',(-0.0112832057162566,0.0817339402629893,0.00012760416666666));
#2728=CARTESIAN_POINT('',(-0.0115270483100531,0.0814255380673449,0.000127604166666667));
#2729=CARTESIAN_POINT('',(-0.0117372712531117,0.0810888399500973,0.00012760416666666));
#2730=CARTESIAN_POINT('',(-0.0118255699517971,0.0809062391206616,0.000127604166666653));
#2731=CARTESIAN_POINT('',(-0.0119297414122882,0.0806170502475346,0.00012760416666667));
#2732=CARTESIAN_POINT('',(-0.0119897708921246,0.0804194213141507,0.00012760416666668));
#2733=CARTESIAN_POINT('',(-0.0120501203405256,0.0801146281741036,0.0001276041666666));
#2734=CARTESIAN_POINT('',(-0.012081942351071,0.0797988034066683,0.000127604166666903));
#2735=CARTESIAN_POINT('',(-0.0120850695227339,0.079583830381434,0.000127604166666142));
#2736=CARTESIAN_POINT('',(-0.0120850694444444,0.07945,0.000127604166666662));
#2737=CARTESIAN_POINT('',(-0.009,0.082403125,0.000181640624999996));
#2738=CARTESIAN_POINT('',(-0.00913364974238954,0.0824031250781424,0.000181640624999804));
#2739=CARTESIAN_POINT('',(-0.00934071080534711,0.0824000490950476,0.000181640625000087));
#2740=CARTESIAN_POINT('',(-0.00964401325775241,0.0823695192950088,0.000181640624999972));
#2741=CARTESIAN_POINT('',(-0.00993344585107139,0.0823125082966202,0.000181640625000006));
#2742=CARTESIAN_POINT('',(-0.0101232041945078,0.0822551079680088,0.000181640625));
#2743=CARTESIAN_POINT('',(-0.0104002392582584,0.0821558620754916,0.00018164062499999));
#2744=CARTESIAN_POINT('',(-0.0105731843854173,0.0820725689578026,0.000181640624999995));
#2745=CARTESIAN_POINT('',(-0.0108935582921789,0.0818728193693209,0.000181640624999998));
#2746=CARTESIAN_POINT('',(-0.0111890591767721,0.0816397472236866,0.000181640624999993));
#2747=CARTESIAN_POINT('',(-0.0114202921089437,0.08134740442052,0.000181640625));
#2748=CARTESIAN_POINT('',(-0.0116202090335168,0.0810271785318004,0.000181640624999993));
#2749=CARTESIAN_POINT('',(-0.0117045034980359,0.0808530174801541,0.000181640624999987));
#2750=CARTESIAN_POINT('',(-0.0118040853808762,0.080576544996383,0.000181640625000003));
#2751=CARTESIAN_POINT('',(-0.0118615350163773,0.0803874194497103,0.000181640625000014));
#2752=CARTESIAN_POINT('',(-0.0119193925208546,0.0800954170198429,0.000181640624999931));
#2753=CARTESIAN_POINT('',(-0.0119500265128957,0.0797912520328387,0.000181640625000243));
#2754=CARTESIAN_POINT('',(-0.0119531250782484,0.0795838302530861,0.00018164062499946));
#2755=CARTESIAN_POINT('',(-0.011953125,0.07945,0.000181640624999996));
#2756=CARTESIAN_POINT('',(-0.009,0.082158984375,0.000319335937499996));
#2757=CARTESIAN_POINT('',(-0.00913364950521841,0.0821589844530679,0.000319335937499688));
#2758=CARTESIAN_POINT('',(-0.00932677384215785,0.0821559601344694,0.00031933593750014));
#2759=CARTESIAN_POINT('',(-0.00960857139301441,0.0821276210205916,0.000319335937499958));
#2760=CARTESIAN_POINT('',(-0.00987455659371226,0.0820751504090298,0.000319335937500009));
#2761=CARTESIAN_POINT('',(-0.0100485352318522,0.0820225179921473,0.000319335937500001));
#2762=CARTESIAN_POINT('',(-0.0103020100374754,0.0819317291003421,0.000319335937499988));
#2763=CARTESIAN_POINT('',(-0.0104594627177,0.0818557467106363,0.000319335937499994));
#2764=CARTESIAN_POINT('',(-0.0107493573478073,0.0816750399941137,0.000319335937499999));
#2765=CARTESIAN_POINT('',(-0.0110148571094693,0.0814654591164242,0.000319335937499993));
#2766=CARTESIAN_POINT('',(-0.0112227580197198,0.0812028314720363,0.000319335937500001));
#2767=CARTESIAN_POINT('',(-0.011403605419957,0.08091308462459,0.000319335937499993));
#2768=CARTESIAN_POINT('',(-0.0114804907340865,0.0807545399380965,0.000319335937499986));
#2769=CARTESIAN_POINT('',(-0.011571580388543,0.0805015969576567,0.000319335937500003));
#2770=CARTESIAN_POINT('',(-0.011624256463391,0.0803282054735666,0.000319335937500014));
#2771=CARTESIAN_POINT('',(-0.0116775030518911,0.0800598700650019,0.000319335937499929));
#2772=CARTESIAN_POINT('',(-0.0117059388189035,0.0797772795072492,0.000319335937500253));
#2773=CARTESIAN_POINT('',(-0.0117089844531724,0.0795838300156003,0.000319335937499439));
#2774=CARTESIAN_POINT('',(-0.011708984375,0.07945,0.000319335937499996));
#2775=CARTESIAN_POINT('',(-0.009,0.0820472222222223,0.000402777777777774));
#2776=CARTESIAN_POINT('',(-0.00913364939664675,0.0820472223002559,0.000402777777777353));
#2777=CARTESIAN_POINT('',(-0.00932039381012009,0.0820442216325158,0.000402777777777971));
#2778=CARTESIAN_POINT('',(-0.00959234689493434,0.0820168853660806,0.000402777777777722));
#2779=CARTESIAN_POINT('',(-0.00984759840034341,0.0819664932427106,0.000402777777777789));
#2780=CARTESIAN_POINT('',(-0.0100143534400588,0.0819160434698641,0.000402777777777779));
#2781=CARTESIAN_POINT('',(-0.0102570428830725,0.0818291260050514,0.000402777777777765));
#2782=CARTESIAN_POINT('',(-0.0104074034653672,0.0817564903041557,0.000402777777777772));
#2783=CARTESIAN_POINT('',(-0.0106833453599393,0.0815845009912411,0.000402777777777778));
#2784=CARTESIAN_POINT('',(-0.0109351112742151,0.0813856738939885,0.000402777777777771));
#2785=CARTESIAN_POINT('',(-0.0111323313033196,0.0811366491889527,0.000402777777777779));
#2786=CARTESIAN_POINT('',(-0.011304449099083,0.0808608549692891,0.000402777777777771));
#2787=CARTESIAN_POINT('',(-0.0113779426688118,0.0807094591077322,0.000402777777777764));
#2788=CARTESIAN_POINT('',(-0.0114651447698305,0.0804672874110398,0.000402777777777781));
#2789=CARTESIAN_POINT('',(-0.0115156356146906,0.0803010986311541,0.000402777777777792));
#2790=CARTESIAN_POINT('',(-0.0115667714283211,0.0800435974590079,0.000402777777777706));
#2791=CARTESIAN_POINT('',(-0.0115942008967648,0.079770883195535,0.000402777777778033));
#2792=CARTESIAN_POINT('',(-0.0115972223003599,0.0795838299068845,0.000402777777777213));
#2793=CARTESIAN_POINT('',(-0.0115972222222222,0.07945,0.000402777777777774));
#2794=CARTESIAN_POINT('',(-0.009,0.0818527777777778,0.00059722222222222));
#2795=CARTESIAN_POINT('',(-0.00913364920775316,0.0818527778557513,0.000597222222221598));
#2796=CARTESIAN_POINT('',(-0.00930929379321556,0.0818498183359135,0.000597222222222507));
#2797=CARTESIAN_POINT('',(-0.00956411941866302,0.0818242268293002,0.000597222222222142));
#2798=CARTESIAN_POINT('',(-0.00980069637848226,0.0817774508717942,0.000597222222222237));
#2799=CARTESIAN_POINT('',(-0.00995488375957933,0.0817307984757558,0.000597222222222225));
#2800=CARTESIAN_POINT('',(-0.0101788087658978,0.0816506165421768,0.000597222222222206));
#2801=CARTESIAN_POINT('',(-0.0103168304749008,0.0815838034299682,0.000597222222222216));
#2802=CARTESIAN_POINT('',(-0.0105684973189109,0.0814269807066316,0.000597222222222225));
#2803=CARTESIAN_POINT('',(-0.0107963690055011,0.0812468630992266,0.000597222222222215));
#2804=CARTESIAN_POINT('',(-0.0109750063753689,0.0810215048673159,0.000597222222222223));
#2805=CARTESIAN_POINT('',(-0.0111319363544168,0.0807699855107464,0.000597222222222215));
#2806=CARTESIAN_POINT('',(-0.0111995289474797,0.0806310272164579,0.000597222222222207));
#2807=CARTESIAN_POINT('',(-0.0112799674603812,0.0804075954619743,0.000597222222222226));
#2808=CARTESIAN_POINT('',(-0.0113266564293789,0.0802539379888209,0.000597222222222237));
#2809=CARTESIAN_POINT('',(-0.0113741199045955,0.0800152862843078,0.000597222222222149));
#2810=CARTESIAN_POINT('',(-0.0113997986089275,0.0797597548551545,0.000597222222222481));
#2811=CARTESIAN_POINT('',(-0.0114027778558549,0.0795838297177403,0.000597222222221649));
#2812=CARTESIAN_POINT('',(-0.0114027777777778,0.07945,0.000597222222222219));
#2813=CARTESIAN_POINT('',(-0.009,0.0817693359375,0.000708984374999998));
#2814=CARTESIAN_POINT('',(-0.00913364912669337,0.0817693360154982,0.000708984374999321));
#2815=CARTESIAN_POINT('',(-0.00930453044890774,0.0817663941533637,0.00070898437500031));
#2816=CARTESIAN_POINT('',(-0.00955200617689256,0.0817415513746278,0.000708984374999913));
#2817=CARTESIAN_POINT('',(-0.00978056933896707,0.081696327220434,0.000708984375000015));
#2818=CARTESIAN_POINT('',(-0.00992936356745393,0.081651304390672,0.000708984375000003));
#2819=CARTESIAN_POINT('',(-0.0101452362011058,0.0815740128720044,0.000708984374999984));
#2820=CARTESIAN_POINT('',(-0.0102779629360232,0.0815096984041592,0.000708984374999994));
#2821=CARTESIAN_POINT('',(-0.0105192126405901,0.0813593841112826,0.000708984375000004));
#2822=CARTESIAN_POINT('',(-0.0107368306100542,0.0811872952972335,0.000708984374999993));
#2823=CARTESIAN_POINT('',(-0.0109074936133183,0.0809720930462564,0.000708984375000001));
#2824=CARTESIAN_POINT('',(-0.011057906052716,0.080730990748682,0.000708984374999993));
#2825=CARTESIAN_POINT('',(-0.0111229663628242,0.0805973697809723,0.000708984374999985));
#2826=CARTESIAN_POINT('',(-0.0112005024207788,0.0803819798878496,0.000708984375000003));
#2827=CARTESIAN_POINT('',(-0.0112455598928233,0.0802336999676411,0.000708984375000016));
#2828=CARTESIAN_POINT('',(-0.0112914474594316,0.0800031371250755,0.000708984374999925));
#2829=CARTESIAN_POINT('',(-0.0113163748592684,0.0797549793564085,0.000708984375000263));
#2830=CARTESIAN_POINT('',(-0.0113193360156018,0.079583829636573,0.000708984374999419));
#2831=CARTESIAN_POINT('',(-0.0113193359375,0.07945,0.000708984374999997));
#2832=CARTESIAN_POINT('',(-0.009,0.081631640625,0.000953124999999999));
#2833=CARTESIAN_POINT('',(-0.00913364899292891,0.0816316407027017,0.000953124999999396));
#2834=CARTESIAN_POINT('',(-0.00929667000166897,0.0816287279797156,0.000953125000000274));
#2835=CARTESIAN_POINT('',(-0.00953201696518034,0.0816051207478251,0.000953124999999922));
#2836=CARTESIAN_POINT('',(-0.00974735579781652,0.0815624573718408,0.000953125000000011));
#2837=CARTESIAN_POINT('',(-0.00988725027251618,0.0815201236442888,0.000953125000000001));
#2838=CARTESIAN_POINT('',(-0.0100898349205842,0.0814476018740148,0.000953124999999986));
#2839=CARTESIAN_POINT('',(-0.0102138239154307,0.0813874106567555,0.000953124999999996));
#2840=CARTESIAN_POINT('',(-0.0104378833079644,0.0812478365436677,0.000953125000000004));
#2841=CARTESIAN_POINT('',(-0.0106385806440945,0.0810889968047366,0.000953124999999995));
#2842=CARTESIAN_POINT('',(-0.0107960843869979,0.0808905539033114,0.000953125));
#2843=CARTESIAN_POINT('',(-0.0109357416146664,0.0806666417850154,0.000953124999999992));
#2844=CARTESIAN_POINT('',(-0.0109966231639514,0.0805418284472519,0.000953124999999984));
#2845=CARTESIAN_POINT('',(-0.0110693696051056,0.080339709194008,0.000953125000000004));
#2846=CARTESIAN_POINT('',(-0.0111117347889469,0.0802003032850961,0.000953125000000016));
#2847=CARTESIAN_POINT('',(-0.0111550217989048,0.0799830886425452,0.000953124999999922));
#2848=CARTESIAN_POINT('',(-0.0111787093999746,0.0797470988519761,0.000953125000000274));
#2849=CARTESIAN_POINT('',(-0.0111816407028052,0.079583829502631,0.000953124999999393));
#2850=CARTESIAN_POINT('',(-0.011181640625,0.07945,0.000953124999999998));
#2851=CARTESIAN_POINT('',(-0.009,0.0815776041666667,0.00108506944444444));
#2852=CARTESIAN_POINT('',(-0.00913364894043507,0.0815776042441486,0.00108506944444396));
#2853=CARTESIAN_POINT('',(-0.00929358528714973,0.0815747029565353,0.00108506944444466));
#2854=CARTESIAN_POINT('',(-0.00952417249911833,0.0815515805963956,0.00108506944444438));
#2855=CARTESIAN_POINT('',(-0.0097343216421877,0.0815099221593938,0.00108506944444445));
#2856=CARTESIAN_POINT('',(-0.00987072354211507,0.0814686437296336,0.00108506944444444));
#2857=CARTESIAN_POINT('',(-0.0100680935197175,0.0813979937755108,0.00108506944444443));
#2858=CARTESIAN_POINT('',(-0.0101886535196427,0.0813394206660479,0.00108506944444444));
#2859=CARTESIAN_POINT('',(-0.0104059668322767,0.08120406137529,0.00108506944444445));
#2860=CARTESIAN_POINT('',(-0.0106000239198641,0.0810504210369952,0.00108506944444444));
#2861=CARTESIAN_POINT('',(-0.0107523635085846,0.0808585550907136,0.00108506944444445));
#2862=CARTESIAN_POINT('',(-0.0108878000148637,0.0806413890002196,0.00108506944444444));
#2863=CARTESIAN_POINT('',(-0.010947041672193,0.0805200320846099,0.00108506944444443));
#2864=CARTESIAN_POINT('',(-0.011017908500138,0.0803231206947699,0.00108506944444445));
#2865=CARTESIAN_POINT('',(-0.0110592171358922,0.0801871972583762,0.00108506944444446));
#2866=CARTESIAN_POINT('',(-0.0111014835964158,0.0799752209165404,0.00108506944444436));
#2867=CARTESIAN_POINT('',(-0.0111246846571318,0.0797440062663123,0.00108506944444473));
#2868=CARTESIAN_POINT('',(-0.011127604244252,0.0795838294500675,0.00108506944444382));
#2869=CARTESIAN_POINT('',(-0.0111276041666667,0.07945,0.00108506944444444));
#2870=CARTESIAN_POINT('',(-0.009,0.0814994791666667,0.00135243055555556));
#2871=CARTESIAN_POINT('',(-0.00913364886454036,0.0814994792400693,0.00135243055555534));
#2872=CARTESIAN_POINT('',(-0.00928912545892914,0.0814965944910316,0.00135243055555565));
#2873=CARTESIAN_POINT('',(-0.00951283110240216,0.0814741731480805,0.00135243055555552));
#2874=CARTESIAN_POINT('',(-0.00971547707983282,0.0814339676354899,0.00135243055555556));
#2875=CARTESIAN_POINT('',(-0.00984682947406518,0.0813942149374005,0.00135243055555555));
#2876=CARTESIAN_POINT('',(-0.0100366601690672,0.081326271223378,0.00135243055555555));
#2877=CARTESIAN_POINT('',(-0.0101522625859752,0.0812700375469242,0.00135243055555555));
#2878=CARTESIAN_POINT('',(-0.0103598225300757,0.0811407719752542,0.00135243055555556));
#2879=CARTESIAN_POINT('',(-0.010544279258313,0.0809946488426569,0.00135243055555555));
#2880=CARTESIAN_POINT('',(-0.0106891526000635,0.0808122917471968,0.00135243055555556));
#2881=CARTESIAN_POINT('',(-0.010818486858494,0.0806048789499143,0.00135243055555555));
#2882=CARTESIAN_POINT('',(-0.0108753575876441,0.0804885192711516,0.00135243055555554));
#2883=CARTESIAN_POINT('',(-0.0109435069026339,0.0802991373223774,0.00135243055555556));
#2884=CARTESIAN_POINT('',(-0.0109832879990618,0.0801682487860103,0.00135243055555557));
#2885=CARTESIAN_POINT('',(-0.0110240789658453,0.0799638458909912,0.00135243055555547));
#2886=CARTESIAN_POINT('',(-0.0110465765969378,0.0797395350581237,0.00135243055555584));
#2887=CARTESIAN_POINT('',(-0.0110494792401677,0.0795838293740721,0.00135243055555492));
#2888=CARTESIAN_POINT('',(-0.0110494791666667,0.07945,0.00135243055555555));
#2889=CARTESIAN_POINT('',(-0.009,0.0814756076388889,0.00148741319444444));
#2890=CARTESIAN_POINT('',(-0.00913364884135031,0.0814756077085335,0.00148741319444436));
#2891=CARTESIAN_POINT('',(-0.00928776273363953,0.0814727280166262,0.00148741319444448));
#2892=CARTESIAN_POINT('',(-0.00950936567562777,0.0814505208718957,0.00148741319444443));
#2893=CARTESIAN_POINT('',(-0.0097097190191133,0.081410759308819,0.00148741319444444));
#2894=CARTESIAN_POINT('',(-0.00983952850882765,0.0813714728064667,0.00148741319444444));
#2895=CARTESIAN_POINT('',(-0.0100270555341464,0.0813043559990625,0.00148741319444444));
#2896=CARTESIAN_POINT('',(-0.0101411431340226,0.0812488371493952,0.00148741319444444));
#2897=CARTESIAN_POINT('',(-0.0103457228821797,0.0811214335474844,0.00148741319444445));
#2898=CARTESIAN_POINT('',(-0.0105272461672746,0.0809776073388226,0.00148741319444444));
#2899=CARTESIAN_POINT('',(-0.0106698381558121,0.0807981557255654,0.00148741319444444));
#2900=CARTESIAN_POINT('',(-0.0107973078384733,0.0805937231012112,0.00148741319444444));
#2901=CARTESIAN_POINT('',(-0.0108534541173125,0.0804788903559284,0.00148741319444444));
#2902=CARTESIAN_POINT('',(-0.0109207730812007,0.0802918090697019,0.00148741319444445));
#2903=CARTESIAN_POINT('',(-0.0109600874295523,0.0801624589750096,0.00148741319444446));
#2904=CARTESIAN_POINT('',(-0.0110004275506377,0.0799603701887401,0.00148741319444436));
#2905=CARTESIAN_POINT('',(-0.0110227102463785,0.0797381688556216,0.00148741319444473));
#2906=CARTESIAN_POINT('',(-0.011025607708627,0.0795838293508512,0.00148741319444382));
#2907=CARTESIAN_POINT('',(-0.0110256076388889,0.07945,0.00148741319444444));
#2908=CARTESIAN_POINT('',(-0.009,0.0814569715711805,0.00168353949652778));
#2909=CARTESIAN_POINT('',(-0.00913364882324626,0.0814569716254247,0.00168353949652778));
#2910=CARTESIAN_POINT('',(-0.00928669887878275,0.0814540958997773,0.00168353949652777));
#2911=CARTESIAN_POINT('',(-0.00950666027995272,0.0814320559683777,0.00168353949652778));
#2912=CARTESIAN_POINT('',(-0.00970522380580174,0.0813926409905411,0.00168353949652778));
#2913=CARTESIAN_POINT('',(-0.00983382877801122,0.0813537184384706,0.00168353949652778));
#2914=CARTESIAN_POINT('',(-0.0100195573702941,0.0812872471816367,0.00168353949652778));
#2915=CARTESIAN_POINT('',(-0.0101324623800612,0.0812322863844124,0.00168353949652778));
#2916=CARTESIAN_POINT('',(-0.0103347155434182,0.081106336388626,0.00168353949652778));
#2917=CARTESIAN_POINT('',(-0.0105139487427498,0.0809643033465808,0.00168353949652778));
#2918=CARTESIAN_POINT('',(-0.0106547597204506,0.08078711999049,0.00168353949652778));
#2919=CARTESIAN_POINT('',(-0.0107807737625223,0.0805850139329685,0.00168353949652778));
#2920=CARTESIAN_POINT('',(-0.0108363544760079,0.0804713732368854,0.00168353949652777));
#2921=CARTESIAN_POINT('',(-0.0109030252002809,0.0802860880360787,0.00168353949652778));
#2922=CARTESIAN_POINT('',(-0.0109419751671499,0.0801579389748308,0.00168353949652779));
#2923=CARTESIAN_POINT('',(-0.0109819633192668,0.0799576567711872,0.0016835394965277));
#2924=CARTESIAN_POINT('',(-0.0110040782262218,0.0797371022861683,0.00168353949652804));
#2925=CARTESIAN_POINT('',(-0.0110069716254977,0.0795838293327231,0.00168353949652719));
#2926=CARTESIAN_POINT('',(-0.0110069715711806,0.07945,0.00168353949652778));
#2927=CARTESIAN_POINT('',(-0.009,0.0814535400390625,0.00174793836805556));
#2928=CARTESIAN_POINT('',(-0.00913364881991269,0.0814535400864889,0.00174793836805558));
#2929=CARTESIAN_POINT('',(-0.00928650298702237,0.0814506650969936,0.00174793836805554));
#2930=CARTESIAN_POINT('',(-0.00950616212485389,0.0814286559528997,0.00174793836805555));
#2931=CARTESIAN_POINT('',(-0.00970439608457338,0.0813893047937758,0.00174793836805555));
#2932=CARTESIAN_POINT('',(-0.00983277926425817,0.0813504492572147,0.00174793836805555));
#2933=CARTESIAN_POINT('',(-0.0100181767040245,0.0812840968680098,0.00174793836805555));
#2934=CARTESIAN_POINT('',(-0.0101308639588462,0.0812292388272204,0.00174793836805556));
#2935=CARTESIAN_POINT('',(-0.01033268871903,0.0811035564896813,0.00174793836805556));
#2936=CARTESIAN_POINT('',(-0.0105115002358909,0.0809618536303826,0.00174793836805556));
#2937=CARTESIAN_POINT('',(-0.0106519832691368,0.0807850879373774,0.00174793836805556));
#2938=CARTESIAN_POINT('',(-0.010777729278347,0.0805834102797206,0.00174793836805555));
#2939=CARTESIAN_POINT('',(-0.010833205852016,0.0804699890803224,0.00174793836805555));
#2940=CARTESIAN_POINT('',(-0.0108997572135157,0.0802850345997565,0.00174793836805556));
#2941=CARTESIAN_POINT('',(-0.0109386400854768,0.0801571066894995,0.00174793836805556));
#2942=CARTESIAN_POINT('',(-0.0109785634275532,0.0799571571389885,0.00174793836805548));
#2943=CARTESIAN_POINT('',(-0.011000647441245,0.0797369058945586,0.00174793836805581));
#2944=CARTESIAN_POINT('',(-0.0110035400865527,0.0795838293293851,0.00174793836805499));
#2945=CARTESIAN_POINT('',(-0.0110035400390625,0.07945,0.00174793836805556));
#2946=CARTESIAN_POINT('',(-0.009,0.0814500508626302,0.00187492540147569));
#2947=CARTESIAN_POINT('',(-0.00913364881652312,0.081450050891042,0.00187492540147572));
#2948=CARTESIAN_POINT('',(-0.00928630380459013,0.0814471766677526,0.00187492540147568));
#2949=CARTESIAN_POINT('',(-0.00950565560153695,0.0814251988210428,0.0018749254014757));
#2950=CARTESIAN_POINT('',(-0.00970355445893717,0.0813859125545522,0.00187492540147569));
#2951=CARTESIAN_POINT('',(-0.00983171212033306,0.0813471251590089,0.00187492540147569));
#2952=CARTESIAN_POINT('',(-0.0100167728447451,0.0812808936338413,0.00187492540147569));
#2953=CARTESIAN_POINT('',(-0.010129238686688,0.081226140075795,0.00187492540147569));
#2954=CARTESIAN_POINT('',(-0.0103306278471905,0.0811007298929204,0.00187492540147569));
#2955=CARTESIAN_POINT('',(-0.0105090105979456,0.080959362762783,0.00187492540147569));
#2956=CARTESIAN_POINT('',(-0.0106491601779215,0.0807830217489791,0.00187492540147569));
#2957=CARTESIAN_POINT('',(-0.01077463365156,0.0805817796876396,0.00187492540147569));
#2958=CARTESIAN_POINT('',(-0.0108300043358655,0.0804685816721181,0.00187492540147569));
#2959=CARTESIAN_POINT('',(-0.0108964343298665,0.0802839634673692,0.0018749254014757));
#2960=CARTESIAN_POINT('',(-0.0109352489800777,0.0801562604230907,0.0018749254014757));
#2961=CARTESIAN_POINT('',(-0.0109751064215376,0.0799566491137589,0.00187492540147563));
#2962=CARTESIAN_POINT('',(-0.0109971590301175,0.0797367062038804,0.00187492540147593));
#2963=CARTESIAN_POINT('',(-0.0110000508910802,0.0795838293259911,0.00187492540147518));
#2964=CARTESIAN_POINT('',(-0.0110000508626302,0.07945,0.00187492540147569));
#2965=CARTESIAN_POINT('',(-0.009,0.08145,0.0019375));
#2966=CARTESIAN_POINT('',(-0.00913364881647371,0.0814500000162181,0.00193750000000001));
#2967=CARTESIAN_POINT('',(-0.00928630090105615,0.0814471258215426,0.00193749999999999));
#2968=CARTESIAN_POINT('',(-0.00950564821781508,0.0814251484240607,0.0019375));
#2969=CARTESIAN_POINT('',(-0.00970354219034204,0.0813858631053685,0.0019375));
#2970=CARTESIAN_POINT('',(-0.00983169656429887,0.0813470767028917,0.0019375));
#2971=CARTESIAN_POINT('',(-0.0100167523803248,0.0812808469392159,0.0019375));
#2972=CARTESIAN_POINT('',(-0.01012921499468,0.0812260949044018,0.0019375));
#2973=CARTESIAN_POINT('',(-0.0103305978053209,0.0811006886889755,0.0019375));
#2974=CARTESIAN_POINT('',(-0.0105089743058054,0.0809593264527178,0.0019375));
#2975=CARTESIAN_POINT('',(-0.010649119025078,0.0807829916296087,0.0019375));
#2976=CARTESIAN_POINT('',(-0.0107745885257153,0.0805817559180817,0.0019375));
#2977=CARTESIAN_POINT('',(-0.0108299576662837,0.0804685611559641,0.0019375));
#2978=CARTESIAN_POINT('',(-0.0108963858914544,0.0802839478531941,0.0019375));
#2979=CARTESIAN_POINT('',(-0.0109351995474225,0.0801562480868458,0.0019375));
#2980=CARTESIAN_POINT('',(-0.010975056026388,0.0799566417081432,0.00193749999999994));
#2981=CARTESIAN_POINT('',(-0.010997108184179,0.0797367032929376,0.00193750000000022));
#2982=CARTESIAN_POINT('',(-0.0110000000162399,0.0795838293259416,0.00193749999999951));
#2983=CARTESIAN_POINT('',(-0.011,0.07945,0.0019375));
#2984=CARTESIAN_POINT('',(-0.009,0.08145,0.002));
#2985=CARTESIAN_POINT('',(-0.00913364881647371,0.08145,0.002));
#2986=CARTESIAN_POINT('',(-0.00928630090105617,0.0814471258290664,0.002));
#2987=CARTESIAN_POINT('',(-0.00950564821781503,0.0814251484220547,0.002));
#2988=CARTESIAN_POINT('',(-0.00970354219034223,0.0813858631058688,0.002));
#2989=CARTESIAN_POINT('',(-0.00983169656429845,0.0813470767030617,0.002));
#2990=CARTESIAN_POINT('',(-0.0100167523803256,0.081280846938876,0.002));
#2991=CARTESIAN_POINT('',(-0.0101292149946882,0.0812260949042798,0.002));
#2992=CARTESIAN_POINT('',(-0.0103305978053127,0.0811006886890975,0.002));
#2993=CARTESIAN_POINT('',(-0.0105089743057484,0.0809593264526609,0.002));
#2994=CARTESIAN_POINT('',(-0.0106491190252002,0.0807829916296005,0.002));
#2995=CARTESIAN_POINT('',(-0.0107745885255932,0.0805817559180899,0.002));
#2996=CARTESIAN_POINT('',(-0.0108299576659433,0.080468561155965,0.002));
#2997=CARTESIAN_POINT('',(-0.0108963858916246,0.0802839478531937,0.002));
#2998=CARTESIAN_POINT('',(-0.0109351995479235,0.080156248086846,0.00199999999999999));
#2999=CARTESIAN_POINT('',(-0.0109750560243793,0.0799566417081432,0.00199999999999994));
#3000=CARTESIAN_POINT('',(-0.0109971081917129,0.0797367032929376,0.00200000000000021));
#3001=CARTESIAN_POINT('',(-0.011,0.0795838293259416,0.00199999999999954));
#3002=CARTESIAN_POINT('',(-0.011,0.07945,0.002));
#3003=CARTESIAN_POINT('',(-0.009,0.08145,0.002));
#3004=CARTESIAN_POINT('',(-0.009,0.08145,0.00175));
#3005=CARTESIAN_POINT('',(-0.009,0.0814760416666667,0.00121354166666666));
#3006=CARTESIAN_POINT('',(-0.009,0.0818901041666667,0.000440104166666666));
#3007=CARTESIAN_POINT('',(-0.009,0.0826635416666667,2.60416666666654E-5));
#3008=CARTESIAN_POINT('',(-0.009,0.0832,0.));
#3009=CARTESIAN_POINT('',(-0.009,0.08345,0.));
#3010=CARTESIAN_POINT('',(-0.013,0.035005,-3.46944695195361E-18));
#3011=CARTESIAN_POINT('',(-0.0130000000784681,0.0348713492406629,-3.46944695195361E-18));
#3012=CARTESIAN_POINT('',(-0.0129967025580042,0.0346045274964777,-3.46945324707053E-18));
#3013=CARTESIAN_POINT('',(-0.0129567790957105,0.0342090120262562,-3.46942491904439E-18));
#3014=CARTESIAN_POINT('',(-0.0128802989186078,0.0338190370133715,-3.46952878847359E-18));
#3015=CARTESIAN_POINT('',(-0.0128024537845024,0.0335616152936246,-3.46927068867982E-18));
#3016=CARTESIAN_POINT('',(-0.0126669442729327,0.0331835538430249,-3.46979947850121E-18));
#3017=CARTESIAN_POINT('',(-0.0125523027536518,0.0329441771034112,-3.47293696477479E-18));
#3018=CARTESIAN_POINT('',(-0.0122708973302096,0.0324931080583552,-3.46595693913244E-18));
#3019=CARTESIAN_POINT('',(-0.0119370946276278,0.0320689623586336,-3.4450964324833E-18));
#3020=CARTESIAN_POINT('',(-0.0115173332236181,0.0317376817164646,-3.52163800371542E-18));
#3021=CARTESIAN_POINT('',(-0.0110664132059188,0.031455994671539,-3.41725590019181E-18));
#3022=CARTESIAN_POINT('',(-0.0108252891804969,0.0313399297701489,-3.32399545371692E-18));
#3023=CARTESIAN_POINT('',(-0.0104479221864413,0.0312039332119994,-3.54217270107196E-18));
#3024=CARTESIAN_POINT('',(-0.0101913289794151,0.0311260145484174,-3.6834990650025E-18));
#3025=CARTESIAN_POINT('',(-0.00979784236219882,0.03104838543623,-2.61117593260495E-18));
#3026=CARTESIAN_POINT('',(-0.00940116622257594,0.0310083254552653,-9.2905641302645E-18));
#3027=CARTESIAN_POINT('',(-0.00913383127140374,0.031004999921427,9.54097911787244E-18));
#3028=CARTESIAN_POINT('',(-0.009,0.031005,9.54097911787244E-18));
#3029=CARTESIAN_POINT('',(-0.0129375,0.035005,-3.46944695195361E-18));
#3030=CARTESIAN_POINT('',(-0.0129375000784486,0.0348713493013778,1.53163843604132E-19));
#3031=CARTESIAN_POINT('',(-0.0129342157840964,0.0346080953590546,-5.05089417510867E-18));
#3032=CARTESIAN_POINT('',(-0.0128948531374596,0.034218085143629,-3.04357526564776E-18));
#3033=CARTESIAN_POINT('',(-0.0128195352993846,0.0338341126632555,-3.59148647402196E-18));
#3034=CARTESIAN_POINT('',(-0.0127429107506819,0.0335807305480645,-3.46860252466471E-18));
#3035=CARTESIAN_POINT('',(-0.0126095662312944,0.0332087005235453,-3.31807759001433E-18));
#3036=CARTESIAN_POINT('',(-0.0124967962583772,0.0329732898503469,-3.43271298562342E-18));
#3037=CARTESIAN_POINT('',(-0.0122202658101565,0.0325300235001144,-3.50618091828381E-18));
#3038=CARTESIAN_POINT('',(-0.0118924768721686,0.0321135580878631,-3.35587904590828E-18));
#3039=CARTESIAN_POINT('',(-0.0114803225488063,0.0317882504433059,-3.6598487977141E-18));
#3040=CARTESIAN_POINT('',(-0.011037205165673,0.0315114451966103,-3.27904510619313E-18));
#3041=CARTESIAN_POINT('',(-0.0108000789297302,0.0313972770377199,-2.92121583099709E-18));
#3042=CARTESIAN_POINT('',(-0.0104287354885273,0.0312634544900366,-3.74356251243188E-18));
#3043=CARTESIAN_POINT('',(-0.0101761702015223,0.0311867578579818,-4.30742560089513E-18));
#3044=CARTESIAN_POINT('',(-0.00978874234175955,0.0311103091402847,-7.56453238466198E-19));
#3045=CARTESIAN_POINT('',(-0.00939758925602491,0.0310708119049271,-1.60855283709268E-17));
#3046=CARTESIAN_POINT('',(-0.00913383121060768,0.0310674999214468,2.41594138833251E-17));
#3047=CARTESIAN_POINT('',(-0.009,0.0310675,9.64939933512099E-18));
#3048=CARTESIAN_POINT('',(-0.0128749254014757,0.035005,5.08626302048604E-8));
#3049=CARTESIAN_POINT('',(-0.0128749254799048,0.0348713493621653,5.08626302158519E-8));
#3050=CARTESIAN_POINT('',(-0.0128716544274506,0.034611667480148,5.08626301999628E-8));
#3051=CARTESIAN_POINT('',(-0.0128328532658472,0.0342271690904605,5.0862630206179E-8));
#3052=CARTESIAN_POINT('',(-0.0127586991541403,0.0338492063070791,5.08626302045048E-8));
#3053=CARTESIAN_POINT('',(-0.0126832966477021,0.0335998686180207,5.0862630204822E-8));
#3054=CARTESIAN_POINT('',(-0.0125521197045804,0.0332338772185499,5.08626302052409E-8));
#3055=CARTESIAN_POINT('',(-0.0124412235118604,0.0330024373455698,5.086263020498E-8));
#3056=CARTESIAN_POINT('',(-0.0121695738575166,0.0325669830032732,5.08626302047675E-8));
#3057=CARTESIAN_POINT('',(-0.01184780586201,0.0321582070455021,5.08626302050495E-8));
#3058=CARTESIAN_POINT('',(-0.0114432676989269,0.0318388795277856,5.08626302046419E-8));
#3059=CARTESIAN_POINT('',(-0.0110079622633999,0.0315669619061191,5.08626302051102E-8));
#3060=CARTESIAN_POINT('',(-0.0107748385886034,0.0314546927536355,5.0862630205569E-8));
#3061=CARTESIAN_POINT('',(-0.0104095258898238,0.031323046811266,5.08626302045255E-8));
#3062=CARTESIAN_POINT('',(-0.0101609933304701,0.0312475736693264,5.08626302037911E-8));
#3063=CARTESIAN_POINT('',(-0.00977963145975073,0.0311723067550105,5.08626302079724E-8));
#3064=CARTESIAN_POINT('',(-0.00939400802009107,0.0311333729369399,5.08626301907403E-8));
#3065=CARTESIAN_POINT('',(-0.00913383114973904,0.0311300745199909,5.08626302357081E-8));
#3066=CARTESIAN_POINT('',(-0.009,0.0311300745985243,5.08626302180853E-8));
#3067=CARTESIAN_POINT('',(-0.0127479383680556,0.035005,3.54003906249652E-6));
#3068=CARTESIAN_POINT('',(-0.012747938446445,0.0348713494855256,3.5400390625262E-6));
#3069=CARTESIAN_POINT('',(-0.0127446942667058,0.0346189166366964,3.54003906248317E-6));
#3070=CARTESIAN_POINT('',(-0.0127070325661676,0.0342456037826053,3.5400390625001E-6));
#3071=CARTESIAN_POINT('',(-0.01263524008622,0.0338798368999695,3.5400390624956E-6));
#3072=CARTESIAN_POINT('',(-0.0125623175560908,0.0336387068492908,3.54003906249637E-6));
#3073=CARTESIAN_POINT('',(-0.0124355394279228,0.0332849700563043,3.54003906249743E-6));
#3074=CARTESIAN_POINT('',(-0.012328445829133,0.0330615884074589,3.54003906249684E-6));
#3075=CARTESIAN_POINT('',(-0.0120667011130512,0.0326419875222554,3.5400390624963E-6));
#3076=CARTESIAN_POINT('',(-0.0117571518395519,0.0322488163152311,3.54003906249687E-6));
#3077=CARTESIAN_POINT('',(-0.0113680696861392,0.0319416246894721,3.54003906249627E-6));
#3078=CARTESIAN_POINT('',(-0.0109486175852744,0.0316796258690053,3.54003906249689E-6));
#3079=CARTESIAN_POINT('',(-0.010723616589297,0.0315712105037732,3.54003906249751E-6));
#3080=CARTESIAN_POINT('',(-0.0103705425002363,0.0314439816996393,3.54003906249607E-6));
#3081=CARTESIAN_POINT('',(-0.010130193838712,0.0313709914722338,3.54003906249503E-6));
#3082=CARTESIAN_POINT('',(-0.00976114210615639,0.0312981228746312,3.54003906250041E-6));
#3083=CARTESIAN_POINT('',(-0.00938674036615575,0.0312603324388842,3.54003906247931E-6));
#3084=CARTESIAN_POINT('',(-0.00913383102621404,0.0312570615534511,3.54003906253412E-6));
#3085=CARTESIAN_POINT('',(-0.009,0.0312570616319444,3.54003906250989E-6));
#3086=CARTESIAN_POINT('',(-0.0126835394965278,0.035005,6.97157118055207E-6));
#3087=CARTESIAN_POINT('',(-0.0126835395748972,0.0348713495480852,6.97157118059306E-6));
#3088=CARTESIAN_POINT('',(-0.0126803090231045,0.0346225928978758,6.97157118053359E-6));
#3089=CARTESIAN_POINT('',(-0.0126432251768935,0.0342549525589261,6.97157118055702E-6));
#3090=CARTESIAN_POINT('',(-0.0125726303500934,0.0338953705774107,6.97157118055082E-6));
#3091=CARTESIAN_POINT('',(-0.0125009654891247,0.0336584028623291,6.97157118055184E-6));
#3092=CARTESIAN_POINT('',(-0.0123764181298111,0.0333108807418753,6.97157118055328E-6));
#3093=CARTESIAN_POINT('',(-0.0122712529386026,0.0330915856562545,6.9715711805525E-6));
#3094=CARTESIAN_POINT('',(-0.0120145313089687,0.0326800245269152,6.97157118055178E-6));
#3095=CARTESIAN_POINT('',(-0.0117111785099252,0.0322947669494286,6.97157118055251E-6));
#3096=CARTESIAN_POINT('',(-0.0113299345550614,0.0319937297925629,6.97157118055182E-6));
#3097=CARTESIAN_POINT('',(-0.0109185221479725,0.0317367610888488,6.9715711805525E-6));
#3098=CARTESIAN_POINT('',(-0.010697640402092,0.0316303000928416,6.97157118055318E-6));
#3099=CARTESIAN_POINT('',(-0.0103507728731323,0.0315053113498392,6.97157118055157E-6));
#3100=CARTESIAN_POINT('',(-0.0101145745076714,0.0314335802816549,6.9715711805504E-6));
#3101=CARTESIAN_POINT('',(-0.00975176560940169,0.0313619279412222,6.97157118055633E-6));
#3102=CARTESIAN_POINT('',(-0.00938305472440568,0.0313247173483883,6.97157118053335E-6));
#3103=CARTESIAN_POINT('',(-0.00913383096357087,0.0313214604249992,6.97157118059308E-6));
#3104=CARTESIAN_POINT('',(-0.009,0.0313214605034722,6.97157118056549E-6));
#3105=CARTESIAN_POINT('',(-0.0124874131944444,0.035005,2.56076388888854E-5));
#3106=CARTESIAN_POINT('',(-0.0124874132727528,0.0348713497386102,2.56076388889609E-5));
#3107=CARTESIAN_POINT('',(-0.0124842242247739,0.0346337889249724,2.56076388888513E-5));
#3108=CARTESIAN_POINT('',(-0.0124489002297782,0.0342834241902653,2.56076388888945E-5));
#3109=CARTESIAN_POINT('',(-0.0123819528470625,0.0339426782808226,2.56076388888832E-5));
#3110=CARTESIAN_POINT('',(-0.0123141182085161,0.0337183869289958,2.56076388888849E-5));
#3111=CARTESIAN_POINT('',(-0.0121963646397743,0.0333897915492376,2.56076388888875E-5));
#3112=CARTESIAN_POINT('',(-0.0120970724000457,0.0331829420626541,2.56076388888862E-5));
#3113=CARTESIAN_POINT('',(-0.0118556485442189,0.0327958659522271,2.56076388888849E-5));
#3114=CARTESIAN_POINT('',(-0.0115711670637577,0.0324347092768284,2.56076388888861E-5));
#3115=CARTESIAN_POINT('',(-0.0112137942864461,0.0321524155109061,2.56076388888851E-5));
#3116=CARTESIAN_POINT('',(-0.0108268667091801,0.0319107659917418,2.56076388888861E-5));
#3117=CARTESIAN_POINT('',(-0.0106185301099724,0.0318102570132144,2.56076388888871E-5));
#3118=CARTESIAN_POINT('',(-0.0102905646153556,0.0316920903603468,2.56076388888846E-5));
#3119=CARTESIAN_POINT('',(-0.0100670059468359,0.0316241940525539,2.56076388888828E-5));
#3120=CARTESIAN_POINT('',(-0.00972320955567949,0.031556245814623,2.56076388888923E-5));
#3121=CARTESIAN_POINT('',(-0.00937183012884843,0.0315208011292283,2.56076388888565E-5));
#3122=CARTESIAN_POINT('',(-0.00913383077279155,0.0315175867271443,2.56076388889488E-5));
#3123=CARTESIAN_POINT('',(-0.009,0.0315175868055556,2.56076388888988E-5));
#3124=CARTESIAN_POINT('',(-0.0123524305555556,0.035005,4.94791666666632E-5));
#3125=CARTESIAN_POINT('',(-0.0123524306338219,0.0348713498697379,4.9479166666762E-5));
#3126=CARTESIAN_POINT('',(-0.0123492701505702,0.0346414945170653,4.94791666666185E-5));
#3127=CARTESIAN_POINT('',(-0.0123151573616114,0.0343030196034802,4.94791666666751E-5));
#3128=CARTESIAN_POINT('',(-0.0122507203083236,0.0339752374968915,4.94791666666603E-5));
#3129=CARTESIAN_POINT('',(-0.0121855217951954,0.0337596705687929,4.94791666666626E-5));
#3130=CARTESIAN_POINT('',(-0.0120724440081805,0.0334441013939727,4.94791666666658E-5));
#3131=CARTESIAN_POINT('',(-0.0119771937887235,0.0332458175091609,4.94791666666642E-5));
#3132=CARTESIAN_POINT('',(-0.0117462985252155,0.0328755930521375,4.94791666666625E-5));
#3133=CARTESIAN_POINT('',(-0.0114748051057868,0.0325310236642616,4.94791666666641E-5));
#3134=CARTESIAN_POINT('',(-0.0111338615095956,0.0322616299140147,4.94791666666627E-5));
#3135=CARTESIAN_POINT('',(-0.0107637854555935,0.0320305237229722,4.94791666666641E-5));
#3136=CARTESIAN_POINT('',(-0.0105640829711636,0.0319341111813713,4.94791666666656E-5));
#3137=CARTESIAN_POINT('',(-0.0102491266774998,0.031820639787219,4.9479166666662E-5));
#3138=CARTESIAN_POINT('',(-0.0100342671973591,0.0317553827280716,4.94791666666595E-5));
#3139=CARTESIAN_POINT('',(-0.00970355603931411,0.0316899838143522,4.94791666666741E-5));
#3140=CARTESIAN_POINT('',(-0.00936410487470003,0.031655754503151,4.94791666666188E-5));
#3141=CARTESIAN_POINT('',(-0.00913383064148892,0.0316525693660755,4.94791666667608E-5));
#3142=CARTESIAN_POINT('',(-0.009,0.0316525694444445,4.94791666666765E-5));
#3143=CARTESIAN_POINT('',(-0.0120850694444444,0.035005,0.000127604166666663));
#3144=CARTESIAN_POINT('',(-0.0120850695226277,0.0348713501294633,0.000127604166666785));
#3145=CARTESIAN_POINT('',(-0.0120819656177421,0.0346567570403106,0.000127604166666608));
#3146=CARTESIAN_POINT('',(-0.0120502518735383,0.0343418323833529,0.000127604166666678));
#3147=CARTESIAN_POINT('',(-0.0119907870483135,0.0340397277769506,0.00012760416666666));
#3148=CARTESIAN_POINT('',(-0.0119308099282965,0.0338414413794523,0.000127604166666663));
#3149=CARTESIAN_POINT('',(-0.0118269934967279,0.0335516733050879,0.000127604166666667));
#3150=CARTESIAN_POINT('',(-0.0117397493367156,0.0333703553710522,0.000127604166666664));
#3151=CARTESIAN_POINT('',(-0.0115297081338774,0.0330335091085516,0.000127604166666662));
#3152=CARTESIAN_POINT('',(-0.0112839402629892,0.0327217942837434,0.000127604166666664));
#3153=CARTESIAN_POINT('',(-0.010975538067345,0.0324779516899469,0.000127604166666662));
#3154=CARTESIAN_POINT('',(-0.0106388399500972,0.0322677287468883,0.000127604166666665));
#3155=CARTESIAN_POINT('',(-0.0104562391206614,0.0321794300482031,0.000127604166666667));
#3156=CARTESIAN_POINT('',(-0.0101670502475347,0.0320752585877118,0.000127604166666661));
#3157=CARTESIAN_POINT('',(-0.00996942131415099,0.0320152291078753,0.000127604166666657));
#3158=CARTESIAN_POINT('',(-0.00966462817410165,0.031954879659475,0.000127604166666681));
#3159=CARTESIAN_POINT('',(-0.00934880340667621,0.0319230576489271,0.000127604166666593));
#3160=CARTESIAN_POINT('',(-0.00913383038141685,0.0319199304772703,0.000127604166666818));
#3161=CARTESIAN_POINT('',(-0.009,0.0319199305555556,0.000127604166666676));
#3162=CARTESIAN_POINT('',(-0.011953125,0.035005,0.000181640624999997));
#3163=CARTESIAN_POINT('',(-0.0119531250781424,0.0348713502576395,0.000181640625000118));
#3164=CARTESIAN_POINT('',(-0.0119500490950476,0.0346642891946394,0.000181640624999942));
#3165=CARTESIAN_POINT('',(-0.0119195192950088,0.0343609867422511,0.000181640625000011));
#3166=CARTESIAN_POINT('',(-0.0118625082966202,0.0340715541489279,0.000181640624999993));
#3167=CARTESIAN_POINT('',(-0.0118051079680087,0.0338817958054919,0.000181640624999996));
#3168=CARTESIAN_POINT('',(-0.0117058620754915,0.0336047607417422,0.000181640625));
#3169=CARTESIAN_POINT('',(-0.0116225689578026,0.033431815614583,0.000181640624999998));
#3170=CARTESIAN_POINT('',(-0.011422819369321,0.0331114417078209,0.000181640624999996));
#3171=CARTESIAN_POINT('',(-0.0111897472236865,0.032815940823228,0.000181640624999998));
#3172=CARTESIAN_POINT('',(-0.0108974044205201,0.0325847078910563,0.000181640624999995));
#3173=CARTESIAN_POINT('',(-0.0105771785318003,0.0323847909664832,0.000181640624999998));
#3174=CARTESIAN_POINT('',(-0.0104030174801538,0.0323004965019642,0.000181640625000001));
#3175=CARTESIAN_POINT('',(-0.0101265449963831,0.0322009146191238,0.000181640624999994));
#3176=CARTESIAN_POINT('',(-0.00993741944971063,0.0321434649836225,0.00018164062499999));
#3177=CARTESIAN_POINT('',(-0.00964541701984096,0.0320856074791459,0.000181640625000017));
#3178=CARTESIAN_POINT('',(-0.00934125203284627,0.0320549734871024,0.000181640624999918));
#3179=CARTESIAN_POINT('',(-0.0091338302530696,0.032051874921756,0.00018164062500017));
#3180=CARTESIAN_POINT('',(-0.009,0.032051875,0.000181640625000009));
#3181=CARTESIAN_POINT('',(-0.011708984375,0.035005,0.000319335937499997));
#3182=CARTESIAN_POINT('',(-0.0117089844530666,0.0348713504948076,0.000319335937500085));
#3183=CARTESIAN_POINT('',(-0.01170596013447,0.0346782261578301,0.000319335937499958));
#3184=CARTESIAN_POINT('',(-0.0116776210205915,0.0343964286069888,0.000319335937500007));
#3185=CARTESIAN_POINT('',(-0.0116251504090298,0.0341304434062871,0.000319335937499994));
#3186=CARTESIAN_POINT('',(-0.0115725179921473,0.0339564647681476,0.000319335937499996));
#3187=CARTESIAN_POINT('',(-0.011481729100342,0.0337029899625251,0.0003193359375));
#3188=CARTESIAN_POINT('',(-0.0114057467106363,0.0335455372823002,0.000319335937499998));
#3189=CARTESIAN_POINT('',(-0.0112250399941137,0.0332556426521926,0.000319335937499996));
#3190=CARTESIAN_POINT('',(-0.011015459116424,0.0329901428905308,0.000319335937499998));
#3191=CARTESIAN_POINT('',(-0.0107528314720364,0.0327822419802801,0.000319335937499996));
#3192=CARTESIAN_POINT('',(-0.0104630846245899,0.032601394580043,0.000319335937499998));
#3193=CARTESIAN_POINT('',(-0.0103045399380962,0.0325245092659136,0.0003193359375));
#3194=CARTESIAN_POINT('',(-0.0100515969576568,0.0324334196114569,0.000319335937499995));
#3195=CARTESIAN_POINT('',(-0.00987820547356687,0.0323807435366089,0.000319335937499992));
#3196=CARTESIAN_POINT('',(-0.00960987006500004,0.0323274969481094,0.000319335937500008));
#3197=CARTESIAN_POINT('',(-0.00932727950725631,0.0322990611810945,0.000319335937499951));
#3198=CARTESIAN_POINT('',(-0.00913383001558498,0.032296015546832,0.000319335937500097));
#3199=CARTESIAN_POINT('',(-0.009,0.032296015625,0.000319335937500009));
#3200=CARTESIAN_POINT('',(-0.0115972222222222,0.035005,0.000402777777777775));
#3201=CARTESIAN_POINT('',(-0.0115972223002542,0.0348713506033778,0.000402777777777829));
#3202=CARTESIAN_POINT('',(-0.0115942216325166,0.0346846061898685,0.000402777777777751));
#3203=CARTESIAN_POINT('',(-0.0115668853660804,0.0344126531050687,0.000402777777777781));
#3204=CARTESIAN_POINT('',(-0.0115164932427107,0.034157401599656,0.000402777777777772));
#3205=CARTESIAN_POINT('',(-0.0114660434698641,0.033990646559941,0.000402777777777775));
#3206=CARTESIAN_POINT('',(-0.0113791260050513,0.0337479571169279,0.000402777777777777));
#3207=CARTESIAN_POINT('',(-0.0113064903041557,0.033597596534633,0.000402777777777776));
#3208=CARTESIAN_POINT('',(-0.0111345009912411,0.0333216546400605,0.000402777777777774));
#3209=CARTESIAN_POINT('',(-0.0109356738939884,0.0330698887257849,0.000402777777777775));
#3210=CARTESIAN_POINT('',(-0.0106866491889527,0.0328726686966804,0.000402777777777774));
#3211=CARTESIAN_POINT('',(-0.0104108549692891,0.032700550900917,0.000402777777777775));
#3212=CARTESIAN_POINT('',(-0.010259459107732,0.0326270573311883,0.000402777777777776));
#3213=CARTESIAN_POINT('',(-0.0100172874110399,0.0325398552301694,0.000402777777777774));
#3214=CARTESIAN_POINT('',(-0.00985109863115439,0.0324893643853092,0.000402777777777772));
#3215=CARTESIAN_POINT('',(-0.00959359745900619,0.0324382285716794,0.000402777777777775));
#3216=CARTESIAN_POINT('',(-0.00932088319554179,0.0324107991032332,0.000402777777777773));
#3217=CARTESIAN_POINT('',(-0.00913382990686981,0.0324077776996445,0.00040277777777778));
#3218=CARTESIAN_POINT('',(-0.009,0.0324077777777778,0.000402777777777787));
#3219=CARTESIAN_POINT('',(-0.0114027777777778,0.035005,0.00059722222222222));
#3220=CARTESIAN_POINT('',(-0.0114027778557495,0.0348713507922689,0.000597222222222189));
#3221=CARTESIAN_POINT('',(-0.0113998183359143,0.0346957062067742,0.000597222222222234));
#3222=CARTESIAN_POINT('',(-0.0113742268293,0.0344408805813397,0.000597222222222216));
#3223=CARTESIAN_POINT('',(-0.0113274508717942,0.0342043036215172,0.000597222222222218));
#3224=CARTESIAN_POINT('',(-0.0112807984757558,0.0340501162404205,0.00059722222222222));
#3225=CARTESIAN_POINT('',(-0.0112006165421767,0.0338261912341026,0.000597222222222221));
#3226=CARTESIAN_POINT('',(-0.0111338034299682,0.0336881695250994,0.00059722222222222));
#3227=CARTESIAN_POINT('',(-0.0109769807066316,0.033436502681089,0.000597222222222219));
#3228=CARTESIAN_POINT('',(-0.0107968630992265,0.033208630994499,0.00059722222222222));
#3229=CARTESIAN_POINT('',(-0.0105715048673159,0.0330299936246311,0.000597222222222221));
#3230=CARTESIAN_POINT('',(-0.0103199855107464,0.0328730636455833,0.000597222222222217));
#3231=CARTESIAN_POINT('',(-0.0101810272164577,0.0328054710525204,0.000597222222222214));
#3232=CARTESIAN_POINT('',(-0.00995759546197439,0.0327250325396188,0.000597222222222221));
#3233=CARTESIAN_POINT('',(-0.00980393798882123,0.032678343570621,0.000597222222222225));
#3234=CARTESIAN_POINT('',(-0.00956528628430623,0.0326308800954049,0.000597222222222183));
#3235=CARTESIAN_POINT('',(-0.0093097548551608,0.0326052013910707,0.000597222222222357));
#3236=CARTESIAN_POINT('',(-0.00913382971772655,0.0326022221441491,0.000597222222221921));
#3237=CARTESIAN_POINT('',(-0.009,0.0326022222222222,0.000597222222222231));
#3238=CARTESIAN_POINT('',(-0.0113193359375,0.035005,0.000708984374999998));
#3239=CARTESIAN_POINT('',(-0.0113193360154966,0.0348713508733275,0.000708984374999918));
#3240=CARTESIAN_POINT('',(-0.0113163941533644,0.0347004695510826,0.000708984375000035));
#3241=CARTESIAN_POINT('',(-0.0112915513746277,0.03445299382311,0.000708984374999988));
#3242=CARTESIAN_POINT('',(-0.011246327220434,0.0342244306610324,0.000708984374999996));
#3243=CARTESIAN_POINT('',(-0.011201304390672,0.0340756364325459,0.000708984374999998));
#3244=CARTESIAN_POINT('',(-0.0111240128720044,0.0338597637988947,0.000708984374999999));
#3245=CARTESIAN_POINT('',(-0.0110596984041593,0.033727037063977,0.000708984374999998));
#3246=CARTESIAN_POINT('',(-0.0109093841112826,0.0334857873594098,0.000708984374999997));
#3247=CARTESIAN_POINT('',(-0.0107372952972334,0.0332681693899458,0.000708984374999998));
#3248=CARTESIAN_POINT('',(-0.0105220930462564,0.0330975063866817,0.000708984375));
#3249=CARTESIAN_POINT('',(-0.010280990748682,0.032947093947284,0.000708984374999993));
#3250=CARTESIAN_POINT('',(-0.0101473697809722,0.0328820336371759,0.000708984374999988));
#3251=CARTESIAN_POINT('',(-0.00993197988784974,0.0328044975792212,0.000708984375000001));
#3252=CARTESIAN_POINT('',(-0.00978369996764143,0.0327594401071766,0.000708984375000009));
#3253=CARTESIAN_POINT('',(-0.00955313712507394,0.0327135525405688,0.000708984374999936));
#3254=CARTESIAN_POINT('',(-0.0093049793564147,0.0326886251407299,0.000708984375000229));
#3255=CARTESIAN_POINT('',(-0.00913382963655961,0.0326856639844018,0.000708984374999494));
#3256=CARTESIAN_POINT('',(-0.009,0.0326856640625,0.000708984375000008));
#3257=CARTESIAN_POINT('',(-0.011181640625,0.035005,0.000953124999999998));
#3258=CARTESIAN_POINT('',(-0.0111816407027004,0.0348713510070901,0.000953124999999836));
#3259=CARTESIAN_POINT('',(-0.0111787279797162,0.0347083299983222,0.000953125000000072));
#3260=CARTESIAN_POINT('',(-0.0111551207478249,0.034472983034822,0.000953124999999978));
#3261=CARTESIAN_POINT('',(-0.0111124573718408,0.034257644202183,0.000953124999999997));
#3262=CARTESIAN_POINT('',(-0.0110701236442888,0.0341177497274837,0.000953124999999998));
#3263=CARTESIAN_POINT('',(-0.0109976018740148,0.0339151650794162,0.000953124999999999));
#3264=CARTESIAN_POINT('',(-0.0109374106567555,0.0337911760845694,0.000953124999999999));
#3265=CARTESIAN_POINT('',(-0.0107978365436677,0.0335671166920355,0.000953124999999998));
#3266=CARTESIAN_POINT('',(-0.0106389968047365,0.0333664193559055,0.000953124999999998));
#3267=CARTESIAN_POINT('',(-0.0104405539033115,0.0332089156130021,0.000953125000000003));
#3268=CARTESIAN_POINT('',(-0.0102166417850154,0.0330692583853336,0.000953124999999991));
#3269=CARTESIAN_POINT('',(-0.0100918284472517,0.0330083768360487,0.000953124999999982));
#3270=CARTESIAN_POINT('',(-0.00988970919400812,0.0329356303948944,0.000953125000000005));
#3271=CARTESIAN_POINT('',(-0.00975030328509636,0.032893265211053,0.000953125000000019));
#3272=CARTESIAN_POINT('',(-0.00953308864254367,0.0328499782010955,0.000953124999999893));
#3273=CARTESIAN_POINT('',(-0.00929709885198195,0.0328262906000241,0.000953125000000394));
#3274=CARTESIAN_POINT('',(-0.00913382950261834,0.0328233592971977,0.000953124999999141));
#3275=CARTESIAN_POINT('',(-0.009,0.032823359375,0.000953125000000006));
#3276=CARTESIAN_POINT('',(-0.0111276041666667,0.035005,0.00108506944444444));
#3277=CARTESIAN_POINT('',(-0.0111276042441476,0.0348713510595831,0.00108506944444425));
#3278=CARTESIAN_POINT('',(-0.0111247029565357,0.0347114147128418,0.00108506944444453));
#3279=CARTESIAN_POINT('',(-0.0111015805963955,0.0344808275008839,0.00108506944444442));
#3280=CARTESIAN_POINT('',(-0.0110599221593937,0.0342706783578118,0.00108506944444444));
#3281=CARTESIAN_POINT('',(-0.0110186437296336,0.0341342764578848,0.00108506944444444));
#3282=CARTESIAN_POINT('',(-0.0109479937755108,0.0339369064802828,0.00108506944444444));
#3283=CARTESIAN_POINT('',(-0.0108894206660479,0.0338163464803574,0.00108506944444444));
#3284=CARTESIAN_POINT('',(-0.01075406137529,0.0335990331677232,0.00108506944444444));
#3285=CARTESIAN_POINT('',(-0.010600421036995,0.0334049760801359,0.00108506944444444));
#3286=CARTESIAN_POINT('',(-0.0104085550907137,0.0332526364914154,0.00108506944444445));
#3287=CARTESIAN_POINT('',(-0.0101913890002196,0.0331171999851363,0.00108506944444443));
#3288=CARTESIAN_POINT('',(-0.0100700320846097,0.033057958327807,0.00108506944444442));
#3289=CARTESIAN_POINT('',(-0.00987312069477004,0.032987091499862,0.00108506944444445));
#3290=CARTESIAN_POINT('',(-0.00973719725837654,0.0329457828641078,0.00108506944444447));
#3291=CARTESIAN_POINT('',(-0.00952522091653888,0.0329035164035845,0.00108506944444432));
#3292=CARTESIAN_POINT('',(-0.00929400626631802,0.0328803153428671,0.0010850694444449));
#3293=CARTESIAN_POINT('',(-0.00913382945005511,0.0328773957557504,0.00108506944444344));
#3294=CARTESIAN_POINT('',(-0.009,0.0328773958333333,0.00108506944444445));
#3295=CARTESIAN_POINT('',(-0.0110494791666667,0.035005,0.00135243055555556));
#3296=CARTESIAN_POINT('',(-0.0110494792400688,0.0348713511354766,0.00135243055555533));
#3297=CARTESIAN_POINT('',(-0.0110465944910318,0.034715874541063,0.00135243055555566));
#3298=CARTESIAN_POINT('',(-0.0110241731480804,0.0344921688976,0.00135243055555553));
#3299=CARTESIAN_POINT('',(-0.0109839676354899,0.0342895229201667,0.00135243055555555));
#3300=CARTESIAN_POINT('',(-0.0109442149374004,0.0341581705259347,0.00135243055555555));
#3301=CARTESIAN_POINT('',(-0.0108762712233779,0.0339683398309332,0.00135243055555556));
#3302=CARTESIAN_POINT('',(-0.0108200375469242,0.0338527374140249,0.00135243055555555));
#3303=CARTESIAN_POINT('',(-0.0106907719752542,0.0336451774699242,0.00135243055555555));
#3304=CARTESIAN_POINT('',(-0.0105446488426568,0.033460720741687,0.00135243055555555));
#3305=CARTESIAN_POINT('',(-0.0103622917471968,0.0333158473999365,0.00135243055555556));
#3306=CARTESIAN_POINT('',(-0.0101548789499143,0.033186513141506,0.00135243055555555));
#3307=CARTESIAN_POINT('',(-0.0100385192711514,0.0331296424123559,0.00135243055555554));
#3308=CARTESIAN_POINT('',(-0.00984913732237754,0.0330614930973661,0.00135243055555556));
#3309=CARTESIAN_POINT('',(-0.00971824878601059,0.0330217120009382,0.00135243055555558));
#3310=CARTESIAN_POINT('',(-0.00951384589098978,0.0329809210341549,0.00135243055555543));
#3311=CARTESIAN_POINT('',(-0.00928953505812922,0.0329584234030615,0.00135243055555603));
#3312=CARTESIAN_POINT('',(-0.00913382937406008,0.0329555207598339,0.00135243055555452));
#3313=CARTESIAN_POINT('',(-0.009,0.0329555208333333,0.00135243055555556));
#3314=CARTESIAN_POINT('',(-0.0110256076388889,0.035005,0.00148741319444444));
#3315=CARTESIAN_POINT('',(-0.0110256077085332,0.0348713511586663,0.00148741319444423));
#3316=CARTESIAN_POINT('',(-0.0110227280166263,0.0347172372663528,0.00148741319444454));
#3317=CARTESIAN_POINT('',(-0.0110005208718957,0.0344956343243743,0.00148741319444442));
#3318=CARTESIAN_POINT('',(-0.010960759308819,0.0342952809808863,0.00148741319444444));
#3319=CARTESIAN_POINT('',(-0.0109214728064666,0.0341654714911722,0.00148741319444444));
#3320=CARTESIAN_POINT('',(-0.0108543559990625,0.033977944465854,0.00148741319444444));
#3321=CARTESIAN_POINT('',(-0.0107988371493953,0.0338638568659776,0.00148741319444444));
#3322=CARTESIAN_POINT('',(-0.0106714335474843,0.0336592771178202,0.00148741319444444));
#3323=CARTESIAN_POINT('',(-0.0105276073388224,0.0334777538327254,0.00148741319444444));
#3324=CARTESIAN_POINT('',(-0.0103481557255654,0.0333351618441879,0.00148741319444445));
#3325=CARTESIAN_POINT('',(-0.0101437231012111,0.0332076921615268,0.00148741319444444));
#3326=CARTESIAN_POINT('',(-0.0100288903559282,0.0331515458826875,0.00148741319444443));
#3327=CARTESIAN_POINT('',(-0.00984180906970199,0.0330842269187993,0.00148741319444445));
#3328=CARTESIAN_POINT('',(-0.00971245897500991,0.0330449125704476,0.00148741319444447));
#3329=CARTESIAN_POINT('',(-0.00951037018873865,0.0330045724493625,0.00148741319444433));
#3330=CARTESIAN_POINT('',(-0.00928816885562709,0.0329822897536209,0.00148741319444487));
#3331=CARTESIAN_POINT('',(-0.00913382935083937,0.0329793922913742,0.00148741319444353));
#3332=CARTESIAN_POINT('',(-0.009,0.0329793923611111,0.00148741319444445));
#3333=CARTESIAN_POINT('',(-0.0110069715711806,0.035005,0.00168353949652778));
#3334=CARTESIAN_POINT('',(-0.0110069716254246,0.03487135117677,0.00168353949652761));
#3335=CARTESIAN_POINT('',(-0.0110040958997773,0.0347183011212097,0.00168353949652785));
#3336=CARTESIAN_POINT('',(-0.0109820559683777,0.0344983397200493,0.00168353949652776));
#3337=CARTESIAN_POINT('',(-0.0109426409905411,0.0342997761941979,0.00168353949652778));
#3338=CARTESIAN_POINT('',(-0.0109037184384706,0.0341711712219887,0.00168353949652778));
#3339=CARTESIAN_POINT('',(-0.0108372471816367,0.0339854426297063,0.00168353949652778));
#3340=CARTESIAN_POINT('',(-0.0107822863844124,0.0338725376199389,0.00168353949652778));
#3341=CARTESIAN_POINT('',(-0.010656336388626,0.0336702844565817,0.00168353949652778));
#3342=CARTESIAN_POINT('',(-0.0105143033465807,0.0334910512572502,0.00168353949652778));
#3343=CARTESIAN_POINT('',(-0.0103371199904901,0.0333502402795494,0.00168353949652778));
#3344=CARTESIAN_POINT('',(-0.0101350139329685,0.0332242262374778,0.00168353949652777));
#3345=CARTESIAN_POINT('',(-0.0100213732368853,0.0331686455239921,0.00168353949652777));
#3346=CARTESIAN_POINT('',(-0.00983608803607882,0.0331019747997191,0.00168353949652778));
#3347=CARTESIAN_POINT('',(-0.00970793897483111,0.0330630248328501,0.00168353949652779));
#3348=CARTESIAN_POINT('',(-0.00950765677118575,0.0330230366807333,0.00168353949652771));
#3349=CARTESIAN_POINT('',(-0.00928710228617373,0.0330009217737779,0.00168353949652802));
#3350=CARTESIAN_POINT('',(-0.00913382933271139,0.0329980283745032,0.00168353949652726));
#3351=CARTESIAN_POINT('',(-0.009,0.0329980284288194,0.00168353949652778));
#3352=CARTESIAN_POINT('',(-0.0110035400390625,0.035005,0.00174793836805556));
#3353=CARTESIAN_POINT('',(-0.0110035400864888,0.0348713511801035,0.00174793836805541));
#3354=CARTESIAN_POINT('',(-0.0110006650969937,0.0347184970129701,0.00174793836805562));
#3355=CARTESIAN_POINT('',(-0.0109786559528997,0.0344988378751481,0.00174793836805554));
#3356=CARTESIAN_POINT('',(-0.0109393047937758,0.0343006039154262,0.00174793836805555));
#3357=CARTESIAN_POINT('',(-0.0109004492572146,0.0341722207357417,0.00174793836805556));
#3358=CARTESIAN_POINT('',(-0.0108340968680098,0.0339868232959758,0.00174793836805556));
#3359=CARTESIAN_POINT('',(-0.0107792388272204,0.033874136041154,0.00174793836805556));
#3360=CARTESIAN_POINT('',(-0.0106535564896813,0.0336723112809699,0.00174793836805556));
#3361=CARTESIAN_POINT('',(-0.0105118536303825,0.033493499764109,0.00174793836805555));
#3362=CARTESIAN_POINT('',(-0.0103350879373774,0.0333530167308633,0.00174793836805556));
#3363=CARTESIAN_POINT('',(-0.0101334102797205,0.033227270721653,0.00174793836805555));
#3364=CARTESIAN_POINT('',(-0.0100199890803222,0.033171794147984,0.00174793836805555));
#3365=CARTESIAN_POINT('',(-0.00983503459975655,0.0331052427864843,0.00174793836805556));
#3366=CARTESIAN_POINT('',(-0.00970710668949984,0.0330663599145232,0.00174793836805556));
#3367=CARTESIAN_POINT('',(-0.00950715713898713,0.0330264365724469,0.00174793836805551));
#3368=CARTESIAN_POINT('',(-0.00928690589456406,0.0330043525587547,0.00174793836805572));
#3369=CARTESIAN_POINT('',(-0.00913382932937342,0.033001459913448,0.0017479383680552));
#3370=CARTESIAN_POINT('',(-0.009,0.0330014599609375,0.00174793836805556));
#3371=CARTESIAN_POINT('',(-0.0110000508626302,0.035005,0.00187492540147569));
#3372=CARTESIAN_POINT('',(-0.0110000508910419,0.034871351183493,0.00187492540147561));
#3373=CARTESIAN_POINT('',(-0.0109971766677527,0.0347186961954023,0.00187492540147573));
#3374=CARTESIAN_POINT('',(-0.0109751988210427,0.0344993443984651,0.00187492540147569));
#3375=CARTESIAN_POINT('',(-0.0109359125545522,0.0343014455410624,0.00187492540147569));
#3376=CARTESIAN_POINT('',(-0.0108971251590089,0.0341732878796668,0.00187492540147569));
#3377=CARTESIAN_POINT('',(-0.0108308936338414,0.0339882271552552,0.00187492540147569));
#3378=CARTESIAN_POINT('',(-0.010776140075795,0.0338757613133122,0.00187492540147569));
#3379=CARTESIAN_POINT('',(-0.0106507298929203,0.0336743721528095,0.00187492540147569));
#3380=CARTESIAN_POINT('',(-0.0105093627627828,0.0334959894020544,0.00187492540147569));
#3381=CARTESIAN_POINT('',(-0.0103330217489791,0.0333558398220785,0.0018749254014757));
#3382=CARTESIAN_POINT('',(-0.0101317796876395,0.03323036634844,0.00187492540147569));
#3383=CARTESIAN_POINT('',(-0.010018581672118,0.0331749956641345,0.00187492540147569));
#3384=CARTESIAN_POINT('',(-0.00983396346736927,0.0331085656701335,0.00187492540147569));
#3385=CARTESIAN_POINT('',(-0.00970626042309101,0.0330697510199223,0.00187492540147569));
#3386=CARTESIAN_POINT('',(-0.00950664911375747,0.0330298935784624,0.0018749254014757));
#3387=CARTESIAN_POINT('',(-0.00928670620388585,0.0330078409698823,0.00187492540147568));
#3388=CARTESIAN_POINT('',(-0.00913382932597937,0.0330049491089202,0.00187492540147573));
#3389=CARTESIAN_POINT('',(-0.009,0.0330049491373698,0.00187492540147569));
#3390=CARTESIAN_POINT('',(-0.011,0.035005,0.0019375));
#3391=CARTESIAN_POINT('',(-0.0110000000162181,0.0348713511835425,0.00193749999999995));
#3392=CARTESIAN_POINT('',(-0.0109971258215426,0.0347186990989363,0.00193750000000002));
#3393=CARTESIAN_POINT('',(-0.0109751484240606,0.0344993517821869,0.00193749999999999));
#3394=CARTESIAN_POINT('',(-0.0109358631053685,0.0343014578096575,0.0019375));
#3395=CARTESIAN_POINT('',(-0.0108970767028917,0.034173303435701,0.0019375));
#3396=CARTESIAN_POINT('',(-0.010830846939216,0.0339882476196756,0.0019375));
#3397=CARTESIAN_POINT('',(-0.0107760949044018,0.0338757850053201,0.0019375));
#3398=CARTESIAN_POINT('',(-0.0106506886889755,0.033674402194679,0.0019375));
#3399=CARTESIAN_POINT('',(-0.0105093264527177,0.0334960256941946,0.0019375));
#3400=CARTESIAN_POINT('',(-0.0103329916296087,0.033355880974922,0.0019375));
#3401=CARTESIAN_POINT('',(-0.0101317559180817,0.0332304114742847,0.0019375));
#3402=CARTESIAN_POINT('',(-0.010018561155964,0.0331750423337163,0.0019375));
#3403=CARTESIAN_POINT('',(-0.00983394785319423,0.0331086141085456,0.00193749999999999));
#3404=CARTESIAN_POINT('',(-0.00970624808684612,0.0330698004525775,0.00193749999999999));
#3405=CARTESIAN_POINT('',(-0.00950664170814184,0.033029943973612,0.00193750000000003));
#3406=CARTESIAN_POINT('',(-0.00928670329294303,0.033007891815821,0.00193749999999988));
#3407=CARTESIAN_POINT('',(-0.00913382932592989,0.0330049999837603,0.00193750000000025));
#3408=CARTESIAN_POINT('',(-0.009,0.033005,0.0019375));
#3409=CARTESIAN_POINT('',(-0.011,0.035005,0.002));
#3410=CARTESIAN_POINT('',(-0.011,0.0348713511835425,0.002));
#3411=CARTESIAN_POINT('',(-0.0109971258290664,0.0347186990989363,0.002));
#3412=CARTESIAN_POINT('',(-0.0109751484220546,0.034499351782187,0.002));
#3413=CARTESIAN_POINT('',(-0.0109358631058688,0.0343014578096574,0.002));
#3414=CARTESIAN_POINT('',(-0.0108970767030617,0.0341733034357014,0.002));
#3415=CARTESIAN_POINT('',(-0.010830846938876,0.0339882476196748,0.002));
#3416=CARTESIAN_POINT('',(-0.0107760949042798,0.033875785005312,0.002));
#3417=CARTESIAN_POINT('',(-0.0106506886890975,0.0336744021946872,0.002));
#3418=CARTESIAN_POINT('',(-0.0105093264526608,0.0334960256942516,0.002));
#3419=CARTESIAN_POINT('',(-0.0103329916296006,0.0333558809747998,0.002));
#3420=CARTESIAN_POINT('',(-0.0101317559180898,0.0332304114744068,0.002));
#3421=CARTESIAN_POINT('',(-0.0100185611559648,0.0331750423340567,0.002));
#3422=CARTESIAN_POINT('',(-0.00983394785319381,0.0331086141083754,0.00199999999999999));
#3423=CARTESIAN_POINT('',(-0.00970624808684631,0.0330698004520766,0.00199999999999998));
#3424=CARTESIAN_POINT('',(-0.00950664170814178,0.0330299439756207,0.00200000000000006));
#3425=CARTESIAN_POINT('',(-0.00928670329294305,0.0330078918082872,0.00199999999999978));
#3426=CARTESIAN_POINT('',(-0.00913382932592989,0.033005,0.00200000000000047));
#3427=CARTESIAN_POINT('',(-0.009,0.033005,0.002));
#3428=CARTESIAN_POINT('',(-0.009,0.031005,0.));
#3429=CARTESIAN_POINT('',(-0.009,0.031255,4.33680868994202E-19));
#3430=CARTESIAN_POINT('',(-0.009,0.0317914583333333,2.60416666666678E-5));
#3431=CARTESIAN_POINT('',(-0.009,0.0325648958333333,0.000440104166666669));
#3432=CARTESIAN_POINT('',(-0.009,0.0329789583333333,0.00121354166666667));
#3433=CARTESIAN_POINT('',(-0.009,0.033005,0.00175));
#3434=CARTESIAN_POINT('',(-0.009,0.033005,0.002));
#3435=CARTESIAN_POINT('',(-0.009,0.08145,0.00200000000000001));
#3436=CARTESIAN_POINT('',(0.009,0.08145,0.00200000000000001));
#3437=CARTESIAN_POINT('',(-0.009,0.08145,0.00170000000000001));
#3438=CARTESIAN_POINT('',(0.009,0.08145,0.00170000000000001));
#3439=CARTESIAN_POINT('',(-0.009,0.08145,0.00140000000000001));
#3440=CARTESIAN_POINT('',(0.009,0.08145,0.00140000000000001));
#3441=CARTESIAN_POINT('',(-0.009,0.08165,0.000666666666666668));
#3442=CARTESIAN_POINT('',(0.009,0.08165,0.000666666666666668));
#3443=CARTESIAN_POINT('',(-0.009,0.0821166666666667,0.000199999999999994));
#3444=CARTESIAN_POINT('',(0.009,0.0821166666666667,0.000199999999999994));
#3445=CARTESIAN_POINT('',(-0.009,0.08285,-2.48689957516035E-18));
#3446=CARTESIAN_POINT('',(0.009,0.08285,-2.48689957516035E-18));
#3447=CARTESIAN_POINT('',(-0.009,0.08315,0.));
#3448=CARTESIAN_POINT('',(0.009,0.08315,0.));
#3449=CARTESIAN_POINT('',(-0.009,0.08345,0.));
#3450=CARTESIAN_POINT('',(0.009,0.08345,0.));
#3451=CARTESIAN_POINT('',(0.009,0.08345,0.));
#3452=CARTESIAN_POINT('',(0.009,0.0832,0.));
#3453=CARTESIAN_POINT('',(0.009,0.0826635416666667,2.60416666666551E-5));
#3454=CARTESIAN_POINT('',(0.009,0.0818901041666667,0.000440104166666651));
#3455=CARTESIAN_POINT('',(0.009,0.0814760416666667,0.00121354166666666));
#3456=CARTESIAN_POINT('',(0.009,0.08145,0.00175));
#3457=CARTESIAN_POINT('',(0.009,0.08145,0.002));
#3458=CARTESIAN_POINT('',(0.009,0.033005,0.00200000000000001));
#3459=CARTESIAN_POINT('',(-0.00900000000000002,0.033005,0.00200000000000001));
#3460=CARTESIAN_POINT('',(0.009,0.033005,0.00170000000000001));
#3461=CARTESIAN_POINT('',(-0.00900000000000002,0.033005,0.00170000000000001));
#3462=CARTESIAN_POINT('',(0.009,0.033005,0.00140000000000001));
#3463=CARTESIAN_POINT('',(-0.00900000000000002,0.033005,0.00140000000000001));
#3464=CARTESIAN_POINT('',(0.009,0.032805,0.000666666666666675));
#3465=CARTESIAN_POINT('',(-0.00900000000000002,0.032805,0.000666666666666675));
#3466=CARTESIAN_POINT('',(0.009,0.0323383333333334,0.000200000000000006));
#3467=CARTESIAN_POINT('',(-0.00900000000000002,0.0323383333333334,0.000200000000000006));
#3468=CARTESIAN_POINT('',(0.009,0.031605,9.96425164601077E-19));
#3469=CARTESIAN_POINT('',(-0.00900000000000002,0.031605,9.96425164601077E-19));
#3470=CARTESIAN_POINT('',(0.009,0.031305,5.20417042793043E-19));
#3471=CARTESIAN_POINT('',(-0.00900000000000002,0.031305,5.20417042793043E-19));
#3472=CARTESIAN_POINT('',(0.009,0.031005,-2.31111593326469E-34));
#3473=CARTESIAN_POINT('',(-0.00900000000000002,0.031005,-2.31111593326469E-34));
#3474=CARTESIAN_POINT('',(0.009,0.033005,0.002));
#3475=CARTESIAN_POINT('',(0.009,0.033005,0.00175));
#3476=CARTESIAN_POINT('',(0.009,0.0329789583333333,0.00121354166666667));
#3477=CARTESIAN_POINT('',(0.009,0.0325648958333333,0.000440104166666668));
#3478=CARTESIAN_POINT('',(0.009,0.0317914583333334,2.60416666666681E-5));
#3479=CARTESIAN_POINT('',(0.009,0.031255,4.33680868994202E-19));
#3480=CARTESIAN_POINT('',(0.009,0.031005,0.));
#3481=CARTESIAN_POINT('',(0.013,0.07945,-1.3010426069826E-18));
#3482=CARTESIAN_POINT('',(0.0130000000784681,0.0795836507593427,-1.3010426069826E-18));
#3483=CARTESIAN_POINT('',(0.0129967025580042,0.0798504725035197,-1.3010422135378E-18));
#3484=CARTESIAN_POINT('',(0.0129567790957104,0.0802459879737446,-1.30104398403943E-18));
#3485=CARTESIAN_POINT('',(0.0128802989186078,0.0806359629866282,-1.30103749220011E-18));
#3486=CARTESIAN_POINT('',(0.0128024537845024,0.0808933847063752,-1.30105362343722E-18));
#3487=CARTESIAN_POINT('',(0.0126669442729327,0.0812714461569752,-1.30102057407338E-18));
#3488=CARTESIAN_POINT('',(0.0125523027536518,0.0815108228965888,-1.30082448118128E-18));
#3489=CARTESIAN_POINT('',(0.0122708973302095,0.0819618919416448,-1.30126073278393E-18));
#3490=CARTESIAN_POINT('',(0.0119370946276275,0.0823860376413667,-1.3025645144495E-18));
#3491=CARTESIAN_POINT('',(0.0115173332236178,0.0827173182835356,-1.29778066624749E-18));
#3492=CARTESIAN_POINT('',(0.0110664132059187,0.0829990053284611,-1.30430454771772E-18));
#3493=CARTESIAN_POINT('',(0.0108252891804969,0.0831150702298511,-1.3101333256224E-18));
#3494=CARTESIAN_POINT('',(0.0104479221864414,0.0832510667880006,-1.29649724766271E-18));
#3495=CARTESIAN_POINT('',(0.0101913289794154,0.0833289854515827,-1.28766434991705E-18));
#3496=CARTESIAN_POINT('',(0.00979784236219904,0.0834066145637696,-1.35468454569189E-18));
#3497=CARTESIAN_POINT('',(0.00940116622257491,0.0834466745447359,-1.099853109211E-18));
#3498=CARTESIAN_POINT('',(0.00913383127140499,0.0834500000785705,-1.73472347597681E-18));
#3499=CARTESIAN_POINT('',(0.009,0.08345,-1.73472347597681E-18));
#3500=CARTESIAN_POINT('',(0.0129375,0.07945,-1.3010426069826E-18));
#3501=CARTESIAN_POINT('',(0.0129375000784487,0.0795836506986277,1.3189400575333E-17));
#3502=CARTESIAN_POINT('',(0.0129342157840963,0.0798469046409429,-8.02333936156864E-18));
#3503=CARTESIAN_POINT('',(0.0128948531374596,0.0802369148563718,4.91331260595181E-19));
#3504=CARTESIAN_POINT('',(0.0128195352993846,0.0806208873367443,-1.74824132270774E-18));
#3505=CARTESIAN_POINT('',(0.0127429107506819,0.0808742694519354,-1.45249484867581E-18));
#3506=CARTESIAN_POINT('',(0.0126095662312944,0.0812462994764548,-9.98138123596205E-19));
#3507=CARTESIAN_POINT('',(0.0124967962583772,0.0814817101496532,-1.20037685792033E-18));
#3508=CARTESIAN_POINT('',(0.0122202658101564,0.0819249764998857,-1.40170835604488E-18));
#3509=CARTESIAN_POINT('',(0.0118924768721684,0.0823414419121372,-1.1921101890779E-18));
#3510=CARTESIAN_POINT('',(0.011480322548806,0.0826667495566943,-1.41824169372974E-18));
#3511=CARTESIAN_POINT('',(0.0110372051656728,0.0829435548033898,-1.18384352023547E-18));
#3512=CARTESIAN_POINT('',(0.0108000789297302,0.08305772296228,-9.59961653781808E-19));
#3513=CARTESIAN_POINT('',(0.0104287354885275,0.0831915455099633,-1.49915809469197E-18));
#3514=CARTESIAN_POINT('',(0.0101761702015225,0.0832682421420182,-1.84134032041258E-18));
#3515=CARTESIAN_POINT('',(0.00978874234175978,0.083344690859715,8.87172621586321E-19));
#3516=CARTESIAN_POINT('',(0.00939758925602381,0.083384188095074,-9.5136058078287E-18));
#3517=CARTESIAN_POINT('',(0.00913383121060912,0.0833875000785508,1.64027947092785E-17));
#3518=CARTESIAN_POINT('',(0.009,0.0833875,-1.73472347597681E-18));
#3519=CARTESIAN_POINT('',(0.0128749254014757,0.07945,5.08626302070313E-8));
#3520=CARTESIAN_POINT('',(0.0128749254799049,0.0795836506378403,5.08626302396929E-8));
#3521=CARTESIAN_POINT('',(0.0128716544274505,0.0798433325198494,5.08626301918964E-8));
#3522=CARTESIAN_POINT('',(0.0128328532658471,0.0802278309095403,5.08626302110878E-8));
#3523=CARTESIAN_POINT('',(0.0127586991541403,0.0806057936929205,5.08626302059945E-8));
#3524=CARTESIAN_POINT('',(0.0126832966477021,0.0808551313819792,5.08626302066924E-8));
#3525=CARTESIAN_POINT('',(0.0125521197045804,0.0812211227814503,5.08626302077461E-8));
#3526=CARTESIAN_POINT('',(0.0124412235118605,0.0814525626544302,5.0862630207256E-8));
#3527=CARTESIAN_POINT('',(0.0121695738575165,0.0818880169967269,5.08626302067758E-8));
#3528=CARTESIAN_POINT('',(0.0118478058620097,0.0822967929544981,5.08626302072762E-8));
#3529=CARTESIAN_POINT('',(0.0114432676989266,0.0826161204722148,5.08626302069361E-8));
#3530=CARTESIAN_POINT('',(0.0110079622633997,0.082888038093881,5.08626302071875E-8));
#3531=CARTESIAN_POINT('',(0.0107748385886034,0.0830003072463644,5.08626302074513E-8));
#3532=CARTESIAN_POINT('',(0.010409525889824,0.0831319531887339,5.08626302067709E-8));
#3533=CARTESIAN_POINT('',(0.0101609933304704,0.0832074263306736,5.08626302063542E-8));
#3534=CARTESIAN_POINT('',(0.00977963145975099,0.0832826932449892,5.08626302099411E-8));
#3535=CARTESIAN_POINT('',(0.00939400802008989,0.0833216270630612,5.08626301959177E-8));
#3536=CARTESIAN_POINT('',(0.00913383114974068,0.0833249254800067,5.086263023081E-8));
#3537=CARTESIAN_POINT('',(0.009,0.0833249254014757,5.08626302065981E-8));
#3538=CARTESIAN_POINT('',(0.0127479383680556,0.07945,3.54003906249871E-6));
#3539=CARTESIAN_POINT('',(0.0127479384464454,0.0795836505144801,3.54003906256758E-6));
#3540=CARTESIAN_POINT('',(0.0127446942667056,0.0798360833633009,3.54003906246681E-6));
#3541=CARTESIAN_POINT('',(0.0127070325661676,0.0802093962173955,3.54003906250726E-6));
#3542=CARTESIAN_POINT('',(0.01263524008622,0.0805751631000302,3.54003906249649E-6));
#3543=CARTESIAN_POINT('',(0.0125623175560908,0.0808162931507091,3.54003906249799E-6));
#3544=CARTESIAN_POINT('',(0.0124355394279228,0.0811700299436958,3.54003906250024E-6));
#3545=CARTESIAN_POINT('',(0.012328445829133,0.0813934115925412,3.54003906249918E-6));
#3546=CARTESIAN_POINT('',(0.0120667011130511,0.0818130124777446,3.54003906249817E-6));
#3547=CARTESIAN_POINT('',(0.0117571518395517,0.0822061836847691,3.54003906249927E-6));
#3548=CARTESIAN_POINT('',(0.0113680696861389,0.0825133753105281,3.54003906249861E-6));
#3549=CARTESIAN_POINT('',(0.0109486175852743,0.0827753741309947,3.54003906249892E-6));
#3550=CARTESIAN_POINT('',(0.010723616589297,0.0828837894962268,3.5400390624993E-6));
#3551=CARTESIAN_POINT('',(0.0103705425002365,0.0830110183003607,3.54003906249823E-6));
#3552=CARTESIAN_POINT('',(0.0101301938387122,0.0830840085277662,3.5400390624976E-6));
#3553=CARTESIAN_POINT('',(0.0097611421061567,0.0831568771253685,3.54003906250346E-6));
#3554=CARTESIAN_POINT('',(0.00938674036615439,0.0831946675611169,3.54003906248021E-6));
#3555=CARTESIAN_POINT('',(0.00913383102621609,0.0831979384465467,3.54003906253778E-6));
#3556=CARTESIAN_POINT('',(0.009,0.0831979383680556,3.54003906249822E-6));
#3557=CARTESIAN_POINT('',(0.0126835394965278,0.07945,6.97157118055429E-6));
#3558=CARTESIAN_POINT('',(0.0126835395748976,0.0795836504519206,6.97157118064121E-6));
#3559=CARTESIAN_POINT('',(0.0126803090231043,0.0798324071021214,6.97157118051401E-6));
#3560=CARTESIAN_POINT('',(0.0126432251768935,0.0802000474410747,6.97157118056506E-6));
#3561=CARTESIAN_POINT('',(0.0125726303500934,0.0805596294225891,6.97157118055146E-6));
#3562=CARTESIAN_POINT('',(0.0125009654891247,0.0807965971376708,6.97157118055336E-6));
#3563=CARTESIAN_POINT('',(0.0123764181298111,0.0811441192581248,6.97157118055621E-6));
#3564=CARTESIAN_POINT('',(0.0122712529386027,0.0813634143437455,6.97157118055487E-6));
#3565=CARTESIAN_POINT('',(0.0120145313089687,0.0817749754730848,6.9715711805536E-6));
#3566=CARTESIAN_POINT('',(0.0117111785099249,0.0821602330505718,6.97157118055503E-6));
#3567=CARTESIAN_POINT('',(0.0113299345550611,0.0824612702074373,6.97157118055416E-6));
#3568=CARTESIAN_POINT('',(0.0109185221479723,0.0827182389111513,6.9715711805545E-6));
#3569=CARTESIAN_POINT('',(0.010697640402092,0.0828246999071584,6.97157118055496E-6));
#3570=CARTESIAN_POINT('',(0.0103507728731325,0.0829496886501608,6.97157118055364E-6));
#3571=CARTESIAN_POINT('',(0.0101145745076716,0.0830214197183451,6.97157118055288E-6));
#3572=CARTESIAN_POINT('',(0.00975176560940203,0.0830930720587775,6.97157118056012E-6));
#3573=CARTESIAN_POINT('',(0.00938305472440425,0.0831302826516128,6.97157118053139E-6));
#3574=CARTESIAN_POINT('',(0.00913383096357312,0.0831335395749987,6.97157118060235E-6));
#3575=CARTESIAN_POINT('',(0.009,0.0831335394965278,6.97157118055374E-6));
#3576=CARTESIAN_POINT('',(0.0124874131944444,0.07945,2.56076388888877E-5));
#3577=CARTESIAN_POINT('',(0.0124874132727534,0.079583650261396,2.56076388890227E-5));
#3578=CARTESIAN_POINT('',(0.0124842242247736,0.0798212110750247,2.56076388888251E-5));
#3579=CARTESIAN_POINT('',(0.0124489002297782,0.0801715758097355,2.56076388889044E-5));
#3580=CARTESIAN_POINT('',(0.0123819528470624,0.0805123217191772,2.56076388888833E-5));
#3581=CARTESIAN_POINT('',(0.012314118208516,0.0807366130710041,2.56076388888862E-5));
#3582=CARTESIAN_POINT('',(0.0121963646397743,0.0810652084507625,2.56076388888907E-5));
#3583=CARTESIAN_POINT('',(0.0120970724000457,0.081272057937346,2.56076388888886E-5));
#3584=CARTESIAN_POINT('',(0.0118556485442189,0.0816591340477729,2.56076388888867E-5));
#3585=CARTESIAN_POINT('',(0.0115711670637575,0.0820202907231719,2.5607638888889E-5));
#3586=CARTESIAN_POINT('',(0.0112137942864459,0.0823025844890941,2.56076388888873E-5));
#3587=CARTESIAN_POINT('',(0.0108268667091799,0.0825442340082583,2.5607638888888E-5));
#3588=CARTESIAN_POINT('',(0.0106185301099724,0.0826447429867857,2.56076388888889E-5));
#3589=CARTESIAN_POINT('',(0.0102905646153557,0.0827629096396532,2.56076388888863E-5));
#3590=CARTESIAN_POINT('',(0.0100670059468361,0.0828308059474462,2.56076388888848E-5));
#3591=CARTESIAN_POINT('',(0.00972320955567989,0.0828987541853768,2.56076388888988E-5));
#3592=CARTESIAN_POINT('',(0.00937183012884674,0.0829341988707724,2.56076388888442E-5));
#3593=CARTESIAN_POINT('',(0.00913383077279441,0.0829374132728543,2.56076388889785E-5));
#3594=CARTESIAN_POINT('',(0.009,0.0829374131944444,2.56076388888869E-5));
#3595=CARTESIAN_POINT('',(0.0123524305555556,0.07945,4.94791666666656E-5));
#3596=CARTESIAN_POINT('',(0.0123524306338225,0.0795836501302687,4.94791666668237E-5));
#3597=CARTESIAN_POINT('',(0.0123492701505698,0.0798135054829316,4.94791666665922E-5));
#3598=CARTESIAN_POINT('',(0.0123151573616114,0.0801519803965207,4.9479166666685E-5));
#3599=CARTESIAN_POINT('',(0.0122507203083236,0.0804797625031083,4.94791666666603E-5));
#3600=CARTESIAN_POINT('',(0.0121855217951953,0.080695329431207,4.94791666666638E-5));
#3601=CARTESIAN_POINT('',(0.0120724440081805,0.0810108986060275,4.9479166666669E-5));
#3602=CARTESIAN_POINT('',(0.0119771937887236,0.0812091824908392,4.94791666666667E-5));
#3603=CARTESIAN_POINT('',(0.0117462985252154,0.0815794069478625,4.94791666666645E-5));
#3604=CARTESIAN_POINT('',(0.0114748051057866,0.0819239763357386,4.94791666666672E-5));
#3605=CARTESIAN_POINT('',(0.0111338615095954,0.0821933700859855,4.94791666666647E-5));
#3606=CARTESIAN_POINT('',(0.0107637854555934,0.0824244762770279,4.9479166666666E-5));
#3607=CARTESIAN_POINT('',(0.0105640829711637,0.0825208888186287,4.94791666666675E-5));
#3608=CARTESIAN_POINT('',(0.0102491266774999,0.082634360212781,4.94791666666633E-5));
#3609=CARTESIAN_POINT('',(0.0100342671973592,0.0826996172719284,4.94791666666607E-5));
#3610=CARTESIAN_POINT('',(0.00970355603931456,0.0827650161856477,4.94791666666832E-5));
#3611=CARTESIAN_POINT('',(0.00936410487469817,0.0827992454968494,4.94791666665972E-5));
#3612=CARTESIAN_POINT('',(0.00913383064149222,0.0828024306339239,4.94791666668087E-5));
#3613=CARTESIAN_POINT('',(0.009,0.0828024305555556,4.94791666666645E-5));
#3614=CARTESIAN_POINT('',(0.0120850694444444,0.07945,0.000127604166666666));
#3615=CARTESIAN_POINT('',(0.0120850695226283,0.0795836498705441,0.000127604166666849));
#3616=CARTESIAN_POINT('',(0.0120819656177418,0.079798242959686,0.000127604166666581));
#3617=CARTESIAN_POINT('',(0.0120502518735384,0.080113167616648,0.000127604166666688));
#3618=CARTESIAN_POINT('',(0.0119907870483135,0.0804152722230492,0.00012760416666666));
#3619=CARTESIAN_POINT('',(0.0119308099282964,0.0806135586205477,0.000127604166666664));
#3620=CARTESIAN_POINT('',(0.0118269934967279,0.0809033266949123,0.00012760416666667));
#3621=CARTESIAN_POINT('',(0.0117397493367156,0.0810846446289479,0.000127604166666667));
#3622=CARTESIAN_POINT('',(0.0115297081338774,0.0814214908914483,0.000127604166666665));
#3623=CARTESIAN_POINT('',(0.011283940262989,0.0817332057162568,0.000127604166666668));
#3624=CARTESIAN_POINT('',(0.0109755380673448,0.0819770483100533,0.000127604166666664));
#3625=CARTESIAN_POINT('',(0.0106388399500971,0.0821872712531118,0.000127604166666666));
#3626=CARTESIAN_POINT('',(0.0104562391206615,0.082275569951797,0.000127604166666669));
#3627=CARTESIAN_POINT('',(0.0101670502475348,0.0823797414122882,0.000127604166666662));
#3628=CARTESIAN_POINT('',(0.00996942131415109,0.0824397708921246,0.000127604166666658));
#3629=CARTESIAN_POINT('',(0.0096646281741022,0.0825001203405252,0.000127604166666694));
#3630=CARTESIAN_POINT('',(0.00934880340667398,0.0825319423510725,0.000127604166666559));
#3631=CARTESIAN_POINT('',(0.009133830381421,0.0825350695227308,0.00012760416666689));
#3632=CARTESIAN_POINT('',(0.009,0.0825350694444444,0.000127604166666664));
#3633=CARTESIAN_POINT('',(0.011953125,0.07945,0.000181640624999999));
#3634=CARTESIAN_POINT('',(0.0119531250781428,0.0795836497423684,0.000181640625000185));
#3635=CARTESIAN_POINT('',(0.0119500490950474,0.0797907108053569,0.000181640624999913));
#3636=CARTESIAN_POINT('',(0.0119195192950088,0.0800940132577499,0.000181640625000022));
#3637=CARTESIAN_POINT('',(0.0118625082966202,0.0803834458510719,0.000181640624999993));
#3638=CARTESIAN_POINT('',(0.0118051079680087,0.080573204194508,0.000181640624999997));
#3639=CARTESIAN_POINT('',(0.0117058620754915,0.0808502392582581,0.000181640625000003));
#3640=CARTESIAN_POINT('',(0.0116225689578026,0.0810231843854171,0.000181640625000001));
#3641=CARTESIAN_POINT('',(0.0114228193693209,0.081343558292179,0.000181640624999998));
#3642=CARTESIAN_POINT('',(0.0111897472236863,0.0816390591767722,0.000181640625000001));
#3643=CARTESIAN_POINT('',(0.0108974044205199,0.0818702921089439,0.000181640624999997));
#3644=CARTESIAN_POINT('',(0.0105771785318003,0.0820702090335169,0.000181640625));
#3645=CARTESIAN_POINT('',(0.0104030174801539,0.0821545034980358,0.000181640625000003));
#3646=CARTESIAN_POINT('',(0.0101265449963832,0.0822540853808761,0.000181640624999995));
#3647=CARTESIAN_POINT('',(0.00993741944971071,0.0823115350163774,0.00018164062499999));
#3648=CARTESIAN_POINT('',(0.00964541701984156,0.0823693925208543,0.00018164062500003));
#3649=CARTESIAN_POINT('',(0.00934125203284386,0.0824000265128968,0.000181640624999882));
#3650=CARTESIAN_POINT('',(0.00913383025307417,0.0824031250782461,0.000181640625000246));
#3651=CARTESIAN_POINT('',(0.009,0.082403125,0.000181640624999998));
#3652=CARTESIAN_POINT('',(0.011708984375,0.07945,0.0003193359375));
#3653=CARTESIAN_POINT('',(0.011708984453067,0.079583649505201,0.000319335937500183));
#3654=CARTESIAN_POINT('',(0.0117059601344698,0.0797767738421659,0.000319335937499914));
#3655=CARTESIAN_POINT('',(0.0116776210205915,0.0800585713930123,0.000319335937500022));
#3656=CARTESIAN_POINT('',(0.0116251504090298,0.0803245565937127,0.000319335937499993));
#3657=CARTESIAN_POINT('',(0.0115725179921473,0.0804985352318524,0.000319335937499997));
#3658=CARTESIAN_POINT('',(0.011481729100342,0.0807520100374751,0.000319335937500003));
#3659=CARTESIAN_POINT('',(0.0114057467106363,0.0809094627176999,0.000319335937500001));
#3660=CARTESIAN_POINT('',(0.0112250399941137,0.0811993573478073,0.000319335937499998));
#3661=CARTESIAN_POINT('',(0.0110154591164239,0.0814648571094695,0.000319335937500001));
#3662=CARTESIAN_POINT('',(0.0107528314720362,0.08167275801972,0.000319335937499998));
#3663=CARTESIAN_POINT('',(0.0104630846245898,0.0818536054199571,0.0003193359375));
#3664=CARTESIAN_POINT('',(0.0103045399380963,0.0819304907340864,0.000319335937500001));
#3665=CARTESIAN_POINT('',(0.0100515969576569,0.082021580388543,0.000319335937499996));
#3666=CARTESIAN_POINT('',(0.00987820547356689,0.0820742564633911,0.000319335937499992));
#3667=CARTESIAN_POINT('',(0.00960987006500073,0.082127503051891,0.000319335937500022));
#3668=CARTESIAN_POINT('',(0.00932727950725359,0.082155938818904,0.000319335937499912));
#3669=CARTESIAN_POINT('',(0.00913383001559032,0.0821589844531715,0.000319335937500182));
#3670=CARTESIAN_POINT('',(0.009,0.082158984375,0.000319335937499998));
#3671=CARTESIAN_POINT('',(0.0115972222222222,0.07945,0.000402777777777777));
#3672=CARTESIAN_POINT('',(0.0115972223002545,0.079583649396631,0.000402777777777955));
#3673=CARTESIAN_POINT('',(0.0115942216325165,0.0797703938101274,0.000402777777777694));
#3674=CARTESIAN_POINT('',(0.0115668853660804,0.0800423468949324,0.000402777777777799));
#3675=CARTESIAN_POINT('',(0.0115164932427106,0.0802975984003438,0.000402777777777771));
#3676=CARTESIAN_POINT('',(0.0114660434698641,0.0804643534400589,0.000402777777777775));
#3677=CARTESIAN_POINT('',(0.0113791260050513,0.0807070428830723,0.000402777777777781));
#3678=CARTESIAN_POINT('',(0.0113064903041557,0.080857403465367,0.000402777777777778));
#3679=CARTESIAN_POINT('',(0.0111345009912411,0.0811333453599394,0.000402777777777776));
#3680=CARTESIAN_POINT('',(0.0109356738939882,0.0813851112742153,0.000402777777777778));
#3681=CARTESIAN_POINT('',(0.0106866491889525,0.0815823313033198,0.000402777777777776));
#3682=CARTESIAN_POINT('',(0.010410854969289,0.0817544490990831,0.000402777777777778));
#3683=CARTESIAN_POINT('',(0.0102594591077321,0.0818279426688119,0.000402777777777778));
#3684=CARTESIAN_POINT('',(0.01001728741104,0.0819151447698305,0.000402777777777775));
#3685=CARTESIAN_POINT('',(0.00985109863115439,0.0819656356146907,0.000402777777777773));
#3686=CARTESIAN_POINT('',(0.00959359745900693,0.0820167714283211,0.000402777777777788));
#3687=CARTESIAN_POINT('',(0.00932088319553892,0.0820442008967651,0.000402777777777734));
#3688=CARTESIAN_POINT('',(0.0091338299068755,0.0820472223003594,0.000402777777777867));
#3689=CARTESIAN_POINT('',(0.009,0.0820472222222223,0.000402777777777776));
#3690=CARTESIAN_POINT('',(0.0114027777777778,0.07945,0.000597222222222222));
#3691=CARTESIAN_POINT('',(0.0114027778557497,0.07958364920774,0.00059722222222238));
#3692=CARTESIAN_POINT('',(0.0113998183359142,0.0797592937932217,0.000597222222222148));
#3693=CARTESIAN_POINT('',(0.0113742268293,0.0800141194186614,0.000597222222222242));
#3694=CARTESIAN_POINT('',(0.0113274508717942,0.0802506963784825,0.000597222222222216));
#3695=CARTESIAN_POINT('',(0.0112807984757558,0.0804048837595794,0.00059722222222222));
#3696=CARTESIAN_POINT('',(0.0112006165421767,0.0806288087658976,0.000597222222222226));
#3697=CARTESIAN_POINT('',(0.0111338034299682,0.0807668304749007,0.000597222222222223));
#3698=CARTESIAN_POINT('',(0.0109769807066316,0.081018497318911,0.00059722222222222));
#3699=CARTESIAN_POINT('',(0.0107968630992264,0.0812463690055012,0.000597222222222221));
#3700=CARTESIAN_POINT('',(0.0105715048673158,0.081425006375369,0.000597222222222223));
#3701=CARTESIAN_POINT('',(0.0103199855107463,0.0815819363544168,0.000597222222222222));
#3702=CARTESIAN_POINT('',(0.0101810272164578,0.0816495289474796,0.000597222222222219));
#3703=CARTESIAN_POINT('',(0.00995759546197441,0.0817299674603812,0.000597222222222222));
#3704=CARTESIAN_POINT('',(0.00980393798882118,0.0817766564293789,0.000597222222222224));
#3705=CARTESIAN_POINT('',(0.00956528628430704,0.0818241199045956,0.000597222222222211));
#3706=CARTESIAN_POINT('',(0.00930975485515767,0.0818497986089276,0.000597222222222263));
#3707=CARTESIAN_POINT('',(0.00913382971773284,0.0818527778558548,0.000597222222222132));
#3708=CARTESIAN_POINT('',(0.009,0.0818527777777778,0.000597222222222222));
#3709=CARTESIAN_POINT('',(0.0113193359375,0.07945,0.000708984375));
#3710=CARTESIAN_POINT('',(0.0113193360154968,0.0795836491266812,0.00070898437500014));
#3711=CARTESIAN_POINT('',(0.0113163941533643,0.0797545304489134,0.000708984374999933));
#3712=CARTESIAN_POINT('',(0.0112915513746276,0.0800020061768911,0.000708984375000019));
#3713=CARTESIAN_POINT('',(0.011246327220434,0.0802305693389673,0.000708984374999994));
#3714=CARTESIAN_POINT('',(0.0112013043906719,0.080379363567454,0.000708984374999998));
#3715=CARTESIAN_POINT('',(0.0111240128720044,0.0805952362011057,0.000708984375000003));
#3716=CARTESIAN_POINT('',(0.0110596984041593,0.0807279629360231,0.000708984375000001));
#3717=CARTESIAN_POINT('',(0.0109093841112826,0.0809692126405902,0.000708984374999997));
#3718=CARTESIAN_POINT('',(0.0107372952972333,0.0811868306100543,0.000708984375));
#3719=CARTESIAN_POINT('',(0.0105220930462563,0.0813574936133184,0.000708984375000002));
#3720=CARTESIAN_POINT('',(0.0102809907486819,0.0815079060527161,0.000708984375));
#3721=CARTESIAN_POINT('',(0.0101473697809723,0.0815729663628242,0.000708984374999996));
#3722=CARTESIAN_POINT('',(0.00993197988784974,0.0816505024207788,0.000708984375));
#3723=CARTESIAN_POINT('',(0.00978369996764136,0.0816955598928233,0.000708984375000003));
#3724=CARTESIAN_POINT('',(0.00955313712507478,0.0817414474594317,0.000708984374999982));
#3725=CARTESIAN_POINT('',(0.00930497935641148,0.0817663748592685,0.000708984375000068));
#3726=CARTESIAN_POINT('',(0.00913382963656617,0.0817693360156017,0.000708984374999854));
#3727=CARTESIAN_POINT('',(0.009,0.0817693359375,0.000708984375));
#3728=CARTESIAN_POINT('',(0.011181640625,0.07945,0.000953125));
#3729=CARTESIAN_POINT('',(0.0111816407027006,0.0795836489929184,0.000953125000000088));
#3730=CARTESIAN_POINT('',(0.0111787279797161,0.0797466700016739,0.000953124999999957));
#3731=CARTESIAN_POINT('',(0.0111551207478249,0.079982016965179,0.000953125000000015));
#3732=CARTESIAN_POINT('',(0.0111124573718408,0.0801973557978167,0.000953124999999995));
#3733=CARTESIAN_POINT('',(0.0110701236442888,0.0803372502725162,0.000953124999999998));
#3734=CARTESIAN_POINT('',(0.0109976018740148,0.080539834920584,0.000953125000000002));
#3735=CARTESIAN_POINT('',(0.0109374106567555,0.0806638239154306,0.000953125));
#3736=CARTESIAN_POINT('',(0.0107978365436676,0.0808878833079644,0.000953124999999998));
#3737=CARTESIAN_POINT('',(0.0106389968047364,0.0810885806440947,0.000953124999999999));
#3738=CARTESIAN_POINT('',(0.0104405539033113,0.0812460843869981,0.000953125000000003));
#3739=CARTESIAN_POINT('',(0.0102166417850154,0.0813857416146665,0.000953125000000002));
#3740=CARTESIAN_POINT('',(0.0100918284472519,0.0814466231639514,0.000953124999999998));
#3741=CARTESIAN_POINT('',(0.00988970919400811,0.0815193696051056,0.000953125));
#3742=CARTESIAN_POINT('',(0.00975030328509625,0.0815617347889469,0.000953125000000002));
#3743=CARTESIAN_POINT('',(0.00953308864254456,0.0816050217989048,0.000953124999999988));
#3744=CARTESIAN_POINT('',(0.00929709885197853,0.0816287093999748,0.000953125000000047));
#3745=CARTESIAN_POINT('',(0.00913382950262534,0.0816316407028048,0.000953124999999904));
#3746=CARTESIAN_POINT('',(0.009,0.081631640625,0.000953125));
#3747=CARTESIAN_POINT('',(0.0111276041666667,0.07945,0.00108506944444444));
#3748=CARTESIAN_POINT('',(0.0111276042441477,0.0795836489404251,0.0010850694444445));
#3749=CARTESIAN_POINT('',(0.0111247029565357,0.0797435852871544,0.00108506944444442));
#3750=CARTESIAN_POINT('',(0.0111015805963955,0.0799741724991171,0.00108506944444446));
#3751=CARTESIAN_POINT('',(0.0110599221593937,0.0801843216421879,0.00108506944444444));
#3752=CARTESIAN_POINT('',(0.0110186437296336,0.0803207235421151,0.00108506944444444));
#3753=CARTESIAN_POINT('',(0.0109479937755108,0.0805180935197174,0.00108506944444445));
#3754=CARTESIAN_POINT('',(0.0108894206660479,0.0806386535196426,0.00108506944444444));
#3755=CARTESIAN_POINT('',(0.01075406137529,0.0808559668322767,0.00108506944444444));
#3756=CARTESIAN_POINT('',(0.010600421036995,0.0810500239198643,0.00108506944444444));
#3757=CARTESIAN_POINT('',(0.0104085550907135,0.0812023635085847,0.00108506944444445));
#3758=CARTESIAN_POINT('',(0.0101913890002196,0.0813378000148637,0.00108506944444445));
#3759=CARTESIAN_POINT('',(0.0100700320846098,0.081397041672193,0.00108506944444444));
#3760=CARTESIAN_POINT('',(0.00987312069477002,0.081467908500138,0.00108506944444444));
#3761=CARTESIAN_POINT('',(0.00973719725837642,0.0815092171358923,0.00108506944444444));
#3762=CARTESIAN_POINT('',(0.0095252209165398,0.0815514835964157,0.00108506944444445));
#3763=CARTESIAN_POINT('',(0.00929400626631453,0.0815746846571321,0.00108506944444445));
#3764=CARTESIAN_POINT('',(0.00913382945006229,0.0815776042442514,0.00108506944444445));
#3765=CARTESIAN_POINT('',(0.009,0.0815776041666667,0.00108506944444444));
#3766=CARTESIAN_POINT('',(0.0110494791666667,0.07945,0.00135243055555556));
#3767=CARTESIAN_POINT('',(0.0110494792400689,0.0795836488645312,0.00135243055555555));
#3768=CARTESIAN_POINT('',(0.0110465944910318,0.0797391254589334,0.00135243055555556));
#3769=CARTESIAN_POINT('',(0.0110241731480804,0.0799628311024011,0.00135243055555556));
#3770=CARTESIAN_POINT('',(0.0109839676354899,0.080165477079833,0.00135243055555555));
#3771=CARTESIAN_POINT('',(0.0109442149374004,0.0802968294740652,0.00135243055555555));
#3772=CARTESIAN_POINT('',(0.0108762712233779,0.0804866601690671,0.00135243055555556));
#3773=CARTESIAN_POINT('',(0.0108200375469242,0.0806022625859751,0.00135243055555556));
#3774=CARTESIAN_POINT('',(0.0106907719752542,0.0808098225300757,0.00135243055555555));
#3775=CARTESIAN_POINT('',(0.0105446488426568,0.0809942792583131,0.00135243055555556));
#3776=CARTESIAN_POINT('',(0.0103622917471967,0.0811391526000636,0.00135243055555556));
#3777=CARTESIAN_POINT('',(0.0101548789499143,0.0812684868584941,0.00135243055555556));
#3778=CARTESIAN_POINT('',(0.0100385192711516,0.0813253575876441,0.00135243055555556));
#3779=CARTESIAN_POINT('',(0.00984913732237751,0.081393506902634,0.00135243055555555));
#3780=CARTESIAN_POINT('',(0.00971824878601044,0.0814332879990619,0.00135243055555555));
#3781=CARTESIAN_POINT('',(0.00951384589099073,0.0814740789658451,0.00135243055555558));
#3782=CARTESIAN_POINT('',(0.00928953505812561,0.0814965765969383,0.00135243055555547));
#3783=CARTESIAN_POINT('',(0.00913382937406753,0.0814994792401667,0.00135243055555574));
#3784=CARTESIAN_POINT('',(0.009,0.0814994791666667,0.00135243055555556));
#3785=CARTESIAN_POINT('',(0.0110256076388889,0.07945,0.00148741319444444));
#3786=CARTESIAN_POINT('',(0.0110256077085332,0.0795836488413414,0.00148741319444441));
#3787=CARTESIAN_POINT('',(0.0110227280166263,0.0797377627336437,0.00148741319444446));
#3788=CARTESIAN_POINT('',(0.0110005208718957,0.0799593656756266,0.00148741319444445));
#3789=CARTESIAN_POINT('',(0.010960759308819,0.0801597190191135,0.00148741319444444));
#3790=CARTESIAN_POINT('',(0.0109214728064666,0.0802895285088277,0.00148741319444444));
#3791=CARTESIAN_POINT('',(0.0108543559990625,0.0804770555341462,0.00148741319444445));
#3792=CARTESIAN_POINT('',(0.0107988371493952,0.0805911431340224,0.00148741319444444));
#3793=CARTESIAN_POINT('',(0.0106714335474843,0.0807957228821797,0.00148741319444444));
#3794=CARTESIAN_POINT('',(0.0105276073388224,0.0809772461672748,0.00148741319444444));
#3795=CARTESIAN_POINT('',(0.0103481557255653,0.0811198381558122,0.00148741319444444));
#3796=CARTESIAN_POINT('',(0.0101437231012111,0.0812473078384733,0.00148741319444445));
#3797=CARTESIAN_POINT('',(0.0100288903559283,0.0813034541173125,0.00148741319444445));
#3798=CARTESIAN_POINT('',(0.00984180906970195,0.0813707730812008,0.00148741319444444));
#3799=CARTESIAN_POINT('',(0.00971245897500976,0.0814100874295524,0.00148741319444444));
#3800=CARTESIAN_POINT('',(0.00951037018873962,0.0814504275506376,0.00148741319444448));
#3801=CARTESIAN_POINT('',(0.00928816885562344,0.081472710246379,0.00148741319444432));
#3802=CARTESIAN_POINT('',(0.00913382935084692,0.0814756077086259,0.00148741319444471));
#3803=CARTESIAN_POINT('',(0.009,0.0814756076388889,0.00148741319444444));
#3804=CARTESIAN_POINT('',(0.0110069715711806,0.07945,0.00168353949652778));
#3805=CARTESIAN_POINT('',(0.0110069716254246,0.0795836488232375,0.00168353949652773));
#3806=CARTESIAN_POINT('',(0.0110040958997772,0.0797366988787869,0.0016835394965278));
#3807=CARTESIAN_POINT('',(0.0109820559683777,0.0799566602799516,0.00168353949652778));
#3808=CARTESIAN_POINT('',(0.0109426409905411,0.0801552238058019,0.00168353949652778));
#3809=CARTESIAN_POINT('',(0.0109037184384705,0.0802838287780112,0.00168353949652778));
#3810=CARTESIAN_POINT('',(0.0108372471816367,0.0804695573702939,0.00168353949652778));
#3811=CARTESIAN_POINT('',(0.0107822863844124,0.0805824623800611,0.00168353949652778));
#3812=CARTESIAN_POINT('',(0.010656336388626,0.0807847155434183,0.00168353949652778));
#3813=CARTESIAN_POINT('',(0.0105143033465807,0.0809639487427499,0.00168353949652778));
#3814=CARTESIAN_POINT('',(0.01033711999049,0.0811047597204507,0.00168353949652778));
#3815=CARTESIAN_POINT('',(0.0101350139329685,0.0812307737625223,0.00168353949652778));
#3816=CARTESIAN_POINT('',(0.0100213732368854,0.0812863544760078,0.00168353949652778));
#3817=CARTESIAN_POINT('',(0.00983608803607879,0.0813530252002809,0.00168353949652778));
#3818=CARTESIAN_POINT('',(0.00970793897483096,0.08139197516715,0.00168353949652777));
#3819=CARTESIAN_POINT('',(0.00950765677118672,0.0814319633192667,0.00168353949652781));
#3820=CARTESIAN_POINT('',(0.00928710228617006,0.0814540782262222,0.00168353949652766));
#3821=CARTESIAN_POINT('',(0.009133829332719,0.0814569716254967,0.00168353949652803));
#3822=CARTESIAN_POINT('',(0.009,0.0814569715711805,0.00168353949652778));
#3823=CARTESIAN_POINT('',(0.0110035400390625,0.07945,0.00174793836805556));
#3824=CARTESIAN_POINT('',(0.0110035400864888,0.0795836488199039,0.00174793836805551));
#3825=CARTESIAN_POINT('',(0.0110006650969937,0.0797365029870264,0.00174793836805558));
#3826=CARTESIAN_POINT('',(0.0109786559528997,0.0799561621248528,0.00174793836805556));
#3827=CARTESIAN_POINT('',(0.0109393047937758,0.0801543960845736,0.00174793836805556));
#3828=CARTESIAN_POINT('',(0.0109004492572146,0.0802827792642582,0.00174793836805556));
#3829=CARTESIAN_POINT('',(0.0108340968680098,0.0804681767040243,0.00174793836805556));
#3830=CARTESIAN_POINT('',(0.0107792388272204,0.0805808639588461,0.00174793836805556));
#3831=CARTESIAN_POINT('',(0.0106535564896813,0.0807826887190301,0.00174793836805556));
#3832=CARTESIAN_POINT('',(0.0105118536303824,0.080961500235891,0.00174793836805556));
#3833=CARTESIAN_POINT('',(0.0103350879373773,0.0811019832691369,0.00174793836805556));
#3834=CARTESIAN_POINT('',(0.0101334102797205,0.081227729278347,0.00174793836805556));
#3835=CARTESIAN_POINT('',(0.0100199890803224,0.0812832058520159,0.00174793836805556));
#3836=CARTESIAN_POINT('',(0.00983503459975652,0.0813497572135157,0.00174793836805555));
#3837=CARTESIAN_POINT('',(0.00970710668949969,0.0813886400854769,0.00174793836805555));
#3838=CARTESIAN_POINT('',(0.00950715713898811,0.0814285634275531,0.00174793836805559));
#3839=CARTESIAN_POINT('',(0.00928690589456037,0.0814506474412454,0.00174793836805545));
#3840=CARTESIAN_POINT('',(0.00913382932938104,0.0814535400865518,0.00174793836805578));
#3841=CARTESIAN_POINT('',(0.009,0.0814535400390625,0.00174793836805556));
#3842=CARTESIAN_POINT('',(0.0110000508626302,0.07945,0.00187492540147569));
#3843=CARTESIAN_POINT('',(0.0110000508910419,0.0795836488165144,0.00187492540147566));
#3844=CARTESIAN_POINT('',(0.0109971766677527,0.0797363038045942,0.00187492540147571));
#3845=CARTESIAN_POINT('',(0.0109751988210427,0.0799556556015359,0.0018749254014757));
#3846=CARTESIAN_POINT('',(0.0109359125545522,0.0801535544589373,0.00187492540147569));
#3847=CARTESIAN_POINT('',(0.0108971251590088,0.0802817121203331,0.00187492540147569));
#3848=CARTESIAN_POINT('',(0.0108308936338414,0.0804667728447449,0.00187492540147569));
#3849=CARTESIAN_POINT('',(0.010776140075795,0.0805792386866879,0.00187492540147569));
#3850=CARTESIAN_POINT('',(0.0106507298929203,0.0807806278471905,0.00187492540147569));
#3851=CARTESIAN_POINT('',(0.0105093627627828,0.0809590105979457,0.00187492540147569));
#3852=CARTESIAN_POINT('',(0.010333021748979,0.0810991601779216,0.00187492540147569));
#3853=CARTESIAN_POINT('',(0.0101317796876396,0.08122463365156,0.0018749254014757));
#3854=CARTESIAN_POINT('',(0.0100185816721181,0.0812800043358654,0.00187492540147569));
#3855=CARTESIAN_POINT('',(0.00983396346736924,0.0813464343298665,0.00187492540147569));
#3856=CARTESIAN_POINT('',(0.00970626042309086,0.0813852489800778,0.00187492540147569));
#3857=CARTESIAN_POINT('',(0.00950664911375845,0.0814251064215376,0.00187492540147571));
#3858=CARTESIAN_POINT('',(0.00928670620388215,0.0814471590301178,0.00187492540147563));
#3859=CARTESIAN_POINT('',(0.00913382932598701,0.0814500508910797,0.00187492540147583));
#3860=CARTESIAN_POINT('',(0.009,0.0814500508626302,0.00187492540147569));
#3861=CARTESIAN_POINT('',(0.011,0.07945,0.0019375));
#3862=CARTESIAN_POINT('',(0.0110000000162181,0.079583648816465,0.00193749999999998));
#3863=CARTESIAN_POINT('',(0.0109971258215426,0.0797363009010602,0.00193750000000001));
#3864=CARTESIAN_POINT('',(0.0109751484240606,0.079955648217814,0.0019375));
#3865=CARTESIAN_POINT('',(0.0109358631053684,0.0801535421903422,0.0019375));
#3866=CARTESIAN_POINT('',(0.0108970767028917,0.0802816965642989,0.0019375));
#3867=CARTESIAN_POINT('',(0.0108308469392159,0.0804667523803246,0.0019375));
#3868=CARTESIAN_POINT('',(0.0107760949044018,0.0805792149946799,0.0019375));
#3869=CARTESIAN_POINT('',(0.0106506886889755,0.080780597805321,0.0019375));
#3870=CARTESIAN_POINT('',(0.0105093264527176,0.0809589743058055,0.0019375));
#3871=CARTESIAN_POINT('',(0.0103329916296086,0.0810991190250782,0.0019375));
#3872=CARTESIAN_POINT('',(0.0101317559180817,0.0812245885257154,0.0019375));
#3873=CARTESIAN_POINT('',(0.0100185611559641,0.0812799576662836,0.0019375));
#3874=CARTESIAN_POINT('',(0.00983394785319419,0.0813463858914544,0.0019375));
#3875=CARTESIAN_POINT('',(0.00970624808684597,0.0813851995474226,0.0019375));
#3876=CARTESIAN_POINT('',(0.00950664170814281,0.081425056026388,0.00193750000000001));
#3877=CARTESIAN_POINT('',(0.00928670329293934,0.0814471081841791,0.00193749999999997));
#3878=CARTESIAN_POINT('',(0.00913382932593753,0.0814500000162396,0.00193750000000007));
#3879=CARTESIAN_POINT('',(0.009,0.08145,0.0019375));
#3880=CARTESIAN_POINT('',(0.011,0.07945,0.002));
#3881=CARTESIAN_POINT('',(0.011,0.079583648816465,0.002));
#3882=CARTESIAN_POINT('',(0.0109971258290664,0.0797363009010602,0.002));
#3883=CARTESIAN_POINT('',(0.0109751484220546,0.079955648217814,0.002));
#3884=CARTESIAN_POINT('',(0.0109358631058687,0.0801535421903424,0.002));
#3885=CARTESIAN_POINT('',(0.0108970767030617,0.0802816965642985,0.002));
#3886=CARTESIAN_POINT('',(0.010830846938876,0.0804667523803254,0.002));
#3887=CARTESIAN_POINT('',(0.0107760949042798,0.0805792149946881,0.002));
#3888=CARTESIAN_POINT('',(0.0106506886890975,0.0807805978053128,0.002));
#3889=CARTESIAN_POINT('',(0.0105093264526607,0.0809589743057485,0.002));
#3890=CARTESIAN_POINT('',(0.0103329916296004,0.0810991190252003,0.002));
#3891=CARTESIAN_POINT('',(0.0101317559180898,0.0812245885255932,0.002));
#3892=CARTESIAN_POINT('',(0.010018561155965,0.0812799576659432,0.002));
#3893=CARTESIAN_POINT('',(0.00983394785319378,0.0813463858916246,0.002));
#3894=CARTESIAN_POINT('',(0.00970624808684616,0.0813851995479235,0.002));
#3895=CARTESIAN_POINT('',(0.00950664170814276,0.0814250560243793,0.002));
#3896=CARTESIAN_POINT('',(0.00928670329293935,0.0814471081917129,0.002));
#3897=CARTESIAN_POINT('',(0.00913382932593753,0.08145,0.002));
#3898=CARTESIAN_POINT('',(0.009,0.08145,0.002));
#3899=CARTESIAN_POINT('',(0.011,0.07945,0.002));
#3900=CARTESIAN_POINT('',(0.0109999999999799,0.07945,0.00174999999999398));
#3901=CARTESIAN_POINT('',(0.0110260416666436,0.07945,0.00121354166665541));
#3902=CARTESIAN_POINT('',(0.0114401041666596,0.07945,0.000440104166653687));
#3903=CARTESIAN_POINT('',(0.0122135416666673,0.07945,2.60416666483691E-5));
#3904=CARTESIAN_POINT('',(0.01275,0.07945,-1.50568170127959E-14));
#3905=CARTESIAN_POINT('',(0.013,0.07945,1.73472347597681E-18));
#3906=CARTESIAN_POINT('',(0.009,0.031005,-1.3010426069826E-18));
#3907=CARTESIAN_POINT('',(0.00913365075932471,0.0310049999215311,-1.3010426069826E-18));
#3908=CARTESIAN_POINT('',(0.00940047250352807,0.0310082974419962,-1.3010422135378E-18));
#3909=CARTESIAN_POINT('',(0.00979598797374223,0.0310482209042894,-1.30104398403943E-18));
#3910=CARTESIAN_POINT('',(0.0101859629866287,0.0311247010813922,-1.30103749220011E-18));
#3911=CARTESIAN_POINT('',(0.0104433847063755,0.0312025462154977,-1.30105362343722E-18));
#3912=CARTESIAN_POINT('',(0.010821446156975,0.0313380557270674,-1.30102057407338E-18));
#3913=CARTESIAN_POINT('',(0.0110608228965887,0.0314526972463482,-1.30082448118128E-18));
#3914=CARTESIAN_POINT('',(0.0115118919416449,0.0317341026697905,-1.30126073278393E-18));
#3915=CARTESIAN_POINT('',(0.0119360376413664,0.0320679053723722,-1.3025645144495E-18));
#3916=CARTESIAN_POINT('',(0.0122673182835354,0.032487666776382,-1.29778066624749E-18));
#3917=CARTESIAN_POINT('',(0.012549005328461,0.0329385867940811,-1.30430454771772E-18));
#3918=CARTESIAN_POINT('',(0.0126650702298511,0.0331797108195027,-1.3101333256224E-18));
#3919=CARTESIAN_POINT('',(0.0128010667880006,0.0335570778135589,-1.29649724766271E-18));
#3920=CARTESIAN_POINT('',(0.0128789854515826,0.0338136710205855,-1.28766434991705E-18));
#3921=CARTESIAN_POINT('',(0.01295661456377,0.0342071576377993,-1.35468454569189E-18));
#3922=CARTESIAN_POINT('',(0.0129966745447344,0.0346038337774319,-1.09985310921101E-18));
#3923=CARTESIAN_POINT('',(0.0130000000785737,0.0348711687285794,-1.7347234759768E-18));
#3924=CARTESIAN_POINT('',(0.013,0.035005,-1.7347234759768E-18));
#3925=CARTESIAN_POINT('',(0.009,0.0310675,-1.19262238973405E-18));
#3926=CARTESIAN_POINT('',(0.00913365069860968,0.0310674999215506,6.052599201415E-18));
#3927=CARTESIAN_POINT('',(0.00939690464095125,0.031070784215904,-4.71201924081371E-18));
#3928=CARTESIAN_POINT('',(0.0097869148563694,0.0311101468625403,-3.93087101170173E-19));
#3929=CARTESIAN_POINT('',(0.0101708873367448,0.0311854647006154,-1.52188799640122E-18));
#3930=CARTESIAN_POINT('',(0.0104242694519357,0.0312620892493182,-1.39104036888078E-18));
#3931=CARTESIAN_POINT('',(0.0107962994764546,0.0313954337687056,-1.17601803233315E-18));
#3932=CARTESIAN_POINT('',(0.0110317101496531,0.0315082037416228,-1.25367583898332E-18));
#3933=CARTESIAN_POINT('',(0.0114749764998857,0.0317847341898435,-1.34840937498189E-18));
#3934=CARTESIAN_POINT('',(0.0118914419121369,0.0321125231278314,-1.28415794379688E-18));
#3935=CARTESIAN_POINT('',(0.0122167495566941,0.0325246774511939,-1.44068684430127E-18));
#3936=CARTESIAN_POINT('',(0.0124935548033897,0.0329677948343269,-1.16139836966394E-18));
#3937=CARTESIAN_POINT('',(0.0126077229622801,0.0332049210702695,-9.29283849349198E-19));
#3938=CARTESIAN_POINT('',(0.0127415455099633,0.0335762645114729,-1.48692198579931E-18));
#3939=CARTESIAN_POINT('',(0.0128182421420181,0.0338288297984783,-1.84702137096985E-18));
#3940=CARTESIAN_POINT('',(0.0128946908597154,0.0342162576582385,8.88702135197835E-19));
#3941=CARTESIAN_POINT('',(0.0129341880950724,0.0346074107439828,-9.51404281171711E-18));
#3942=CARTESIAN_POINT('',(0.0129375000785543,0.0348711687893755,1.64027947092778E-17));
#3943=CARTESIAN_POINT('',(0.0129375,0.035005,-1.7347234759768E-18));
#3944=CARTESIAN_POINT('',(0.009,0.0311300745985243,5.08626302072471E-8));
#3945=CARTESIAN_POINT('',(0.00913365063782218,0.0311300745200944,5.08626302187242E-8));
#3946=CARTESIAN_POINT('',(0.0093933325198579,0.0311333455725498,5.08626302016353E-8));
#3947=CARTESIAN_POINT('',(0.0097778309095379,0.0311721467341527,5.08626302084994E-8));
#3948=CARTESIAN_POINT('',(0.0101557936929211,0.0312463008458597,5.08626302066705E-8));
#3949=CARTESIAN_POINT('',(0.0104051313819795,0.031321703352298,5.08626302068962E-8));
#3950=CARTESIAN_POINT('',(0.01077112278145,0.0314528802954197,5.08626302072566E-8));
#3951=CARTESIAN_POINT('',(0.0110025626544301,0.0315637764881396,5.08626302071189E-8));
#3952=CARTESIAN_POINT('',(0.0114380169967269,0.0318354261424834,5.08626302069433E-8));
#3953=CARTESIAN_POINT('',(0.0118467929544979,0.03215719413799,5.08626302070308E-8));
#3954=CARTESIAN_POINT('',(0.0121661204722144,0.0325617323010733,5.08626302067417E-8));
#3955=CARTESIAN_POINT('',(0.0124380380938809,0.0329970377366,5.08626302073167E-8));
#3956=CARTESIAN_POINT('',(0.0125503072463645,0.0332301614113963,5.08626302077856E-8));
#3957=CARTESIAN_POINT('',(0.0126819531887339,0.0335954741101764,5.08626302066726E-8));
#3958=CARTESIAN_POINT('',(0.0127574263306736,0.0338440066695304,5.08626302059528E-8));
#3959=CARTESIAN_POINT('',(0.0128326932449896,0.0342253685402474,5.08626302114205E-8));
#3960=CARTESIAN_POINT('',(0.0128716270630595,0.0346109919799166,5.08626301905999E-8));
#3961=CARTESIAN_POINT('',(0.0128749254800105,0.0348711688502443,5.08626302424435E-8));
#3962=CARTESIAN_POINT('',(0.0128749254014757,0.035005,5.08626302065964E-8));
#3963=CARTESIAN_POINT('',(0.009,0.0312570616319444,3.54003906249911E-6));
#3964=CARTESIAN_POINT('',(0.00913365051446184,0.031257061553554,3.54003906251818E-6));
#3965=CARTESIAN_POINT('',(0.00938608336330942,0.0312603057332947,3.54003906248976E-6));
#3966=CARTESIAN_POINT('',(0.00975939621739311,0.0312979674338323,3.54003906250113E-6));
#3967=CARTESIAN_POINT('',(0.0101251631000308,0.03136975991378,3.54003906249812E-6));
#3968=CARTESIAN_POINT('',(0.0103662931507093,0.0314426824439092,3.54003906249849E-6));
#3969=CARTESIAN_POINT('',(0.0107200299436955,0.0315694605720773,3.54003906249908E-6));
#3970=CARTESIAN_POINT('',(0.0109434115925411,0.0316765541708671,3.54003906249887E-6));
#3971=CARTESIAN_POINT('',(0.0113630124777447,0.0319382988869489,3.54003906249855E-6));
#3972=CARTESIAN_POINT('',(0.0117561836847689,0.0322478481604481,3.5400390624986E-6));
#3973=CARTESIAN_POINT('',(0.0120633753105279,0.032636930313861,3.54003906249815E-6));
#3974=CARTESIAN_POINT('',(0.0123253741309947,0.0330563824147255,3.54003906249925E-6));
#3975=CARTESIAN_POINT('',(0.0124337894962269,0.0332813834107027,3.54003906250011E-6));
#3976=CARTESIAN_POINT('',(0.0125610183003607,0.0336344574997639,3.54003906249804E-6));
#3977=CARTESIAN_POINT('',(0.0126340085277661,0.0338748061612885,3.5400390624967E-6));
#3978=CARTESIAN_POINT('',(0.012706877125369,0.0342438578938417,3.54003906250696E-6));
#3979=CARTESIAN_POINT('',(0.0127446675611149,0.0346182596338518,3.54003906246787E-6));
#3980=CARTESIAN_POINT('',(0.0127479384465508,0.0348711689737696,3.54003906256513E-6));
#3981=CARTESIAN_POINT('',(0.0127479383680556,0.035005,3.54003906249828E-6));
#3982=CARTESIAN_POINT('',(0.009,0.0313214605034722,6.97157118055476E-6));
#3983=CARTESIAN_POINT('',(0.00913365045190217,0.0313214604251018,6.97157118057714E-6));
#3984=CARTESIAN_POINT('',(0.00938240710213002,0.0313246909768959,6.97157118054377E-6));
#3985=CARTESIAN_POINT('',(0.00975004744107231,0.0313617748231064,6.97157118055709E-6));
#3986=CARTESIAN_POINT('',(0.0101096294225896,0.0314323696499066,6.97157118055361E-6));
#3987=CARTESIAN_POINT('',(0.010346597137671,0.0315040345108753,6.97157118055402E-6));
#3988=CARTESIAN_POINT('',(0.0106941192581245,0.0316285818701889,6.97157118055469E-6));
#3989=CARTESIAN_POINT('',(0.0109134143437454,0.0317337470613974,6.97157118055446E-6));
#3990=CARTESIAN_POINT('',(0.0113249754730849,0.0319904686910313,6.97157118055408E-6));
#3991=CARTESIAN_POINT('',(0.0117102330505715,0.0322938214900748,6.97157118055408E-6));
#3992=CARTESIAN_POINT('',(0.0120112702074371,0.0326750654449388,6.97157118055359E-6));
#3993=CARTESIAN_POINT('',(0.0122682389111512,0.0330864778520274,6.97157118055493E-6));
#3994=CARTESIAN_POINT('',(0.0123746999071584,0.0333073595979077,6.97157118055595E-6));
#3995=CARTESIAN_POINT('',(0.0124996886501608,0.0336542271268679,6.97157118055347E-6));
#3996=CARTESIAN_POINT('',(0.012571419718345,0.0338904254923291,6.97157118055187E-6));
#3997=CARTESIAN_POINT('',(0.012643072058778,0.0342532343905965,6.97157118056419E-6));
#3998=CARTESIAN_POINT('',(0.0126802826516107,0.0346219452756017,6.97157118051724E-6));
#3999=CARTESIAN_POINT('',(0.012683539575003,0.034871169036413,6.971571180634E-6));
#4000=CARTESIAN_POINT('',(0.0126835394965278,0.035005,6.97157118055386E-6));
#4001=CARTESIAN_POINT('',(0.009,0.0315175868055556,2.56076388888884E-5));
#4002=CARTESIAN_POINT('',(0.00913365026137714,0.0315175867272462,2.56076388889223E-5));
#4003=CARTESIAN_POINT('',(0.00937121107503351,0.0315207757752266,2.56076388888718E-5));
#4004=CARTESIAN_POINT('',(0.00972157580973308,0.0315560997702217,2.56076388888917E-5));
#4005=CARTESIAN_POINT('',(0.0100623217191777,0.0316230471529375,2.56076388888868E-5));
#4006=CARTESIAN_POINT('',(0.0102866130710043,0.031690881791484,2.56076388888873E-5));
#4007=CARTESIAN_POINT('',(0.0106152084507622,0.0318086353602257,2.56076388888881E-5));
#4008=CARTESIAN_POINT('',(0.0108220579373458,0.0319079275999543,2.56076388888879E-5));
#4009=CARTESIAN_POINT('',(0.011209134047773,0.0321493514557811,2.56076388888874E-5));
#4010=CARTESIAN_POINT('',(0.0115702907231716,0.0324338329362423,2.56076388888871E-5));
#4011=CARTESIAN_POINT('',(0.0118525844890939,0.032791205713554,2.56076388888867E-5));
#4012=CARTESIAN_POINT('',(0.0120942340082582,0.0331781332908199,2.56076388888886E-5));
#4013=CARTESIAN_POINT('',(0.0121947429867857,0.0333864698900274,2.56076388888899E-5));
#4014=CARTESIAN_POINT('',(0.0123129096396532,0.0337144353846446,2.56076388888865E-5));
#4015=CARTESIAN_POINT('',(0.012380805947446,0.0339379940531646,2.56076388888843E-5));
#4016=CARTESIAN_POINT('',(0.0124487541853773,0.0342817904443187,2.56076388889014E-5));
#4017=CARTESIAN_POINT('',(0.0124841988707703,0.0346331698711586,2.56076388888362E-5));
#4018=CARTESIAN_POINT('',(0.0124874132728587,0.0348711692271931,2.56076388889982E-5));
#4019=CARTESIAN_POINT('',(0.0124874131944444,0.035005,2.56076388888873E-5));
#4020=CARTESIAN_POINT('',(0.009,0.0316525694444445,4.94791666666663E-5));
#4021=CARTESIAN_POINT('',(0.00913365013024954,0.0316525693661771,4.94791666667104E-5));
#4022=CARTESIAN_POINT('',(0.00936350548294053,0.0316557298494303,4.94791666666448E-5));
#4023=CARTESIAN_POINT('',(0.00970198039651813,0.0316898426383885,4.94791666666706E-5));
#4024=CARTESIAN_POINT('',(0.0100297625031088,0.0317542796916764,4.94791666666645E-5));
#4025=CARTESIAN_POINT('',(0.0102453294312072,0.0318194782048047,4.9479166666665E-5));
#4026=CARTESIAN_POINT('',(0.0105608986060271,0.0319325559918195,4.94791666666659E-5));
#4027=CARTESIAN_POINT('',(0.010759182490839,0.0320278062112765,4.94791666666658E-5));
#4028=CARTESIAN_POINT('',(0.0111294069478626,0.0322587014747846,4.94791666666652E-5));
#4029=CARTESIAN_POINT('',(0.0114739763357384,0.0325301948942132,4.94791666666646E-5));
#4030=CARTESIAN_POINT('',(0.0117433700859853,0.0328711384904045,4.94791666666645E-5));
#4031=CARTESIAN_POINT('',(0.0119744762770278,0.0332412145444064,4.94791666666665E-5));
#4032=CARTESIAN_POINT('',(0.0120708888186288,0.0334409170288361,4.94791666666678E-5));
#4033=CARTESIAN_POINT('',(0.012184360212781,0.0337558733225004,4.94791666666642E-5));
#4034=CARTESIAN_POINT('',(0.0122496172719283,0.0339707328026413,4.94791666666619E-5));
#4035=CARTESIAN_POINT('',(0.0123150161856482,0.0343014439606842,4.94791666666803E-5));
#4036=CARTESIAN_POINT('',(0.0123492454968475,0.0346408951253067,4.94791666666103E-5));
#4037=CARTESIAN_POINT('',(0.0123524306339278,0.0348711693584965,4.94791666667839E-5));
#4038=CARTESIAN_POINT('',(0.0123524305555556,0.035005,4.94791666666652E-5));
#4039=CARTESIAN_POINT('',(0.009,0.0319199305555556,0.000127604166666666));
#4040=CARTESIAN_POINT('',(0.00913364987052414,0.0319199304773712,0.00012760416666673));
#4041=CARTESIAN_POINT('',(0.00934824295969527,0.0319230343822584,0.000127604166666636));
#4042=CARTESIAN_POINT('',(0.00966316761664545,0.0319547481264615,0.000127604166666673));
#4043=CARTESIAN_POINT('',(0.00996527222304968,0.0320142129516865,0.000127604166666664));
#4044=CARTESIAN_POINT('',(0.0101635586205479,0.0320741900717036,0.000127604166666665));
#4045=CARTESIAN_POINT('',(0.0104533266949119,0.0321780065032722,0.000127604166666666));
#4046=CARTESIAN_POINT('',(0.0106346446289477,0.0322652506632844,0.000127604166666666));
#4047=CARTESIAN_POINT('',(0.0109714908914484,0.0324752918661226,0.000127604166666665));
#4048=CARTESIAN_POINT('',(0.0112832057162565,0.0327210597370108,0.000127604166666664));
#4049=CARTESIAN_POINT('',(0.0115270483100531,0.0330294619326551,0.000127604166666665));
#4050=CARTESIAN_POINT('',(0.0117372712531117,0.0333661600499027,0.000127604166666667));
#4051=CARTESIAN_POINT('',(0.011825569951797,0.0335487608793383,0.000127604166666668));
#4052=CARTESIAN_POINT('',(0.0119297414122882,0.0338379497524655,0.000127604166666664));
#4053=CARTESIAN_POINT('',(0.0119897708921246,0.0340355786858494,0.000127604166666662));
#4054=CARTESIAN_POINT('',(0.0120501203405255,0.0343403718258969,0.00012760416666668));
#4055=CARTESIAN_POINT('',(0.0120819423510711,0.0346561965933298,0.000127604166666614));
#4056=CARTESIAN_POINT('',(0.0120850695227336,0.0348711696185701,0.000127604166666777));
#4057=CARTESIAN_POINT('',(0.0120850694444444,0.035005,0.000127604166666666));
#4058=CARTESIAN_POINT('',(0.009,0.032051875,0.000181640625));
#4059=CARTESIAN_POINT('',(0.00913364974234797,0.0320518749218566,0.000181640625000071));
#4060=CARTESIAN_POINT('',(0.00934071080536645,0.0320549509049529,0.000181640624999966));
#4061=CARTESIAN_POINT('',(0.00964401325774724,0.0320854807049911,0.000181640625000007));
#4062=CARTESIAN_POINT('',(0.00993344585107243,0.0321424917033798,0.000181640624999998));
#4063=CARTESIAN_POINT('',(0.0101232041945082,0.0321998920319913,0.000181640624999998));
#4064=CARTESIAN_POINT('',(0.0104002392582577,0.0322991379245085,0.000181640624999999));
#4065=CARTESIAN_POINT('',(0.010573184385417,0.0323824310421974,0.000181640624999999));
#4066=CARTESIAN_POINT('',(0.0108935582921791,0.032582180630679,0.000181640624999999));
#4067=CARTESIAN_POINT('',(0.011189059176772,0.0328152527763135,0.000181640624999998));
#4068=CARTESIAN_POINT('',(0.0114202921089437,0.03310759557948,0.000181640624999998));
#4069=CARTESIAN_POINT('',(0.0116202090335168,0.0334278214681996,0.000181640625));
#4070=CARTESIAN_POINT('',(0.0117045034980359,0.0336019825198459,0.000181640625000001));
#4071=CARTESIAN_POINT('',(0.0118040853808761,0.0338784550036171,0.000181640624999998));
#4072=CARTESIAN_POINT('',(0.0118615350163773,0.0340675805502897,0.000181640624999996));
#4073=CARTESIAN_POINT('',(0.0119193925208545,0.0343595829801576,0.000181640625000011));
#4074=CARTESIAN_POINT('',(0.0119500265128958,0.0346637479671594,0.000181640624999954));
#4075=CARTESIAN_POINT('',(0.0119531250782481,0.0348711697469182,0.000181640625000096));
#4076=CARTESIAN_POINT('',(0.011953125,0.035005,0.000181640624999999));
#4077=CARTESIAN_POINT('',(0.009,0.032296015625,0.0003193359375));
#4078=CARTESIAN_POINT('',(0.00913364950517991,0.0322960155469322,0.000319335937500073));
#4079=CARTESIAN_POINT('',(0.00932677384217575,0.0322990398655306,0.000319335937499964));
#4080=CARTESIAN_POINT('',(0.00960857139300961,0.0323273789794084,0.000319335937500007));
#4081=CARTESIAN_POINT('',(0.00987455659371322,0.0323798495909702,0.000319335937499997));
#4082=CARTESIAN_POINT('',(0.0100485352318526,0.0324324820078527,0.000319335937499998));
#4083=CARTESIAN_POINT('',(0.0103020100374747,0.032523270899658,0.000319335937499999));
#4084=CARTESIAN_POINT('',(0.0104594627176997,0.0325992532893637,0.000319335937499999));
#4085=CARTESIAN_POINT('',(0.0107493573478075,0.0327799600058863,0.000319335937499999));
#4086=CARTESIAN_POINT('',(0.0110148571094692,0.032989540883576,0.000319335937499998));
#4087=CARTESIAN_POINT('',(0.0112227580197198,0.0332521685279637,0.000319335937499998));
#4088=CARTESIAN_POINT('',(0.011403605419957,0.0335419153754101,0.0003193359375));
#4089=CARTESIAN_POINT('',(0.0114804907340865,0.0337004600619036,0.0003193359375));
#4090=CARTESIAN_POINT('',(0.011571580388543,0.0339534030423433,0.000319335937499998));
#4091=CARTESIAN_POINT('',(0.011624256463391,0.0341267945264334,0.000319335937499997));
#4092=CARTESIAN_POINT('',(0.011677503051891,0.0343951299349987,0.000319335937500006));
#4093=CARTESIAN_POINT('',(0.0117059388189036,0.0346777204927487,0.000319335937499972));
#4094=CARTESIAN_POINT('',(0.0117089844531722,0.0348711699844042,0.000319335937500057));
#4095=CARTESIAN_POINT('',(0.011708984375,0.035005,0.000319335937499999));
#4096=CARTESIAN_POINT('',(0.009,0.0324077777777778,0.000402777777777778));
#4097=CARTESIAN_POINT('',(0.00913364939660965,0.0324077776997445,0.000402777777777844));
#4098=CARTESIAN_POINT('',(0.00932039381013735,0.032410778367484,0.000402777777777745));
#4099=CARTESIAN_POINT('',(0.00959234689492971,0.0324381146339194,0.000402777777777785));
#4100=CARTESIAN_POINT('',(0.00984759840034434,0.0324885067572893,0.000402777777777775));
#4101=CARTESIAN_POINT('',(0.0100143534400591,0.0325389565301359,0.000402777777777776));
#4102=CARTESIAN_POINT('',(0.0102570428830718,0.0326258739949487,0.000402777777777776));
#4103=CARTESIAN_POINT('',(0.0104074034653669,0.0326985096958443,0.000402777777777777));
#4104=CARTESIAN_POINT('',(0.0106833453599395,0.0328704990087589,0.000402777777777777));
#4105=CARTESIAN_POINT('',(0.0109351112742151,0.0330693261060116,0.000402777777777775));
#4106=CARTESIAN_POINT('',(0.0111323313033196,0.0333183508110473,0.000402777777777777));
#4107=CARTESIAN_POINT('',(0.011304449099083,0.0335941450307108,0.000402777777777778));
#4108=CARTESIAN_POINT('',(0.0113779426688118,0.0337455408922678,0.000402777777777778));
#4109=CARTESIAN_POINT('',(0.0114651447698305,0.0339877125889602,0.000402777777777776));
#4110=CARTESIAN_POINT('',(0.0115156356146906,0.0341539013688459,0.000402777777777775));
#4111=CARTESIAN_POINT('',(0.0115667714283211,0.0344114025409926,0.000402777777777781));
#4112=CARTESIAN_POINT('',(0.0115942008967649,0.034684116804463,0.00040277777777776));
#4113=CARTESIAN_POINT('',(0.0115972223003597,0.0348711700931198,0.000402777777777812));
#4114=CARTESIAN_POINT('',(0.0115972222222222,0.035005,0.000402777777777777));
#4115=CARTESIAN_POINT('',(0.009,0.0326022222222222,0.000597222222222222));
#4116=CARTESIAN_POINT('',(0.00913364920771848,0.0326022221442491,0.000597222222222279));
#4117=CARTESIAN_POINT('',(0.00930929379323169,0.0326051816640864,0.000597222222222194));
#4118=CARTESIAN_POINT('',(0.00956411941865867,0.0326307731706998,0.000597222222222229));
#4119=CARTESIAN_POINT('',(0.00980069637848314,0.0326775491282058,0.000597222222222219));
#4120=CARTESIAN_POINT('',(0.00995488375957963,0.0327242015242442,0.00059722222222222));
#4121=CARTESIAN_POINT('',(0.0101788087658972,0.0328043834578233,0.000597222222222222));
#4122=CARTESIAN_POINT('',(0.0103168304749005,0.0328711965700318,0.000597222222222222));
#4123=CARTESIAN_POINT('',(0.0105684973189111,0.0330280192933684,0.000597222222222221));
#4124=CARTESIAN_POINT('',(0.010796369005501,0.0332081369007735,0.00059722222222222));
#4125=CARTESIAN_POINT('',(0.0109750063753689,0.0334334951326841,0.000597222222222221));
#4126=CARTESIAN_POINT('',(0.0111319363544167,0.0336850144892536,0.000597222222222222));
#4127=CARTESIAN_POINT('',(0.0111995289474796,0.0338239727835421,0.000597222222222222));
#4128=CARTESIAN_POINT('',(0.0112799674603812,0.0340474045380257,0.000597222222222221));
#4129=CARTESIAN_POINT('',(0.0113266564293789,0.034201062011179,0.00059722222222222));
#4130=CARTESIAN_POINT('',(0.0113741199045955,0.0344397137156926,0.00059722222222222));
#4131=CARTESIAN_POINT('',(0.0113997986089275,0.0346952451448437,0.000597222222222226));
#4132=CARTESIAN_POINT('',(0.0114027778558547,0.0348711702822636,0.000597222222222211));
#4133=CARTESIAN_POINT('',(0.0114027777777778,0.035005,0.000597222222222222));
#4134=CARTESIAN_POINT('',(0.009,0.0326856640625,0.000708984375));
#4135=CARTESIAN_POINT('',(0.00913364912665973,0.032685663984502,0.000708984375000058));
#4136=CARTESIAN_POINT('',(0.0093045304489234,0.0326886058466363,0.00070898437499997));
#4137=CARTESIAN_POINT('',(0.00955200617688834,0.0327134486253721,0.000708984375000008));
#4138=CARTESIAN_POINT('',(0.00978056933896792,0.032758672779566,0.000708984374999996));
#4139=CARTESIAN_POINT('',(0.00992936356745422,0.0328036956093281,0.000708984374999998));
#4140=CARTESIAN_POINT('',(0.0101452362011051,0.0328809871279956,0.000708984375));
#4141=CARTESIAN_POINT('',(0.0102779629360229,0.0329453015958407,0.000708984375));
#4142=CARTESIAN_POINT('',(0.0105192126405903,0.0330956158887174,0.000708984374999999));
#4143=CARTESIAN_POINT('',(0.0107368306100541,0.0332677047027666,0.000708984374999998));
#4144=CARTESIAN_POINT('',(0.0109074936133182,0.0334829069537436,0.000708984375));
#4145=CARTESIAN_POINT('',(0.011057906052716,0.033724009251318,0.000708984375));
#4146=CARTESIAN_POINT('',(0.0111229663628242,0.0338576302190276,0.000708984375));
#4147=CARTESIAN_POINT('',(0.0112005024207788,0.0340730201121504,0.000708984374999999));
#4148=CARTESIAN_POINT('',(0.0112455598928233,0.0342213000323588,0.000708984374999998));
#4149=CARTESIAN_POINT('',(0.0112914474594316,0.0344518628749249,0.000708984374999995));
#4150=CARTESIAN_POINT('',(0.0113163748592685,0.0347000206435898,0.000708984375000014));
#4151=CARTESIAN_POINT('',(0.0113193360156017,0.0348711703634306,0.000708984374999967));
#4152=CARTESIAN_POINT('',(0.0113193359375,0.035005,0.000708984375));
#4153=CARTESIAN_POINT('',(0.009,0.032823359375,0.000953125));
#4154=CARTESIAN_POINT('',(0.00913364899289697,0.0328233592972982,0.00095312500000008));
#4155=CARTESIAN_POINT('',(0.00929667000168384,0.0328262720202844,0.00095312499999996));
#4156=CARTESIAN_POINT('',(0.00953201696517632,0.0328498792521749,0.000953125000000012));
#4157=CARTESIAN_POINT('',(0.00974735579781733,0.0328925426281592,0.000953124999999994));
#4158=CARTESIAN_POINT('',(0.00988725027251644,0.0329348763557112,0.000953124999999997));
#4159=CARTESIAN_POINT('',(0.0100898349205835,0.0330073981259852,0.000953125000000002));
#4160=CARTESIAN_POINT('',(0.0102138239154305,0.0330675893432444,0.000953125000000001));
#4161=CARTESIAN_POINT('',(0.0104378833079645,0.0332071634563324,0.000953124999999999));
#4162=CARTESIAN_POINT('',(0.0106385806440945,0.0333660031952635,0.000953124999999999));
#4163=CARTESIAN_POINT('',(0.0107960843869979,0.0335644460966886,0.000953125));
#4164=CARTESIAN_POINT('',(0.0109357416146664,0.0337883582149846,0.000953125));
#4165=CARTESIAN_POINT('',(0.0109966231639514,0.0339131715527481,0.000953124999999999));
#4166=CARTESIAN_POINT('',(0.0110693696051056,0.034115290805992,0.000953124999999999));
#4167=CARTESIAN_POINT('',(0.0111117347889469,0.0342546967149039,0.000953124999999998));
#4168=CARTESIAN_POINT('',(0.0111550217989048,0.0344719113574552,0.00095312499999999));
#4169=CARTESIAN_POINT('',(0.0111787093999746,0.0347079011480225,0.000953125000000032));
#4170=CARTESIAN_POINT('',(0.0111816407028051,0.034871170497372,0.000953124999999929));
#4171=CARTESIAN_POINT('',(0.011181640625,0.035005,0.000953125));
#4172=CARTESIAN_POINT('',(0.009,0.0328773958333333,0.00108506944444444));
#4173=CARTESIAN_POINT('',(0.00913364894040379,0.0328773957558512,0.00108506944444454));
#4174=CARTESIAN_POINT('',(0.0092935852871643,0.0328802970434648,0.00108506944444439));
#4175=CARTESIAN_POINT('',(0.00952417249911439,0.0329034194036043,0.00108506944444446));
#4176=CARTESIAN_POINT('',(0.00973432164218849,0.0329450778406063,0.00108506944444444));
#4177=CARTESIAN_POINT('',(0.00987072354211533,0.0329863562703664,0.00108506944444444));
#4178=CARTESIAN_POINT('',(0.0100680935197169,0.0330570062244892,0.00108506944444445));
#4179=CARTESIAN_POINT('',(0.0101886535196425,0.0331155793339521,0.00108506944444445));
#4180=CARTESIAN_POINT('',(0.0104059668322768,0.03325093862471,0.00108506944444444));
#4181=CARTESIAN_POINT('',(0.0106000239198641,0.033404578963005,0.00108506944444444));
#4182=CARTESIAN_POINT('',(0.0107523635085846,0.0335964449092864,0.00108506944444444));
#4183=CARTESIAN_POINT('',(0.0108878000148637,0.0338136109997804,0.00108506944444444));
#4184=CARTESIAN_POINT('',(0.010947041672193,0.0339349679153902,0.00108506944444444));
#4185=CARTESIAN_POINT('',(0.011017908500138,0.0341318793052301,0.00108506944444444));
#4186=CARTESIAN_POINT('',(0.0110592171358922,0.0342678027416237,0.00108506944444444));
#4187=CARTESIAN_POINT('',(0.0111014835964158,0.03447977908346,0.00108506944444443));
#4188=CARTESIAN_POINT('',(0.0111246846571318,0.0347109937336865,0.00108506944444448));
#4189=CARTESIAN_POINT('',(0.0111276042442519,0.0348711705499352,0.00108506944444436));
#4190=CARTESIAN_POINT('',(0.0111276041666667,0.035005,0.00108506944444444));
#4191=CARTESIAN_POINT('',(0.009,0.0329555208333333,0.00135243055555556));
#4192=CARTESIAN_POINT('',(0.00913364886451004,0.0329555207599303,0.00135243055555567));
#4193=CARTESIAN_POINT('',(0.00928912545894326,0.0329584055089685,0.0013524305555555));
#4194=CARTESIAN_POINT('',(0.00951283110239833,0.0329808268519194,0.00135243055555557));
#4195=CARTESIAN_POINT('',(0.00971547707983359,0.0330210323645101,0.00135243055555555));
#4196=CARTESIAN_POINT('',(0.00984682947406542,0.0330607850625996,0.00135243055555555));
#4197=CARTESIAN_POINT('',(0.0100366601690666,0.0331287287766221,0.00135243055555556));
#4198=CARTESIAN_POINT('',(0.010152262585975,0.0331849624530758,0.00135243055555556));
#4199=CARTESIAN_POINT('',(0.0103598225300759,0.0333142280247458,0.00135243055555556));
#4200=CARTESIAN_POINT('',(0.010544279258313,0.0334603511573432,0.00135243055555555));
#4201=CARTESIAN_POINT('',(0.0106891526000635,0.0336427082528032,0.00135243055555556));
#4202=CARTESIAN_POINT('',(0.010818486858494,0.0338501210500857,0.00135243055555556));
#4203=CARTESIAN_POINT('',(0.010875357587644,0.0339664807288484,0.00135243055555556));
#4204=CARTESIAN_POINT('',(0.0109435069026339,0.0341558626776226,0.00135243055555556));
#4205=CARTESIAN_POINT('',(0.0109832879990618,0.0342867512139897,0.00135243055555555));
#4206=CARTESIAN_POINT('',(0.0110240789658453,0.0344911541090091,0.00135243055555555));
#4207=CARTESIAN_POINT('',(0.0110465765969378,0.0347154649418753,0.0013524305555556));
#4208=CARTESIAN_POINT('',(0.0110494792401676,0.0348711706259301,0.00135243055555545));
#4209=CARTESIAN_POINT('',(0.0110494791666667,0.035005,0.00135243055555556));
#4210=CARTESIAN_POINT('',(0.009,0.0329793923611111,0.00148741319444444));
#4211=CARTESIAN_POINT('',(0.00913364884132028,0.0329793922914661,0.00148741319444456));
#4212=CARTESIAN_POINT('',(0.00928776273365351,0.032982271983374,0.00148741319444439));
#4213=CARTESIAN_POINT('',(0.00950936567562398,0.0330044791281042,0.00148741319444446));
#4214=CARTESIAN_POINT('',(0.00970971901911406,0.033044240691181,0.00148741319444444));
#4215=CARTESIAN_POINT('',(0.00983952850882789,0.0330835271935334,0.00148741319444444));
#4216=CARTESIAN_POINT('',(0.0100270555341458,0.0331506440009375,0.00148741319444445));
#4217=CARTESIAN_POINT('',(0.0101411431340223,0.0332061628506047,0.00148741319444445));
#4218=CARTESIAN_POINT('',(0.0103457228821799,0.0333335664525157,0.00148741319444444));
#4219=CARTESIAN_POINT('',(0.0105272461672746,0.0334773926611776,0.00148741319444444));
#4220=CARTESIAN_POINT('',(0.0106698381558121,0.0336568442744346,0.00148741319444444));
#4221=CARTESIAN_POINT('',(0.0107973078384732,0.0338612768987888,0.00148741319444444));
#4222=CARTESIAN_POINT('',(0.0108534541173125,0.0339761096440716,0.00148741319444444));
#4223=CARTESIAN_POINT('',(0.0109207730812007,0.0341631909302981,0.00148741319444444));
#4224=CARTESIAN_POINT('',(0.0109600874295523,0.0342925410249904,0.00148741319444444));
#4225=CARTESIAN_POINT('',(0.0110004275506376,0.0344946298112602,0.00148741319444444));
#4226=CARTESIAN_POINT('',(0.0110227102463786,0.0347168311443774,0.00148741319444449));
#4227=CARTESIAN_POINT('',(0.0110256077086269,0.0348711706491508,0.00148741319444434));
#4228=CARTESIAN_POINT('',(0.0110256076388889,0.035005,0.00148741319444444));
#4229=CARTESIAN_POINT('',(0.009,0.0329980284288194,0.00168353949652778));
#4230=CARTESIAN_POINT('',(0.00913364882321646,0.032998028374575,0.00168353949652786));
#4231=CARTESIAN_POINT('',(0.00928669887879663,0.0330009041002229,0.00168353949652773));
#4232=CARTESIAN_POINT('',(0.00950666027994896,0.0330229440316222,0.00168353949652779));
#4233=CARTESIAN_POINT('',(0.0097052238058025,0.0330623590094589,0.00168353949652778));
#4234=CARTESIAN_POINT('',(0.00983382877801145,0.0331012815615295,0.00168353949652778));
#4235=CARTESIAN_POINT('',(0.0100195573702935,0.0331677528183633,0.00168353949652778));
#4236=CARTESIAN_POINT('',(0.0101324623800609,0.0332227136155876,0.00168353949652778));
#4237=CARTESIAN_POINT('',(0.0103347155434184,0.033348663611374,0.00168353949652778));
#4238=CARTESIAN_POINT('',(0.0105139487427497,0.0334906966534193,0.00168353949652778));
#4239=CARTESIAN_POINT('',(0.0106547597204506,0.03366788000951,0.00168353949652778));
#4240=CARTESIAN_POINT('',(0.0107807737625222,0.0338699860670315,0.00168353949652778));
#4241=CARTESIAN_POINT('',(0.0108363544760079,0.0339836267631146,0.00168353949652778));
#4242=CARTESIAN_POINT('',(0.0109030252002808,0.0341689119639213,0.00168353949652778));
#4243=CARTESIAN_POINT('',(0.0109419751671499,0.0342970610251691,0.00168353949652778));
#4244=CARTESIAN_POINT('',(0.0109819633192667,0.0344973432288131,0.00168353949652777));
#4245=CARTESIAN_POINT('',(0.0110040782262218,0.0347178977138308,0.00168353949652782));
#4246=CARTESIAN_POINT('',(0.0110069716254976,0.0348711706672788,0.0016835394965277));
#4247=CARTESIAN_POINT('',(0.0110069715711806,0.035005,0.00168353949652778));
#4248=CARTESIAN_POINT('',(0.009,0.0330014599609375,0.00174793836805556));
#4249=CARTESIAN_POINT('',(0.00913364881988294,0.0330014599135108,0.00174793836805563));
#4250=CARTESIAN_POINT('',(0.00928650298703623,0.0330043349030064,0.00174793836805552));
#4251=CARTESIAN_POINT('',(0.00950616212485012,0.0330263440471002,0.00174793836805556));
#4252=CARTESIAN_POINT('',(0.00970439608457414,0.0330656952062242,0.00174793836805555));
#4253=CARTESIAN_POINT('',(0.00983277926425839,0.0331045507427854,0.00174793836805556));
#4254=CARTESIAN_POINT('',(0.0100181767040239,0.0331709031319902,0.00174793836805556));
#4255=CARTESIAN_POINT('',(0.0101308639588459,0.0332257611727796,0.00174793836805556));
#4256=CARTESIAN_POINT('',(0.0103326887190302,0.0333514435103187,0.00174793836805556));
#4257=CARTESIAN_POINT('',(0.0105115002358909,0.0334931463696175,0.00174793836805556));
#4258=CARTESIAN_POINT('',(0.0106519832691367,0.0336699120626227,0.00174793836805556));
#4259=CARTESIAN_POINT('',(0.010777729278347,0.0338715897202794,0.00174793836805556));
#4260=CARTESIAN_POINT('',(0.010833205852016,0.0339850109196776,0.00174793836805556));
#4261=CARTESIAN_POINT('',(0.0108997572135157,0.0341699654002436,0.00174793836805556));
#4262=CARTESIAN_POINT('',(0.0109386400854768,0.0342978933105004,0.00174793836805556));
#4263=CARTESIAN_POINT('',(0.0109785634275531,0.0344978428610117,0.00174793836805555));
#4264=CARTESIAN_POINT('',(0.011000647441245,0.0347180941054405,0.00174793836805559));
#4265=CARTESIAN_POINT('',(0.0110035400865526,0.0348711706706167,0.00174793836805548));
#4266=CARTESIAN_POINT('',(0.0110035400390625,0.035005,0.00174793836805556));
#4267=CARTESIAN_POINT('',(0.009,0.0330049491373698,0.00187492540147569));
#4268=CARTESIAN_POINT('',(0.00913364881649341,0.0330049491089579,0.00187492540147573));
#4269=CARTESIAN_POINT('',(0.00928630380460398,0.0330078233322474,0.00187492540147567));
#4270=CARTESIAN_POINT('',(0.00950565560153318,0.0330298011789573,0.0018749254014757));
#4271=CARTESIAN_POINT('',(0.00970355445893794,0.0330690874454478,0.00187492540147569));
#4272=CARTESIAN_POINT('',(0.00983171212033329,0.0331078748409911,0.00187492540147569));
#4273=CARTESIAN_POINT('',(0.0100167728447445,0.0331741063661586,0.00187492540147569));
#4274=CARTESIAN_POINT('',(0.0101292386866877,0.033228859924205,0.00187492540147569));
#4275=CARTESIAN_POINT('',(0.0103306278471906,0.0333542701070797,0.00187492540147569));
#4276=CARTESIAN_POINT('',(0.0105090105979456,0.0334956372372172,0.00187492540147569));
#4277=CARTESIAN_POINT('',(0.0106491601779214,0.033671978251021,0.00187492540147569));
#4278=CARTESIAN_POINT('',(0.01077463365156,0.0338732203123604,0.00187492540147569));
#4279=CARTESIAN_POINT('',(0.0108300043358654,0.0339864183278818,0.00187492540147569));
#4280=CARTESIAN_POINT('',(0.0108964343298665,0.0341710365326308,0.00187492540147569));
#4281=CARTESIAN_POINT('',(0.0109352489800777,0.0342987395769093,0.00187492540147569));
#4282=CARTESIAN_POINT('',(0.0109751064215376,0.0344983508862414,0.00187492540147569));
#4283=CARTESIAN_POINT('',(0.0109971590301175,0.0347182937961187,0.00187492540147571));
#4284=CARTESIAN_POINT('',(0.0110000508910802,0.0348711706740108,0.00187492540147565));
#4285=CARTESIAN_POINT('',(0.0110000508626302,0.035005,0.00187492540147569));
#4286=CARTESIAN_POINT('',(0.009,0.033005,0.0019375));
#4287=CARTESIAN_POINT('',(0.009133648816444,0.0330049999837818,0.00193750000000002));
#4288=CARTESIAN_POINT('',(0.00928630090106999,0.0330078741784574,0.00193749999999999));
#4289=CARTESIAN_POINT('',(0.00950564821781132,0.0330298515759393,0.0019375));
#4290=CARTESIAN_POINT('',(0.0097035421903428,0.0330691368946315,0.0019375));
#4291=CARTESIAN_POINT('',(0.00983169656429909,0.0331079232971083,0.0019375));
#4292=CARTESIAN_POINT('',(0.0100167523803241,0.0331741530607841,0.0019375));
#4293=CARTESIAN_POINT('',(0.0101292149946797,0.0332289050955982,0.0019375));
#4294=CARTESIAN_POINT('',(0.0103305978053211,0.0333543113110245,0.0019375));
#4295=CARTESIAN_POINT('',(0.0105089743058054,0.0334956735472823,0.0019375));
#4296=CARTESIAN_POINT('',(0.010649119025078,0.0336720083703914,0.0019375));
#4297=CARTESIAN_POINT('',(0.0107745885257153,0.0338732440819183,0.0019375));
#4298=CARTESIAN_POINT('',(0.0108299576662837,0.0339864388440358,0.0019375));
#4299=CARTESIAN_POINT('',(0.0108963858914544,0.0341710521468059,0.0019375));
#4300=CARTESIAN_POINT('',(0.0109351995474225,0.0342987519131542,0.0019375));
#4301=CARTESIAN_POINT('',(0.0109750560263879,0.034498358291857,0.0019375));
#4302=CARTESIAN_POINT('',(0.010997108184179,0.0347182967070615,0.00193750000000001));
#4303=CARTESIAN_POINT('',(0.0110000000162399,0.0348711706740603,0.00193749999999998));
#4304=CARTESIAN_POINT('',(0.011,0.035005,0.0019375));
#4305=CARTESIAN_POINT('',(0.009,0.033005,0.002));
#4306=CARTESIAN_POINT('',(0.009133648816444,0.033005,0.002));
#4307=CARTESIAN_POINT('',(0.00928630090107001,0.0330078741709336,0.002));
#4308=CARTESIAN_POINT('',(0.00950564821781127,0.0330298515779454,0.002));
#4309=CARTESIAN_POINT('',(0.00970354219034299,0.0330691368941312,0.002));
#4310=CARTESIAN_POINT('',(0.00983169656429868,0.0331079232969383,0.002));
#4311=CARTESIAN_POINT('',(0.010016752380325,0.033174153061124,0.002));
#4312=CARTESIAN_POINT('',(0.0101292149946879,0.0332289050957202,0.002));
#4313=CARTESIAN_POINT('',(0.0103305978053129,0.0333543113109025,0.002));
#4314=CARTESIAN_POINT('',(0.0105089743057484,0.0334956735473393,0.002));
#4315=CARTESIAN_POINT('',(0.0106491190252002,0.0336720083703995,0.002));
#4316=CARTESIAN_POINT('',(0.0107745885255932,0.0338732440819101,0.002));
#4317=CARTESIAN_POINT('',(0.0108299576659432,0.033986438844035,0.002));
#4318=CARTESIAN_POINT('',(0.0108963858916246,0.0341710521468063,0.002));
#4319=CARTESIAN_POINT('',(0.0109351995479234,0.034298751913154,0.002));
#4320=CARTESIAN_POINT('',(0.0109750560243792,0.0344983582918571,0.002));
#4321=CARTESIAN_POINT('',(0.0109971081917128,0.0347182967070615,0.002));
#4322=CARTESIAN_POINT('',(0.011,0.0348711706740603,0.002));
#4323=CARTESIAN_POINT('',(0.011,0.035005,0.002));
#4324=CARTESIAN_POINT('',(0.013,0.035005,1.73472347597681E-18));
#4325=CARTESIAN_POINT('',(0.01275,0.035005,-1.50568170127959E-14));
#4326=CARTESIAN_POINT('',(0.0122135416666673,0.035005,2.60416666483699E-5));
#4327=CARTESIAN_POINT('',(0.0114401041666596,0.035005,0.000440104166653688));
#4328=CARTESIAN_POINT('',(0.0110260416666436,0.035005,0.00121354166665541));
#4329=CARTESIAN_POINT('',(0.0109999999999799,0.035005,0.00174999999999398));
#4330=CARTESIAN_POINT('',(0.011,0.035005,0.002));
#4331=CARTESIAN_POINT('',(0.011,0.07945,0.00200000000000001));
#4332=CARTESIAN_POINT('',(0.011,0.035005,0.00200000000000001));
#4333=CARTESIAN_POINT('',(0.0109999999999759,0.07945,0.00169999999999278));
#4334=CARTESIAN_POINT('',(0.0109999999999759,0.035005,0.00169999999999278));
#4335=CARTESIAN_POINT('',(0.0109999999999759,0.07945,0.00139999999998797));
#4336=CARTESIAN_POINT('',(0.0109999999999759,0.035005,0.00139999999998797));
#4337=CARTESIAN_POINT('',(0.0111999999999855,0.07945,0.000666666666658845));
#4338=CARTESIAN_POINT('',(0.0111999999999855,0.035005,0.000666666666658845));
#4339=CARTESIAN_POINT('',(0.0116666666666666,0.07945,0.000199999999981331));
#4340=CARTESIAN_POINT('',(0.0116666666666666,0.035005,0.000199999999981331));
#4341=CARTESIAN_POINT('',(0.0124,0.07945,-1.70749944511126E-14));
#4342=CARTESIAN_POINT('',(0.0124,0.035005,-1.70749944511126E-14));
#4343=CARTESIAN_POINT('',(0.0127,0.07945,-1.80685273600503E-14));
#4344=CARTESIAN_POINT('',(0.0127,0.035005,-1.80685273600503E-14));
#4345=CARTESIAN_POINT('',(0.013,0.07945,1.73472347602496E-18));
#4346=CARTESIAN_POINT('',(0.013,0.035005,1.73472347602496E-18));
#4347=CARTESIAN_POINT('',(-0.013,0.035005,0.03401));
#4348=CARTESIAN_POINT('',(-0.013,0.07945,0.03401));
#4349=CARTESIAN_POINT('',(-0.0127,0.035005,0.03401));
#4350=CARTESIAN_POINT('',(-0.0127,0.07945,0.03401));
#4351=CARTESIAN_POINT('',(-0.0124,0.035005,0.03401));
#4352=CARTESIAN_POINT('',(-0.0124,0.07945,0.03401));
#4353=CARTESIAN_POINT('',(-0.0116666666666715,0.035005,0.03381));
#4354=CARTESIAN_POINT('',(-0.0116666666666715,0.07945,0.03381));
#4355=CARTESIAN_POINT('',(-0.0112,0.035005,0.0333433333333334));
#4356=CARTESIAN_POINT('',(-0.0112,0.07945,0.0333433333333334));
#4357=CARTESIAN_POINT('',(-0.0109999999999952,0.035005,0.03261));
#4358=CARTESIAN_POINT('',(-0.0109999999999952,0.07945,0.03261));
#4359=CARTESIAN_POINT('',(-0.0109999999999952,0.035005,0.03231));
#4360=CARTESIAN_POINT('',(-0.0109999999999952,0.07945,0.03231));
#4361=CARTESIAN_POINT('',(-0.011,0.035005,0.03201));
#4362=CARTESIAN_POINT('',(-0.011,0.07945,0.03201));
#4363=CARTESIAN_POINT('',(-0.011,0.07945,0.03201));
#4364=CARTESIAN_POINT('',(-0.010999999999996,0.07945,0.03226));
#4365=CARTESIAN_POINT('',(-0.0110260416666626,0.07945,0.0327964583333333));
#4366=CARTESIAN_POINT('',(-0.0114401041666692,0.07945,0.0335698958333333));
#4367=CARTESIAN_POINT('',(-0.012213541666668,0.07945,0.0339839583333333));
#4368=CARTESIAN_POINT('',(-0.01275,0.07945,0.03401));
#4369=CARTESIAN_POINT('',(-0.013,0.07945,0.03401));
#4370=CARTESIAN_POINT('',(-0.013,0.035005,0.03401));
#4371=CARTESIAN_POINT('',(-0.01275,0.035005,0.03401));
#4372=CARTESIAN_POINT('',(-0.012213541666668,0.035005,0.0339839583333333));
#4373=CARTESIAN_POINT('',(-0.0114401041666692,0.035005,0.0335698958333333));
#4374=CARTESIAN_POINT('',(-0.0110260416666626,0.035005,0.0327964583333334));
#4375=CARTESIAN_POINT('',(-0.010999999999996,0.035005,0.03226));
#4376=CARTESIAN_POINT('',(-0.011,0.035005,0.03201));
#4377=CARTESIAN_POINT('',(-0.011,0.035005,0.03201));
#4378=CARTESIAN_POINT('',(-0.011,0.0348713511835406,0.0320099999999945));
#4379=CARTESIAN_POINT('',(-0.0109971258290664,0.0347186990989371,0.0320100000000026));
#4380=CARTESIAN_POINT('',(-0.0109751484220546,0.0344993517821867,0.0320099999999993));
#4381=CARTESIAN_POINT('',(-0.0109358631058688,0.0343014578096574,0.0320099999999999));
#4382=CARTESIAN_POINT('',(-0.0108970767030617,0.0341733034357015,0.03201));
#4383=CARTESIAN_POINT('',(-0.010830846938876,0.0339882476196747,0.03201));
#4384=CARTESIAN_POINT('',(-0.0107760949042798,0.033875785005312,0.03201));
#4385=CARTESIAN_POINT('',(-0.0106506886890975,0.0336744021946872,0.03201));
#4386=CARTESIAN_POINT('',(-0.0105093264526608,0.0334960256942516,0.03201));
#4387=CARTESIAN_POINT('',(-0.0103329916296004,0.0333558809747998,0.03201));
#4388=CARTESIAN_POINT('',(-0.01013175591809,0.0332304114744068,0.03201));
#4389=CARTESIAN_POINT('',(-0.0100185611559652,0.0331750423340568,0.03201));
#4390=CARTESIAN_POINT('',(-0.00983394785319359,0.0331086141083754,0.03201));
#4391=CARTESIAN_POINT('',(-0.0097062480868457,0.0330698004520765,0.03201));
#4392=CARTESIAN_POINT('',(-0.00950664170814446,0.0330299439756208,0.03201));
#4393=CARTESIAN_POINT('',(-0.00928670329293301,0.0330078918082871,0.0320100000000004));
#4394=CARTESIAN_POINT('',(-0.0091338293259516,0.033005,0.0320099999999991));
#4395=CARTESIAN_POINT('',(-0.009,0.033005,0.03201));
#4396=CARTESIAN_POINT('',(-0.011,0.035005,0.0320725));
#4397=CARTESIAN_POINT('',(-0.0110000000162179,0.0348713511835406,0.0320724999999947));
#4398=CARTESIAN_POINT('',(-0.0109971258215428,0.0347186990989371,0.0320725000000024));
#4399=CARTESIAN_POINT('',(-0.0109751484240606,0.0344993517821867,0.0320724999999993));
#4400=CARTESIAN_POINT('',(-0.0109358631053685,0.0343014578096576,0.0320724999999999));
#4401=CARTESIAN_POINT('',(-0.0108970767028917,0.0341733034357011,0.0320725));
#4402=CARTESIAN_POINT('',(-0.0108308469392159,0.0339882476196756,0.0320725));
#4403=CARTESIAN_POINT('',(-0.0107760949044018,0.0338757850053202,0.0320725));
#4404=CARTESIAN_POINT('',(-0.0106506886889755,0.033674402194679,0.0320725));
#4405=CARTESIAN_POINT('',(-0.0105093264527178,0.0334960256941946,0.0320725));
#4406=CARTESIAN_POINT('',(-0.0103329916296086,0.033355880974922,0.0320725));
#4407=CARTESIAN_POINT('',(-0.0101317559180818,0.0332304114742847,0.0320725));
#4408=CARTESIAN_POINT('',(-0.0100185611559644,0.0331750423337164,0.0320725));
#4409=CARTESIAN_POINT('',(-0.009833947853194,0.0331086141085456,0.0320725));
#4410=CARTESIAN_POINT('',(-0.00970624808684551,0.0330698004525775,0.0320725));
#4411=CARTESIAN_POINT('',(-0.00950664170814451,0.0330299439736121,0.0320725));
#4412=CARTESIAN_POINT('',(-0.009286703292933,0.0330078918158209,0.0320725000000004));
#4413=CARTESIAN_POINT('',(-0.0091338293259516,0.0330049999837602,0.0320724999999991));
#4414=CARTESIAN_POINT('',(-0.009,0.033005,0.0320725));
#4415=CARTESIAN_POINT('',(-0.0110000508626302,0.035005,0.0321350745985243));
#4416=CARTESIAN_POINT('',(-0.0110000508910416,0.0348713511834911,0.0321350745985193));
#4417=CARTESIAN_POINT('',(-0.0109971766677528,0.0347186961954031,0.0321350745985266));
#4418=CARTESIAN_POINT('',(-0.0109751988210427,0.0344993443984648,0.0321350745985237));
#4419=CARTESIAN_POINT('',(-0.0109359125545522,0.0343014455410625,0.0321350745985242));
#4420=CARTESIAN_POINT('',(-0.0108971251590089,0.0341732878796669,0.0321350745985243));
#4421=CARTESIAN_POINT('',(-0.0108308936338414,0.0339882271552552,0.0321350745985243));
#4422=CARTESIAN_POINT('',(-0.010776140075795,0.0338757613133122,0.0321350745985243));
#4423=CARTESIAN_POINT('',(-0.0106507298929203,0.0336743721528095,0.0321350745985243));
#4424=CARTESIAN_POINT('',(-0.0105093627627829,0.0334959894020544,0.0321350745985243));
#4425=CARTESIAN_POINT('',(-0.010333021748979,0.0333558398220785,0.0321350745985243));
#4426=CARTESIAN_POINT('',(-0.0101317796876397,0.03323036634844,0.0321350745985243));
#4427=CARTESIAN_POINT('',(-0.0100185816721184,0.0331749956641346,0.0321350745985243));
#4428=CARTESIAN_POINT('',(-0.00983396346736905,0.0331085656701335,0.0321350745985243));
#4429=CARTESIAN_POINT('',(-0.00970626042309039,0.0330697510199222,0.0321350745985243));
#4430=CARTESIAN_POINT('',(-0.00950664911376014,0.0330298935784625,0.0321350745985243));
#4431=CARTESIAN_POINT('',(-0.00928670620387581,0.0330078409698824,0.0321350745985247));
#4432=CARTESIAN_POINT('',(-0.00913382932600108,0.03300494910892,0.0321350745985234));
#4433=CARTESIAN_POINT('',(-0.009,0.0330049491373698,0.0321350745985243));
#4434=CARTESIAN_POINT('',(-0.0110035400390625,0.035005,0.0322620616319444));
#4435=CARTESIAN_POINT('',(-0.0110035400864882,0.0348713511801017,0.0322620616319399));
#4436=CARTESIAN_POINT('',(-0.0110006650969939,0.0347184970129709,0.0322620616319465));
#4437=CARTESIAN_POINT('',(-0.0109786559528996,0.0344988378751479,0.0322620616319439));
#4438=CARTESIAN_POINT('',(-0.0109393047937759,0.0343006039154263,0.0322620616319444));
#4439=CARTESIAN_POINT('',(-0.0109004492572146,0.0341722207357417,0.0322620616319444));
#4440=CARTESIAN_POINT('',(-0.0108340968680098,0.0339868232959758,0.0322620616319444));
#4441=CARTESIAN_POINT('',(-0.0107792388272204,0.033874136041154,0.0322620616319444));
#4442=CARTESIAN_POINT('',(-0.0106535564896813,0.0336723112809699,0.0322620616319444));
#4443=CARTESIAN_POINT('',(-0.0105118536303826,0.0334934997641091,0.0322620616319444));
#4444=CARTESIAN_POINT('',(-0.0103350879373773,0.0333530167308632,0.0322620616319444));
#4445=CARTESIAN_POINT('',(-0.0101334102797207,0.033227270721653,0.0322620616319444));
#4446=CARTESIAN_POINT('',(-0.0100199890803226,0.033171794147984,0.0322620616319444));
#4447=CARTESIAN_POINT('',(-0.00983503459975633,0.0331052427864843,0.0322620616319444));
#4448=CARTESIAN_POINT('',(-0.00970710668949923,0.0330663599145231,0.0322620616319444));
#4449=CARTESIAN_POINT('',(-0.0095071571389898,0.0330264365724469,0.0322620616319444));
#4450=CARTESIAN_POINT('',(-0.00928690589455402,0.0330043525587548,0.0322620616319449));
#4451=CARTESIAN_POINT('',(-0.00913382932939514,0.0330014599134477,0.0322620616319435));
#4452=CARTESIAN_POINT('',(-0.009,0.0330014599609375,0.0322620616319444));
#4453=CARTESIAN_POINT('',(-0.0110069715711806,0.035005,0.0323264605034722));
#4454=CARTESIAN_POINT('',(-0.011006971625424,0.0348713511767682,0.0323264605034678));
#4455=CARTESIAN_POINT('',(-0.0110040958997775,0.0347183011212104,0.0323264605034742));
#4456=CARTESIAN_POINT('',(-0.0109820559683777,0.0344983397200491,0.0323264605034716));
#4457=CARTESIAN_POINT('',(-0.0109426409905412,0.0342997761941979,0.0323264605034722));
#4458=CARTESIAN_POINT('',(-0.0109037184384706,0.0341711712219887,0.0323264605034722));
#4459=CARTESIAN_POINT('',(-0.0108372471816367,0.0339854426297063,0.0323264605034722));
#4460=CARTESIAN_POINT('',(-0.0107822863844124,0.0338725376199389,0.0323264605034722));
#4461=CARTESIAN_POINT('',(-0.010656336388626,0.0336702844565817,0.0323264605034722));
#4462=CARTESIAN_POINT('',(-0.0105143033465808,0.0334910512572502,0.0323264605034722));
#4463=CARTESIAN_POINT('',(-0.01033711999049,0.0333502402795494,0.0323264605034722));
#4464=CARTESIAN_POINT('',(-0.0101350139329686,0.0332242262374778,0.0323264605034722));
#4465=CARTESIAN_POINT('',(-0.0100213732368857,0.0331686455239921,0.0323264605034722));
#4466=CARTESIAN_POINT('',(-0.0098360880360786,0.0331019747997191,0.0323264605034722));
#4467=CARTESIAN_POINT('',(-0.00970793897483049,0.0330630248328501,0.0323264605034722));
#4468=CARTESIAN_POINT('',(-0.00950765677118843,0.0330230366807334,0.0323264605034722));
#4469=CARTESIAN_POINT('',(-0.00928710228616368,0.033000921773778,0.0323264605034727));
#4470=CARTESIAN_POINT('',(-0.00913382933273313,0.0329980283745028,0.0323264605034713));
#4471=CARTESIAN_POINT('',(-0.009,0.0329980284288194,0.0323264605034722));
#4472=CARTESIAN_POINT('',(-0.0110256076388889,0.035005,0.0325225868055556));
#4473=CARTESIAN_POINT('',(-0.0110256077085326,0.0348713511586646,0.0325225868055514));
#4474=CARTESIAN_POINT('',(-0.0110227280166266,0.0347172372663535,0.0325225868055574));
#4475=CARTESIAN_POINT('',(-0.0110005208718957,0.0344956343243741,0.032522586805555));
#4476=CARTESIAN_POINT('',(-0.010960759308819,0.0342952809808863,0.0325225868055556));
#4477=CARTESIAN_POINT('',(-0.0109214728064666,0.0341654714911723,0.0325225868055556));
#4478=CARTESIAN_POINT('',(-0.0108543559990625,0.0339779444658539,0.0325225868055556));
#4479=CARTESIAN_POINT('',(-0.0107988371493952,0.0338638568659776,0.0325225868055556));
#4480=CARTESIAN_POINT('',(-0.0106714335474843,0.0336592771178202,0.0325225868055556));
#4481=CARTESIAN_POINT('',(-0.0105276073388225,0.0334777538327254,0.0325225868055555));
#4482=CARTESIAN_POINT('',(-0.0103481557255653,0.0333351618441879,0.0325225868055556));
#4483=CARTESIAN_POINT('',(-0.0101437231012113,0.0332076921615268,0.0325225868055556));
#4484=CARTESIAN_POINT('',(-0.0100288903559286,0.0331515458826875,0.0325225868055556));
#4485=CARTESIAN_POINT('',(-0.00984180906970176,0.0330842269187993,0.0325225868055556));
#4486=CARTESIAN_POINT('',(-0.00971245897500928,0.0330449125704476,0.0325225868055556));
#4487=CARTESIAN_POINT('',(-0.00951037018874134,0.0330045724493625,0.0325225868055555));
#4488=CARTESIAN_POINT('',(-0.009288168855617,0.0329822897536211,0.032522586805556));
#4489=CARTESIAN_POINT('',(-0.0091338293508612,0.0329793922913736,0.0325225868055546));
#4490=CARTESIAN_POINT('',(-0.009,0.0329793923611111,0.0325225868055556));
#4491=CARTESIAN_POINT('',(-0.0110494791666667,0.035005,0.0326575694444445));
#4492=CARTESIAN_POINT('',(-0.0110494792400684,0.0348713511354751,0.0326575694444401));
#4493=CARTESIAN_POINT('',(-0.011046594491032,0.0347158745410636,0.0326575694444464));
#4494=CARTESIAN_POINT('',(-0.0110241731480804,0.0344921688975997,0.0326575694444439));
#4495=CARTESIAN_POINT('',(-0.0109839676354899,0.0342895229201668,0.0326575694444445));
#4496=CARTESIAN_POINT('',(-0.0109442149374004,0.0341581705259347,0.0326575694444445));
#4497=CARTESIAN_POINT('',(-0.0108762712233779,0.0339683398309331,0.0326575694444444));
#4498=CARTESIAN_POINT('',(-0.0108200375469241,0.0338527374140249,0.0326575694444444));
#4499=CARTESIAN_POINT('',(-0.0106907719752542,0.0336451774699242,0.0326575694444445));
#4500=CARTESIAN_POINT('',(-0.0105446488426569,0.033460720741687,0.0326575694444444));
#4501=CARTESIAN_POINT('',(-0.0103622917471967,0.0333158473999365,0.0326575694444444));
#4502=CARTESIAN_POINT('',(-0.0101548789499144,0.033186513141506,0.0326575694444444));
#4503=CARTESIAN_POINT('',(-0.0100385192711518,0.0331296424123559,0.0326575694444444));
#4504=CARTESIAN_POINT('',(-0.00984913732237731,0.0330614930973661,0.0326575694444444));
#4505=CARTESIAN_POINT('',(-0.00971824878600996,0.0330217120009381,0.0326575694444445));
#4506=CARTESIAN_POINT('',(-0.00951384589099247,0.0329809210341549,0.0326575694444444));
#4507=CARTESIAN_POINT('',(-0.00928953505811908,0.0329584234030619,0.0326575694444449));
#4508=CARTESIAN_POINT('',(-0.00913382937408203,0.032955520759833,0.0326575694444436));
#4509=CARTESIAN_POINT('',(-0.009,0.0329555208333333,0.0326575694444445));
#4510=CARTESIAN_POINT('',(-0.0111276041666667,0.035005,0.0329249305555556));
#4511=CARTESIAN_POINT('',(-0.0111276042441474,0.034871351059582,0.0329249305555505));
#4512=CARTESIAN_POINT('',(-0.0111247029565358,0.0347114147128423,0.0329249305555579));
#4513=CARTESIAN_POINT('',(-0.0111015805963955,0.0344808275008838,0.0329249305555549));
#4514=CARTESIAN_POINT('',(-0.0110599221593937,0.0342706783578119,0.0329249305555556));
#4515=CARTESIAN_POINT('',(-0.0110186437296336,0.0341342764578848,0.0329249305555556));
#4516=CARTESIAN_POINT('',(-0.0109479937755108,0.0339369064802828,0.0329249305555555));
#4517=CARTESIAN_POINT('',(-0.0108894206660479,0.0338163464803574,0.0329249305555555));
#4518=CARTESIAN_POINT('',(-0.01075406137529,0.0335990331677232,0.0329249305555556));
#4519=CARTESIAN_POINT('',(-0.0106004210369951,0.0334049760801359,0.0329249305555555));
#4520=CARTESIAN_POINT('',(-0.0104085550907135,0.0332526364914154,0.0329249305555556));
#4521=CARTESIAN_POINT('',(-0.0101913890002197,0.0331171999851363,0.0329249305555555));
#4522=CARTESIAN_POINT('',(-0.0100700320846101,0.0330579583278071,0.0329249305555555));
#4523=CARTESIAN_POINT('',(-0.00987312069476981,0.032987091499862,0.0329249305555555));
#4524=CARTESIAN_POINT('',(-0.00973719725837591,0.0329457828641078,0.0329249305555556));
#4525=CARTESIAN_POINT('',(-0.00952522091654161,0.0329035164035844,0.0329249305555555));
#4526=CARTESIAN_POINT('',(-0.00929400626630771,0.0328803153428677,0.0329249305555559));
#4527=CARTESIAN_POINT('',(-0.00913382945007746,0.032877395755749,0.0329249305555548));
#4528=CARTESIAN_POINT('',(-0.009,0.0328773958333333,0.0329249305555556));
#4529=CARTESIAN_POINT('',(-0.011181640625,0.035005,0.033056875));
#4530=CARTESIAN_POINT('',(-0.0111816407027004,0.0348713510070891,0.0330568749999944));
#4531=CARTESIAN_POINT('',(-0.0111787279797162,0.0347083299983226,0.0330568750000026));
#4532=CARTESIAN_POINT('',(-0.0111551207478249,0.0344729830348219,0.0330568749999993));
#4533=CARTESIAN_POINT('',(-0.0111124573718408,0.0342576442021831,0.0330568750000001));
#4534=CARTESIAN_POINT('',(-0.0110701236442888,0.0341177497274837,0.0330568750000001));
#4535=CARTESIAN_POINT('',(-0.0109976018740148,0.0339151650794162,0.0330568749999999));
#4536=CARTESIAN_POINT('',(-0.0109374106567555,0.0337911760845694,0.033056875));
#4537=CARTESIAN_POINT('',(-0.0107978365436677,0.0335671166920355,0.033056875));
#4538=CARTESIAN_POINT('',(-0.0106389968047366,0.0333664193559055,0.033056875));
#4539=CARTESIAN_POINT('',(-0.0104405539033113,0.0332089156130021,0.033056875));
#4540=CARTESIAN_POINT('',(-0.0102166417850155,0.0330692583853336,0.033056875));
#4541=CARTESIAN_POINT('',(-0.0100918284472522,0.0330083768360486,0.033056875));
#4542=CARTESIAN_POINT('',(-0.00988970919400789,0.0329356303948944,0.033056875));
#4543=CARTESIAN_POINT('',(-0.00975030328509572,0.032893265211053,0.033056875));
#4544=CARTESIAN_POINT('',(-0.00953308864254642,0.0328499782010954,0.033056875));
#4545=CARTESIAN_POINT('',(-0.0092970988519715,0.0328262906000249,0.0330568750000004));
#4546=CARTESIAN_POINT('',(-0.00913382950264097,0.032823359297196,0.0330568749999992));
#4547=CARTESIAN_POINT('',(-0.009,0.032823359375,0.033056875));
#4548=CARTESIAN_POINT('',(-0.0113193359375,0.035005,0.033301015625));
#4549=CARTESIAN_POINT('',(-0.0113193360154966,0.034871350873327,0.0333010156249934));
#4550=CARTESIAN_POINT('',(-0.0113163941533645,0.0347004695510827,0.033301015625003));
#4551=CARTESIAN_POINT('',(-0.0112915513746277,0.0344529938231099,0.0333010156249992));
#4552=CARTESIAN_POINT('',(-0.011246327220434,0.0342244306610324,0.0333010156250002));
#4553=CARTESIAN_POINT('',(-0.011201304390672,0.0340756364325459,0.0333010156250001));
#4554=CARTESIAN_POINT('',(-0.0111240128720044,0.0338597637988946,0.0333010156249999));
#4555=CARTESIAN_POINT('',(-0.0110596984041592,0.033727037063977,0.033301015625));
#4556=CARTESIAN_POINT('',(-0.0109093841112826,0.0334857873594098,0.033301015625));
#4557=CARTESIAN_POINT('',(-0.0107372952972335,0.0332681693899458,0.033301015625));
#4558=CARTESIAN_POINT('',(-0.0105220930462563,0.0330975063866817,0.033301015625));
#4559=CARTESIAN_POINT('',(-0.0102809907486821,0.032947093947284,0.033301015625));
#4560=CARTESIAN_POINT('',(-0.0101473697809727,0.0328820336371758,0.033301015625));
#4561=CARTESIAN_POINT('',(-0.0099319798878495,0.0328044975792212,0.033301015625));
#4562=CARTESIAN_POINT('',(-0.00978369996764079,0.0327594401071766,0.033301015625));
#4563=CARTESIAN_POINT('',(-0.00955313712507676,0.0327135525405686,0.033301015625));
#4564=CARTESIAN_POINT('',(-0.00930497935640394,0.0326886251407309,0.0333010156250004));
#4565=CARTESIAN_POINT('',(-0.00913382963658296,0.0326856639843996,0.0333010156249992));
#4566=CARTESIAN_POINT('',(-0.009,0.0326856640625,0.033301015625));
#4567=CARTESIAN_POINT('',(-0.0114027777777778,0.035005,0.0334127777777778));
#4568=CARTESIAN_POINT('',(-0.0114027778557495,0.0348713507922686,0.0334127777777709));
#4569=CARTESIAN_POINT('',(-0.0113998183359143,0.0346957062067743,0.033412777777781));
#4570=CARTESIAN_POINT('',(-0.0113742268293,0.0344408805813396,0.0334127777777769));
#4571=CARTESIAN_POINT('',(-0.0113274508717942,0.0342043036215172,0.033412777777778));
#4572=CARTESIAN_POINT('',(-0.0112807984757558,0.0340501162404205,0.0334127777777779));
#4573=CARTESIAN_POINT('',(-0.0112006165421767,0.0338261912341026,0.0334127777777777));
#4574=CARTESIAN_POINT('',(-0.0111338034299681,0.0336881695250994,0.0334127777777778));
#4575=CARTESIAN_POINT('',(-0.0109769807066316,0.033436502681089,0.0334127777777778));
#4576=CARTESIAN_POINT('',(-0.0107968630992265,0.033208630994499,0.0334127777777778));
#4577=CARTESIAN_POINT('',(-0.0105715048673158,0.0330299936246311,0.0334127777777778));
#4578=CARTESIAN_POINT('',(-0.0103199855107465,0.0328730636455833,0.0334127777777778));
#4579=CARTESIAN_POINT('',(-0.0101810272164581,0.0328054710525204,0.0334127777777778));
#4580=CARTESIAN_POINT('',(-0.00995759546197416,0.0327250325396188,0.0334127777777778));
#4581=CARTESIAN_POINT('',(-0.00980393798882058,0.0326783435706211,0.0334127777777778));
#4582=CARTESIAN_POINT('',(-0.0095652862843091,0.0326308800954047,0.0334127777777777));
#4583=CARTESIAN_POINT('',(-0.00930975485514984,0.0326052013910718,0.0334127777777781));
#4584=CARTESIAN_POINT('',(-0.00913382971775032,0.0326022221441467,0.033412777777777));
#4585=CARTESIAN_POINT('',(-0.009,0.0326022222222222,0.0334127777777778));
#4586=CARTESIAN_POINT('',(-0.0115972222222222,0.035005,0.0336072222222222));
#4587=CARTESIAN_POINT('',(-0.0115972223002541,0.0348713506033779,0.0336072222222149));
#4588=CARTESIAN_POINT('',(-0.0115942216325167,0.0346846061898684,0.0336072222222256));
#4589=CARTESIAN_POINT('',(-0.0115668853660804,0.0344126531050687,0.0336072222222213));
#4590=CARTESIAN_POINT('',(-0.0115164932427107,0.034157401599656,0.0336072222222224));
#4591=CARTESIAN_POINT('',(-0.0114660434698641,0.033990646559941,0.0336072222222224));
#4592=CARTESIAN_POINT('',(-0.0113791260050513,0.0337479571169279,0.0336072222222222));
#4593=CARTESIAN_POINT('',(-0.0113064903041557,0.033597596534633,0.0336072222222222));
#4594=CARTESIAN_POINT('',(-0.0111345009912411,0.0333216546400605,0.0336072222222222));
#4595=CARTESIAN_POINT('',(-0.0109356738939884,0.0330698887257849,0.0336072222222222));
#4596=CARTESIAN_POINT('',(-0.0106866491889525,0.0328726686966804,0.0336072222222222));
#4597=CARTESIAN_POINT('',(-0.0104108549692892,0.032700550900917,0.0336072222222222));
#4598=CARTESIAN_POINT('',(-0.0102594591077325,0.0326270573311882,0.0336072222222222));
#4599=CARTESIAN_POINT('',(-0.0100172874110397,0.0325398552301695,0.0336072222222222));
#4600=CARTESIAN_POINT('',(-0.00985109863115372,0.0324893643853093,0.0336072222222222));
#4601=CARTESIAN_POINT('',(-0.00959359745900916,0.0324382285716791,0.0336072222222222));
#4602=CARTESIAN_POINT('',(-0.0093208831955304,0.0324107991032344,0.0336072222222226));
#4603=CARTESIAN_POINT('',(-0.00913382990689456,0.0324077776996419,0.0336072222222213));
#4604=CARTESIAN_POINT('',(-0.009,0.0324077777777778,0.0336072222222222));
#4605=CARTESIAN_POINT('',(-0.011708984375,0.035005,0.0336906640625));
#4606=CARTESIAN_POINT('',(-0.0117089844530664,0.0348713504948079,0.0336906640624925));
#4607=CARTESIAN_POINT('',(-0.0117059601344701,0.0346782261578299,0.0336906640625034));
#4608=CARTESIAN_POINT('',(-0.0116776210205914,0.0343964286069888,0.033690664062499));
#4609=CARTESIAN_POINT('',(-0.0116251504090298,0.0341304434062871,0.0336906640625002));
#4610=CARTESIAN_POINT('',(-0.0115725179921473,0.0339564647681475,0.0336906640625002));
#4611=CARTESIAN_POINT('',(-0.011481729100342,0.0337029899625251,0.0336906640625));
#4612=CARTESIAN_POINT('',(-0.0114057467106363,0.0335455372823002,0.0336906640625));
#4613=CARTESIAN_POINT('',(-0.0112250399941137,0.0332556426521926,0.0336906640625));
#4614=CARTESIAN_POINT('',(-0.0110154591164241,0.0329901428905308,0.0336906640625));
#4615=CARTESIAN_POINT('',(-0.0107528314720362,0.0327822419802801,0.0336906640625));
#4616=CARTESIAN_POINT('',(-0.01046308462459,0.032601394580043,0.0336906640625));
#4617=CARTESIAN_POINT('',(-0.0103045399380967,0.0325245092659136,0.0336906640625));
#4618=CARTESIAN_POINT('',(-0.0100515969576566,0.032433419611457,0.0336906640625));
#4619=CARTESIAN_POINT('',(-0.00987820547356617,0.0323807435366089,0.0336906640625));
#4620=CARTESIAN_POINT('',(-0.00960987006500305,0.0323274969481092,0.0336906640625));
#4621=CARTESIAN_POINT('',(-0.00932727950724468,0.0322990611810957,0.0336906640625004));
#4622=CARTESIAN_POINT('',(-0.00913383001561026,0.0322960155468293,0.033690664062499));
#4623=CARTESIAN_POINT('',(-0.009,0.032296015625,0.0336906640625));
#4624=CARTESIAN_POINT('',(-0.011953125,0.035005,0.033828359375));
#4625=CARTESIAN_POINT('',(-0.011953125078142,0.0348713502576404,0.0338283593749923));
#4626=CARTESIAN_POINT('',(-0.0119500490950478,0.0346642891946389,0.0338283593750035));
#4627=CARTESIAN_POINT('',(-0.0119195192950087,0.0343609867422512,0.033828359374999));
#4628=CARTESIAN_POINT('',(-0.0118625082966202,0.0340715541489278,0.0338283593750002));
#4629=CARTESIAN_POINT('',(-0.0118051079680087,0.0338817958054919,0.0338283593750002));
#4630=CARTESIAN_POINT('',(-0.0117058620754915,0.0336047607417421,0.033828359375));
#4631=CARTESIAN_POINT('',(-0.0116225689578026,0.0334318156145829,0.033828359375));
#4632=CARTESIAN_POINT('',(-0.011422819369321,0.0331114417078209,0.033828359375));
#4633=CARTESIAN_POINT('',(-0.0111897472236866,0.032815940823228,0.033828359375));
#4634=CARTESIAN_POINT('',(-0.0108974044205199,0.0325847078910563,0.033828359375));
#4635=CARTESIAN_POINT('',(-0.0105771785318005,0.0323847909664832,0.033828359375));
#4636=CARTESIAN_POINT('',(-0.0104030174801543,0.0323004965019641,0.033828359375));
#4637=CARTESIAN_POINT('',(-0.0101265449963828,0.0322009146191238,0.033828359375));
#4638=CARTESIAN_POINT('',(-0.00993741944970991,0.0321434649836226,0.033828359375));
#4639=CARTESIAN_POINT('',(-0.00964541701984407,0.0320856074791456,0.033828359375));
#4640=CARTESIAN_POINT('',(-0.00934125203283415,0.0320549734871036,0.0338283593750005));
#4641=CARTESIAN_POINT('',(-0.00913383025309597,0.0320518749217533,0.0338283593749989));
#4642=CARTESIAN_POINT('',(-0.009,0.032051875,0.033828359375));
#4643=CARTESIAN_POINT('',(-0.0120850694444445,0.035005,0.0338823958333333));
#4644=CARTESIAN_POINT('',(-0.0120850695226273,0.0348713501294645,0.0338823958333255));
#4645=CARTESIAN_POINT('',(-0.0120819656177423,0.0346567570403099,0.0338823958333369));
#4646=CARTESIAN_POINT('',(-0.0120502518735383,0.0343418323833531,0.0338823958333323));
#4647=CARTESIAN_POINT('',(-0.0119907870483135,0.0340397277769505,0.0338823958333336));
#4648=CARTESIAN_POINT('',(-0.0119308099282965,0.0338414413794522,0.0338823958333335));
#4649=CARTESIAN_POINT('',(-0.0118269934967279,0.0335516733050879,0.0338823958333333));
#4650=CARTESIAN_POINT('',(-0.0117397493367156,0.0333703553710522,0.0338823958333333));
#4651=CARTESIAN_POINT('',(-0.0115297081338774,0.0330335091085516,0.0338823958333333));
#4652=CARTESIAN_POINT('',(-0.0112839402629893,0.0327217942837435,0.0338823958333333));
#4653=CARTESIAN_POINT('',(-0.0109755380673448,0.0324779516899469,0.0338823958333333));
#4654=CARTESIAN_POINT('',(-0.0106388399500974,0.0322677287468883,0.0338823958333333));
#4655=CARTESIAN_POINT('',(-0.0104562391206619,0.032179430048203,0.0338823958333333));
#4656=CARTESIAN_POINT('',(-0.0101670502475344,0.0320752585877118,0.0338823958333333));
#4657=CARTESIAN_POINT('',(-0.00996942131415026,0.0320152291078753,0.0338823958333333));
#4658=CARTESIAN_POINT('',(-0.00966462817410482,0.0319548796594747,0.0338823958333333));
#4659=CARTESIAN_POINT('',(-0.00934880340666384,0.0319230576489282,0.0338823958333339));
#4660=CARTESIAN_POINT('',(-0.0091338303814438,0.0319199304772677,0.0338823958333322));
#4661=CARTESIAN_POINT('',(-0.009,0.0319199305555556,0.0338823958333333));
#4662=CARTESIAN_POINT('',(-0.0123524305555556,0.035005,0.0339605208333333));
#4663=CARTESIAN_POINT('',(-0.0123524306338213,0.0348713498697397,0.0339605208333257));
#4664=CARTESIAN_POINT('',(-0.0123492701505704,0.0346414945170644,0.0339605208333368));
#4665=CARTESIAN_POINT('',(-0.0123151573616113,0.0343030196034805,0.0339605208333323));
#4666=CARTESIAN_POINT('',(-0.0122507203083236,0.0339752374968914,0.0339605208333336));
#4667=CARTESIAN_POINT('',(-0.0121855217951954,0.0337596705687929,0.0339605208333335));
#4668=CARTESIAN_POINT('',(-0.0120724440081805,0.0334441013939727,0.0339605208333333));
#4669=CARTESIAN_POINT('',(-0.0119771937887235,0.0332458175091609,0.0339605208333333));
#4670=CARTESIAN_POINT('',(-0.0117462985252155,0.0328755930521375,0.0339605208333333));
#4671=CARTESIAN_POINT('',(-0.0114748051057869,0.0325310236642617,0.0339605208333333));
#4672=CARTESIAN_POINT('',(-0.0111338615095954,0.0322616299140147,0.0339605208333333));
#4673=CARTESIAN_POINT('',(-0.0107637854555936,0.0320305237229722,0.0339605208333333));
#4674=CARTESIAN_POINT('',(-0.0105640829711642,0.0319341111813713,0.0339605208333333));
#4675=CARTESIAN_POINT('',(-0.0102491266774995,0.031820639787219,0.0339605208333333));
#4676=CARTESIAN_POINT('',(-0.0100342671973583,0.0317553827280716,0.0339605208333333));
#4677=CARTESIAN_POINT('',(-0.00970355603931738,0.031689983814352,0.0339605208333333));
#4678=CARTESIAN_POINT('',(-0.00936410487468716,0.031655754503152,0.0339605208333339));
#4679=CARTESIAN_POINT('',(-0.00913383064151702,0.0316525693660731,0.0339605208333321));
#4680=CARTESIAN_POINT('',(-0.009,0.0316525694444445,0.0339605208333333));
#4681=CARTESIAN_POINT('',(-0.0124874131944444,0.035005,0.0339843923611111));
#4682=CARTESIAN_POINT('',(-0.0124874132727521,0.0348713497386124,0.0339843923611038));
#4683=CARTESIAN_POINT('',(-0.0124842242247743,0.0346337889249713,0.0339843923611145));
#4684=CARTESIAN_POINT('',(-0.0124489002297781,0.0342834241902655,0.0339843923611101));
#4685=CARTESIAN_POINT('',(-0.0123819528470625,0.0339426782808225,0.0339843923611113));
#4686=CARTESIAN_POINT('',(-0.0123141182085161,0.0337183869289958,0.0339843923611113));
#4687=CARTESIAN_POINT('',(-0.0121963646397743,0.0333897915492376,0.0339843923611111));
#4688=CARTESIAN_POINT('',(-0.0120970724000457,0.0331829420626541,0.0339843923611111));
#4689=CARTESIAN_POINT('',(-0.0118556485442189,0.0327958659522271,0.0339843923611111));
#4690=CARTESIAN_POINT('',(-0.0115711670637578,0.0324347092768285,0.0339843923611111));
#4691=CARTESIAN_POINT('',(-0.0112137942864459,0.0321524155109061,0.0339843923611111));
#4692=CARTESIAN_POINT('',(-0.0108268667091802,0.0319107659917418,0.0339843923611111));
#4693=CARTESIAN_POINT('',(-0.0106185301099729,0.0318102570132143,0.0339843923611111));
#4694=CARTESIAN_POINT('',(-0.0102905646153553,0.0316920903603468,0.0339843923611111));
#4695=CARTESIAN_POINT('',(-0.0100670059468351,0.0316241940525539,0.0339843923611111));
#4696=CARTESIAN_POINT('',(-0.00972320955568282,0.0315562458146228,0.0339843923611111));
#4697=CARTESIAN_POINT('',(-0.00937183012883529,0.0315208011292293,0.0339843923611117));
#4698=CARTESIAN_POINT('',(-0.00913383077282022,0.0315175867271421,0.0339843923611099));
#4699=CARTESIAN_POINT('',(-0.009,0.0315175868055556,0.0339843923611111));
#4700=CARTESIAN_POINT('',(-0.0126835394965278,0.035005,0.0340030284288194));
#4701=CARTESIAN_POINT('',(-0.0126835395748963,0.0348713495480879,0.0340030284288137));
#4702=CARTESIAN_POINT('',(-0.012680309023105,0.0346225928978746,0.0340030284288221));
#4703=CARTESIAN_POINT('',(-0.0126432251768933,0.0342549525589264,0.0340030284288187));
#4704=CARTESIAN_POINT('',(-0.0125726303500934,0.0338953705774106,0.0340030284288196));
#4705=CARTESIAN_POINT('',(-0.0125009654891247,0.0336584028623291,0.0340030284288196));
#4706=CARTESIAN_POINT('',(-0.0123764181298111,0.0333108807418753,0.0340030284288194));
#4707=CARTESIAN_POINT('',(-0.0122712529386026,0.0330915856562545,0.0340030284288194));
#4708=CARTESIAN_POINT('',(-0.0120145313089687,0.0326800245269151,0.0340030284288194));
#4709=CARTESIAN_POINT('',(-0.0117111785099253,0.0322947669494286,0.0340030284288194));
#4710=CARTESIAN_POINT('',(-0.0113299345550612,0.0319937297925629,0.0340030284288194));
#4711=CARTESIAN_POINT('',(-0.0109185221479726,0.0317367610888488,0.0340030284288194));
#4712=CARTESIAN_POINT('',(-0.0106976404020926,0.0316303000928416,0.0340030284288194));
#4713=CARTESIAN_POINT('',(-0.010350772873132,0.0315053113498392,0.0340030284288194));
#4714=CARTESIAN_POINT('',(-0.0101145745076706,0.0314335802816549,0.0340030284288195));
#4715=CARTESIAN_POINT('',(-0.00975176560940511,0.0313619279412221,0.0340030284288194));
#4716=CARTESIAN_POINT('',(-0.00938305472439216,0.031324717348389,0.0340030284288199));
#4717=CARTESIAN_POINT('',(-0.00913383096360042,0.0313214604249975,0.0340030284288185));
#4718=CARTESIAN_POINT('',(-0.009,0.0313214605034722,0.0340030284288194));
#4719=CARTESIAN_POINT('',(-0.0127479383680556,0.035005,0.0340064599609375));
#4720=CARTESIAN_POINT('',(-0.012747938446444,0.0348713494855284,0.0340064599609324));
#4721=CARTESIAN_POINT('',(-0.0127446942667062,0.0346189166366951,0.0340064599609398));
#4722=CARTESIAN_POINT('',(-0.0127070325661674,0.0342456037826056,0.0340064599609368));
#4723=CARTESIAN_POINT('',(-0.0126352400862201,0.0338798368999694,0.0340064599609377));
#4724=CARTESIAN_POINT('',(-0.0125623175560908,0.0336387068492908,0.0340064599609376));
#4725=CARTESIAN_POINT('',(-0.0124355394279227,0.0332849700563044,0.0340064599609375));
#4726=CARTESIAN_POINT('',(-0.0123284458291329,0.0330615884074589,0.0340064599609375));
#4727=CARTESIAN_POINT('',(-0.0120667011130512,0.0326419875222553,0.0340064599609375));
#4728=CARTESIAN_POINT('',(-0.0117571518395521,0.0322488163152311,0.0340064599609375));
#4729=CARTESIAN_POINT('',(-0.011368069686139,0.0319416246894721,0.0340064599609375));
#4730=CARTESIAN_POINT('',(-0.0109486175852746,0.0316796258690053,0.0340064599609375));
#4731=CARTESIAN_POINT('',(-0.0107236165892976,0.0315712105037732,0.0340064599609375));
#4732=CARTESIAN_POINT('',(-0.0103705425002361,0.0314439816996393,0.0340064599609375));
#4733=CARTESIAN_POINT('',(-0.0101301938387112,0.0313709914722339,0.0340064599609375));
#4734=CARTESIAN_POINT('',(-0.00976114210615985,0.031298122874631,0.0340064599609375));
#4735=CARTESIAN_POINT('',(-0.00938674036614209,0.0312603324388849,0.0340064599609379));
#4736=CARTESIAN_POINT('',(-0.00913383102624388,0.0312570615534496,0.0340064599609366));
#4737=CARTESIAN_POINT('',(-0.009,0.0312570616319444,0.0340064599609375));
#4738=CARTESIAN_POINT('',(-0.0128749254014757,0.035005,0.0340099491373698));
#4739=CARTESIAN_POINT('',(-0.0128749254799036,0.0348713493621685,0.0340099491373667));
#4740=CARTESIAN_POINT('',(-0.0128716544274511,0.0346116674801464,0.0340099491373712));
#4741=CARTESIAN_POINT('',(-0.012832853265847,0.0342271690904608,0.0340099491373694));
#4742=CARTESIAN_POINT('',(-0.0127586991541403,0.0338492063070791,0.0340099491373699));
#4743=CARTESIAN_POINT('',(-0.0126832966477021,0.0335998686180206,0.0340099491373699));
#4744=CARTESIAN_POINT('',(-0.0125521197045804,0.0332338772185499,0.0340099491373698));
#4745=CARTESIAN_POINT('',(-0.0124412235118604,0.0330024373455698,0.0340099491373698));
#4746=CARTESIAN_POINT('',(-0.0121695738575166,0.0325669830032731,0.0340099491373698));
#4747=CARTESIAN_POINT('',(-0.0118478058620101,0.0321582070455021,0.0340099491373698));
#4748=CARTESIAN_POINT('',(-0.0114432676989267,0.0318388795277856,0.0340099491373698));
#4749=CARTESIAN_POINT('',(-0.0110079622634,0.031566961906119,0.0340099491373698));
#4750=CARTESIAN_POINT('',(-0.0107748385886039,0.0314546927536356,0.0340099491373698));
#4751=CARTESIAN_POINT('',(-0.0104095258898235,0.031323046811266,0.0340099491373698));
#4752=CARTESIAN_POINT('',(-0.0101609933304693,0.0312475736693264,0.0340099491373698));
#4753=CARTESIAN_POINT('',(-0.00977963145975424,0.0311723067550104,0.0340099491373698));
#4754=CARTESIAN_POINT('',(-0.00939400802007715,0.0311333729369404,0.03400994913737));
#4755=CARTESIAN_POINT('',(-0.00913383114976945,0.0311300745199899,0.0340099491373693));
#4756=CARTESIAN_POINT('',(-0.009,0.0311300745985243,0.0340099491373698));
#4757=CARTESIAN_POINT('',(-0.0129375,0.035005,0.03401));
#4758=CARTESIAN_POINT('',(-0.0129375000784473,0.0348713493013813,0.0340099999999983));
#4759=CARTESIAN_POINT('',(-0.012934215784097,0.0346080953590529,0.0340100000000008));
#4760=CARTESIAN_POINT('',(-0.0128948531374595,0.0342180851436294,0.0340099999999998));
#4761=CARTESIAN_POINT('',(-0.0128195352993847,0.0338341126632553,0.03401));
#4762=CARTESIAN_POINT('',(-0.0127429107506819,0.0335807305480644,0.03401));
#4763=CARTESIAN_POINT('',(-0.0126095662312944,0.0332087005235453,0.03401));
#4764=CARTESIAN_POINT('',(-0.0124967962583772,0.0329732898503468,0.03401));
#4765=CARTESIAN_POINT('',(-0.0122202658101565,0.0325300235001143,0.03401));
#4766=CARTESIAN_POINT('',(-0.0118924768721687,0.0321135580878632,0.03401));
#4767=CARTESIAN_POINT('',(-0.0114803225488061,0.0317882504433059,0.03401));
#4768=CARTESIAN_POINT('',(-0.0110372051656731,0.0315114451966103,0.03401));
#4769=CARTESIAN_POINT('',(-0.0108000789297307,0.03139727703772,0.03401));
#4770=CARTESIAN_POINT('',(-0.0104287354885271,0.0312634544900367,0.03401));
#4771=CARTESIAN_POINT('',(-0.0101761702015214,0.0311867578579819,0.03401));
#4772=CARTESIAN_POINT('',(-0.00978874234176308,0.0311103091402847,0.03401));
#4773=CARTESIAN_POINT('',(-0.00939758925601087,0.0310708119049274,0.0340100000000001));
#4774=CARTESIAN_POINT('',(-0.00913383121063838,0.031067499921446,0.0340099999999997));
#4775=CARTESIAN_POINT('',(-0.009,0.0310675,0.03401));
#4776=CARTESIAN_POINT('',(-0.013,0.035005,0.03401));
#4777=CARTESIAN_POINT('',(-0.0130000000784667,0.0348713492406666,0.03401));
#4778=CARTESIAN_POINT('',(-0.0129967025580048,0.034604527496476,0.03401));
#4779=CARTESIAN_POINT('',(-0.0129567790957103,0.0342090120262566,0.03401));
#4780=CARTESIAN_POINT('',(-0.0128802989186078,0.0338190370133713,0.03401));
#4781=CARTESIAN_POINT('',(-0.0128024537845024,0.0335616152936246,0.03401));
#4782=CARTESIAN_POINT('',(-0.0126669442729326,0.0331835538430249,0.03401));
#4783=CARTESIAN_POINT('',(-0.0125523027536517,0.0329441771034112,0.03401));
#4784=CARTESIAN_POINT('',(-0.0122708973302096,0.0324931080583551,0.03401));
#4785=CARTESIAN_POINT('',(-0.0119370946276279,0.0320689623586336,0.03401));
#4786=CARTESIAN_POINT('',(-0.0115173332236179,0.0317376817164646,0.03401));
#4787=CARTESIAN_POINT('',(-0.011066413205919,0.031455994671539,0.03401));
#4788=CARTESIAN_POINT('',(-0.0108252891804975,0.0313399297701489,0.03401));
#4789=CARTESIAN_POINT('',(-0.010447922186441,0.0312039332119994,0.03401));
#4790=CARTESIAN_POINT('',(-0.0101913289794142,0.0311260145484174,0.03401));
#4791=CARTESIAN_POINT('',(-0.00979784236220238,0.03104838543623,0.03401));
#4792=CARTESIAN_POINT('',(-0.00940116622256177,0.0310083254552655,0.03401));
#4793=CARTESIAN_POINT('',(-0.00913383127143473,0.0310049999214266,0.03401));
#4794=CARTESIAN_POINT('',(-0.009,0.031005,0.03401));
#4795=CARTESIAN_POINT('',(-0.009,0.033005,0.03201));
#4796=CARTESIAN_POINT('',(-0.009,0.033005,0.03226));
#4797=CARTESIAN_POINT('',(-0.009,0.0329789583333333,0.0327964583333334));
#4798=CARTESIAN_POINT('',(-0.009,0.0325648958333333,0.0335698958333334));
#4799=CARTESIAN_POINT('',(-0.009,0.0317914583333333,0.0339839583333333));
#4800=CARTESIAN_POINT('',(-0.009,0.031255,0.03401));
#4801=CARTESIAN_POINT('',(-0.009,0.031005,0.03401));
#4802=CARTESIAN_POINT('',(-0.009,0.08145,0.03201));
#4803=CARTESIAN_POINT('',(-0.00913364881644356,0.08145,0.03201));
#4804=CARTESIAN_POINT('',(-0.00928630090107024,0.0814471258290664,0.03201));
#4805=CARTESIAN_POINT('',(-0.00950564821781127,0.0814251484220547,0.03201));
#4806=CARTESIAN_POINT('',(-0.00970354219034309,0.0813858631058687,0.03201));
#4807=CARTESIAN_POINT('',(-0.0098316965642987,0.0813470767030617,0.03201));
#4808=CARTESIAN_POINT('',(-0.0100167523803249,0.0812808469388761,0.03201));
#4809=CARTESIAN_POINT('',(-0.0101292149946879,0.0812260949042798,0.03201));
#4810=CARTESIAN_POINT('',(-0.0103305978053129,0.0811006886890975,0.03201));
#4811=CARTESIAN_POINT('',(-0.0105089743057483,0.0809593264526608,0.03201));
#4812=CARTESIAN_POINT('',(-0.0106491190252002,0.0807829916296005,0.03201));
#4813=CARTESIAN_POINT('',(-0.0107745885255932,0.08058175591809,0.03201));
#4814=CARTESIAN_POINT('',(-0.0108299576659433,0.0804685611559651,0.03201));
#4815=CARTESIAN_POINT('',(-0.0108963858916246,0.0802839478531936,0.03201));
#4816=CARTESIAN_POINT('',(-0.0109351995479235,0.0801562480868458,0.03201));
#4817=CARTESIAN_POINT('',(-0.0109750560243793,0.0799566417081435,0.0320099999999996));
#4818=CARTESIAN_POINT('',(-0.0109971081917129,0.0797367032929364,0.0320100000000013));
#4819=CARTESIAN_POINT('',(-0.011,0.0795838293259444,0.0320099999999972));
#4820=CARTESIAN_POINT('',(-0.011,0.07945,0.03201));
#4821=CARTESIAN_POINT('',(-0.009,0.08145,0.0320725));
#4822=CARTESIAN_POINT('',(-0.00913364881644356,0.0814500000162185,0.0320725));
#4823=CARTESIAN_POINT('',(-0.00928630090107022,0.0814471258215425,0.0320725));
#4824=CARTESIAN_POINT('',(-0.00950564821781132,0.0814251484240608,0.0320725));
#4825=CARTESIAN_POINT('',(-0.0097035421903429,0.0813858631053684,0.0320725));
#4826=CARTESIAN_POINT('',(-0.00983169656429912,0.0813470767028917,0.0320725));
#4827=CARTESIAN_POINT('',(-0.0100167523803241,0.0812808469392161,0.0320725));
#4828=CARTESIAN_POINT('',(-0.0101292149946797,0.0812260949044018,0.0320725));
#4829=CARTESIAN_POINT('',(-0.0103305978053211,0.0811006886889755,0.0320725));
#4830=CARTESIAN_POINT('',(-0.0105089743058053,0.0809593264527177,0.0320725));
#4831=CARTESIAN_POINT('',(-0.010649119025078,0.0807829916296086,0.0320725));
#4832=CARTESIAN_POINT('',(-0.0107745885257153,0.0805817559180819,0.0320725));
#4833=CARTESIAN_POINT('',(-0.0108299576662837,0.0804685611559643,0.0320725));
#4834=CARTESIAN_POINT('',(-0.0108963858914544,0.0802839478531941,0.0320725));
#4835=CARTESIAN_POINT('',(-0.0109351995474225,0.0801562480868457,0.0320725));
#4836=CARTESIAN_POINT('',(-0.010975056026388,0.0799566417081436,0.0320724999999996));
#4837=CARTESIAN_POINT('',(-0.0109971081841789,0.0797367032929364,0.0320725000000013));
#4838=CARTESIAN_POINT('',(-0.01100000001624,0.0795838293259444,0.0320724999999972));
#4839=CARTESIAN_POINT('',(-0.011,0.07945,0.0320725));
#4840=CARTESIAN_POINT('',(-0.009,0.0814500508626302,0.0321350745985243));
#4841=CARTESIAN_POINT('',(-0.00913364881649297,0.0814500508910426,0.0321350745985243));
#4842=CARTESIAN_POINT('',(-0.00928630380460421,0.0814471766677523,0.0321350745985243));
#4843=CARTESIAN_POINT('',(-0.00950565560153318,0.0814251988210429,0.0321350745985243));
#4844=CARTESIAN_POINT('',(-0.00970355445893803,0.0813859125545521,0.0321350745985243));
#4845=CARTESIAN_POINT('',(-0.00983171212033331,0.0813471251590089,0.0321350745985243));
#4846=CARTESIAN_POINT('',(-0.0100167728447445,0.0812808936338415,0.0321350745985243));
#4847=CARTESIAN_POINT('',(-0.0101292386866877,0.081226140075795,0.0321350745985243));
#4848=CARTESIAN_POINT('',(-0.0103306278471907,0.0811007298929203,0.0321350745985243));
#4849=CARTESIAN_POINT('',(-0.0105090105979455,0.0809593627627828,0.0321350745985243));
#4850=CARTESIAN_POINT('',(-0.0106491601779214,0.080783021748979,0.0321350745985243));
#4851=CARTESIAN_POINT('',(-0.01077463365156,0.0805817796876397,0.0321350745985243));
#4852=CARTESIAN_POINT('',(-0.0108300043358655,0.0804685816721183,0.0321350745985243));
#4853=CARTESIAN_POINT('',(-0.0108964343298665,0.0802839634673691,0.0321350745985243));
#4854=CARTESIAN_POINT('',(-0.0109352489800777,0.0801562604230905,0.0321350745985243));
#4855=CARTESIAN_POINT('',(-0.0109751064215376,0.0799566491137593,0.0321350745985239));
#4856=CARTESIAN_POINT('',(-0.0109971590301174,0.0797367062038792,0.0321350745985256));
#4857=CARTESIAN_POINT('',(-0.0110000508910804,0.0795838293259939,0.0321350745985215));
#4858=CARTESIAN_POINT('',(-0.0110000508626302,0.07945,0.0321350745985243));
#4859=CARTESIAN_POINT('',(-0.009,0.0814535400390625,0.0322620616319444));
#4860=CARTESIAN_POINT('',(-0.00913364881988252,0.0814535400864899,0.0322620616319444));
#4861=CARTESIAN_POINT('',(-0.00928650298703645,0.0814506650969931,0.0322620616319445));
#4862=CARTESIAN_POINT('',(-0.00950616212485012,0.0814286559528999,0.0322620616319444));
#4863=CARTESIAN_POINT('',(-0.00970439608457424,0.0813893047937757,0.0322620616319444));
#4864=CARTESIAN_POINT('',(-0.00983277926425842,0.0813504492572146,0.0322620616319444));
#4865=CARTESIAN_POINT('',(-0.0100181767040238,0.0812840968680099,0.0322620616319444));
#4866=CARTESIAN_POINT('',(-0.0101308639588459,0.0812292388272204,0.0322620616319444));
#4867=CARTESIAN_POINT('',(-0.0103326887190302,0.0811035564896813,0.0322620616319444));
#4868=CARTESIAN_POINT('',(-0.0105115002358909,0.0809618536303826,0.0322620616319444));
#4869=CARTESIAN_POINT('',(-0.0106519832691367,0.0807850879373773,0.0322620616319444));
#4870=CARTESIAN_POINT('',(-0.010777729278347,0.0805834102797207,0.0322620616319444));
#4871=CARTESIAN_POINT('',(-0.010833205852016,0.0804699890803226,0.0322620616319445));
#4872=CARTESIAN_POINT('',(-0.0108997572135157,0.0802850345997564,0.0322620616319444));
#4873=CARTESIAN_POINT('',(-0.0109386400854768,0.0801571066894994,0.0322620616319444));
#4874=CARTESIAN_POINT('',(-0.0109785634275532,0.0799571571389889,0.0322620616319441));
#4875=CARTESIAN_POINT('',(-0.0110006474412449,0.0797369058945574,0.0322620616319458));
#4876=CARTESIAN_POINT('',(-0.011003540086553,0.079583829329388,0.0322620616319416));
#4877=CARTESIAN_POINT('',(-0.0110035400390625,0.07945,0.0322620616319444));
#4878=CARTESIAN_POINT('',(-0.009,0.0814569715711805,0.0323264605034722));
#4879=CARTESIAN_POINT('',(-0.00913364882321607,0.0814569716254259,0.0323264605034722));
#4880=CARTESIAN_POINT('',(-0.00928669887879684,0.0814540958997766,0.0323264605034722));
#4881=CARTESIAN_POINT('',(-0.00950666027994896,0.081432055968378,0.0323264605034722));
#4882=CARTESIAN_POINT('',(-0.0097052238058026,0.081392640990541,0.0323264605034722));
#4883=CARTESIAN_POINT('',(-0.00983382877801147,0.0813537184384706,0.0323264605034722));
#4884=CARTESIAN_POINT('',(-0.0100195573702934,0.0812872471816368,0.0323264605034722));
#4885=CARTESIAN_POINT('',(-0.0101324623800609,0.0812322863844124,0.0323264605034722));
#4886=CARTESIAN_POINT('',(-0.0103347155434184,0.081106336388626,0.0323264605034722));
#4887=CARTESIAN_POINT('',(-0.0105139487427497,0.0809643033465808,0.0323264605034722));
#4888=CARTESIAN_POINT('',(-0.0106547597204506,0.08078711999049,0.0323264605034722));
#4889=CARTESIAN_POINT('',(-0.0107807737625223,0.0805850139329686,0.0323264605034722));
#4890=CARTESIAN_POINT('',(-0.0108363544760079,0.0804713732368856,0.0323264605034722));
#4891=CARTESIAN_POINT('',(-0.0109030252002809,0.0802860880360787,0.0323264605034722));
#4892=CARTESIAN_POINT('',(-0.0109419751671499,0.0801579389748307,0.0323264605034722));
#4893=CARTESIAN_POINT('',(-0.0109819633192668,0.0799576567711875,0.0323264605034719));
#4894=CARTESIAN_POINT('',(-0.0110040782262216,0.0797371022861671,0.0323264605034735));
#4895=CARTESIAN_POINT('',(-0.0110069716254981,0.079583829332726,0.0323264605034694));
#4896=CARTESIAN_POINT('',(-0.0110069715711806,0.07945,0.0323264605034722));
#4897=CARTESIAN_POINT('',(-0.009,0.0814756076388889,0.0325225868055556));
#4898=CARTESIAN_POINT('',(-0.00913364884132002,0.0814756077085348,0.0325225868055556));
#4899=CARTESIAN_POINT('',(-0.00928776273365365,0.0814727280166256,0.0325225868055556));
#4900=CARTESIAN_POINT('',(-0.009509365675624,0.081450520871896,0.0325225868055555));
#4901=CARTESIAN_POINT('',(-0.00970971901911416,0.0814107593088189,0.0325225868055556));
#4902=CARTESIAN_POINT('',(-0.00983952850882791,0.0813714728064666,0.0325225868055556));
#4903=CARTESIAN_POINT('',(-0.0100270555341457,0.0813043559990626,0.0325225868055556));
#4904=CARTESIAN_POINT('',(-0.0101411431340223,0.0812488371493953,0.0325225868055555));
#4905=CARTESIAN_POINT('',(-0.0103457228821799,0.0811214335474844,0.0325225868055556));
#4906=CARTESIAN_POINT('',(-0.0105272461672745,0.0809776073388225,0.0325225868055556));
#4907=CARTESIAN_POINT('',(-0.010669838155812,0.0807981557255653,0.0325225868055555));
#4908=CARTESIAN_POINT('',(-0.0107973078384733,0.0805937231012113,0.0325225868055556));
#4909=CARTESIAN_POINT('',(-0.0108534541173125,0.0804788903559286,0.0325225868055556));
#4910=CARTESIAN_POINT('',(-0.0109207730812007,0.0802918090697018,0.0325225868055556));
#4911=CARTESIAN_POINT('',(-0.0109600874295523,0.0801624589750095,0.0325225868055555));
#4912=CARTESIAN_POINT('',(-0.0110004275506378,0.0799603701887404,0.0325225868055552));
#4913=CARTESIAN_POINT('',(-0.0110227102463783,0.0797381688556204,0.0325225868055569));
#4914=CARTESIAN_POINT('',(-0.0110256077086276,0.0795838293508541,0.0325225868055527));
#4915=CARTESIAN_POINT('',(-0.0110256076388889,0.07945,0.0325225868055556));
#4916=CARTESIAN_POINT('',(-0.009,0.0814994791666667,0.0326575694444445));
#4917=CARTESIAN_POINT('',(-0.00913364886450993,0.0814994792400703,0.0326575694444445));
#4918=CARTESIAN_POINT('',(-0.00928912545894334,0.0814965944910311,0.0326575694444445));
#4919=CARTESIAN_POINT('',(-0.00951283110239838,0.0814741731480807,0.0326575694444444));
#4920=CARTESIAN_POINT('',(-0.00971547707983369,0.0814339676354898,0.0326575694444444));
#4921=CARTESIAN_POINT('',(-0.00984682947406544,0.0813942149374004,0.0326575694444444));
#4922=CARTESIAN_POINT('',(-0.0100366601690665,0.0813262712233781,0.0326575694444444));
#4923=CARTESIAN_POINT('',(-0.010152262585975,0.0812700375469242,0.0326575694444444));
#4924=CARTESIAN_POINT('',(-0.0103598225300759,0.0811407719752542,0.0326575694444444));
#4925=CARTESIAN_POINT('',(-0.0105442792583129,0.0809946488426569,0.0326575694444444));
#4926=CARTESIAN_POINT('',(-0.0106891526000635,0.0808122917471967,0.0326575694444444));
#4927=CARTESIAN_POINT('',(-0.010818486858494,0.0806048789499144,0.0326575694444444));
#4928=CARTESIAN_POINT('',(-0.0108753575876441,0.0804885192711518,0.0326575694444445));
#4929=CARTESIAN_POINT('',(-0.0109435069026339,0.0802991373223774,0.0326575694444444));
#4930=CARTESIAN_POINT('',(-0.0109832879990618,0.0801682487860101,0.0326575694444444));
#4931=CARTESIAN_POINT('',(-0.0110240789658454,0.0799638458909916,0.0326575694444441));
#4932=CARTESIAN_POINT('',(-0.0110465765969375,0.0797395350581225,0.0326575694444458));
#4933=CARTESIAN_POINT('',(-0.0110494792401684,0.0795838293740751,0.0326575694444415));
#4934=CARTESIAN_POINT('',(-0.0110494791666667,0.07945,0.0326575694444445));
#4935=CARTESIAN_POINT('',(-0.009,0.0815776041666667,0.0329249305555556));
#4936=CARTESIAN_POINT('',(-0.0091336489404042,0.0815776042441489,0.0329249305555556));
#4937=CARTESIAN_POINT('',(-0.00929358528716412,0.0815747029565351,0.0329249305555556));
#4938=CARTESIAN_POINT('',(-0.0095241724991145,0.0815515805963957,0.0329249305555556));
#4939=CARTESIAN_POINT('',(-0.00973432164218857,0.0815099221593937,0.0329249305555556));
#4940=CARTESIAN_POINT('',(-0.00987072354211534,0.0814686437296336,0.0329249305555556));
#4941=CARTESIAN_POINT('',(-0.0100680935197169,0.0813979937755109,0.0329249305555556));
#4942=CARTESIAN_POINT('',(-0.0101886535196425,0.0813394206660479,0.0329249305555555));
#4943=CARTESIAN_POINT('',(-0.0104059668322769,0.08120406137529,0.0329249305555556));
#4944=CARTESIAN_POINT('',(-0.010600023919864,0.0810504210369951,0.0329249305555555));
#4945=CARTESIAN_POINT('',(-0.0107523635085845,0.0808585550907135,0.0329249305555555));
#4946=CARTESIAN_POINT('',(-0.0108878000148637,0.0806413890002197,0.0329249305555555));
#4947=CARTESIAN_POINT('',(-0.010947041672193,0.08052003208461,0.0329249305555556));
#4948=CARTESIAN_POINT('',(-0.011017908500138,0.0803231206947699,0.0329249305555556));
#4949=CARTESIAN_POINT('',(-0.0110592171358922,0.0801871972583761,0.0329249305555556));
#4950=CARTESIAN_POINT('',(-0.0111014835964159,0.0799752209165407,0.0329249305555552));
#4951=CARTESIAN_POINT('',(-0.0111246846571314,0.079744006266311,0.032924930555557));
#4952=CARTESIAN_POINT('',(-0.0111276042442529,0.0795838294500708,0.0329249305555525));
#4953=CARTESIAN_POINT('',(-0.0111276041666667,0.07945,0.0329249305555556));
#4954=CARTESIAN_POINT('',(-0.009,0.081631640625,0.033056875));
#4955=CARTESIAN_POINT('',(-0.00913364899289772,0.0816316407027016,0.033056875));
#4956=CARTESIAN_POINT('',(-0.00929667000168349,0.0816287279797157,0.033056875));
#4957=CARTESIAN_POINT('',(-0.00953201696517648,0.0816051207478252,0.033056875));
#4958=CARTESIAN_POINT('',(-0.00974735579781739,0.0815624573718407,0.033056875));
#4959=CARTESIAN_POINT('',(-0.00988725027251645,0.0815201236442888,0.033056875));
#4960=CARTESIAN_POINT('',(-0.0100898349205835,0.0814476018740149,0.033056875));
#4961=CARTESIAN_POINT('',(-0.0102138239154304,0.0813874106567556,0.033056875));
#4962=CARTESIAN_POINT('',(-0.0104378833079645,0.0812478365436677,0.033056875));
#4963=CARTESIAN_POINT('',(-0.0106385806440944,0.0810889968047365,0.033056875));
#4964=CARTESIAN_POINT('',(-0.0107960843869979,0.0808905539033114,0.033056875));
#4965=CARTESIAN_POINT('',(-0.0109357416146664,0.0806666417850155,0.033056875));
#4966=CARTESIAN_POINT('',(-0.0109966231639514,0.0805418284472521,0.033056875));
#4967=CARTESIAN_POINT('',(-0.0110693696051056,0.080339709194008,0.033056875));
#4968=CARTESIAN_POINT('',(-0.0111117347889469,0.0802003032850959,0.033056875));
#4969=CARTESIAN_POINT('',(-0.0111550217989049,0.0799830886425456,0.0330568749999996));
#4970=CARTESIAN_POINT('',(-0.0111787093999742,0.0797470988519747,0.0330568750000015));
#4971=CARTESIAN_POINT('',(-0.0111816407028061,0.0795838295026344,0.0330568749999968));
#4972=CARTESIAN_POINT('',(-0.011181640625,0.07945,0.033056875));
#4973=CARTESIAN_POINT('',(-0.009,0.0817693359375,0.033301015625));
#4974=CARTESIAN_POINT('',(-0.00913364912666135,0.0817693360154975,0.033301015625));
#4975=CARTESIAN_POINT('',(-0.00930453044892264,0.081766394153364,0.033301015625));
#4976=CARTESIAN_POINT('',(-0.00955200617688863,0.0817415513746279,0.033301015625));
#4977=CARTESIAN_POINT('',(-0.00978056933896796,0.0816963272204339,0.033301015625));
#4978=CARTESIAN_POINT('',(-0.00992936356745422,0.0816513043906719,0.033301015625));
#4979=CARTESIAN_POINT('',(-0.0101452362011051,0.0815740128720045,0.033301015625));
#4980=CARTESIAN_POINT('',(-0.0102779629360229,0.0815096984041593,0.033301015625));
#4981=CARTESIAN_POINT('',(-0.0105192126405903,0.0813593841112827,0.033301015625));
#4982=CARTESIAN_POINT('',(-0.0107368306100541,0.0811872952972334,0.033301015625));
#4983=CARTESIAN_POINT('',(-0.0109074936133182,0.0809720930462564,0.033301015625));
#4984=CARTESIAN_POINT('',(-0.0110579060527161,0.0807309907486821,0.033301015625));
#4985=CARTESIAN_POINT('',(-0.0111229663628242,0.0805973697809726,0.033301015625));
#4986=CARTESIAN_POINT('',(-0.0112005024207788,0.0803819798878496,0.033301015625));
#4987=CARTESIAN_POINT('',(-0.0112455598928233,0.080233699967641,0.033301015625));
#4988=CARTESIAN_POINT('',(-0.0112914474594317,0.080003137125076,0.0333010156249996));
#4989=CARTESIAN_POINT('',(-0.0113163748592681,0.079754979356407,0.0333010156250016));
#4990=CARTESIAN_POINT('',(-0.0113193360156027,0.0795838296365767,0.0333010156249966));
#4991=CARTESIAN_POINT('',(-0.0113193359375,0.07945,0.033301015625));
#4992=CARTESIAN_POINT('',(-0.009,0.0818527777777778,0.0334127777777778));
#4993=CARTESIAN_POINT('',(-0.00913364920772063,0.0818527778557504,0.0334127777777778));
#4994=CARTESIAN_POINT('',(-0.00930929379323068,0.0818498183359139,0.0334127777777778));
#4995=CARTESIAN_POINT('',(-0.00956411941865902,0.0818242268293002,0.0334127777777778));
#4996=CARTESIAN_POINT('',(-0.00980069637848316,0.0817774508717942,0.0334127777777778));
#4997=CARTESIAN_POINT('',(-0.00995488375957962,0.0817307984757558,0.0334127777777778));
#4998=CARTESIAN_POINT('',(-0.0101788087658972,0.0816506165421768,0.0334127777777778));
#4999=CARTESIAN_POINT('',(-0.0103168304749005,0.0815838034299682,0.0334127777777778));
#5000=CARTESIAN_POINT('',(-0.0105684973189111,0.0814269807066316,0.0334127777777778));
#5001=CARTESIAN_POINT('',(-0.010796369005501,0.0812468630992265,0.0334127777777778));
#5002=CARTESIAN_POINT('',(-0.0109750063753689,0.0810215048673158,0.0334127777777778));
#5003=CARTESIAN_POINT('',(-0.0111319363544168,0.0807699855107465,0.0334127777777778));
#5004=CARTESIAN_POINT('',(-0.0111995289474797,0.0806310272164581,0.0334127777777778));
#5005=CARTESIAN_POINT('',(-0.0112799674603812,0.0804075954619742,0.0334127777777778));
#5006=CARTESIAN_POINT('',(-0.0113266564293789,0.0802539379888207,0.0334127777777778));
#5007=CARTESIAN_POINT('',(-0.0113741199045956,0.0800152862843084,0.0334127777777773));
#5008=CARTESIAN_POINT('',(-0.0113997986089272,0.0797597548551528,0.0334127777777794));
#5009=CARTESIAN_POINT('',(-0.0114027778558556,0.0795838297177441,0.0334127777777743));
#5010=CARTESIAN_POINT('',(-0.0114027777777778,0.07945,0.0334127777777778));
#5011=CARTESIAN_POINT('',(-0.009,0.0820472222222222,0.0336072222222222));
#5012=CARTESIAN_POINT('',(-0.009133649396613,0.0820472223002549,0.0336072222222222));
#5013=CARTESIAN_POINT('',(-0.00932039381013576,0.0820442216325163,0.0336072222222222));
#5014=CARTESIAN_POINT('',(-0.00959234689493023,0.0820168853660806,0.0336072222222222));
#5015=CARTESIAN_POINT('',(-0.00984759840034432,0.0819664932427106,0.0336072222222222));
#5016=CARTESIAN_POINT('',(-0.0100143534400591,0.0819160434698641,0.0336072222222222));
#5017=CARTESIAN_POINT('',(-0.0102570428830719,0.0818291260050514,0.0336072222222222));
#5018=CARTESIAN_POINT('',(-0.0104074034653669,0.0817564903041558,0.0336072222222222));
#5019=CARTESIAN_POINT('',(-0.0106833453599395,0.0815845009912411,0.0336072222222222));
#5020=CARTESIAN_POINT('',(-0.010935111274215,0.0813856738939884,0.0336072222222222));
#5021=CARTESIAN_POINT('',(-0.0111323313033196,0.0811366491889526,0.0336072222222222));
#5022=CARTESIAN_POINT('',(-0.011304449099083,0.0808608549692893,0.0336072222222222));
#5023=CARTESIAN_POINT('',(-0.0113779426688119,0.0807094591077324,0.0336072222222222));
#5024=CARTESIAN_POINT('',(-0.0114651447698305,0.0804672874110397,0.0336072222222222));
#5025=CARTESIAN_POINT('',(-0.0115156356146906,0.0803010986311539,0.0336072222222222));
#5026=CARTESIAN_POINT('',(-0.0115667714283212,0.0800435974590085,0.0336072222222218));
#5027=CARTESIAN_POINT('',(-0.0115942008967646,0.0797708831955333,0.033607222222224));
#5028=CARTESIAN_POINT('',(-0.0115972223003604,0.0795838299068884,0.0336072222222185));
#5029=CARTESIAN_POINT('',(-0.0115972222222222,0.07945,0.0336072222222222));
#5030=CARTESIAN_POINT('',(-0.009,0.082158984375,0.0336906640625));
#5031=CARTESIAN_POINT('',(-0.00913364950518395,0.0821589844530672,0.0336906640625));
#5032=CARTESIAN_POINT('',(-0.00932677384217383,0.0821559601344697,0.0336906640625));
#5033=CARTESIAN_POINT('',(-0.00960857139301022,0.0821276210205916,0.0336906640625));
#5034=CARTESIAN_POINT('',(-0.00987455659371318,0.0820751504090298,0.0336906640625));
#5035=CARTESIAN_POINT('',(-0.0100485352318526,0.0820225179921473,0.0336906640625));
#5036=CARTESIAN_POINT('',(-0.0103020100374748,0.081931729100342,0.0336906640625));
#5037=CARTESIAN_POINT('',(-0.0104594627176997,0.0818557467106364,0.0336906640625));
#5038=CARTESIAN_POINT('',(-0.0107493573478074,0.0816750399941138,0.0336906640625));
#5039=CARTESIAN_POINT('',(-0.0110148571094692,0.0814654591164241,0.0336906640625));
#5040=CARTESIAN_POINT('',(-0.0112227580197198,0.0812028314720363,0.0336906640625));
#5041=CARTESIAN_POINT('',(-0.011403605419957,0.0809130846245901,0.0336906640625));
#5042=CARTESIAN_POINT('',(-0.0114804907340865,0.0807545399380966,0.0336906640625));
#5043=CARTESIAN_POINT('',(-0.011571580388543,0.0805015969576566,0.0336906640625));
#5044=CARTESIAN_POINT('',(-0.011624256463391,0.0803282054735663,0.0336906640625));
#5045=CARTESIAN_POINT('',(-0.0116775030518912,0.0800598700650024,0.0336906640624995));
#5046=CARTESIAN_POINT('',(-0.0117059388189033,0.0797772795072476,0.0336906640625018));
#5047=CARTESIAN_POINT('',(-0.0117089844531728,0.0795838300156042,0.0336906640624961));
#5048=CARTESIAN_POINT('',(-0.011708984375,0.07945,0.0336906640625));
#5049=CARTESIAN_POINT('',(-0.009,0.082403125,0.033828359375));
#5050=CARTESIAN_POINT('',(-0.00913364974235354,0.0824031250781423,0.033828359375));
#5051=CARTESIAN_POINT('',(-0.00934071080536378,0.0824000490950477,0.033828359375));
#5052=CARTESIAN_POINT('',(-0.00964401325774807,0.0823695192950088,0.033828359375));
#5053=CARTESIAN_POINT('',(-0.00993344585107234,0.0823125082966202,0.033828359375));
#5054=CARTESIAN_POINT('',(-0.0101232041945082,0.0822551079680087,0.033828359375));
#5055=CARTESIAN_POINT('',(-0.0104002392582578,0.0821558620754916,0.033828359375));
#5056=CARTESIAN_POINT('',(-0.010573184385417,0.0820725689578027,0.033828359375));
#5057=CARTESIAN_POINT('',(-0.0108935582921791,0.081872819369321,0.033828359375));
#5058=CARTESIAN_POINT('',(-0.011189059176772,0.0816397472236865,0.033828359375));
#5059=CARTESIAN_POINT('',(-0.0114202921089436,0.0813474044205199,0.033828359375));
#5060=CARTESIAN_POINT('',(-0.0116202090335168,0.0810271785318005,0.033828359375));
#5061=CARTESIAN_POINT('',(-0.0117045034980359,0.0808530174801542,0.033828359375));
#5062=CARTESIAN_POINT('',(-0.0118040853808762,0.0805765449963829,0.033828359375));
#5063=CARTESIAN_POINT('',(-0.0118615350163773,0.0803874194497101,0.033828359375));
#5064=CARTESIAN_POINT('',(-0.0119193925208546,0.0800954170198434,0.0338283593749995));
#5065=CARTESIAN_POINT('',(-0.0119500265128956,0.0797912520328371,0.0338283593750019));
#5066=CARTESIAN_POINT('',(-0.0119531250782486,0.0795838302530898,0.033828359374996));
#5067=CARTESIAN_POINT('',(-0.011953125,0.07945,0.033828359375));
#5068=CARTESIAN_POINT('',(-0.009,0.0825350694444444,0.0338823958333333));
#5069=CARTESIAN_POINT('',(-0.00913364987053053,0.0825350695226274,0.0338823958333333));
#5070=CARTESIAN_POINT('',(-0.0093482429596922,0.0825319656177422,0.0338823958333333));
#5071=CARTESIAN_POINT('',(-0.0096631676166464,0.0825002518735384,0.0338823958333333));
#5072=CARTESIAN_POINT('',(-0.00996527222304955,0.0824407870483135,0.0338823958333333));
#5073=CARTESIAN_POINT('',(-0.0101635586205478,0.0823808099282965,0.0338823958333333));
#5074=CARTESIAN_POINT('',(-0.010453326694912,0.0822769934967279,0.0338823958333333));
#5075=CARTESIAN_POINT('',(-0.0106346446289478,0.0821897493367156,0.0338823958333333));
#5076=CARTESIAN_POINT('',(-0.0109714908914484,0.0819797081338774,0.0338823958333333));
#5077=CARTESIAN_POINT('',(-0.0112832057162566,0.0817339402629892,0.0338823958333333));
#5078=CARTESIAN_POINT('',(-0.011527048310053,0.0814255380673448,0.0338823958333333));
#5079=CARTESIAN_POINT('',(-0.0117372712531117,0.0810888399500974,0.0338823958333333));
#5080=CARTESIAN_POINT('',(-0.011825569951797,0.0809062391206618,0.0338823958333333));
#5081=CARTESIAN_POINT('',(-0.0119297414122882,0.0806170502475345,0.0338823958333333));
#5082=CARTESIAN_POINT('',(-0.0119897708921246,0.0804194213141504,0.0338823958333333));
#5083=CARTESIAN_POINT('',(-0.0120501203405256,0.0801146281741041,0.0338823958333329));
#5084=CARTESIAN_POINT('',(-0.012081942351071,0.0797988034066668,0.0338823958333352));
#5085=CARTESIAN_POINT('',(-0.012085069522734,0.0795838303814375,0.0338823958333293));
#5086=CARTESIAN_POINT('',(-0.0120850694444444,0.07945,0.0338823958333333));
#5087=CARTESIAN_POINT('',(-0.009,0.0828024305555556,0.0339605208333333));
#5088=CARTESIAN_POINT('',(-0.0091336501302576,0.0828024306338211,0.0339605208333333));
#5089=CARTESIAN_POINT('',(-0.00936350548293666,0.0827992701505706,0.0339605208333333));
#5090=CARTESIAN_POINT('',(-0.00970198039651931,0.0827651573616113,0.0339605208333333));
#5091=CARTESIAN_POINT('',(-0.0100297625031087,0.0827007203083236,0.0339605208333333));
#5092=CARTESIAN_POINT('',(-0.0102453294312071,0.0826355217951954,0.0339605208333333));
#5093=CARTESIAN_POINT('',(-0.0105608986060273,0.0825224440081806,0.0339605208333333));
#5094=CARTESIAN_POINT('',(-0.0107591824908391,0.0824271937887235,0.0339605208333333));
#5095=CARTESIAN_POINT('',(-0.0111294069478625,0.0821962985252155,0.0339605208333333));
#5096=CARTESIAN_POINT('',(-0.0114739763357384,0.0819248051057868,0.0339605208333333));
#5097=CARTESIAN_POINT('',(-0.0117433700859853,0.0815838615095954,0.0339605208333333));
#5098=CARTESIAN_POINT('',(-0.0119744762770278,0.0812137854555937,0.0339605208333333));
#5099=CARTESIAN_POINT('',(-0.0120708888186288,0.081014082971164,0.0339605208333334));
#5100=CARTESIAN_POINT('',(-0.012184360212781,0.0806991266774996,0.0339605208333333));
#5101=CARTESIAN_POINT('',(-0.0122496172719283,0.0804842671973585,0.0339605208333333));
#5102=CARTESIAN_POINT('',(-0.0123150161856482,0.0801535560393166,0.0339605208333329));
#5103=CARTESIAN_POINT('',(-0.0123492454968474,0.0798141048746903,0.0339605208333352));
#5104=CARTESIAN_POINT('',(-0.0123524306339282,0.0795838306415104,0.0339605208333294));
#5105=CARTESIAN_POINT('',(-0.0123524305555556,0.07945,0.0339605208333333));
#5106=CARTESIAN_POINT('',(-0.009,0.0829374131944444,0.0339843923611111));
#5107=CARTESIAN_POINT('',(-0.00913365026138604,0.0829374132727518,0.0339843923611111));
#5108=CARTESIAN_POINT('',(-0.00937121107502923,0.0829342242247744,0.0339843923611111));
#5109=CARTESIAN_POINT('',(-0.00972157580973437,0.0828989002297781,0.0339843923611111));
#5110=CARTESIAN_POINT('',(-0.0100623217191775,0.0828319528470624,0.0339843923611111));
#5111=CARTESIAN_POINT('',(-0.0102866130710043,0.0827641182085161,0.0339843923611111));
#5112=CARTESIAN_POINT('',(-0.0106152084507624,0.0826463646397743,0.0339843923611111));
#5113=CARTESIAN_POINT('',(-0.0108220579373459,0.0825470724000457,0.0339843923611111));
#5114=CARTESIAN_POINT('',(-0.0112091340477729,0.0823056485442189,0.0339843923611111));
#5115=CARTESIAN_POINT('',(-0.0115702907231716,0.0820211670637577,0.0339843923611111));
#5116=CARTESIAN_POINT('',(-0.0118525844890939,0.081663794286446,0.0339843923611111));
#5117=CARTESIAN_POINT('',(-0.0120942340082582,0.0812768667091803,0.0339843923611111));
#5118=CARTESIAN_POINT('',(-0.0121947429867857,0.0810685301099728,0.0339843923611111));
#5119=CARTESIAN_POINT('',(-0.0123129096396532,0.0807405646153554,0.0339843923611111));
#5120=CARTESIAN_POINT('',(-0.0123808059474461,0.0805170059468353,0.0339843923611111));
#5121=CARTESIAN_POINT('',(-0.0124487541853774,0.0801732095556821,0.0339843923611107));
#5122=CARTESIAN_POINT('',(-0.0124841988707702,0.0798218301288385,0.0339843923611129));
#5123=CARTESIAN_POINT('',(-0.012487413272859,0.0795838307728134,0.0339843923611074));
#5124=CARTESIAN_POINT('',(-0.0124874131944444,0.07945,0.0339843923611111));
#5125=CARTESIAN_POINT('',(-0.009,0.0831335394965278,0.0340030284288194));
#5126=CARTESIAN_POINT('',(-0.00913365045191229,0.0831335395748964,0.0340030284288194));
#5127=CARTESIAN_POINT('',(-0.00938240710212514,0.0831303090231049,0.0340030284288194));
#5128=CARTESIAN_POINT('',(-0.00975004744107378,0.0830932251768934,0.0340030284288195));
#5129=CARTESIAN_POINT('',(-0.0101096294225893,0.0830226303500934,0.0340030284288194));
#5130=CARTESIAN_POINT('',(-0.0103465971376709,0.0829509654891247,0.0340030284288194));
#5131=CARTESIAN_POINT('',(-0.0106941192581248,0.0828264181298111,0.0340030284288194));
#5132=CARTESIAN_POINT('',(-0.0109134143437455,0.0827212529386026,0.0340030284288194));
#5133=CARTESIAN_POINT('',(-0.0113249754730848,0.0824645313089687,0.0340030284288194));
#5134=CARTESIAN_POINT('',(-0.0117102330505715,0.0821611785099252,0.0340030284288194));
#5135=CARTESIAN_POINT('',(-0.012011270207437,0.0817799345550612,0.0340030284288194));
#5136=CARTESIAN_POINT('',(-0.0122682389111512,0.0813685221479727,0.0340030284288194));
#5137=CARTESIAN_POINT('',(-0.0123746999071585,0.0811476404020924,0.0340030284288195));
#5138=CARTESIAN_POINT('',(-0.0124996886501608,0.0808007728731321,0.0340030284288194));
#5139=CARTESIAN_POINT('',(-0.0125714197183451,0.0805645745076708,0.0340030284288194));
#5140=CARTESIAN_POINT('',(-0.012643072058778,0.0802017656094044,0.0340030284288191));
#5141=CARTESIAN_POINT('',(-0.0126802826516106,0.0798330547243955,0.0340030284288208));
#5142=CARTESIAN_POINT('',(-0.0126835395750033,0.0795838309635932,0.0340030284288165));
#5143=CARTESIAN_POINT('',(-0.0126835394965278,0.07945,0.0340030284288194));
#5144=CARTESIAN_POINT('',(-0.009,0.0831979383680556,0.0340064599609375));
#5145=CARTESIAN_POINT('',(-0.00913365051447236,0.0831979384464444,0.0340064599609375));
#5146=CARTESIAN_POINT('',(-0.00938608336330436,0.083194694266706,0.0340064599609375));
#5147=CARTESIAN_POINT('',(-0.00975939621739462,0.0831570325661675,0.0340064599609375));
#5148=CARTESIAN_POINT('',(-0.0101251631000305,0.08308524008622,0.0340064599609375));
#5149=CARTESIAN_POINT('',(-0.0103662931507092,0.0830123175560908,0.0340064599609375));
#5150=CARTESIAN_POINT('',(-0.0107200299436957,0.0828855394279228,0.0340064599609375));
#5151=CARTESIAN_POINT('',(-0.0109434115925411,0.082778445829133,0.0340064599609375));
#5152=CARTESIAN_POINT('',(-0.0113630124777446,0.0825167011130512,0.0340064599609375));
#5153=CARTESIAN_POINT('',(-0.0117561836847689,0.082207151839552,0.0340064599609375));
#5154=CARTESIAN_POINT('',(-0.0120633753105278,0.081818069686139,0.0340064599609375));
#5155=CARTESIAN_POINT('',(-0.0123253741309947,0.0813986175852747,0.0340064599609375));
#5156=CARTESIAN_POINT('',(-0.0124337894962269,0.0811736165892974,0.0340064599609375));
#5157=CARTESIAN_POINT('',(-0.0125610183003607,0.0808205425002361,0.0340064599609375));
#5158=CARTESIAN_POINT('',(-0.0126340085277661,0.0805801938387114,0.0340064599609375));
#5159=CARTESIAN_POINT('',(-0.0127068771253691,0.0802111421061591,0.0340064599609372));
#5160=CARTESIAN_POINT('',(-0.0127446675611148,0.0798367403661455,0.0340064599609387));
#5161=CARTESIAN_POINT('',(-0.0127479384465511,0.0795838310262365,0.0340064599609349));
#5162=CARTESIAN_POINT('',(-0.0127479383680556,0.07945,0.0340064599609375));
#5163=CARTESIAN_POINT('',(-0.009,0.0833249254014757,0.0340099491373698));
#5164=CARTESIAN_POINT('',(-0.00913365063783349,0.0833249254799045,0.0340099491373698));
#5165=CARTESIAN_POINT('',(-0.00939333251985247,0.0833216544274507,0.0340099491373698));
#5166=CARTESIAN_POINT('',(-0.00977783090953951,0.0832828532658472,0.0340099491373698));
#5167=CARTESIAN_POINT('',(-0.0101557936929208,0.0832086991541403,0.0340099491373698));
#5168=CARTESIAN_POINT('',(-0.0104051313819794,0.083133296647702,0.0340099491373698));
#5169=CARTESIAN_POINT('',(-0.0107711227814502,0.0830021197045805,0.0340099491373698));
#5170=CARTESIAN_POINT('',(-0.0110025626544302,0.0828912235118605,0.0340099491373698));
#5171=CARTESIAN_POINT('',(-0.0114380169967268,0.0826195738575166,0.0340099491373698));
#5172=CARTESIAN_POINT('',(-0.011846792954498,0.0822978058620101,0.0340099491373698));
#5173=CARTESIAN_POINT('',(-0.0121661204722144,0.0818932676989266,0.0340099491373698));
#5174=CARTESIAN_POINT('',(-0.0124380380938809,0.0814579622634001,0.0340099491373698));
#5175=CARTESIAN_POINT('',(-0.0125503072463645,0.0812248385886037,0.0340099491373698));
#5176=CARTESIAN_POINT('',(-0.012681953188734,0.0808595258898236,0.0340099491373698));
#5177=CARTESIAN_POINT('',(-0.0127574263306736,0.0806109933304695,0.0340099491373698));
#5178=CARTESIAN_POINT('',(-0.0128326932449897,0.0802296314597535,0.0340099491373696));
#5179=CARTESIAN_POINT('',(-0.0128716270630593,0.0798440080200807,0.0340099491373705));
#5180=CARTESIAN_POINT('',(-0.0128749254800108,0.0795838311497618,0.0340099491373683));
#5181=CARTESIAN_POINT('',(-0.0128749254014757,0.07945,0.0340099491373698));
#5182=CARTESIAN_POINT('',(-0.009,0.0833875,0.03401));
#5183=CARTESIAN_POINT('',(-0.00913365069862137,0.0833875000784485,0.03401));
#5184=CARTESIAN_POINT('',(-0.00939690464094562,0.0833842157840964,0.03401));
#5185=CARTESIAN_POINT('',(-0.00978691485637107,0.0833448531374596,0.03401));
#5186=CARTESIAN_POINT('',(-0.0101708873367445,0.0832695352993846,0.03401));
#5187=CARTESIAN_POINT('',(-0.0104242694519356,0.0831929107506818,0.03401));
#5188=CARTESIAN_POINT('',(-0.0107962994764548,0.0830595662312944,0.03401));
#5189=CARTESIAN_POINT('',(-0.0110317101496532,0.0829467962583772,0.03401));
#5190=CARTESIAN_POINT('',(-0.0114749764998856,0.0826702658101566,0.03401));
#5191=CARTESIAN_POINT('',(-0.0118914419121369,0.0823424768721686,0.03401));
#5192=CARTESIAN_POINT('',(-0.0122167495566941,0.0819303225488061,0.03401));
#5193=CARTESIAN_POINT('',(-0.0124935548033897,0.0814872051656732,0.03401));
#5194=CARTESIAN_POINT('',(-0.0126077229622801,0.0812500789297306,0.03401));
#5195=CARTESIAN_POINT('',(-0.0127415455099634,0.0808787354885271,0.03401));
#5196=CARTESIAN_POINT('',(-0.0128182421420181,0.0806261702015217,0.03401));
#5197=CARTESIAN_POINT('',(-0.0128946908597154,0.0802387423417623,0.0340099999999999));
#5198=CARTESIAN_POINT('',(-0.0129341880950723,0.0798475892560145,0.0340100000000004));
#5199=CARTESIAN_POINT('',(-0.0129375000785546,0.0795838312106305,0.0340099999999991));
#5200=CARTESIAN_POINT('',(-0.0129375,0.07945,0.03401));
#5201=CARTESIAN_POINT('',(-0.009,0.08345,0.03401));
#5202=CARTESIAN_POINT('',(-0.00913365075933679,0.0834500000784682,0.03401));
#5203=CARTESIAN_POINT('',(-0.00940047250352225,0.0834467025580042,0.03401));
#5204=CARTESIAN_POINT('',(-0.00979598797374396,0.0834067790957105,0.03401));
#5205=CARTESIAN_POINT('',(-0.0101859629866284,0.0833302989186077,0.03401));
#5206=CARTESIAN_POINT('',(-0.0104433847063754,0.0832524537845023,0.03401));
#5207=CARTESIAN_POINT('',(-0.0108214461569753,0.0831169442729327,0.03401));
#5208=CARTESIAN_POINT('',(-0.0110608228965888,0.0830023027536518,0.03401));
#5209=CARTESIAN_POINT('',(-0.0115118919416448,0.0827208973302096,0.03401));
#5210=CARTESIAN_POINT('',(-0.0119360376413665,0.0823870946276278,0.03401));
#5211=CARTESIAN_POINT('',(-0.0122673182835354,0.0819673332236179,0.03401));
#5212=CARTESIAN_POINT('',(-0.012549005328461,0.081516413205919,0.03401));
#5213=CARTESIAN_POINT('',(-0.0126650702298512,0.0812752891804973,0.03401));
#5214=CARTESIAN_POINT('',(-0.0128010667880007,0.080897922186441,0.03401));
#5215=CARTESIAN_POINT('',(-0.0128789854515826,0.0806413289794145,0.03401));
#5216=CARTESIAN_POINT('',(-0.0129566145637701,0.0802478423622016,0.03401));
#5217=CARTESIAN_POINT('',(-0.0129966745447343,0.0798511662225655,0.03401));
#5218=CARTESIAN_POINT('',(-0.0130000000785741,0.0795838312714267,0.03401));
#5219=CARTESIAN_POINT('',(-0.013,0.07945,0.03401));
#5220=CARTESIAN_POINT('',(-0.009,0.08345,0.03401));
#5221=CARTESIAN_POINT('',(-0.009,0.0832,0.03401));
#5222=CARTESIAN_POINT('',(-0.009,0.0826635416666666,0.0339839583333333));
#5223=CARTESIAN_POINT('',(-0.009,0.0818901041666667,0.0335698958333333));
#5224=CARTESIAN_POINT('',(-0.009,0.0814760416666667,0.0327964583333333));
#5225=CARTESIAN_POINT('',(-0.009,0.08145,0.03226));
#5226=CARTESIAN_POINT('',(-0.009,0.08145,0.03201));
#5227=CARTESIAN_POINT('',(0.009,0.031005,0.03401));
#5228=CARTESIAN_POINT('',(-0.00900000000000002,0.031005,0.03401));
#5229=CARTESIAN_POINT('',(0.009,0.031305,0.03401));
#5230=CARTESIAN_POINT('',(-0.00900000000000002,0.031305,0.03401));
#5231=CARTESIAN_POINT('',(0.009,0.031605,0.03401));
#5232=CARTESIAN_POINT('',(-0.00900000000000002,0.031605,0.03401));
#5233=CARTESIAN_POINT('',(0.009,0.0323383333333334,0.03381));
#5234=CARTESIAN_POINT('',(-0.00900000000000002,0.0323383333333334,0.03381));
#5235=CARTESIAN_POINT('',(0.009,0.032805,0.0333433333333333));
#5236=CARTESIAN_POINT('',(-0.00900000000000002,0.032805,0.0333433333333333));
#5237=CARTESIAN_POINT('',(0.009,0.033005,0.03261));
#5238=CARTESIAN_POINT('',(-0.00900000000000002,0.033005,0.03261));
#5239=CARTESIAN_POINT('',(0.009,0.033005,0.03231));
#5240=CARTESIAN_POINT('',(-0.00900000000000002,0.033005,0.03231));
#5241=CARTESIAN_POINT('',(0.009,0.033005,0.03201));
#5242=CARTESIAN_POINT('',(-0.00900000000000002,0.033005,0.03201));
#5243=CARTESIAN_POINT('',(0.009,0.031005,0.03401));
#5244=CARTESIAN_POINT('',(0.009,0.031255,0.03401));
#5245=CARTESIAN_POINT('',(0.009,0.0317914583333333,0.0339839583333333));
#5246=CARTESIAN_POINT('',(0.009,0.0325648958333333,0.0335698958333333));
#5247=CARTESIAN_POINT('',(0.009,0.0329789583333333,0.0327964583333334));
#5248=CARTESIAN_POINT('',(0.009,0.033005,0.03226));
#5249=CARTESIAN_POINT('',(0.009,0.033005,0.03201));
#5250=CARTESIAN_POINT('',(-0.009,0.08345,0.03401));
#5251=CARTESIAN_POINT('',(0.009,0.08345,0.03401));
#5252=CARTESIAN_POINT('',(-0.009,0.08315,0.03401));
#5253=CARTESIAN_POINT('',(0.009,0.08315,0.03401));
#5254=CARTESIAN_POINT('',(-0.009,0.08285,0.03401));
#5255=CARTESIAN_POINT('',(0.009,0.08285,0.03401));
#5256=CARTESIAN_POINT('',(-0.009,0.0821166666666667,0.03381));
#5257=CARTESIAN_POINT('',(0.009,0.0821166666666667,0.03381));
#5258=CARTESIAN_POINT('',(-0.009,0.08165,0.0333433333333333));
#5259=CARTESIAN_POINT('',(0.009,0.08165,0.0333433333333333));
#5260=CARTESIAN_POINT('',(-0.009,0.08145,0.03261));
#5261=CARTESIAN_POINT('',(0.009,0.08145,0.03261));
#5262=CARTESIAN_POINT('',(-0.009,0.08145,0.03231));
#5263=CARTESIAN_POINT('',(0.009,0.08145,0.03231));
#5264=CARTESIAN_POINT('',(-0.009,0.08145,0.03201));
#5265=CARTESIAN_POINT('',(0.009,0.08145,0.03201));
#5266=CARTESIAN_POINT('',(0.009,0.08145,0.03201));
#5267=CARTESIAN_POINT('',(0.009,0.08145,0.03226));
#5268=CARTESIAN_POINT('',(0.009,0.0814760416666667,0.0327964583333334));
#5269=CARTESIAN_POINT('',(0.009,0.0818901041666667,0.0335698958333334));
#5270=CARTESIAN_POINT('',(0.009,0.0826635416666667,0.0339839583333333));
#5271=CARTESIAN_POINT('',(0.009,0.0832,0.03401));
#5272=CARTESIAN_POINT('',(0.009,0.08345,0.03401));
#5273=CARTESIAN_POINT('',(0.009,0.033005,0.03201));
#5274=CARTESIAN_POINT('',(0.00913364881644307,0.033005,0.0320099999999986));
#5275=CARTESIAN_POINT('',(0.0092863009010704,0.0330078741709336,0.0320100000000006));
#5276=CARTESIAN_POINT('',(0.0095056482178112,0.0330298515779454,0.03201));
#5277=CARTESIAN_POINT('',(0.00970354219034308,0.0330691368941312,0.03201));
#5278=CARTESIAN_POINT('',(0.00983169656429871,0.0331079232969383,0.03201));
#5279=CARTESIAN_POINT('',(0.0100167523803249,0.033174153061124,0.03201));
#5280=CARTESIAN_POINT('',(0.0101292149946879,0.0332289050957202,0.03201));
#5281=CARTESIAN_POINT('',(0.0103305978053129,0.0333543113109025,0.03201));
#5282=CARTESIAN_POINT('',(0.0105089743057483,0.0334956735473392,0.03201));
#5283=CARTESIAN_POINT('',(0.0106491190252002,0.0336720083703995,0.03201));
#5284=CARTESIAN_POINT('',(0.0107745885255932,0.0338732440819101,0.03201));
#5285=CARTESIAN_POINT('',(0.0108299576659432,0.033986438844035,0.03201));
#5286=CARTESIAN_POINT('',(0.0108963858916246,0.0341710521468063,0.03201));
#5287=CARTESIAN_POINT('',(0.0109351995479234,0.034298751913154,0.03201));
#5288=CARTESIAN_POINT('',(0.0109750560243792,0.0344983582918567,0.03201));
#5289=CARTESIAN_POINT('',(0.0109971081917128,0.0347182967070626,0.03201));
#5290=CARTESIAN_POINT('',(0.011,0.0348711706740579,0.03201));
#5291=CARTESIAN_POINT('',(0.011,0.035005,0.03201));
#5292=CARTESIAN_POINT('',(0.009,0.033005,0.0320725));
#5293=CARTESIAN_POINT('',(0.00913364881644307,0.033004999983783,0.0320724999999986));
#5294=CARTESIAN_POINT('',(0.00928630090107039,0.0330078741784569,0.0320725000000006));
#5295=CARTESIAN_POINT('',(0.00950564821781125,0.0330298515759395,0.0320725));
#5296=CARTESIAN_POINT('',(0.00970354219034289,0.0330691368946315,0.0320725));
#5297=CARTESIAN_POINT('',(0.00983169656429912,0.0331079232971083,0.0320725));
#5298=CARTESIAN_POINT('',(0.0100167523803241,0.0331741530607841,0.0320725));
#5299=CARTESIAN_POINT('',(0.0101292149946797,0.0332289050955982,0.0320725));
#5300=CARTESIAN_POINT('',(0.0103305978053211,0.0333543113110245,0.0320725));
#5301=CARTESIAN_POINT('',(0.0105089743058053,0.0334956735472823,0.0320725));
#5302=CARTESIAN_POINT('',(0.010649119025078,0.0336720083703914,0.0320725));
#5303=CARTESIAN_POINT('',(0.0107745885257153,0.0338732440819182,0.0320725));
#5304=CARTESIAN_POINT('',(0.0108299576662837,0.0339864388440358,0.0320725));
#5305=CARTESIAN_POINT('',(0.0108963858914544,0.0341710521468059,0.0320725));
#5306=CARTESIAN_POINT('',(0.0109351995474225,0.0342987519131542,0.0320725));
#5307=CARTESIAN_POINT('',(0.0109750560263879,0.0344983582918567,0.0320725));
#5308=CARTESIAN_POINT('',(0.0109971081841789,0.0347182967070626,0.0320725));
#5309=CARTESIAN_POINT('',(0.01100000001624,0.0348711706740579,0.0320725));
#5310=CARTESIAN_POINT('',(0.011,0.035005,0.0320725));
#5311=CARTESIAN_POINT('',(0.009,0.0330049491373698,0.0321350745985243));
#5312=CARTESIAN_POINT('',(0.00913364881649248,0.0330049491089599,0.0321350745985229));
#5313=CARTESIAN_POINT('',(0.00928630380460437,0.0330078233322465,0.032135074598525));
#5314=CARTESIAN_POINT('',(0.00950565560153311,0.0330298011789575,0.0321350745985243));
#5315=CARTESIAN_POINT('',(0.00970355445893803,0.0330690874454477,0.0321350745985243));
#5316=CARTESIAN_POINT('',(0.00983171212033332,0.0331078748409911,0.0321350745985243));
#5317=CARTESIAN_POINT('',(0.0100167728447444,0.0331741063661587,0.0321350745985243));
#5318=CARTESIAN_POINT('',(0.0101292386866877,0.033228859924205,0.0321350745985243));
#5319=CARTESIAN_POINT('',(0.0103306278471906,0.0333542701070797,0.0321350745985243));
#5320=CARTESIAN_POINT('',(0.0105090105979455,0.0334956372372172,0.0321350745985243));
#5321=CARTESIAN_POINT('',(0.0106491601779214,0.033671978251021,0.0321350745985243));
#5322=CARTESIAN_POINT('',(0.01077463365156,0.0338732203123604,0.0321350745985243));
#5323=CARTESIAN_POINT('',(0.0108300043358654,0.0339864183278818,0.0321350745985243));
#5324=CARTESIAN_POINT('',(0.0108964343298665,0.0341710365326308,0.0321350745985243));
#5325=CARTESIAN_POINT('',(0.0109352489800777,0.0342987395769093,0.0321350745985243));
#5326=CARTESIAN_POINT('',(0.0109751064215376,0.0344983508862411,0.0321350745985243));
#5327=CARTESIAN_POINT('',(0.0109971590301174,0.0347182937961197,0.0321350745985243));
#5328=CARTESIAN_POINT('',(0.0110000508910803,0.0348711706740084,0.0321350745985243));
#5329=CARTESIAN_POINT('',(0.0110000508626302,0.035005,0.0321350745985243));
#5330=CARTESIAN_POINT('',(0.009,0.0330014599609375,0.0322620616319444));
#5331=CARTESIAN_POINT('',(0.00913364881988197,0.0330014599135142,0.032262061631943));
#5332=CARTESIAN_POINT('',(0.00928650298703664,0.0330043349030049,0.0322620616319451));
#5333=CARTESIAN_POINT('',(0.00950616212485005,0.0330263440471007,0.0322620616319444));
#5334=CARTESIAN_POINT('',(0.00970439608457423,0.0330656952062241,0.0322620616319445));
#5335=CARTESIAN_POINT('',(0.00983277926425842,0.0331045507427854,0.0322620616319444));
#5336=CARTESIAN_POINT('',(0.0100181767040238,0.0331709031319903,0.0322620616319444));
#5337=CARTESIAN_POINT('',(0.0101308639588459,0.0332257611727796,0.0322620616319444));
#5338=CARTESIAN_POINT('',(0.0103326887190302,0.0333514435103187,0.0322620616319444));
#5339=CARTESIAN_POINT('',(0.0105115002358909,0.0334931463696175,0.0322620616319444));
#5340=CARTESIAN_POINT('',(0.0106519832691367,0.0336699120626227,0.0322620616319444));
#5341=CARTESIAN_POINT('',(0.010777729278347,0.0338715897202794,0.0322620616319444));
#5342=CARTESIAN_POINT('',(0.010833205852016,0.0339850109196776,0.0322620616319444));
#5343=CARTESIAN_POINT('',(0.0108997572135157,0.0341699654002436,0.0322620616319444));
#5344=CARTESIAN_POINT('',(0.0109386400854768,0.0342978933105005,0.0322620616319444));
#5345=CARTESIAN_POINT('',(0.0109785634275531,0.0344978428610114,0.0322620616319444));
#5346=CARTESIAN_POINT('',(0.0110006474412449,0.0347180941054415,0.0322620616319444));
#5347=CARTESIAN_POINT('',(0.0110035400865529,0.0348711706706143,0.0322620616319444));
#5348=CARTESIAN_POINT('',(0.0110035400390625,0.035005,0.0322620616319444));
#5349=CARTESIAN_POINT('',(0.009,0.0329980284288194,0.0323264605034722));
#5350=CARTESIAN_POINT('',(0.00913364882321547,0.0329980283745788,0.0323264605034707));
#5351=CARTESIAN_POINT('',(0.00928669887879705,0.0330009041002212,0.0323264605034729));
#5352=CARTESIAN_POINT('',(0.00950666027994887,0.0330229440316227,0.0323264605034722));
#5353=CARTESIAN_POINT('',(0.00970522380580259,0.0330623590094588,0.0323264605034722));
#5354=CARTESIAN_POINT('',(0.00983382877801148,0.0331012815615294,0.0323264605034722));
#5355=CARTESIAN_POINT('',(0.0100195573702934,0.0331677528183634,0.0323264605034722));
#5356=CARTESIAN_POINT('',(0.0101324623800609,0.0332227136155876,0.0323264605034722));
#5357=CARTESIAN_POINT('',(0.0103347155434184,0.033348663611374,0.0323264605034722));
#5358=CARTESIAN_POINT('',(0.0105139487427497,0.0334906966534193,0.0323264605034722));
#5359=CARTESIAN_POINT('',(0.0106547597204506,0.03366788000951,0.0323264605034722));
#5360=CARTESIAN_POINT('',(0.0107807737625222,0.0338699860670315,0.0323264605034722));
#5361=CARTESIAN_POINT('',(0.0108363544760079,0.0339836267631145,0.0323264605034722));
#5362=CARTESIAN_POINT('',(0.0109030252002808,0.0341689119639213,0.0323264605034722));
#5363=CARTESIAN_POINT('',(0.0109419751671499,0.0342970610251692,0.0323264605034722));
#5364=CARTESIAN_POINT('',(0.0109819633192668,0.0344973432288128,0.0323264605034722));
#5365=CARTESIAN_POINT('',(0.0110040782262216,0.0347178977138319,0.0323264605034722));
#5366=CARTESIAN_POINT('',(0.0110069716254979,0.0348711706672764,0.0323264605034722));
#5367=CARTESIAN_POINT('',(0.0110069715711806,0.035005,0.0323264605034722));
#5368=CARTESIAN_POINT('',(0.009,0.0329793923611111,0.0325225868055556));
#5369=CARTESIAN_POINT('',(0.00913364884131911,0.0329793922914711,0.0325225868055539));
#5370=CARTESIAN_POINT('',(0.00928776273365401,0.0329822719833717,0.0325225868055563));
#5371=CARTESIAN_POINT('',(0.00950936567562388,0.0330044791281048,0.0325225868055555));
#5372=CARTESIAN_POINT('',(0.00970971901911416,0.0330442406911809,0.0325225868055556));
#5373=CARTESIAN_POINT('',(0.00983952850882791,0.0330835271935333,0.0325225868055556));
#5374=CARTESIAN_POINT('',(0.0100270555341457,0.0331506440009376,0.0325225868055555));
#5375=CARTESIAN_POINT('',(0.0101411431340223,0.0332061628506048,0.0325225868055555));
#5376=CARTESIAN_POINT('',(0.0103457228821799,0.0333335664525156,0.0325225868055556));
#5377=CARTESIAN_POINT('',(0.0105272461672746,0.0334773926611775,0.0325225868055556));
#5378=CARTESIAN_POINT('',(0.0106698381558121,0.0336568442744347,0.0325225868055556));
#5379=CARTESIAN_POINT('',(0.0107973078384733,0.0338612768987888,0.0325225868055556));
#5380=CARTESIAN_POINT('',(0.0108534541173125,0.0339761096440716,0.0325225868055556));
#5381=CARTESIAN_POINT('',(0.0109207730812007,0.0341631909302981,0.0325225868055556));
#5382=CARTESIAN_POINT('',(0.0109600874295523,0.0342925410249904,0.0325225868055556));
#5383=CARTESIAN_POINT('',(0.0110004275506377,0.0344946298112599,0.0325225868055555));
#5384=CARTESIAN_POINT('',(0.0110227102463784,0.0347168311443786,0.0325225868055556));
#5385=CARTESIAN_POINT('',(0.0110256077086273,0.0348711706491482,0.0325225868055556));
#5386=CARTESIAN_POINT('',(0.0110256076388889,0.035005,0.0325225868055556));
#5387=CARTESIAN_POINT('',(0.009,0.0329555208333333,0.0326575694444445));
#5388=CARTESIAN_POINT('',(0.00913364886450864,0.0329555207599355,0.0326575694444426));
#5389=CARTESIAN_POINT('',(0.00928912545894387,0.0329584055089662,0.0326575694444453));
#5390=CARTESIAN_POINT('',(0.0095128311023982,0.0329808268519201,0.0326575694444444));
#5391=CARTESIAN_POINT('',(0.0097154770798337,0.03302103236451,0.0326575694444445));
#5392=CARTESIAN_POINT('',(0.00984682947406545,0.0330607850625995,0.0326575694444445));
#5393=CARTESIAN_POINT('',(0.0100366601690665,0.0331287287766222,0.0326575694444444));
#5394=CARTESIAN_POINT('',(0.010152262585975,0.0331849624530759,0.0326575694444444));
#5395=CARTESIAN_POINT('',(0.0103598225300759,0.0333142280247458,0.0326575694444445));
#5396=CARTESIAN_POINT('',(0.0105442792583129,0.0334603511573432,0.0326575694444444));
#5397=CARTESIAN_POINT('',(0.0106891526000635,0.0336427082528033,0.0326575694444444));
#5398=CARTESIAN_POINT('',(0.010818486858494,0.0338501210500857,0.0326575694444445));
#5399=CARTESIAN_POINT('',(0.0108753575876441,0.0339664807288484,0.0326575694444444));
#5400=CARTESIAN_POINT('',(0.0109435069026339,0.0341558626776226,0.0326575694444444));
#5401=CARTESIAN_POINT('',(0.0109832879990618,0.0342867512139897,0.0326575694444444));
#5402=CARTESIAN_POINT('',(0.0110240789658453,0.0344911541090087,0.0326575694444445));
#5403=CARTESIAN_POINT('',(0.0110465765969376,0.0347154649418765,0.0326575694444445));
#5404=CARTESIAN_POINT('',(0.011049479240168,0.0348711706259274,0.0326575694444445));
#5405=CARTESIAN_POINT('',(0.0110494791666667,0.035005,0.0326575694444445));
#5406=CARTESIAN_POINT('',(0.009,0.0328773958333333,0.0329249305555556));
#5407=CARTESIAN_POINT('',(0.00913364894040163,0.0328773957558566,0.0329249305555533));
#5408=CARTESIAN_POINT('',(0.00929358528716526,0.0328802970434623,0.0329249305555566));
#5409=CARTESIAN_POINT('',(0.00952417249911417,0.032903419403605,0.0329249305555554));
#5410=CARTESIAN_POINT('',(0.00973432164218863,0.0329450778406061,0.0329249305555556));
#5411=CARTESIAN_POINT('',(0.00987072354211536,0.0329863562703664,0.0329249305555556));
#5412=CARTESIAN_POINT('',(0.0100680935197168,0.0330570062244893,0.0329249305555555));
#5413=CARTESIAN_POINT('',(0.0101886535196424,0.0331155793339522,0.0329249305555556));
#5414=CARTESIAN_POINT('',(0.0104059668322769,0.03325093862471,0.0329249305555556));
#5415=CARTESIAN_POINT('',(0.0106000239198641,0.033404578963005,0.0329249305555555));
#5416=CARTESIAN_POINT('',(0.0107523635085846,0.0335964449092865,0.0329249305555556));
#5417=CARTESIAN_POINT('',(0.0108878000148637,0.0338136109997804,0.0329249305555556));
#5418=CARTESIAN_POINT('',(0.010947041672193,0.0339349679153901,0.0329249305555555));
#5419=CARTESIAN_POINT('',(0.011017908500138,0.0341318793052301,0.0329249305555555));
#5420=CARTESIAN_POINT('',(0.0110592171358921,0.0342678027416238,0.0329249305555555));
#5421=CARTESIAN_POINT('',(0.0111014835964158,0.0344797790834596,0.0329249305555556));
#5422=CARTESIAN_POINT('',(0.0111246846571317,0.0347109937336879,0.0329249305555556));
#5423=CARTESIAN_POINT('',(0.0111276042442523,0.0348711705499319,0.0329249305555556));
#5424=CARTESIAN_POINT('',(0.0111276041666667,0.035005,0.0329249305555556));
#5425=CARTESIAN_POINT('',(0.009,0.032823359375,0.033056875));
#5426=CARTESIAN_POINT('',(0.00913364899289428,0.0328233592973037,0.0330568749999975));
#5427=CARTESIAN_POINT('',(0.00929667000168505,0.0328262720202819,0.0330568750000012));
#5428=CARTESIAN_POINT('',(0.00953201696517603,0.0328498792521756,0.0330568749999998));
#5429=CARTESIAN_POINT('',(0.00974735579781748,0.0328925426281591,0.0330568750000001));
#5430=CARTESIAN_POINT('',(0.00988725027251648,0.0329348763557112,0.033056875));
#5431=CARTESIAN_POINT('',(0.0100898349205834,0.0330073981259853,0.033056875));
#5432=CARTESIAN_POINT('',(0.0102138239154304,0.0330675893432445,0.033056875));
#5433=CARTESIAN_POINT('',(0.0104378833079646,0.0332071634563323,0.033056875));
#5434=CARTESIAN_POINT('',(0.0106385806440945,0.0333660031952635,0.033056875));
#5435=CARTESIAN_POINT('',(0.0107960843869979,0.0335644460966886,0.033056875));
#5436=CARTESIAN_POINT('',(0.0109357416146664,0.0337883582149846,0.033056875));
#5437=CARTESIAN_POINT('',(0.0109966231639514,0.0339131715527481,0.033056875));
#5438=CARTESIAN_POINT('',(0.0110693696051056,0.034115290805992,0.033056875));
#5439=CARTESIAN_POINT('',(0.0111117347889468,0.034254696714904,0.033056875));
#5440=CARTESIAN_POINT('',(0.0111550217989048,0.0344719113574548,0.033056875));
#5441=CARTESIAN_POINT('',(0.0111787093999744,0.0347079011480241,0.033056875));
#5442=CARTESIAN_POINT('',(0.0111816407028054,0.0348711704973684,0.033056875));
#5443=CARTESIAN_POINT('',(0.011181640625,0.035005,0.033056875));
#5444=CARTESIAN_POINT('',(0.009,0.0326856640625,0.033301015625));
#5445=CARTESIAN_POINT('',(0.00913364912665564,0.0326856639845074,0.0333010156249973));
#5446=CARTESIAN_POINT('',(0.00930453044892525,0.0326886058466337,0.0333010156250012));
#5447=CARTESIAN_POINT('',(0.00955200617688789,0.0327134486253728,0.0333010156249997));
#5448=CARTESIAN_POINT('',(0.00978056933896812,0.0327586727795659,0.0333010156250001));
#5449=CARTESIAN_POINT('',(0.00992936356745427,0.032803695609328,0.033301015625));
#5450=CARTESIAN_POINT('',(0.010145236201105,0.0328809871279957,0.033301015625));
#5451=CARTESIAN_POINT('',(0.0102779629360228,0.0329453015958408,0.033301015625));
#5452=CARTESIAN_POINT('',(0.0105192126405903,0.0330956158887173,0.033301015625));
#5453=CARTESIAN_POINT('',(0.0107368306100541,0.0332677047027666,0.033301015625));
#5454=CARTESIAN_POINT('',(0.0109074936133182,0.0334829069537437,0.033301015625));
#5455=CARTESIAN_POINT('',(0.011057906052716,0.033724009251318,0.033301015625));
#5456=CARTESIAN_POINT('',(0.0111229663628242,0.0338576302190276,0.033301015625));
#5457=CARTESIAN_POINT('',(0.0112005024207788,0.0340730201121504,0.033301015625));
#5458=CARTESIAN_POINT('',(0.0112455598928233,0.0342213000323589,0.033301015625));
#5459=CARTESIAN_POINT('',(0.0112914474594316,0.0344518628749244,0.033301015625));
#5460=CARTESIAN_POINT('',(0.0113163748592684,0.0347000206435916,0.033301015625));
#5461=CARTESIAN_POINT('',(0.0113193360156019,0.0348711703634265,0.033301015625));
#5462=CARTESIAN_POINT('',(0.0113193359375,0.035005,0.033301015625));
#5463=CARTESIAN_POINT('',(0.009,0.0326022222222222,0.0334127777777778));
#5464=CARTESIAN_POINT('',(0.00913364920771354,0.0326022221442545,0.0334127777777751));
#5465=CARTESIAN_POINT('',(0.00930929379323395,0.0326051816640839,0.033412777777779));
#5466=CARTESIAN_POINT('',(0.00956411941865812,0.0326307731707005,0.0334127777777775));
#5467=CARTESIAN_POINT('',(0.00980069637848336,0.0326775491282057,0.0334127777777778));
#5468=CARTESIAN_POINT('',(0.00995488375957968,0.0327242015242442,0.0334127777777778));
#5469=CARTESIAN_POINT('',(0.010178808765897,0.0328043834578234,0.0334127777777777));
#5470=CARTESIAN_POINT('',(0.0103168304749004,0.0328711965700319,0.0334127777777778));
#5471=CARTESIAN_POINT('',(0.0105684973189111,0.0330280192933684,0.0334127777777778));
#5472=CARTESIAN_POINT('',(0.010796369005501,0.0332081369007735,0.0334127777777778));
#5473=CARTESIAN_POINT('',(0.0109750063753689,0.0334334951326842,0.0334127777777778));
#5474=CARTESIAN_POINT('',(0.0111319363544167,0.0336850144892536,0.0334127777777778));
#5475=CARTESIAN_POINT('',(0.0111995289474796,0.0338239727835421,0.0334127777777778));
#5476=CARTESIAN_POINT('',(0.0112799674603812,0.0340474045380257,0.0334127777777778));
#5477=CARTESIAN_POINT('',(0.0113266564293788,0.0342010620111791,0.0334127777777778));
#5478=CARTESIAN_POINT('',(0.0113741199045955,0.0344397137156921,0.0334127777777778));
#5479=CARTESIAN_POINT('',(0.0113997986089275,0.0346952451448457,0.0334127777777778));
#5480=CARTESIAN_POINT('',(0.0114027778558548,0.0348711702822593,0.0334127777777778));
#5481=CARTESIAN_POINT('',(0.0114027777777778,0.035005,0.0334127777777778));
#5482=CARTESIAN_POINT('',(0.009,0.0324077777777778,0.0336072222222222));
#5483=CARTESIAN_POINT('',(0.00913364939660261,0.03240777769975,0.0336072222222197));
#5484=CARTESIAN_POINT('',(0.00932039381014057,0.0324107783674814,0.0336072222222234));
#5485=CARTESIAN_POINT('',(0.00959234689492891,0.0324381146339201,0.033607222222222));
#5486=CARTESIAN_POINT('',(0.00984759840034463,0.0324885067572892,0.0336072222222223));
#5487=CARTESIAN_POINT('',(0.0100143534400592,0.0325389565301359,0.0336072222222222));
#5488=CARTESIAN_POINT('',(0.0102570428830716,0.0326258739949487,0.0336072222222222));
#5489=CARTESIAN_POINT('',(0.0104074034653668,0.0326985096958443,0.0336072222222222));
#5490=CARTESIAN_POINT('',(0.0106833453599396,0.0328704990087589,0.0336072222222222));
#5491=CARTESIAN_POINT('',(0.010935111274215,0.0330693261060116,0.0336072222222222));
#5492=CARTESIAN_POINT('',(0.0111323313033196,0.0333183508110474,0.0336072222222222));
#5493=CARTESIAN_POINT('',(0.011304449099083,0.0335941450307108,0.0336072222222222));
#5494=CARTESIAN_POINT('',(0.0113779426688118,0.0337455408922677,0.0336072222222222));
#5495=CARTESIAN_POINT('',(0.0114651447698305,0.0339877125889602,0.0336072222222222));
#5496=CARTESIAN_POINT('',(0.0115156356146906,0.034153901368846,0.0336072222222222));
#5497=CARTESIAN_POINT('',(0.0115667714283211,0.0344114025409921,0.0336072222222222));
#5498=CARTESIAN_POINT('',(0.0115942008967649,0.034684116804465,0.0336072222222222));
#5499=CARTESIAN_POINT('',(0.0115972223003597,0.0348711700931153,0.0336072222222222));
#5500=CARTESIAN_POINT('',(0.0115972222222222,0.035005,0.0336072222222222));
#5501=CARTESIAN_POINT('',(0.009,0.032296015625,0.0336906640625));
#5502=CARTESIAN_POINT('',(0.00913364950517163,0.0322960155469377,0.0336906640624976));
#5503=CARTESIAN_POINT('',(0.00932677384217955,0.032299039865528,0.0336906640625012));
#5504=CARTESIAN_POINT('',(0.00960857139300866,0.0323273789794091,0.0336906640624997));
#5505=CARTESIAN_POINT('',(0.00987455659371356,0.0323798495909701,0.0336906640625));
#5506=CARTESIAN_POINT('',(0.0100485352318527,0.0324324820078527,0.0336906640625));
#5507=CARTESIAN_POINT('',(0.0103020100374745,0.0325232708996581,0.0336906640625));
#5508=CARTESIAN_POINT('',(0.0104594627176996,0.0325992532893637,0.0336906640625));
#5509=CARTESIAN_POINT('',(0.0107493573478075,0.0327799600058862,0.0336906640625));
#5510=CARTESIAN_POINT('',(0.0110148571094692,0.0329895408835759,0.0336906640625));
#5511=CARTESIAN_POINT('',(0.0112227580197198,0.0332521685279638,0.0336906640625));
#5512=CARTESIAN_POINT('',(0.011403605419957,0.03354191537541,0.0336906640625));
#5513=CARTESIAN_POINT('',(0.0114804907340864,0.0337004600619036,0.0336906640625));
#5514=CARTESIAN_POINT('',(0.011571580388543,0.0339534030423433,0.0336906640625));
#5515=CARTESIAN_POINT('',(0.011624256463391,0.0341267945264335,0.0336906640625));
#5516=CARTESIAN_POINT('',(0.0116775030518911,0.0343951299349981,0.0336906640625));
#5517=CARTESIAN_POINT('',(0.0117059388189036,0.0346777204927507,0.0336906640625));
#5518=CARTESIAN_POINT('',(0.0117089844531722,0.0348711699843997,0.0336906640625));
#5519=CARTESIAN_POINT('',(0.011708984375,0.035005,0.0336906640625));
#5520=CARTESIAN_POINT('',(0.009,0.032051875,0.033828359375));
#5521=CARTESIAN_POINT('',(0.00913364974233692,0.0320518749218622,0.0338283593749976));
#5522=CARTESIAN_POINT('',(0.00934071080537152,0.0320549509049503,0.0338283593750011));
#5523=CARTESIAN_POINT('',(0.00964401325774596,0.0320854807049918,0.0338283593749997));
#5524=CARTESIAN_POINT('',(0.00993344585107286,0.0321424917033797,0.033828359375));
#5525=CARTESIAN_POINT('',(0.0101232041945083,0.0321998920319913,0.033828359375));
#5526=CARTESIAN_POINT('',(0.0104002392582573,0.0322991379245086,0.033828359375));
#5527=CARTESIAN_POINT('',(0.0105731843854168,0.0323824310421974,0.033828359375));
#5528=CARTESIAN_POINT('',(0.0108935582921792,0.032582180630679,0.033828359375));
#5529=CARTESIAN_POINT('',(0.011189059176772,0.0328152527763135,0.033828359375));
#5530=CARTESIAN_POINT('',(0.0114202921089437,0.0331075955794801,0.033828359375));
#5531=CARTESIAN_POINT('',(0.0116202090335168,0.0334278214681996,0.033828359375));
#5532=CARTESIAN_POINT('',(0.0117045034980359,0.0336019825198459,0.033828359375));
#5533=CARTESIAN_POINT('',(0.0118040853808761,0.0338784550036171,0.033828359375));
#5534=CARTESIAN_POINT('',(0.0118615350163773,0.0340675805502898,0.033828359375));
#5535=CARTESIAN_POINT('',(0.0119193925208545,0.0343595829801571,0.033828359375));
#5536=CARTESIAN_POINT('',(0.0119500265128958,0.0346637479671612,0.033828359375));
#5537=CARTESIAN_POINT('',(0.011953125078248,0.0348711697469142,0.033828359375));
#5538=CARTESIAN_POINT('',(0.011953125,0.035005,0.033828359375));
#5539=CARTESIAN_POINT('',(0.009,0.0319199305555556,0.0338823958333333));
#5540=CARTESIAN_POINT('',(0.00913364987051156,0.0319199304773769,0.0338823958333309));
#5541=CARTESIAN_POINT('',(0.00934824295970105,0.0319230343822558,0.0338823958333345));
#5542=CARTESIAN_POINT('',(0.00966316761664399,0.0319547481264623,0.0338823958333331));
#5543=CARTESIAN_POINT('',(0.00996527222305016,0.0320142129516864,0.0338823958333333));
#5544=CARTESIAN_POINT('',(0.010163558620548,0.0320741900717035,0.0338823958333333));
#5545=CARTESIAN_POINT('',(0.0104533266949116,0.0321780065032722,0.0338823958333333));
#5546=CARTESIAN_POINT('',(0.0106346446289476,0.0322652506632844,0.0338823958333333));
#5547=CARTESIAN_POINT('',(0.0109714908914485,0.0324752918661226,0.0338823958333333));
#5548=CARTESIAN_POINT('',(0.0112832057162565,0.0327210597370108,0.0338823958333333));
#5549=CARTESIAN_POINT('',(0.0115270483100531,0.0330294619326551,0.0338823958333334));
#5550=CARTESIAN_POINT('',(0.0117372712531118,0.0333661600499027,0.0338823958333333));
#5551=CARTESIAN_POINT('',(0.011825569951797,0.0335487608793383,0.0338823958333333));
#5552=CARTESIAN_POINT('',(0.0119297414122882,0.0338379497524655,0.0338823958333333));
#5553=CARTESIAN_POINT('',(0.0119897708921246,0.0340355786858494,0.0338823958333333));
#5554=CARTESIAN_POINT('',(0.0120501203405255,0.0343403718258964,0.0338823958333333));
#5555=CARTESIAN_POINT('',(0.0120819423510711,0.0346561965933314,0.0338823958333333));
#5556=CARTESIAN_POINT('',(0.0120850695227335,0.0348711696185664,0.0338823958333333));
#5557=CARTESIAN_POINT('',(0.0120850694444444,0.035005,0.0338823958333333));
#5558=CARTESIAN_POINT('',(0.009,0.0316525694444445,0.0339605208333333));
#5559=CARTESIAN_POINT('',(0.00913365013023389,0.0316525693661828,0.0339605208333309));
#5560=CARTESIAN_POINT('',(0.00936350548294774,0.0316557298494277,0.0339605208333345));
#5561=CARTESIAN_POINT('',(0.00970198039651631,0.0316898426383892,0.0339605208333331));
#5562=CARTESIAN_POINT('',(0.0100297625031094,0.0317542796916762,0.0339605208333333));
#5563=CARTESIAN_POINT('',(0.0102453294312073,0.0318194782048046,0.0339605208333333));
#5564=CARTESIAN_POINT('',(0.0105608986060267,0.0319325559918196,0.0339605208333333));
#5565=CARTESIAN_POINT('',(0.0107591824908389,0.0320278062112765,0.0339605208333333));
#5566=CARTESIAN_POINT('',(0.0111294069478627,0.0322587014747845,0.0339605208333333));
#5567=CARTESIAN_POINT('',(0.0114739763357383,0.0325301948942132,0.0339605208333333));
#5568=CARTESIAN_POINT('',(0.0117433700859853,0.0328711384904045,0.0339605208333333));
#5569=CARTESIAN_POINT('',(0.0119744762770279,0.0332412145444064,0.0339605208333333));
#5570=CARTESIAN_POINT('',(0.0120708888186288,0.0334409170288361,0.0339605208333333));
#5571=CARTESIAN_POINT('',(0.012184360212781,0.0337558733225004,0.0339605208333333));
#5572=CARTESIAN_POINT('',(0.0122496172719283,0.0339707328026414,0.0339605208333333));
#5573=CARTESIAN_POINT('',(0.0123150161856482,0.0343014439606838,0.0339605208333333));
#5574=CARTESIAN_POINT('',(0.0123492454968475,0.0346408951253081,0.0339605208333333));
#5575=CARTESIAN_POINT('',(0.0123524306339278,0.0348711693584934,0.0339605208333333));
#5576=CARTESIAN_POINT('',(0.0123524305555556,0.035005,0.0339605208333333));
#5577=CARTESIAN_POINT('',(0.009,0.0315175868055556,0.0339843923611111));
#5578=CARTESIAN_POINT('',(0.00913365026135994,0.0315175867272519,0.0339843923611088));
#5579=CARTESIAN_POINT('',(0.00937121107504143,0.0315207757752239,0.0339843923611122));
#5580=CARTESIAN_POINT('',(0.00972157580973107,0.0315560997702225,0.0339843923611108));
#5581=CARTESIAN_POINT('',(0.0100623217191783,0.0316230471529374,0.0339843923611111));
#5582=CARTESIAN_POINT('',(0.0102866130710045,0.0316908817914839,0.0339843923611111));
#5583=CARTESIAN_POINT('',(0.0106152084507618,0.0318086353602258,0.0339843923611111));
#5584=CARTESIAN_POINT('',(0.0108220579373456,0.0319079275999543,0.0339843923611111));
#5585=CARTESIAN_POINT('',(0.0112091340477731,0.0321493514557811,0.0339843923611111));
#5586=CARTESIAN_POINT('',(0.0115702907231715,0.0324338329362423,0.0339843923611111));
#5587=CARTESIAN_POINT('',(0.0118525844890939,0.032791205713554,0.0339843923611111));
#5588=CARTESIAN_POINT('',(0.0120942340082583,0.0331781332908199,0.0339843923611111));
#5589=CARTESIAN_POINT('',(0.0121947429867857,0.0333864698900273,0.0339843923611111));
#5590=CARTESIAN_POINT('',(0.0123129096396532,0.0337144353846446,0.0339843923611111));
#5591=CARTESIAN_POINT('',(0.012380805947446,0.0339379940531646,0.0339843923611111));
#5592=CARTESIAN_POINT('',(0.0124487541853773,0.0342817904443184,0.0339843923611111));
#5593=CARTESIAN_POINT('',(0.0124841988707703,0.0346331698711598,0.0339843923611111));
#5594=CARTESIAN_POINT('',(0.0124874132728587,0.0348711692271904,0.0339843923611111));
#5595=CARTESIAN_POINT('',(0.0124874131944444,0.035005,0.0339843923611111));
#5596=CARTESIAN_POINT('',(0.009,0.0313214605034722,0.0340030284288194));
#5597=CARTESIAN_POINT('',(0.00913365045188278,0.0313214604251075,0.0340030284288176));
#5598=CARTESIAN_POINT('',(0.00938240710213895,0.0313246909768933,0.0340030284288203));
#5599=CARTESIAN_POINT('',(0.00975004744107005,0.0313617748231072,0.0340030284288192));
#5600=CARTESIAN_POINT('',(0.0101096294225903,0.0314323696499065,0.0340030284288194));
#5601=CARTESIAN_POINT('',(0.0103465971376712,0.0315040345108752,0.0340030284288194));
#5602=CARTESIAN_POINT('',(0.010694119258124,0.031628581870189,0.0340030284288195));
#5603=CARTESIAN_POINT('',(0.0109134143437452,0.0317337470613974,0.0340030284288194));
#5604=CARTESIAN_POINT('',(0.011324975473085,0.0319904686910312,0.0340030284288194));
#5605=CARTESIAN_POINT('',(0.0117102330505714,0.0322938214900748,0.0340030284288194));
#5606=CARTESIAN_POINT('',(0.0120112702074371,0.0326750654449388,0.0340030284288195));
#5607=CARTESIAN_POINT('',(0.0122682389111513,0.0330864778520275,0.0340030284288194));
#5608=CARTESIAN_POINT('',(0.0123746999071584,0.0333073595979077,0.0340030284288194));
#5609=CARTESIAN_POINT('',(0.0124996886501608,0.0336542271268679,0.0340030284288194));
#5610=CARTESIAN_POINT('',(0.012571419718345,0.0338904254923291,0.0340030284288194));
#5611=CARTESIAN_POINT('',(0.012643072058778,0.0342532343905961,0.0340030284288195));
#5612=CARTESIAN_POINT('',(0.0126802826516107,0.0346219452756028,0.0340030284288194));
#5613=CARTESIAN_POINT('',(0.0126835395750032,0.0348711690364105,0.0340030284288194));
#5614=CARTESIAN_POINT('',(0.0126835394965278,0.035005,0.0340030284288194));
#5615=CARTESIAN_POINT('',(0.009,0.0312570616319444,0.0340064599609375));
#5616=CARTESIAN_POINT('',(0.00913365051444174,0.0312570615535597,0.0340064599609358));
#5617=CARTESIAN_POINT('',(0.00938608336331868,0.0312603057332921,0.0340064599609383));
#5618=CARTESIAN_POINT('',(0.00975939621739075,0.0312979674338331,0.0340064599609373));
#5619=CARTESIAN_POINT('',(0.0101251631000315,0.0313697599137798,0.0340064599609375));
#5620=CARTESIAN_POINT('',(0.0103662931507095,0.0314426824439091,0.0340064599609375));
#5621=CARTESIAN_POINT('',(0.010720029943695,0.0315694605720773,0.0340064599609375));
#5622=CARTESIAN_POINT('',(0.0109434115925408,0.0316765541708671,0.0340064599609375));
#5623=CARTESIAN_POINT('',(0.0113630124777448,0.0319382988869488,0.0340064599609375));
#5624=CARTESIAN_POINT('',(0.0117561836847688,0.0322478481604481,0.0340064599609375));
#5625=CARTESIAN_POINT('',(0.0120633753105279,0.032636930313861,0.0340064599609375));
#5626=CARTESIAN_POINT('',(0.0123253741309947,0.0330563824147255,0.0340064599609375));
#5627=CARTESIAN_POINT('',(0.0124337894962269,0.0332813834107027,0.0340064599609375));
#5628=CARTESIAN_POINT('',(0.0125610183003607,0.0336344574997638,0.0340064599609375));
#5629=CARTESIAN_POINT('',(0.0126340085277661,0.0338748061612885,0.0340064599609375));
#5630=CARTESIAN_POINT('',(0.012706877125369,0.0342438578938415,0.0340064599609375));
#5631=CARTESIAN_POINT('',(0.0127446675611148,0.0346182596338528,0.0340064599609375));
#5632=CARTESIAN_POINT('',(0.012747938446551,0.0348711689737672,0.0340064599609375));
#5633=CARTESIAN_POINT('',(0.0127479383680556,0.035005,0.0340064599609375));
#5634=CARTESIAN_POINT('',(0.009,0.0311300745985243,0.0340099491373698));
#5635=CARTESIAN_POINT('',(0.0091336506378007,0.0311300745201,0.0340099491373688));
#5636=CARTESIAN_POINT('',(0.00939333251986781,0.0311333455725473,0.0340099491373703));
#5637=CARTESIAN_POINT('',(0.00977783090953538,0.0311721467341535,0.0340099491373697));
#5638=CARTESIAN_POINT('',(0.0101557936929218,0.0312463008458596,0.0340099491373698));
#5639=CARTESIAN_POINT('',(0.0104051313819797,0.0313217033522979,0.0340099491373698));
#5640=CARTESIAN_POINT('',(0.0107711227814494,0.0314528802954197,0.0340099491373698));
#5641=CARTESIAN_POINT('',(0.0110025626544299,0.0315637764881396,0.0340099491373698));
#5642=CARTESIAN_POINT('',(0.0114380169967271,0.0318354261424834,0.0340099491373698));
#5643=CARTESIAN_POINT('',(0.0118467929544978,0.0321571941379901,0.0340099491373698));
#5644=CARTESIAN_POINT('',(0.0121661204722144,0.0325617323010733,0.0340099491373698));
#5645=CARTESIAN_POINT('',(0.012438038093881,0.0329970377366001,0.0340099491373698));
#5646=CARTESIAN_POINT('',(0.0125503072463645,0.0332301614113963,0.0340099491373698));
#5647=CARTESIAN_POINT('',(0.0126819531887339,0.0335954741101764,0.0340099491373698));
#5648=CARTESIAN_POINT('',(0.0127574263306735,0.0338440066695304,0.0340099491373698));
#5649=CARTESIAN_POINT('',(0.0128326932449897,0.0342253685402471,0.0340099491373698));
#5650=CARTESIAN_POINT('',(0.0128716270630593,0.0346109919799176,0.0340099491373698));
#5651=CARTESIAN_POINT('',(0.0128749254800108,0.0348711688502419,0.0340099491373698));
#5652=CARTESIAN_POINT('',(0.0128749254014757,0.035005,0.0340099491373698));
#5653=CARTESIAN_POINT('',(0.009,0.0310675,0.03401));
#5654=CARTESIAN_POINT('',(0.00913365069858752,0.0310674999215562,0.0340099999999994));
#5655=CARTESIAN_POINT('',(0.00939690464096146,0.0310707842159015,0.0340100000000003));
#5656=CARTESIAN_POINT('',(0.0097869148563668,0.031110146862541,0.0340099999999999));
#5657=CARTESIAN_POINT('',(0.0101708873367456,0.0311854647006152,0.03401));
#5658=CARTESIAN_POINT('',(0.0104242694519359,0.0312620892493181,0.03401));
#5659=CARTESIAN_POINT('',(0.0107962994764539,0.0313954337687057,0.03401));
#5660=CARTESIAN_POINT('',(0.0110317101496529,0.0315082037416228,0.03401));
#5661=CARTESIAN_POINT('',(0.0114749764998859,0.0317847341898435,0.03401));
#5662=CARTESIAN_POINT('',(0.0118914419121368,0.0321125231278314,0.03401));
#5663=CARTESIAN_POINT('',(0.0122167495566941,0.0325246774511939,0.03401));
#5664=CARTESIAN_POINT('',(0.0124935548033898,0.032967794834327,0.03401));
#5665=CARTESIAN_POINT('',(0.0126077229622801,0.0332049210702695,0.03401));
#5666=CARTESIAN_POINT('',(0.0127415455099633,0.0335762645114728,0.03401));
#5667=CARTESIAN_POINT('',(0.0128182421420181,0.0338288297984782,0.03401));
#5668=CARTESIAN_POINT('',(0.0128946908597154,0.0342162576582382,0.03401));
#5669=CARTESIAN_POINT('',(0.0129341880950722,0.0346074107439838,0.03401));
#5670=CARTESIAN_POINT('',(0.0129375000785546,0.0348711687893732,0.03401));
#5671=CARTESIAN_POINT('',(0.0129375,0.035005,0.03401));
#5672=CARTESIAN_POINT('',(0.009,0.031005,0.03401));
#5673=CARTESIAN_POINT('',(0.00913365075930187,0.0310049999215367,0.03401));
#5674=CARTESIAN_POINT('',(0.00940047250353859,0.0310082974419936,0.03401));
#5675=CARTESIAN_POINT('',(0.00979598797373956,0.0310482209042902,0.03401));
#5676=CARTESIAN_POINT('',(0.0101859629866295,0.0311247010813921,0.03401));
#5677=CARTESIAN_POINT('',(0.0104433847063757,0.0312025462154975,0.03401));
#5678=CARTESIAN_POINT('',(0.0108214461569744,0.0313380557270674,0.03401));
#5679=CARTESIAN_POINT('',(0.0110608228965885,0.0314526972463482,0.03401));
#5680=CARTESIAN_POINT('',(0.011511891941645,0.0317341026697904,0.03401));
#5681=CARTESIAN_POINT('',(0.0119360376413663,0.0320679053723723,0.03401));
#5682=CARTESIAN_POINT('',(0.0122673182835354,0.0324876667763821,0.03401));
#5683=CARTESIAN_POINT('',(0.0125490053284611,0.0329385867940811,0.03401));
#5684=CARTESIAN_POINT('',(0.0126650702298511,0.0331797108195028,0.03401));
#5685=CARTESIAN_POINT('',(0.0128010667880006,0.0335570778135589,0.03401));
#5686=CARTESIAN_POINT('',(0.0128789854515826,0.0338136710205854,0.03401));
#5687=CARTESIAN_POINT('',(0.0129566145637701,0.0342071576377989,0.03401));
#5688=CARTESIAN_POINT('',(0.0129966745447342,0.0346038337774329,0.03401));
#5689=CARTESIAN_POINT('',(0.0130000000785741,0.034871168728577,0.03401));
#5690=CARTESIAN_POINT('',(0.013,0.035005,0.03401));
#5691=CARTESIAN_POINT('',(0.011,0.035005,0.03201));
#5692=CARTESIAN_POINT('',(0.0109999999999799,0.035005,0.03226));
#5693=CARTESIAN_POINT('',(0.0110260416666484,0.035005,0.0327964583333333));
#5694=CARTESIAN_POINT('',(0.0114401041666596,0.035005,0.0335698958333333));
#5695=CARTESIAN_POINT('',(0.0122135416666624,0.035005,0.0339839583333333));
#5696=CARTESIAN_POINT('',(0.01275,0.035005,0.03401));
#5697=CARTESIAN_POINT('',(0.013,0.035005,0.03401));
#5698=CARTESIAN_POINT('',(0.011,0.07945,0.03201));
#5699=CARTESIAN_POINT('',(0.011,0.0795836488164687,0.0320099999999986));
#5700=CARTESIAN_POINT('',(0.0109971258290664,0.0797363009010585,0.0320100000000006));
#5701=CARTESIAN_POINT('',(0.0109751484220546,0.0799556482178145,0.03201));
#5702=CARTESIAN_POINT('',(0.0109358631058687,0.0801535421903422,0.03201));
#5703=CARTESIAN_POINT('',(0.0108970767030617,0.0802816965642984,0.03201));
#5704=CARTESIAN_POINT('',(0.010830846938876,0.0804667523803255,0.03201));
#5705=CARTESIAN_POINT('',(0.0107760949042798,0.0805792149946881,0.03201));
#5706=CARTESIAN_POINT('',(0.0106506886890975,0.0807805978053127,0.03201));
#5707=CARTESIAN_POINT('',(0.0105093264526608,0.0809589743057485,0.03201));
#5708=CARTESIAN_POINT('',(0.0103329916296006,0.0810991190252001,0.03201));
#5709=CARTESIAN_POINT('',(0.0101317559180899,0.0812245885255931,0.03201));
#5710=CARTESIAN_POINT('',(0.0100185611559649,0.0812799576659433,0.03201));
#5711=CARTESIAN_POINT('',(0.00983394785319372,0.0813463858916246,0.03201));
#5712=CARTESIAN_POINT('',(0.00970624808684614,0.0813851995479235,0.03201));
#5713=CARTESIAN_POINT('',(0.00950664170814297,0.0814250560243792,0.03201));
#5714=CARTESIAN_POINT('',(0.00928670329293844,0.0814471081917128,0.03201));
#5715=CARTESIAN_POINT('',(0.00913382932593962,0.08145,0.03201));
#5716=CARTESIAN_POINT('',(0.009,0.08145,0.03201));
#5717=CARTESIAN_POINT('',(0.011,0.07945,0.0320725));
#5718=CARTESIAN_POINT('',(0.0110000000162183,0.0795836488164687,0.0320724999999986));
#5719=CARTESIAN_POINT('',(0.0109971258215425,0.0797363009010585,0.0320725000000006));
#5720=CARTESIAN_POINT('',(0.0109751484240607,0.0799556482178145,0.0320725));
#5721=CARTESIAN_POINT('',(0.0109358631053684,0.0801535421903421,0.0320725));
#5722=CARTESIAN_POINT('',(0.0108970767028917,0.0802816965642989,0.0320725));
#5723=CARTESIAN_POINT('',(0.0108308469392159,0.0804667523803247,0.0320725));
#5724=CARTESIAN_POINT('',(0.0107760949044018,0.0805792149946799,0.0320725));
#5725=CARTESIAN_POINT('',(0.0106506886889755,0.0807805978053209,0.0320725));
#5726=CARTESIAN_POINT('',(0.0105093264527177,0.0809589743058055,0.0320725));
#5727=CARTESIAN_POINT('',(0.0103329916296087,0.081099119025078,0.0320725));
#5728=CARTESIAN_POINT('',(0.0101317559180817,0.0812245885257153,0.0320725));
#5729=CARTESIAN_POINT('',(0.0100185611559641,0.0812799576662837,0.0320725));
#5730=CARTESIAN_POINT('',(0.00983394785319413,0.0813463858914544,0.0320725));
#5731=CARTESIAN_POINT('',(0.00970624808684595,0.0813851995474225,0.0320725));
#5732=CARTESIAN_POINT('',(0.00950664170814302,0.081425056026388,0.0320725));
#5733=CARTESIAN_POINT('',(0.00928670329293842,0.0814471081841785,0.0320725));
#5734=CARTESIAN_POINT('',(0.00913382932593962,0.0814500000162408,0.0320725));
#5735=CARTESIAN_POINT('',(0.009,0.08145,0.0320725));
#5736=CARTESIAN_POINT('',(0.0110000508626302,0.07945,0.0321350745985243));
#5737=CARTESIAN_POINT('',(0.0110000508910424,0.0795836488165181,0.0321350745985229));
#5738=CARTESIAN_POINT('',(0.0109971766677524,0.0797363038045925,0.032135074598525));
#5739=CARTESIAN_POINT('',(0.0109751988210428,0.0799556556015364,0.0321350745985243));
#5740=CARTESIAN_POINT('',(0.0109359125545522,0.0801535544589372,0.0321350745985243));
#5741=CARTESIAN_POINT('',(0.0108971251590088,0.0802817121203331,0.0321350745985243));
#5742=CARTESIAN_POINT('',(0.0108308936338414,0.080466772844745,0.0321350745985243));
#5743=CARTESIAN_POINT('',(0.010776140075795,0.0805792386866879,0.0321350745985243));
#5744=CARTESIAN_POINT('',(0.0106507298929203,0.0807806278471905,0.0321350745985243));
#5745=CARTESIAN_POINT('',(0.0105093627627828,0.0809590105979457,0.0321350745985243));
#5746=CARTESIAN_POINT('',(0.0103330217489791,0.0810991601779214,0.0321350745985243));
#5747=CARTESIAN_POINT('',(0.0101317796876396,0.08122463365156,0.0321350745985243));
#5748=CARTESIAN_POINT('',(0.0100185816721181,0.0812800043358656,0.0321350745985243));
#5749=CARTESIAN_POINT('',(0.00983396346736917,0.0813464343298665,0.0321350745985243));
#5750=CARTESIAN_POINT('',(0.00970626042309084,0.0813852489800777,0.0321350745985243));
#5751=CARTESIAN_POINT('',(0.00950664911375865,0.0814251064215377,0.0321350745985243));
#5752=CARTESIAN_POINT('',(0.00928670620388124,0.0814471590301168,0.0321350745985243));
#5753=CARTESIAN_POINT('',(0.0091338293259891,0.0814500508910817,0.0321350745985243));
#5754=CARTESIAN_POINT('',(0.009,0.0814500508626302,0.0321350745985243));
#5755=CARTESIAN_POINT('',(0.0110035400390625,0.07945,0.0322620616319444));
#5756=CARTESIAN_POINT('',(0.0110035400864896,0.0795836488199077,0.032262061631943));
#5757=CARTESIAN_POINT('',(0.0110006650969933,0.0797365029870247,0.0322620616319451));
#5758=CARTESIAN_POINT('',(0.0109786559528998,0.0799561621248533,0.0322620616319444));
#5759=CARTESIAN_POINT('',(0.0109393047937758,0.0801543960845734,0.0322620616319445));
#5760=CARTESIAN_POINT('',(0.0109004492572146,0.0802827792642581,0.0322620616319444));
#5761=CARTESIAN_POINT('',(0.0108340968680098,0.0804681767040244,0.0322620616319444));
#5762=CARTESIAN_POINT('',(0.0107792388272204,0.0805808639588461,0.0322620616319444));
#5763=CARTESIAN_POINT('',(0.0106535564896813,0.08078268871903,0.0322620616319444));
#5764=CARTESIAN_POINT('',(0.0105118536303825,0.080961500235891,0.0322620616319444));
#5765=CARTESIAN_POINT('',(0.0103350879373774,0.0811019832691367,0.0322620616319444));
#5766=CARTESIAN_POINT('',(0.0101334102797206,0.081227729278347,0.0322620616319444));
#5767=CARTESIAN_POINT('',(0.0100199890803223,0.0812832058520161,0.0322620616319445));
#5768=CARTESIAN_POINT('',(0.00983503459975645,0.0813497572135157,0.0322620616319444));
#5769=CARTESIAN_POINT('',(0.00970710668949967,0.0813886400854768,0.0322620616319445));
#5770=CARTESIAN_POINT('',(0.00950715713898832,0.0814285634275534,0.0322620616319444));
#5771=CARTESIAN_POINT('',(0.00928690589455943,0.0814506474412438,0.0322620616319445));
#5772=CARTESIAN_POINT('',(0.00913382932938319,0.0814535400865551,0.0322620616319444));
#5773=CARTESIAN_POINT('',(0.009,0.0814535400390625,0.0322620616319444));
#5774=CARTESIAN_POINT('',(0.0110069715711806,0.07945,0.0323264605034722));
#5775=CARTESIAN_POINT('',(0.0110069716254255,0.0795836488232412,0.0323264605034707));
#5776=CARTESIAN_POINT('',(0.0110040958997768,0.0797366988787851,0.0323264605034729));
#5777=CARTESIAN_POINT('',(0.0109820559683778,0.0799566602799522,0.0323264605034722));
#5778=CARTESIAN_POINT('',(0.0109426409905411,0.0801552238058017,0.0323264605034722));
#5779=CARTESIAN_POINT('',(0.0109037184384705,0.0802838287780112,0.0323264605034722));
#5780=CARTESIAN_POINT('',(0.0108372471816367,0.0804695573702939,0.0323264605034722));
#5781=CARTESIAN_POINT('',(0.0107822863844124,0.0805824623800611,0.0323264605034722));
#5782=CARTESIAN_POINT('',(0.010656336388626,0.0807847155434182,0.0323264605034722));
#5783=CARTESIAN_POINT('',(0.0105143033465807,0.0809639487427498,0.0323264605034722));
#5784=CARTESIAN_POINT('',(0.0103371199904901,0.0811047597204505,0.0323264605034722));
#5785=CARTESIAN_POINT('',(0.0101350139329685,0.0812307737625222,0.0323264605034722));
#5786=CARTESIAN_POINT('',(0.0100213732368853,0.081286354476008,0.0323264605034722));
#5787=CARTESIAN_POINT('',(0.00983608803607872,0.0813530252002808,0.0323264605034722));
#5788=CARTESIAN_POINT('',(0.00970793897483093,0.0813919751671498,0.0323264605034722));
#5789=CARTESIAN_POINT('',(0.00950765677118694,0.0814319633192671,0.0323264605034722));
#5790=CARTESIAN_POINT('',(0.00928710228616908,0.0814540782262205,0.0323264605034723));
#5791=CARTESIAN_POINT('',(0.00913382933272121,0.0814569716255004,0.0323264605034721));
#5792=CARTESIAN_POINT('',(0.009,0.0814569715711805,0.0323264605034722));
#5793=CARTESIAN_POINT('',(0.0110256076388889,0.07945,0.0325225868055556));
#5794=CARTESIAN_POINT('',(0.0110256077085345,0.0795836488413452,0.0325225868055539));
#5795=CARTESIAN_POINT('',(0.0110227280166257,0.0797377627336419,0.0325225868055563));
#5796=CARTESIAN_POINT('',(0.0110005208718959,0.0799593656756272,0.0325225868055555));
#5797=CARTESIAN_POINT('',(0.0109607593088189,0.0801597190191133,0.0325225868055556));
#5798=CARTESIAN_POINT('',(0.0109214728064666,0.0802895285088277,0.0325225868055556));
#5799=CARTESIAN_POINT('',(0.0108543559990625,0.0804770555341463,0.0325225868055555));
#5800=CARTESIAN_POINT('',(0.0107988371493952,0.0805911431340224,0.0325225868055555));
#5801=CARTESIAN_POINT('',(0.0106714335474843,0.0807957228821797,0.0325225868055556));
#5802=CARTESIAN_POINT('',(0.0105276073388225,0.0809772461672747,0.0325225868055555));
#5803=CARTESIAN_POINT('',(0.0103481557255654,0.081119838155812,0.0325225868055556));
#5804=CARTESIAN_POINT('',(0.0101437231012112,0.0812473078384733,0.0325225868055556));
#5805=CARTESIAN_POINT('',(0.0100288903559283,0.0813034541173126,0.0325225868055555));
#5806=CARTESIAN_POINT('',(0.00984180906970188,0.0813707730812007,0.0325225868055556));
#5807=CARTESIAN_POINT('',(0.00971245897500972,0.0814100874295522,0.0325225868055556));
#5808=CARTESIAN_POINT('',(0.00951037018873987,0.0814504275506381,0.0325225868055555));
#5809=CARTESIAN_POINT('',(0.00928816885562233,0.0814727102463769,0.0325225868055557));
#5810=CARTESIAN_POINT('',(0.00913382935084944,0.0814756077086305,0.0325225868055552));
#5811=CARTESIAN_POINT('',(0.009,0.0814756076388889,0.0325225868055556));
#5812=CARTESIAN_POINT('',(0.0110494791666667,0.07945,0.0326575694444445));
#5813=CARTESIAN_POINT('',(0.0110494792400702,0.079583648864535,0.0326575694444426));
#5814=CARTESIAN_POINT('',(0.0110465944910312,0.0797391254589316,0.0326575694444453));
#5815=CARTESIAN_POINT('',(0.0110241731480806,0.0799628311024016,0.0326575694444443));
#5816=CARTESIAN_POINT('',(0.0109839676354898,0.0801654770798328,0.0326575694444445));
#5817=CARTESIAN_POINT('',(0.0109442149374004,0.0802968294740652,0.0326575694444445));
#5818=CARTESIAN_POINT('',(0.0108762712233779,0.0804866601690671,0.0326575694444444));
#5819=CARTESIAN_POINT('',(0.0108200375469241,0.0806022625859752,0.0326575694444444));
#5820=CARTESIAN_POINT('',(0.0106907719752541,0.0808098225300757,0.0326575694444444));
#5821=CARTESIAN_POINT('',(0.0105446488426568,0.080994279258313,0.0326575694444444));
#5822=CARTESIAN_POINT('',(0.0103622917471968,0.0811391526000634,0.0326575694444444));
#5823=CARTESIAN_POINT('',(0.0101548789499143,0.081268486858494,0.0326575694444444));
#5824=CARTESIAN_POINT('',(0.0100385192711515,0.0813253575876442,0.0326575694444444));
#5825=CARTESIAN_POINT('',(0.00984913732237743,0.0813935069026339,0.0326575694444444));
#5826=CARTESIAN_POINT('',(0.0097182487860104,0.0814332879990617,0.0326575694444445));
#5827=CARTESIAN_POINT('',(0.00951384589099104,0.0814740789658457,0.0326575694444444));
#5828=CARTESIAN_POINT('',(0.00928953505812431,0.0814965765969361,0.0326575694444448));
#5829=CARTESIAN_POINT('',(0.00913382937407045,0.0814994792401712,0.0326575694444438));
#5830=CARTESIAN_POINT('',(0.009,0.0814994791666667,0.0326575694444445));
#5831=CARTESIAN_POINT('',(0.0111276041666667,0.07945,0.0329249305555556));
#5832=CARTESIAN_POINT('',(0.0111276042441492,0.079583648940429,0.0329249305555533));
#5833=CARTESIAN_POINT('',(0.011124702956535,0.0797435852871526,0.0329249305555566));
#5834=CARTESIAN_POINT('',(0.0111015805963957,0.0799741724991176,0.0329249305555554));
#5835=CARTESIAN_POINT('',(0.0110599221593937,0.0801843216421878,0.0329249305555556));
#5836=CARTESIAN_POINT('',(0.0110186437296336,0.0803207235421151,0.0329249305555556));
#5837=CARTESIAN_POINT('',(0.0109479937755108,0.0805180935197175,0.0329249305555555));
#5838=CARTESIAN_POINT('',(0.0108894206660479,0.0806386535196426,0.0329249305555555));
#5839=CARTESIAN_POINT('',(0.01075406137529,0.0808559668322767,0.0329249305555556));
#5840=CARTESIAN_POINT('',(0.010600421036995,0.0810500239198642,0.0329249305555555));
#5841=CARTESIAN_POINT('',(0.0104085550907137,0.0812023635085846,0.0329249305555555));
#5842=CARTESIAN_POINT('',(0.0101913890002196,0.0813378000148637,0.0329249305555555));
#5843=CARTESIAN_POINT('',(0.0100700320846098,0.081397041672193,0.0329249305555555));
#5844=CARTESIAN_POINT('',(0.00987312069476992,0.081467908500138,0.0329249305555556));
#5845=CARTESIAN_POINT('',(0.00973719725837633,0.081509217135892,0.0329249305555556));
#5846=CARTESIAN_POINT('',(0.00952522091654026,0.0815514835964162,0.0329249305555553));
#5847=CARTESIAN_POINT('',(0.00929400626631264,0.0815746846571302,0.0329249305555563));
#5848=CARTESIAN_POINT('',(0.00913382945006649,0.0815776042442554,0.032924930555554));
#5849=CARTESIAN_POINT('',(0.009,0.0815776041666667,0.0329249305555556));
#5850=CARTESIAN_POINT('',(0.011181640625,0.07945,0.033056875));
#5851=CARTESIAN_POINT('',(0.011181640702702,0.0795836489929223,0.0330568749999975));
#5852=CARTESIAN_POINT('',(0.0111787279797154,0.0797466700016721,0.0330568750000011));
#5853=CARTESIAN_POINT('',(0.0111551207478251,0.0799820169651795,0.0330568749999998));
#5854=CARTESIAN_POINT('',(0.0111124573718408,0.0801973557978166,0.033056875));
#5855=CARTESIAN_POINT('',(0.0110701236442888,0.0803372502725162,0.033056875));
#5856=CARTESIAN_POINT('',(0.0109976018740148,0.0805398349205841,0.033056875));
#5857=CARTESIAN_POINT('',(0.0109374106567555,0.0806638239154307,0.033056875));
#5858=CARTESIAN_POINT('',(0.0107978365436676,0.0808878833079644,0.033056875));
#5859=CARTESIAN_POINT('',(0.0106389968047365,0.0810885806440946,0.033056875));
#5860=CARTESIAN_POINT('',(0.0104405539033115,0.0812460843869979,0.033056875));
#5861=CARTESIAN_POINT('',(0.0102166417850154,0.0813857416146664,0.033056875));
#5862=CARTESIAN_POINT('',(0.0100918284472518,0.0814466231639515,0.033056875));
#5863=CARTESIAN_POINT('',(0.009889709194008,0.0815193696051056,0.033056875));
#5864=CARTESIAN_POINT('',(0.00975030328509614,0.0815617347889468,0.033056875));
#5865=CARTESIAN_POINT('',(0.00953308864254513,0.0816050217989052,0.0330568749999997));
#5866=CARTESIAN_POINT('',(0.00929709885197625,0.0816287093999731,0.033056875000001));
#5867=CARTESIAN_POINT('',(0.00913382950263041,0.0816316407028083,0.0330568749999979));
#5868=CARTESIAN_POINT('',(0.009,0.081631640625,0.033056875));
#5869=CARTESIAN_POINT('',(0.0113193359375,0.07945,0.033301015625));
#5870=CARTESIAN_POINT('',(0.0113193360154982,0.079583649126685,0.0333010156249973));
#5871=CARTESIAN_POINT('',(0.0113163941533637,0.0797545304489116,0.0333010156250012));
#5872=CARTESIAN_POINT('',(0.0112915513746278,0.0800020061768916,0.0333010156249998));
#5873=CARTESIAN_POINT('',(0.0112463272204339,0.0802305693389671,0.033301015625));
#5874=CARTESIAN_POINT('',(0.0112013043906719,0.080379363567454,0.033301015625));
#5875=CARTESIAN_POINT('',(0.0111240128720044,0.0805952362011056,0.033301015625));
#5876=CARTESIAN_POINT('',(0.0110596984041592,0.080727962936023,0.033301015625));
#5877=CARTESIAN_POINT('',(0.0109093841112826,0.0809692126405901,0.033301015625));
#5878=CARTESIAN_POINT('',(0.0107372952972334,0.0811868306100542,0.033301015625));
#5879=CARTESIAN_POINT('',(0.0105220930462564,0.0813574936133182,0.033301015625));
#5880=CARTESIAN_POINT('',(0.010280990748682,0.081507906052716,0.033301015625));
#5881=CARTESIAN_POINT('',(0.0101473697809723,0.0815729663628243,0.033301015625));
#5882=CARTESIAN_POINT('',(0.00993197988784959,0.0816505024207788,0.033301015625));
#5883=CARTESIAN_POINT('',(0.00978369996764119,0.0816955598928233,0.033301015625));
#5884=CARTESIAN_POINT('',(0.00955313712507561,0.081741447459432,0.0333010156249996));
#5885=CARTESIAN_POINT('',(0.00930497935640819,0.0817663748592671,0.0333010156250014));
#5886=CARTESIAN_POINT('',(0.00913382963657342,0.0817693360156047,0.033301015624997));
#5887=CARTESIAN_POINT('',(0.009,0.0817693359375,0.033301015625));
#5888=CARTESIAN_POINT('',(0.0114027777777778,0.07945,0.0334127777777778));
#5889=CARTESIAN_POINT('',(0.0114027778557511,0.0795836492077438,0.0334127777777751));
#5890=CARTESIAN_POINT('',(0.0113998183359135,0.0797592937932199,0.033412777777779));
#5891=CARTESIAN_POINT('',(0.0113742268293002,0.0800141194186619,0.0334127777777775));
#5892=CARTESIAN_POINT('',(0.0113274508717942,0.0802506963784824,0.0334127777777778));
#5893=CARTESIAN_POINT('',(0.0112807984757558,0.0804048837595794,0.0334127777777778));
#5894=CARTESIAN_POINT('',(0.0112006165421767,0.0806288087658976,0.0334127777777777));
#5895=CARTESIAN_POINT('',(0.0111338034299681,0.0807668304749007,0.0334127777777777));
#5896=CARTESIAN_POINT('',(0.0109769807066316,0.0810184973189109,0.0334127777777778));
#5897=CARTESIAN_POINT('',(0.0107968630992265,0.0812463690055011,0.0334127777777778));
#5898=CARTESIAN_POINT('',(0.0105715048673159,0.0814250063753689,0.0334127777777778));
#5899=CARTESIAN_POINT('',(0.0103199855107464,0.0815819363544168,0.0334127777777778));
#5900=CARTESIAN_POINT('',(0.0101810272164578,0.0816495289474797,0.0334127777777778));
#5901=CARTESIAN_POINT('',(0.00995759546197424,0.0817299674603812,0.0334127777777778));
#5902=CARTESIAN_POINT('',(0.00980393798882098,0.0817766564293788,0.0334127777777778));
#5903=CARTESIAN_POINT('',(0.00956528628430803,0.0818241199045959,0.0334127777777773));
#5904=CARTESIAN_POINT('',(0.00930975485515379,0.0818497986089262,0.0334127777777794));
#5905=CARTESIAN_POINT('',(0.0091338297177414,0.0818527778558575,0.0334127777777743));
#5906=CARTESIAN_POINT('',(0.009,0.0818527777777778,0.0334127777777778));
#5907=CARTESIAN_POINT('',(0.0115972222222222,0.07945,0.0336072222222222));
#5908=CARTESIAN_POINT('',(0.0115972223002559,0.0795836493966348,0.0336072222222197));
#5909=CARTESIAN_POINT('',(0.0115942216325158,0.0797703938101256,0.0336072222222234));
#5910=CARTESIAN_POINT('',(0.0115668853660806,0.0800423468949329,0.033607222222222));
#5911=CARTESIAN_POINT('',(0.0115164932427106,0.0802975984003436,0.0336072222222222));
#5912=CARTESIAN_POINT('',(0.011466043469864,0.0804643534400589,0.0336072222222222));
#5913=CARTESIAN_POINT('',(0.0113791260050513,0.0807070428830723,0.0336072222222222));
#5914=CARTESIAN_POINT('',(0.0113064903041557,0.0808574034653671,0.0336072222222222));
#5915=CARTESIAN_POINT('',(0.0111345009912411,0.0811333453599394,0.0336072222222222));
#5916=CARTESIAN_POINT('',(0.0109356738939884,0.0813851112742152,0.0336072222222222));
#5917=CARTESIAN_POINT('',(0.0106866491889527,0.0815823313033195,0.0336072222222222));
#5918=CARTESIAN_POINT('',(0.0104108549692892,0.081754449099083,0.0336072222222222));
#5919=CARTESIAN_POINT('',(0.0102594591077322,0.0818279426688119,0.0336072222222222));
#5920=CARTESIAN_POINT('',(0.0100172874110398,0.0819151447698305,0.0336072222222222));
#5921=CARTESIAN_POINT('',(0.00985109863115409,0.0819656356146906,0.0336072222222222));
#5922=CARTESIAN_POINT('',(0.00959359745900829,0.0820167714283214,0.0336072222222217));
#5923=CARTESIAN_POINT('',(0.00932088319553365,0.0820442008967638,0.033607222222224));
#5924=CARTESIAN_POINT('',(0.00913382990688709,0.0820472223003621,0.0336072222222184));
#5925=CARTESIAN_POINT('',(0.009,0.0820472222222222,0.0336072222222222));
#5926=CARTESIAN_POINT('',(0.011708984375,0.07945,0.0336906640625));
#5927=CARTESIAN_POINT('',(0.0117089844530683,0.079583649505205,0.0336906640624976));
#5928=CARTESIAN_POINT('',(0.0117059601344691,0.0797767738421641,0.0336906640625011));
#5929=CARTESIAN_POINT('',(0.0116776210205917,0.0800585713930128,0.0336906640624998));
#5930=CARTESIAN_POINT('',(0.0116251504090298,0.0803245565937125,0.0336906640625));
#5931=CARTESIAN_POINT('',(0.0115725179921473,0.0804985352318524,0.0336906640625));
#5932=CARTESIAN_POINT('',(0.011481729100342,0.0807520100374752,0.0336906640625));
#5933=CARTESIAN_POINT('',(0.0114057467106363,0.0809094627176999,0.0336906640625));
#5934=CARTESIAN_POINT('',(0.0112250399941137,0.0811993573478073,0.0336906640625));
#5935=CARTESIAN_POINT('',(0.0110154591164241,0.0814648571094693,0.0336906640625));
#5936=CARTESIAN_POINT('',(0.0107528314720364,0.0816727580197197,0.0336906640625));
#5937=CARTESIAN_POINT('',(0.01046308462459,0.0818536054199571,0.0336906640625));
#5938=CARTESIAN_POINT('',(0.0103045399380963,0.0819304907340866,0.0336906640625));
#5939=CARTESIAN_POINT('',(0.0100515969576566,0.082021580388543,0.0336906640625));
#5940=CARTESIAN_POINT('',(0.00987820547356655,0.0820742564633909,0.0336906640625));
#5941=CARTESIAN_POINT('',(0.0096098700650023,0.0821275030518914,0.0336906640624995));
#5942=CARTESIAN_POINT('',(0.00932727950724752,0.0821559388189025,0.0336906640625018));
#5943=CARTESIAN_POINT('',(0.00913383001560366,0.0821589844531744,0.0336906640624963));
#5944=CARTESIAN_POINT('',(0.009,0.082158984375,0.0336906640625));
#5945=CARTESIAN_POINT('',(0.011953125,0.07945,0.033828359375));
#5946=CARTESIAN_POINT('',(0.0119531250781441,0.0795836497423732,0.0338283593749976));
#5947=CARTESIAN_POINT('',(0.0119500490950468,0.0797907108053547,0.0338283593750011));
#5948=CARTESIAN_POINT('',(0.011919519295009,0.0800940132577505,0.0338283593749998));
#5949=CARTESIAN_POINT('',(0.0118625082966201,0.0803834458510717,0.033828359375));
#5950=CARTESIAN_POINT('',(0.0118051079680087,0.0805732041945079,0.033828359375));
#5951=CARTESIAN_POINT('',(0.0117058620754915,0.0808502392582582,0.033828359375));
#5952=CARTESIAN_POINT('',(0.0116225689578026,0.0810231843854172,0.033828359375));
#5953=CARTESIAN_POINT('',(0.0114228193693209,0.081343558292179,0.033828359375));
#5954=CARTESIAN_POINT('',(0.0111897472236865,0.0816390591767721,0.033828359375));
#5955=CARTESIAN_POINT('',(0.0108974044205201,0.0818702921089435,0.033828359375));
#5956=CARTESIAN_POINT('',(0.0105771785318005,0.0820702090335168,0.033828359375));
#5957=CARTESIAN_POINT('',(0.010403017480154,0.082154503498036,0.033828359375));
#5958=CARTESIAN_POINT('',(0.0101265449963829,0.0822540853808762,0.033828359375));
#5959=CARTESIAN_POINT('',(0.00993741944971026,0.0823115350163772,0.033828359375));
#5960=CARTESIAN_POINT('',(0.00964541701984359,0.0823693925208548,0.0338283593749996));
#5961=CARTESIAN_POINT('',(0.00934125203283605,0.0824000265128951,0.0338283593750014));
#5962=CARTESIAN_POINT('',(0.00913383025309133,0.0824031250782497,0.033828359374997));
#5963=CARTESIAN_POINT('',(0.009,0.082403125,0.033828359375));
#5964=CARTESIAN_POINT('',(0.0120850694444444,0.07945,0.0338823958333333));
#5965=CARTESIAN_POINT('',(0.0120850695226295,0.0795836498705495,0.0338823958333309));
#5966=CARTESIAN_POINT('',(0.0120819656177412,0.0797982429596835,0.0338823958333344));
#5967=CARTESIAN_POINT('',(0.0120502518735386,0.0801131676166486,0.0338823958333331));
#5968=CARTESIAN_POINT('',(0.0119907870483134,0.080415272223049,0.0338823958333333));
#5969=CARTESIAN_POINT('',(0.0119308099282964,0.0806135586205476,0.0338823958333333));
#5970=CARTESIAN_POINT('',(0.0118269934967279,0.0809033266949124,0.0338823958333333));
#5971=CARTESIAN_POINT('',(0.0117397493367156,0.0810846446289479,0.0338823958333333));
#5972=CARTESIAN_POINT('',(0.0115297081338774,0.0814214908914483,0.0338823958333333));
#5973=CARTESIAN_POINT('',(0.0112839402629893,0.0817332057162566,0.0338823958333333));
#5974=CARTESIAN_POINT('',(0.010975538067345,0.081977048310053,0.0338823958333333));
#5975=CARTESIAN_POINT('',(0.0106388399500973,0.0821872712531118,0.0338823958333333));
#5976=CARTESIAN_POINT('',(0.0104562391206616,0.0822755699517972,0.0338823958333333));
#5977=CARTESIAN_POINT('',(0.0101670502475345,0.0823797414122882,0.0338823958333333));
#5978=CARTESIAN_POINT('',(0.00996942131415058,0.0824397708921245,0.0338823958333333));
#5979=CARTESIAN_POINT('',(0.00966462817410449,0.0825001203405257,0.033882395833333));
#5980=CARTESIAN_POINT('',(0.00934880340666521,0.0825319423510706,0.0338823958333344));
#5981=CARTESIAN_POINT('',(0.00913383038144023,0.0825350695227348,0.033882395833331));
#5982=CARTESIAN_POINT('',(0.009,0.0825350694444444,0.0338823958333333));
#5983=CARTESIAN_POINT('',(0.0123524305555556,0.07945,0.0339605208333333));
#5984=CARTESIAN_POINT('',(0.0123524306338236,0.0795836501302751,0.0339605208333309));
#5985=CARTESIAN_POINT('',(0.0123492701505693,0.0798135054829286,0.0339605208333344));
#5986=CARTESIAN_POINT('',(0.0123151573616116,0.0801519803965214,0.0339605208333331));
#5987=CARTESIAN_POINT('',(0.0122507203083235,0.0804797625031081,0.0339605208333333));
#5988=CARTESIAN_POINT('',(0.0121855217951953,0.0806953294312069,0.0339605208333333));
#5989=CARTESIAN_POINT('',(0.0120724440081805,0.0810108986060276,0.0339605208333333));
#5990=CARTESIAN_POINT('',(0.0119771937887235,0.0812091824908392,0.0339605208333333));
#5991=CARTESIAN_POINT('',(0.0117462985252154,0.0815794069478624,0.0339605208333333));
#5992=CARTESIAN_POINT('',(0.0114748051057869,0.0819239763357384,0.0339605208333333));
#5993=CARTESIAN_POINT('',(0.0111338615095956,0.0821933700859851,0.0339605208333333));
#5994=CARTESIAN_POINT('',(0.0107637854555936,0.0824244762770279,0.0339605208333333));
#5995=CARTESIAN_POINT('',(0.0105640829711638,0.0825208888186289,0.0339605208333333));
#5996=CARTESIAN_POINT('',(0.0102491266774995,0.082634360212781,0.0339605208333333));
#5997=CARTESIAN_POINT('',(0.0100342671973586,0.0826996172719282,0.0339605208333333));
#5998=CARTESIAN_POINT('',(0.00970355603931735,0.0827650161856483,0.0339605208333332));
#5999=CARTESIAN_POINT('',(0.00936410487468749,0.0827992454968472,0.0339605208333339));
#6000=CARTESIAN_POINT('',(0.00913383064151563,0.0828024306339286,0.0339605208333322));
#6001=CARTESIAN_POINT('',(0.009,0.0828024305555556,0.0339605208333333));
#6002=CARTESIAN_POINT('',(0.0124874131944444,0.07945,0.0339843923611111));
#6003=CARTESIAN_POINT('',(0.0124874132727544,0.0795836502614028,0.0339843923611088));
#6004=CARTESIAN_POINT('',(0.0124842242247731,0.0798212110750215,0.0339843923611122));
#6005=CARTESIAN_POINT('',(0.0124489002297783,0.0801715758097364,0.0339843923611108));
#6006=CARTESIAN_POINT('',(0.0123819528470624,0.0805123217191769,0.0339843923611111));
#6007=CARTESIAN_POINT('',(0.012314118208516,0.080736613071004,0.0339843923611111));
#6008=CARTESIAN_POINT('',(0.0121963646397743,0.0810652084507627,0.0339843923611111));
#6009=CARTESIAN_POINT('',(0.0120970724000457,0.081272057937346,0.0339843923611111));
#6010=CARTESIAN_POINT('',(0.0118556485442189,0.0816591340477728,0.0339843923611111));
#6011=CARTESIAN_POINT('',(0.0115711670637578,0.0820202907231715,0.0339843923611111));
#6012=CARTESIAN_POINT('',(0.0112137942864461,0.0823025844890938,0.0339843923611111));
#6013=CARTESIAN_POINT('',(0.0108268667091802,0.0825442340082582,0.0339843923611111));
#6014=CARTESIAN_POINT('',(0.0106185301099726,0.0826447429867859,0.0339843923611111));
#6015=CARTESIAN_POINT('',(0.0102905646153553,0.0827629096396532,0.0339843923611111));
#6016=CARTESIAN_POINT('',(0.0100670059468354,0.0828308059474459,0.0339843923611111));
#6017=CARTESIAN_POINT('',(0.00972320955568293,0.0828987541853774,0.033984392361111));
#6018=CARTESIAN_POINT('',(0.0093718301288351,0.0829341988707701,0.0339843923611114));
#6019=CARTESIAN_POINT('',(0.00913383077281992,0.0829374132728594,0.0339843923611105));
#6020=CARTESIAN_POINT('',(0.009,0.0829374131944444,0.0339843923611111));
#6021=CARTESIAN_POINT('',(0.0126835394965278,0.07945,0.0340030284288194));
#6022=CARTESIAN_POINT('',(0.0126835395748986,0.0795836504519278,0.0340030284288176));
#6023=CARTESIAN_POINT('',(0.0126803090231039,0.079832407102118,0.0340030284288203));
#6024=CARTESIAN_POINT('',(0.0126432251768936,0.0802000474410756,0.0340030284288192));
#6025=CARTESIAN_POINT('',(0.0125726303500934,0.0805596294225888,0.0340030284288194));
#6026=CARTESIAN_POINT('',(0.0125009654891247,0.0807965971376707,0.0340030284288194));
#6027=CARTESIAN_POINT('',(0.0123764181298111,0.081144119258125,0.0340030284288195));
#6028=CARTESIAN_POINT('',(0.0122712529386026,0.0813634143437456,0.0340030284288194));
#6029=CARTESIAN_POINT('',(0.0120145313089687,0.0817749754730847,0.0340030284288194));
#6030=CARTESIAN_POINT('',(0.0117111785099253,0.0821602330505715,0.0340030284288194));
#6031=CARTESIAN_POINT('',(0.0113299345550614,0.0824612702074369,0.0340030284288195));
#6032=CARTESIAN_POINT('',(0.0109185221479726,0.0827182389111512,0.0340030284288194));
#6033=CARTESIAN_POINT('',(0.0106976404020922,0.0828246999071586,0.0340030284288194));
#6034=CARTESIAN_POINT('',(0.010350772873132,0.0829496886501608,0.0340030284288194));
#6035=CARTESIAN_POINT('',(0.0101145745076709,0.0830214197183449,0.0340030284288195));
#6036=CARTESIAN_POINT('',(0.00975176560940543,0.0830930720587781,0.0340030284288194));
#6037=CARTESIAN_POINT('',(0.00938305472439123,0.0831302826516103,0.0340030284288196));
#6038=CARTESIAN_POINT('',(0.00913383096360167,0.0831335395750041,0.0340030284288192));
#6039=CARTESIAN_POINT('',(0.009,0.0831335394965278,0.0340030284288194));
#6040=CARTESIAN_POINT('',(0.0127479383680556,0.07945,0.0340064599609375));
#6041=CARTESIAN_POINT('',(0.0127479384464463,0.0795836505144875,0.0340064599609358));
#6042=CARTESIAN_POINT('',(0.0127446942667051,0.0798360833632974,0.0340064599609383));
#6043=CARTESIAN_POINT('',(0.0127070325661677,0.0802093962173964,0.0340064599609373));
#6044=CARTESIAN_POINT('',(0.01263524008622,0.08057516310003,0.0340064599609375));
#6045=CARTESIAN_POINT('',(0.0125623175560908,0.080816293150709,0.0340064599609375));
#6046=CARTESIAN_POINT('',(0.0124355394279228,0.081170029943696,0.0340064599609375));
#6047=CARTESIAN_POINT('',(0.0123284458291329,0.0813934115925412,0.0340064599609375));
#6048=CARTESIAN_POINT('',(0.0120667011130511,0.0818130124777445,0.0340064599609375));
#6049=CARTESIAN_POINT('',(0.0117571518395521,0.0822061836847689,0.0340064599609375));
#6050=CARTESIAN_POINT('',(0.0113680696861392,0.0825133753105278,0.0340064599609375));
#6051=CARTESIAN_POINT('',(0.0109486175852746,0.0827753741309947,0.0340064599609375));
#6052=CARTESIAN_POINT('',(0.0107236165892972,0.082883789496227,0.0340064599609375));
#6053=CARTESIAN_POINT('',(0.010370542500236,0.0830110183003607,0.0340064599609375));
#6054=CARTESIAN_POINT('',(0.0101301938387114,0.083084008527766,0.0340064599609375));
#6055=CARTESIAN_POINT('',(0.00976114210616023,0.0831568771253691,0.0340064599609375));
#6056=CARTESIAN_POINT('',(0.00938674036614092,0.0831946675611144,0.0340064599609376));
#6057=CARTESIAN_POINT('',(0.00913383102624563,0.0831979384465521,0.0340064599609374));
#6058=CARTESIAN_POINT('',(0.009,0.0831979383680556,0.0340064599609375));
#6059=CARTESIAN_POINT('',(0.0128749254014757,0.07945,0.0340099491373698));
#6060=CARTESIAN_POINT('',(0.0128749254799059,0.0795836506378477,0.0340099491373688));
#6061=CARTESIAN_POINT('',(0.01287165442745,0.079843332519846,0.0340099491373703));
#6062=CARTESIAN_POINT('',(0.0128328532658473,0.0802278309095411,0.0340099491373697));
#6063=CARTESIAN_POINT('',(0.0127586991541403,0.0806057936929203,0.0340099491373698));
#6064=CARTESIAN_POINT('',(0.012683296647702,0.0808551313819792,0.0340099491373698));
#6065=CARTESIAN_POINT('',(0.0125521197045804,0.0812211227814504,0.0340099491373698));
#6066=CARTESIAN_POINT('',(0.0124412235118604,0.0814525626544303,0.0340099491373698));
#6067=CARTESIAN_POINT('',(0.0121695738575165,0.0818880169967268,0.0340099491373698));
#6068=CARTESIAN_POINT('',(0.0118478058620101,0.0822967929544978,0.0340099491373698));
#6069=CARTESIAN_POINT('',(0.0114432676989269,0.0826161204722144,0.0340099491373698));
#6070=CARTESIAN_POINT('',(0.0110079622634,0.0828880380938809,0.0340099491373698));
#6071=CARTESIAN_POINT('',(0.0107748385886036,0.0830003072463646,0.0340099491373698));
#6072=CARTESIAN_POINT('',(0.0104095258898235,0.083131953188734,0.0340099491373698));
#6073=CARTESIAN_POINT('',(0.0101609933304695,0.0832074263306735,0.0340099491373698));
#6074=CARTESIAN_POINT('',(0.00977963145975475,0.0832826932449898,0.0340099491373698));
#6075=CARTESIAN_POINT('',(0.00939400802007552,0.0833216270630587,0.0340099491373698));
#6076=CARTESIAN_POINT('',(0.00913383114977218,0.0833249254800122,0.0340099491373698));
#6077=CARTESIAN_POINT('',(0.009,0.0833249254014757,0.0340099491373698));
#6078=CARTESIAN_POINT('',(0.0129375,0.07945,0.03401));
#6079=CARTESIAN_POINT('',(0.0129375000784496,0.0795836506986351,0.0340099999999994));
#6080=CARTESIAN_POINT('',(0.0129342157840959,0.0798469046409394,0.0340100000000003));
#6081=CARTESIAN_POINT('',(0.0128948531374597,0.0802369148563727,0.0340099999999999));
#6082=CARTESIAN_POINT('',(0.0128195352993846,0.080620887336744,0.03401));
#6083=CARTESIAN_POINT('',(0.0127429107506819,0.0808742694519353,0.03401));
#6084=CARTESIAN_POINT('',(0.0126095662312944,0.081246299476455,0.03401));
#6085=CARTESIAN_POINT('',(0.0124967962583772,0.0814817101496533,0.03401));
#6086=CARTESIAN_POINT('',(0.0122202658101565,0.0819249764998856,0.03401));
#6087=CARTESIAN_POINT('',(0.0118924768721687,0.0823414419121369,0.03401));
#6088=CARTESIAN_POINT('',(0.0114803225488063,0.082666749556694,0.03401));
#6089=CARTESIAN_POINT('',(0.0110372051656731,0.0829435548033897,0.03401));
#6090=CARTESIAN_POINT('',(0.0108000789297304,0.0830577229622802,0.03401));
#6091=CARTESIAN_POINT('',(0.010428735488527,0.0831915455099633,0.03401));
#6092=CARTESIAN_POINT('',(0.0101761702015217,0.083268242142018,0.03401));
#6093=CARTESIAN_POINT('',(0.00978874234176366,0.0833446908597156,0.03401));
#6094=CARTESIAN_POINT('',(0.009397589256009,0.0833841880950715,0.03401));
#6095=CARTESIAN_POINT('',(0.00913383121064158,0.0833875000785563,0.03401));
#6096=CARTESIAN_POINT('',(0.009,0.0833875,0.03401));
#6097=CARTESIAN_POINT('',(0.013,0.07945,0.03401));
#6098=CARTESIAN_POINT('',(0.013000000078469,0.0795836507593501,0.03401));
#6099=CARTESIAN_POINT('',(0.0129967025580037,0.0798504725035162,0.03401));
#6100=CARTESIAN_POINT('',(0.0129567790957106,0.0802459879737455,0.03401));
#6101=CARTESIAN_POINT('',(0.0128802989186077,0.080635962986628,0.03401));
#6102=CARTESIAN_POINT('',(0.0128024537845024,0.0808933847063752,0.03401));
#6103=CARTESIAN_POINT('',(0.0126669442729327,0.0812714461569754,0.03401));
#6104=CARTESIAN_POINT('',(0.0125523027536517,0.0815108228965889,0.03401));
#6105=CARTESIAN_POINT('',(0.0122708973302095,0.0819618919416447,0.03401));
#6106=CARTESIAN_POINT('',(0.0119370946276279,0.0823860376413664,0.03401));
#6107=CARTESIAN_POINT('',(0.0115173332236181,0.0827173182835353,0.03401));
#6108=CARTESIAN_POINT('',(0.011066413205919,0.082999005328461,0.03401));
#6109=CARTESIAN_POINT('',(0.0108252891804972,0.0831150702298513,0.03401));
#6110=CARTESIAN_POINT('',(0.0104479221864409,0.0832510667880006,0.03401));
#6111=CARTESIAN_POINT('',(0.0101913289794145,0.0833289854515825,0.03401));
#6112=CARTESIAN_POINT('',(0.00979784236220303,0.0834066145637703,0.03401));
#6113=CARTESIAN_POINT('',(0.00940116622255966,0.0834466745447333,0.03401));
#6114=CARTESIAN_POINT('',(0.00913383127143842,0.083450000078576,0.03401));
#6115=CARTESIAN_POINT('',(0.009,0.08345,0.03401));
#6116=CARTESIAN_POINT('',(0.013,0.07945,0.03401));
#6117=CARTESIAN_POINT('',(0.01275,0.07945,0.03401));
#6118=CARTESIAN_POINT('',(0.0122135416666624,0.07945,0.0339839583333333));
#6119=CARTESIAN_POINT('',(0.0114401041666596,0.07945,0.0335698958333333));
#6120=CARTESIAN_POINT('',(0.0110260416666484,0.07945,0.0327964583333334));
#6121=CARTESIAN_POINT('',(0.0109999999999799,0.07945,0.03226));
#6122=CARTESIAN_POINT('',(0.011,0.07945,0.03201));
#6123=CARTESIAN_POINT('',(0.013,0.07945,0.03401));
#6124=CARTESIAN_POINT('',(0.013,0.035005,0.03401));
#6125=CARTESIAN_POINT('',(0.0127,0.07945,0.03401));
#6126=CARTESIAN_POINT('',(0.0127,0.035005,0.03401));
#6127=CARTESIAN_POINT('',(0.0124,0.07945,0.03401));
#6128=CARTESIAN_POINT('',(0.0124,0.035005,0.03401));
#6129=CARTESIAN_POINT('',(0.0116666666666522,0.07945,0.03381));
#6130=CARTESIAN_POINT('',(0.0116666666666522,0.035005,0.03381));
#6131=CARTESIAN_POINT('',(0.0112,0.07945,0.0333433333333333));
#6132=CARTESIAN_POINT('',(0.0112,0.035005,0.0333433333333333));
#6133=CARTESIAN_POINT('',(0.0109999999999759,0.07945,0.03261));
#6134=CARTESIAN_POINT('',(0.0109999999999759,0.035005,0.03261));
#6135=CARTESIAN_POINT('',(0.0109999999999759,0.07945,0.03231));
#6136=CARTESIAN_POINT('',(0.0109999999999759,0.035005,0.03231));
#6137=CARTESIAN_POINT('',(0.011,0.07945,0.03201));
#6138=CARTESIAN_POINT('',(0.011,0.035005,0.03201));
#6139=CARTESIAN_POINT('',(0.005,0.087,0.004));
#6140=CARTESIAN_POINT('',(-0.005,0.087,0.004));
#6141=CARTESIAN_POINT('',(0.005,0.1365,0.004));
#6142=CARTESIAN_POINT('',(-0.005,0.1365,0.004));
#6143=MECHANICAL_DESIGN_GEOMETRIC_PRESENTATION_REPRESENTATION('',(#1405),
#6144);
#6144=(
GEOMETRIC_REPRESENTATION_CONTEXT(3)
GLOBAL_UNCERTAINTY_ASSIGNED_CONTEXT((#6145))
GLOBAL_UNIT_ASSIGNED_CONTEXT((#6148,#6147,#6146))
REPRESENTATION_CONTEXT('Part 1','TOP_LEVEL_ASSEMBLY_PART')
);
#6145=UNCERTAINTY_MEASURE_WITH_UNIT(LENGTH_MEASURE(2.0000000008063E-5),
#6148,'DISTANCE_ACCURACY_VALUE','Maximum Tolerance applied to model');
#6146=(
NAMED_UNIT(*)
SI_UNIT($,.STERADIAN.)
SOLID_ANGLE_UNIT()
);
#6147=(
NAMED_UNIT(*)
PLANE_ANGLE_UNIT()
SI_UNIT($,.RADIAN.)
);
#6148=(
LENGTH_UNIT()
NAMED_UNIT(*)
SI_UNIT($,.METRE.)
);
#6149=PRODUCT_DEFINITION_SHAPE('','',#6150);
#6150=PRODUCT_DEFINITION('','',#6152,#6151);
#6151=PRODUCT_DEFINITION_CONTEXT('',#6158,'design');
#6152=PRODUCT_DEFINITION_FORMATION_WITH_SPECIFIED_SOURCE('','',#6154,
 .NOT_KNOWN.);
#6153=PRODUCT_RELATED_PRODUCT_CATEGORY('','',(#6154));
#6154=PRODUCT('Part 1','Part 1','Part 1',(#6156));
#6155=PRODUCT_CATEGORY('','');
#6156=PRODUCT_CONTEXT('',#6158,'mechanical');
#6157=APPLICATION_PROTOCOL_DEFINITION('international standard',
'ap242_managed_model_based_3d_engineering',2020,#6158);
#6158=APPLICATION_CONTEXT('managed model based 3d engineering');
ENDSEC;
END-ISO-10303-21;
