ISO-10303-21;
HEADER;
/* Generated by software containing ST-Developer
 * from STEP Tools, Inc. (www.steptools.com) 
 */
/* OPTION: using custom renumber hook */

FILE_DESCRIPTION(
/* description */ ('STEP AP242 Edition 2',
'CAx-IF Rec.Pracs.---Representation and Presentation of Product Manufa
cturing Information (PMI)---4.0---2014-10-13',
'CAx-IF Rec.Pracs.---3D Tessellated Geometry---0.4---2014-09-14','2;1',
'CAx-IF Rec.Pracs.---User Defined Attributes---1.5---2016-08-15'),
/* implementation_level */ '2;1');

FILE_NAME(
/* name */ 'Base Top-Sholder',
/* time_stamp */ '2026-09-01T03:58:42Z',
/* author */ (''),
/* organization */ (''),
/* preprocessor_version */ 'ST-DEVELOPER v20',
/* originating_system */ 'ONSHAPE BY PTC INC, 1.220',
/* authorisation */ '  ');

FILE_SCHEMA (('AP242_MANAGED_MODEL_BASED_3D_ENGINEERING_MIM_LF { 1 0 10303 442 3 1 4 }'));
ENDSEC;

DATA;
#10=SHAPE_REPRESENTATION_RELATIONSHIP('','',#3384,#11);
#11=ADVANCED_BREP_SHAPE_REPRESENTATION('',(#3382),#9229);
#12=ELLIPSE('',#3763,0.00141421356237309,0.001);
#13=ELLIPSE('',#3764,0.00141421356237309,0.001);
#14=ELLIPSE('',#3766,0.00141421356237309,0.001);
#15=ELLIPSE('',#3768,0.00141421356237309,0.001);
#16=TOROIDAL_SURFACE('',#3653,0.007,0.002);
#17=TOROIDAL_SURFACE('',#3657,0.018,0.002);
#18=TOROIDAL_SURFACE('',#3659,0.007,0.002);
#19=TOROIDAL_SURFACE('',#3660,0.018,0.002);
#20=TOROIDAL_SURFACE('',#3669,0.004,0.002);
#21=TOROIDAL_SURFACE('',#3672,0.018,0.002);
#22=TOROIDAL_SURFACE('',#3674,0.018,0.002);
#23=TOROIDAL_SURFACE('',#3676,0.004,0.002);
#24=TOROIDAL_SURFACE('',#3691,0.004,0.002);
#25=TOROIDAL_SURFACE('',#3694,0.004,0.002);
#26=TOROIDAL_SURFACE('',#3696,0.004,0.002);
#27=TOROIDAL_SURFACE('',#3698,0.004,0.002);
#28=TOROIDAL_SURFACE('',#3716,0.004,0.002);
#29=TOROIDAL_SURFACE('',#3718,0.004,0.002);
#30=TOROIDAL_SURFACE('',#3720,0.004,0.002);
#31=TOROIDAL_SURFACE('',#3722,0.004,0.002);
#32=TOROIDAL_SURFACE('',#3732,0.004,0.002);
#33=TOROIDAL_SURFACE('',#3734,0.004,0.002);
#34=TOROIDAL_SURFACE('',#3737,0.007,0.002);
#35=TOROIDAL_SURFACE('',#3770,0.0032,0.001);
#36=TOROIDAL_SURFACE('',#3771,0.0032,0.001);
#37=TOROIDAL_SURFACE('',#3772,0.0032,0.001);
#38=TOROIDAL_SURFACE('',#3773,0.0032,0.001);
#39=B_SPLINE_SURFACE_WITH_KNOTS('',3,1,((#6432,#6433),(#6434,#6435),(#6436,
#6437),(#6438,#6439),(#6440,#6441),(#6442,#6443),(#6444,#6445),(#6446,#6447),
(#6448,#6449),(#6450,#6451),(#6452,#6453),(#6454,#6455),(#6456,#6457),(#6458,
#6459)),.SURF_OF_LINEAR_EXTRUSION.,.F.,.F.,.F.,(4,1,1,1,1,1,1,1,1,1,1,4),
(2,2),(0.0453528905797222,0.0745937986767976,0.103834706773873,0.133075614870948,
0.162316522968024,0.220798339162175,0.279280155356325,0.396243787744627,
0.513207420132929,0.63017105252123,0.747134684909532,0.981061949686135),
(0.,1.),.UNSPECIFIED.);
#40=B_SPLINE_SURFACE_WITH_KNOTS('',3,1,((#6501,#6502),(#6503,#6504),(#6505,
#6506),(#6507,#6508),(#6509,#6510),(#6511,#6512),(#6513,#6514),(#6515,#6516),
(#6517,#6518),(#6519,#6520),(#6521,#6522),(#6523,#6524),(#6525,#6526),(#6527,
#6528)),.SURF_OF_LINEAR_EXTRUSION.,.F.,.F.,.F.,(4,1,1,1,1,1,1,1,1,1,1,4),
(2,2),(0.0453528905797211,0.0745937986767965,0.103834706773872,0.133075614870947,
0.162316522968023,0.220798339162174,0.279280155356325,0.396243787744626,
0.513207420132928,0.63017105252123,0.747134684909531,0.981061949686135),
(0.,1.),.UNSPECIFIED.);
#41=B_SPLINE_SURFACE_WITH_KNOTS('',3,1,((#6578,#6579),(#6580,#6581),(#6582,
#6583),(#6584,#6585),(#6586,#6587),(#6588,#6589),(#6590,#6591),(#6592,#6593),
(#6594,#6595),(#6596,#6597),(#6598,#6599),(#6600,#6601),(#6602,#6603),(#6604,
#6605)),.SURF_OF_LINEAR_EXTRUSION.,.F.,.F.,.F.,(4,1,1,1,1,1,1,1,1,1,1,4),
(2,2),(0.0453528905797222,0.0745937986767976,0.103834706773873,0.133075614870948,
0.162316522968024,0.220798339162175,0.279280155356325,0.396243787744627,
0.513207420132929,0.63017105252123,0.747134684909532,0.981061949686135),
(0.,1.),.UNSPECIFIED.);
#42=B_SPLINE_SURFACE_WITH_KNOTS('',3,1,((#6647,#6648),(#6649,#6650),(#6651,
#6652),(#6653,#6654),(#6655,#6656),(#6657,#6658),(#6659,#6660),(#6661,#6662),
(#6663,#6664),(#6665,#6666),(#6667,#6668),(#6669,#6670),(#6671,#6672),(#6673,
#6674)),.SURF_OF_LINEAR_EXTRUSION.,.F.,.F.,.F.,(4,1,1,1,1,1,1,1,1,1,1,4),
(2,2),(0.0453528905797215,0.074593798676797,0.103834706773872,0.133075614870948,
0.162316522968023,0.220798339162174,0.279280155356325,0.396243787744627,
0.513207420132928,0.63017105252123,0.747134684909532,0.981061949686135),
(0.,1.),.UNSPECIFIED.);
#43=B_SPLINE_SURFACE_WITH_KNOTS('',3,1,((#6724,#6725),(#6726,#6727),(#6728,
#6729),(#6730,#6731),(#6732,#6733),(#6734,#6735),(#6736,#6737),(#6738,#6739),
(#6740,#6741),(#6742,#6743),(#6744,#6745),(#6746,#6747),(#6748,#6749),(#6750,
#6751)),.SURF_OF_LINEAR_EXTRUSION.,.F.,.F.,.F.,(4,1,1,1,1,1,1,1,1,1,1,4),
(2,2),(0.0453528905797224,0.0745937986767978,0.103834706773873,0.133075614870949,
0.162316522968024,0.220798339162175,0.279280155356326,0.396243787744627,
0.513207420132929,0.63017105252123,0.747134684909532,0.981061949686135),
(0.,1.),.UNSPECIFIED.);
#44=B_SPLINE_SURFACE_WITH_KNOTS('',3,1,((#6793,#6794),(#6795,#6796),(#6797,
#6798),(#6799,#6800),(#6801,#6802),(#6803,#6804),(#6805,#6806),(#6807,#6808),
(#6809,#6810),(#6811,#6812),(#6813,#6814),(#6815,#6816),(#6817,#6818),(#6819,
#6820)),.SURF_OF_LINEAR_EXTRUSION.,.F.,.F.,.F.,(4,1,1,1,1,1,1,1,1,1,1,4),
(2,2),(0.0453528905797215,0.0745937986767969,0.103834706773872,0.133075614870948,
0.162316522968023,0.220798339162174,0.279280155356325,0.396243787744627,
0.513207420132928,0.63017105252123,0.747134684909532,0.981061949686135),
(0.,1.),.UNSPECIFIED.);
#45=B_SPLINE_SURFACE_WITH_KNOTS('',3,1,((#6870,#6871),(#6872,#6873),(#6874,
#6875),(#6876,#6877),(#6878,#6879),(#6880,#6881),(#6882,#6883),(#6884,#6885),
(#6886,#6887),(#6888,#6889),(#6890,#6891),(#6892,#6893),(#6894,#6895),(#6896,
#6897)),.SURF_OF_LINEAR_EXTRUSION.,.F.,.F.,.F.,(4,1,1,1,1,1,1,1,1,1,1,4),
(2,2),(0.0453528905797227,0.0745937986767981,0.103834706773873,0.133075614870949,
0.162316522968024,0.220798339162175,0.279280155356326,0.396243787744627,
0.513207420132929,0.63017105252123,0.747134684909532,0.981061949686135),
(0.,1.),.UNSPECIFIED.);
#46=B_SPLINE_SURFACE_WITH_KNOTS('',3,1,((#6939,#6940),(#6941,#6942),(#6943,
#6944),(#6945,#6946),(#6947,#6948),(#6949,#6950),(#6951,#6952),(#6953,#6954),
(#6955,#6956),(#6957,#6958),(#6959,#6960),(#6961,#6962),(#6963,#6964),(#6965,
#6966)),.SURF_OF_LINEAR_EXTRUSION.,.F.,.F.,.F.,(4,1,1,1,1,1,1,1,1,1,1,4),
(2,2),(0.0453528905797218,0.0745937986767972,0.103834706773873,0.133075614870948,
0.162316522968023,0.220798339162174,0.279280155356325,0.396243787744627,
0.513207420132928,0.63017105252123,0.747134684909532,0.981061949686135),
(0.,1.),.UNSPECIFIED.);
#47=B_SPLINE_SURFACE_WITH_KNOTS('',3,1,((#7016,#7017),(#7018,#7019),(#7020,
#7021),(#7022,#7023),(#7024,#7025),(#7026,#7027),(#7028,#7029),(#7030,#7031),
(#7032,#7033),(#7034,#7035),(#7036,#7037),(#7038,#7039),(#7040,#7041),(#7042,
#7043)),.SURF_OF_LINEAR_EXTRUSION.,.F.,.F.,.F.,(4,1,1,1,1,1,1,1,1,1,1,4),
(2,2),(0.0453528905797218,0.0745937986767972,0.103834706773873,0.133075614870948,
0.162316522968023,0.220798339162174,0.279280155356325,0.396243787744627,
0.513207420132928,0.63017105252123,0.747134684909532,0.981061949686135),
(0.,1.),.UNSPECIFIED.);
#48=B_SPLINE_SURFACE_WITH_KNOTS('',3,1,((#7085,#7086),(#7087,#7088),(#7089,
#7090),(#7091,#7092),(#7093,#7094),(#7095,#7096),(#7097,#7098),(#7099,#7100),
(#7101,#7102),(#7103,#7104),(#7105,#7106),(#7107,#7108),(#7109,#7110),(#7111,
#7112)),.SURF_OF_LINEAR_EXTRUSION.,.F.,.F.,.F.,(4,1,1,1,1,1,1,1,1,1,1,4),
(2,2),(0.0453528905797211,0.0745937986767966,0.103834706773872,0.133075614870947,
0.162316522968023,0.220798339162174,0.279280155356325,0.396243787744626,
0.513207420132928,0.63017105252123,0.747134684909531,0.981061949686135),
(0.,1.),.UNSPECIFIED.);
#49=B_SPLINE_SURFACE_WITH_KNOTS('',3,1,((#7162,#7163),(#7164,#7165),(#7166,
#7167),(#7168,#7169),(#7170,#7171),(#7172,#7173),(#7174,#7175),(#7176,#7177),
(#7178,#7179),(#7180,#7181),(#7182,#7183),(#7184,#7185),(#7186,#7187),(#7188,
#7189)),.SURF_OF_LINEAR_EXTRUSION.,.F.,.F.,.F.,(4,1,1,1,1,1,1,1,1,1,1,4),
(2,2),(0.0453528905797215,0.0745937986767969,0.103834706773872,0.133075614870948,
0.162316522968023,0.220798339162174,0.279280155356325,0.396243787744627,
0.513207420132928,0.63017105252123,0.747134684909532,0.981061949686135),
(0.,1.),.UNSPECIFIED.);
#50=B_SPLINE_SURFACE_WITH_KNOTS('',3,1,((#7231,#7232),(#7233,#7234),(#7235,
#7236),(#7237,#7238),(#7239,#7240),(#7241,#7242),(#7243,#7244),(#7245,#7246),
(#7247,#7248),(#7249,#7250),(#7251,#7252),(#7253,#7254),(#7255,#7256),(#7257,
#7258)),.SURF_OF_LINEAR_EXTRUSION.,.F.,.F.,.F.,(4,1,1,1,1,1,1,1,1,1,1,4),
(2,2),(0.045352890579721,0.0745937986767964,0.103834706773872,0.133075614870947,
0.162316522968023,0.220798339162174,0.279280155356324,0.396243787744626,
0.513207420132928,0.63017105252123,0.747134684909531,0.981061949686135),
(0.,1.),.UNSPECIFIED.);
#51=B_SPLINE_SURFACE_WITH_KNOTS('',3,1,((#7308,#7309),(#7310,#7311),(#7312,
#7313),(#7314,#7315),(#7316,#7317),(#7318,#7319),(#7320,#7321),(#7322,#7323),
(#7324,#7325),(#7326,#7327),(#7328,#7329),(#7330,#7331),(#7332,#7333),(#7334,
#7335)),.SURF_OF_LINEAR_EXTRUSION.,.F.,.F.,.F.,(4,1,1,1,1,1,1,1,1,1,1,4),
(2,2),(0.0453528905797221,0.0745937986767975,0.103834706773873,0.133075614870948,
0.162316522968024,0.220798339162175,0.279280155356325,0.396243787744627,
0.513207420132929,0.63017105252123,0.747134684909532,0.981061949686135),
(0.,1.),.UNSPECIFIED.);
#52=B_SPLINE_SURFACE_WITH_KNOTS('',3,1,((#7377,#7378),(#7379,#7380),(#7381,
#7382),(#7383,#7384),(#7385,#7386),(#7387,#7388),(#7389,#7390),(#7391,#7392),
(#7393,#7394),(#7395,#7396),(#7397,#7398),(#7399,#7400),(#7401,#7402),(#7403,
#7404)),.SURF_OF_LINEAR_EXTRUSION.,.F.,.F.,.F.,(4,1,1,1,1,1,1,1,1,1,1,4),
(2,2),(0.0453528905797221,0.0745937986767975,0.103834706773873,0.133075614870948,
0.162316522968024,0.220798339162175,0.279280155356325,0.396243787744627,
0.513207420132929,0.63017105252123,0.747134684909532,0.981061949686135),
(0.,1.),.UNSPECIFIED.);
#53=B_SPLINE_SURFACE_WITH_KNOTS('',3,1,((#7454,#7455),(#7456,#7457),(#7458,
#7459),(#7460,#7461),(#7462,#7463),(#7464,#7465),(#7466,#7467),(#7468,#7469),
(#7470,#7471),(#7472,#7473),(#7474,#7475),(#7476,#7477),(#7478,#7479),(#7480,
#7481)),.SURF_OF_LINEAR_EXTRUSION.,.F.,.F.,.F.,(4,1,1,1,1,1,1,1,1,1,1,4),
(2,2),(0.0453528905797222,0.0745937986767976,0.103834706773873,0.133075614870948,
0.162316522968024,0.220798339162175,0.279280155356325,0.396243787744627,
0.513207420132929,0.63017105252123,0.747134684909532,0.981061949686135),
(0.,1.),.UNSPECIFIED.);
#54=B_SPLINE_SURFACE_WITH_KNOTS('',3,1,((#7523,#7524),(#7525,#7526),(#7527,
#7528),(#7529,#7530),(#7531,#7532),(#7533,#7534),(#7535,#7536),(#7537,#7538),
(#7539,#7540),(#7541,#7542),(#7543,#7544),(#7545,#7546),(#7547,#7548),(#7549,
#7550)),.SURF_OF_LINEAR_EXTRUSION.,.F.,.F.,.F.,(4,1,1,1,1,1,1,1,1,1,1,4),
(2,2),(0.0453528905797214,0.0745937986767968,0.103834706773872,0.133075614870948,
0.162316522968023,0.220798339162174,0.279280155356325,0.396243787744626,
0.513207420132928,0.63017105252123,0.747134684909532,0.981061949686135),
(0.,1.),.UNSPECIFIED.);
#55=B_SPLINE_SURFACE_WITH_KNOTS('',3,1,((#7600,#7601),(#7602,#7603),(#7604,
#7605),(#7606,#7607),(#7608,#7609),(#7610,#7611),(#7612,#7613),(#7614,#7615),
(#7616,#7617),(#7618,#7619),(#7620,#7621),(#7622,#7623),(#7624,#7625),(#7626,
#7627)),.SURF_OF_LINEAR_EXTRUSION.,.F.,.F.,.F.,(4,1,1,1,1,1,1,1,1,1,1,4),
(2,2),(0.0453528905797232,0.0745937986767986,0.103834706773874,0.133075614870949,
0.162316522968025,0.220798339162175,0.279280155356326,0.396243787744628,
0.513207420132929,0.630171052521231,0.747134684909532,0.981061949686135),
(0.,1.),.UNSPECIFIED.);
#56=B_SPLINE_SURFACE_WITH_KNOTS('',3,1,((#7669,#7670),(#7671,#7672),(#7673,
#7674),(#7675,#7676),(#7677,#7678),(#7679,#7680),(#7681,#7682),(#7683,#7684),
(#7685,#7686),(#7687,#7688),(#7689,#7690),(#7691,#7692),(#7693,#7694),(#7695,
#7696)),.SURF_OF_LINEAR_EXTRUSION.,.F.,.F.,.F.,(4,1,1,1,1,1,1,1,1,1,1,4),
(2,2),(0.0453528905797217,0.0745937986767972,0.103834706773873,0.133075614870948,
0.162316522968023,0.220798339162174,0.279280155356325,0.396243787744627,
0.513207420132928,0.63017105252123,0.747134684909532,0.981061949686135),
(0.,1.),.UNSPECIFIED.);
#57=B_SPLINE_SURFACE_WITH_KNOTS('',3,1,((#7746,#7747),(#7748,#7749),(#7750,
#7751),(#7752,#7753),(#7754,#7755),(#7756,#7757),(#7758,#7759),(#7760,#7761),
(#7762,#7763),(#7764,#7765),(#7766,#7767),(#7768,#7769),(#7770,#7771),(#7772,
#7773)),.SURF_OF_LINEAR_EXTRUSION.,.F.,.F.,.F.,(4,1,1,1,1,1,1,1,1,1,1,4),
(2,2),(0.0453528905797223,0.0745937986767977,0.103834706773873,0.133075614870948,
0.162316522968024,0.220798339162175,0.279280155356325,0.396243787744627,
0.513207420132929,0.63017105252123,0.747134684909532,0.981061949686135),
(0.,1.),.UNSPECIFIED.);
#58=B_SPLINE_SURFACE_WITH_KNOTS('',3,1,((#7815,#7816),(#7817,#7818),(#7819,
#7820),(#7821,#7822),(#7823,#7824),(#7825,#7826),(#7827,#7828),(#7829,#7830),
(#7831,#7832),(#7833,#7834),(#7835,#7836),(#7837,#7838),(#7839,#7840),(#7841,
#7842)),.SURF_OF_LINEAR_EXTRUSION.,.F.,.F.,.F.,(4,1,1,1,1,1,1,1,1,1,1,4),
(2,2),(0.0453528905797213,0.0745937986767967,0.103834706773872,0.133075614870948,
0.162316522968023,0.220798339162174,0.279280155356325,0.396243787744626,
0.513207420132928,0.63017105252123,0.747134684909532,0.981061949686135),
(0.,1.),.UNSPECIFIED.);
#59=B_SPLINE_SURFACE_WITH_KNOTS('',3,1,((#7892,#7893),(#7894,#7895),(#7896,
#7897),(#7898,#7899),(#7900,#7901),(#7902,#7903),(#7904,#7905),(#7906,#7907),
(#7908,#7909),(#7910,#7911),(#7912,#7913),(#7914,#7915),(#7916,#7917),(#7918,
#7919)),.SURF_OF_LINEAR_EXTRUSION.,.F.,.F.,.F.,(4,1,1,1,1,1,1,1,1,1,1,4),
(2,2),(0.0453528905797226,0.0745937986767979,0.103834706773873,0.133075614870949,
0.162316522968024,0.220798339162175,0.279280155356326,0.396243787744627,
0.513207420132929,0.63017105252123,0.747134684909532,0.981061949686135),
(0.,1.),.UNSPECIFIED.);
#60=B_SPLINE_SURFACE_WITH_KNOTS('',3,1,((#7961,#7962),(#7963,#7964),(#7965,
#7966),(#7967,#7968),(#7969,#7970),(#7971,#7972),(#7973,#7974),(#7975,#7976),
(#7977,#7978),(#7979,#7980),(#7981,#7982),(#7983,#7984),(#7985,#7986),(#7987,
#7988)),.SURF_OF_LINEAR_EXTRUSION.,.F.,.F.,.F.,(4,1,1,1,1,1,1,1,1,1,1,4),
(2,2),(0.0453528905797222,0.0745937986767976,0.103834706773873,0.133075614870948,
0.162316522968024,0.220798339162175,0.279280155356325,0.396243787744627,
0.513207420132929,0.63017105252123,0.747134684909532,0.981061949686135),
(0.,1.),.UNSPECIFIED.);
#61=B_SPLINE_SURFACE_WITH_KNOTS('',3,1,((#8038,#8039),(#8040,#8041),(#8042,
#8043),(#8044,#8045),(#8046,#8047),(#8048,#8049),(#8050,#8051),(#8052,#8053),
(#8054,#8055),(#8056,#8057),(#8058,#8059),(#8060,#8061),(#8062,#8063),(#8064,
#8065)),.SURF_OF_LINEAR_EXTRUSION.,.F.,.F.,.F.,(4,1,1,1,1,1,1,1,1,1,1,4),
(2,2),(0.0453528905797224,0.0745937986767978,0.103834706773873,0.133075614870949,
0.162316522968024,0.220798339162175,0.279280155356326,0.396243787744627,
0.513207420132929,0.63017105252123,0.747134684909532,0.981061949686135),
(0.,1.),.UNSPECIFIED.);
#62=B_SPLINE_SURFACE_WITH_KNOTS('',3,1,((#8107,#8108),(#8109,#8110),(#8111,
#8112),(#8113,#8114),(#8115,#8116),(#8117,#8118),(#8119,#8120),(#8121,#8122),
(#8123,#8124),(#8125,#8126),(#8127,#8128),(#8129,#8130),(#8131,#8132),(#8133,
#8134)),.SURF_OF_LINEAR_EXTRUSION.,.F.,.F.,.F.,(4,1,1,1,1,1,1,1,1,1,1,4),
(2,2),(0.0453528905797215,0.0745937986767969,0.103834706773872,0.133075614870948,
0.162316522968023,0.220798339162174,0.279280155356325,0.396243787744627,
0.513207420132928,0.63017105252123,0.747134684909532,0.981061949686135),
(0.,1.),.UNSPECIFIED.);
#63=B_SPLINE_SURFACE_WITH_KNOTS('',3,1,((#8184,#8185),(#8186,#8187),(#8188,
#8189),(#8190,#8191),(#8192,#8193),(#8194,#8195),(#8196,#8197),(#8198,#8199),
(#8200,#8201),(#8202,#8203),(#8204,#8205),(#8206,#8207),(#8208,#8209),(#8210,
#8211)),.SURF_OF_LINEAR_EXTRUSION.,.F.,.F.,.F.,(4,1,1,1,1,1,1,1,1,1,1,4),
(2,2),(0.0453528905797227,0.0745937986767981,0.103834706773873,0.133075614870949,
0.162316522968024,0.220798339162175,0.279280155356326,0.396243787744627,
0.513207420132929,0.63017105252123,0.747134684909532,0.981061949686135),
(0.,1.),.UNSPECIFIED.);
#64=B_SPLINE_SURFACE_WITH_KNOTS('',3,1,((#8253,#8254),(#8255,#8256),(#8257,
#8258),(#8259,#8260),(#8261,#8262),(#8263,#8264),(#8265,#8266),(#8267,#8268),
(#8269,#8270),(#8271,#8272),(#8273,#8274),(#8275,#8276),(#8277,#8278),(#8279,
#8280)),.SURF_OF_LINEAR_EXTRUSION.,.F.,.F.,.F.,(4,1,1,1,1,1,1,1,1,1,1,4),
(2,2),(0.0453528905797218,0.0745937986767972,0.103834706773873,0.133075614870948,
0.162316522968023,0.220798339162174,0.279280155356325,0.396243787744627,
0.513207420132928,0.63017105252123,0.747134684909532,0.981061949686135),
(0.,1.),.UNSPECIFIED.);
#65=B_SPLINE_SURFACE_WITH_KNOTS('',3,1,((#8330,#8331),(#8332,#8333),(#8334,
#8335),(#8336,#8337),(#8338,#8339),(#8340,#8341),(#8342,#8343),(#8344,#8345),
(#8346,#8347),(#8348,#8349),(#8350,#8351),(#8352,#8353),(#8354,#8355),(#8356,
#8357)),.SURF_OF_LINEAR_EXTRUSION.,.F.,.F.,.F.,(4,1,1,1,1,1,1,1,1,1,1,4),
(2,2),(0.0453528905797218,0.0745937986767972,0.103834706773873,0.133075614870948,
0.162316522968023,0.220798339162174,0.279280155356325,0.396243787744627,
0.513207420132928,0.63017105252123,0.747134684909532,0.981061949686135),
(0.,1.),.UNSPECIFIED.);
#66=B_SPLINE_SURFACE_WITH_KNOTS('',3,1,((#8399,#8400),(#8401,#8402),(#8403,
#8404),(#8405,#8406),(#8407,#8408),(#8409,#8410),(#8411,#8412),(#8413,#8414),
(#8415,#8416),(#8417,#8418),(#8419,#8420),(#8421,#8422),(#8423,#8424),(#8425,
#8426)),.SURF_OF_LINEAR_EXTRUSION.,.F.,.F.,.F.,(4,1,1,1,1,1,1,1,1,1,1,4),
(2,2),(0.0453528905797211,0.0745937986767966,0.103834706773872,0.133075614870947,
0.162316522968023,0.220798339162174,0.279280155356325,0.396243787744626,
0.513207420132928,0.63017105252123,0.747134684909531,0.981061949686135),
(0.,1.),.UNSPECIFIED.);
#67=B_SPLINE_SURFACE_WITH_KNOTS('',3,1,((#8476,#8477),(#8478,#8479),(#8480,
#8481),(#8482,#8483),(#8484,#8485),(#8486,#8487),(#8488,#8489),(#8490,#8491),
(#8492,#8493),(#8494,#8495),(#8496,#8497),(#8498,#8499),(#8500,#8501),(#8502,
#8503)),.SURF_OF_LINEAR_EXTRUSION.,.F.,.F.,.F.,(4,1,1,1,1,1,1,1,1,1,1,4),
(2,2),(0.0453528905797217,0.0745937986767972,0.103834706773873,0.133075614870948,
0.162316522968023,0.220798339162174,0.279280155356325,0.396243787744627,
0.513207420132928,0.63017105252123,0.747134684909532,0.981061949686135),
(0.,1.),.UNSPECIFIED.);
#68=B_SPLINE_SURFACE_WITH_KNOTS('',3,1,((#8545,#8546),(#8547,#8548),(#8549,
#8550),(#8551,#8552),(#8553,#8554),(#8555,#8556),(#8557,#8558),(#8559,#8560),
(#8561,#8562),(#8563,#8564),(#8565,#8566),(#8567,#8568),(#8569,#8570),(#8571,
#8572)),.SURF_OF_LINEAR_EXTRUSION.,.F.,.F.,.F.,(4,1,1,1,1,1,1,1,1,1,1,4),
(2,2),(0.0453528905797211,0.0745937986767965,0.103834706773872,0.133075614870947,
0.162316522968023,0.220798339162174,0.279280155356325,0.396243787744626,
0.513207420132928,0.63017105252123,0.747134684909531,0.981061949686135),
(0.,1.),.UNSPECIFIED.);
#69=B_SPLINE_SURFACE_WITH_KNOTS('',3,1,((#8622,#8623),(#8624,#8625),(#8626,
#8627),(#8628,#8629),(#8630,#8631),(#8632,#8633),(#8634,#8635),(#8636,#8637),
(#8638,#8639),(#8640,#8641),(#8642,#8643),(#8644,#8645),(#8646,#8647),(#8648,
#8649)),.SURF_OF_LINEAR_EXTRUSION.,.F.,.F.,.F.,(4,1,1,1,1,1,1,1,1,1,1,4),
(2,2),(0.0453528905797221,0.0745937986767975,0.103834706773873,0.133075614870948,
0.162316522968024,0.220798339162175,0.279280155356325,0.396243787744627,
0.513207420132929,0.63017105252123,0.747134684909532,0.981061949686135),
(0.,1.),.UNSPECIFIED.);
#70=B_SPLINE_SURFACE_WITH_KNOTS('',3,1,((#8691,#8692),(#8693,#8694),(#8695,
#8696),(#8697,#8698),(#8699,#8700),(#8701,#8702),(#8703,#8704),(#8705,#8706),
(#8707,#8708),(#8709,#8710),(#8711,#8712),(#8713,#8714),(#8715,#8716),(#8717,
#8718)),.SURF_OF_LINEAR_EXTRUSION.,.F.,.F.,.F.,(4,1,1,1,1,1,1,1,1,1,1,4),
(2,2),(0.0453528905797223,0.0745937986767977,0.103834706773873,0.133075614870948,
0.162316522968024,0.220798339162175,0.279280155356325,0.396243787744627,
0.513207420132929,0.63017105252123,0.747134684909532,0.981061949686135),
(0.,1.),.UNSPECIFIED.);
#71=B_SPLINE_SURFACE_WITH_KNOTS('',3,1,((#8768,#8769),(#8770,#8771),(#8772,
#8773),(#8774,#8775),(#8776,#8777),(#8778,#8779),(#8780,#8781),(#8782,#8783),
(#8784,#8785),(#8786,#8787),(#8788,#8789),(#8790,#8791),(#8792,#8793),(#8794,
#8795)),.SURF_OF_LINEAR_EXTRUSION.,.F.,.F.,.F.,(4,1,1,1,1,1,1,1,1,1,1,4),
(2,2),(0.0453528905797216,0.074593798676797,0.103834706773872,0.133075614870948,
0.162316522968023,0.220798339162174,0.279280155356325,0.396243787744627,
0.513207420132928,0.63017105252123,0.747134684909532,0.981061949686135),
(0.,1.),.UNSPECIFIED.);
#72=B_SPLINE_SURFACE_WITH_KNOTS('',3,1,((#8837,#8838),(#8839,#8840),(#8841,
#8842),(#8843,#8844),(#8845,#8846),(#8847,#8848),(#8849,#8850),(#8851,#8852),
(#8853,#8854),(#8855,#8856),(#8857,#8858),(#8859,#8860),(#8861,#8862),(#8863,
#8864)),.SURF_OF_LINEAR_EXTRUSION.,.F.,.F.,.F.,(4,1,1,1,1,1,1,1,1,1,1,4),
(2,2),(0.0453528905797215,0.0745937986767969,0.103834706773872,0.133075614870948,
0.162316522968023,0.220798339162174,0.279280155356325,0.396243787744627,
0.513207420132928,0.63017105252123,0.747134684909532,0.981061949686135),
(0.,1.),.UNSPECIFIED.);
#73=B_SPLINE_SURFACE_WITH_KNOTS('',3,1,((#8914,#8915),(#8916,#8917),(#8918,
#8919),(#8920,#8921),(#8922,#8923),(#8924,#8925),(#8926,#8927),(#8928,#8929),
(#8930,#8931),(#8932,#8933),(#8934,#8935),(#8936,#8937),(#8938,#8939),(#8940,
#8941)),.SURF_OF_LINEAR_EXTRUSION.,.F.,.F.,.F.,(4,1,1,1,1,1,1,1,1,1,1,4),
(2,2),(0.0453528905797233,0.0745937986767987,0.103834706773874,0.133075614870949,
0.162316522968025,0.220798339162176,0.279280155356326,0.396243787744628,
0.513207420132929,0.630171052521231,0.747134684909532,0.981061949686135),
(0.,1.),.UNSPECIFIED.);
#74=B_SPLINE_SURFACE_WITH_KNOTS('',3,1,((#8983,#8984),(#8985,#8986),(#8987,
#8988),(#8989,#8990),(#8991,#8992),(#8993,#8994),(#8995,#8996),(#8997,#8998),
(#8999,#9000),(#9001,#9002),(#9003,#9004),(#9005,#9006),(#9007,#9008),(#9009,
#9010)),.SURF_OF_LINEAR_EXTRUSION.,.F.,.F.,.F.,(4,1,1,1,1,1,1,1,1,1,1,4),
(2,2),(0.0453528905797218,0.0745937986767972,0.103834706773873,0.133075614870948,
0.162316522968023,0.220798339162174,0.279280155356325,0.396243787744627,
0.513207420132928,0.63017105252123,0.747134684909532,0.981061949686135),
(0.,1.),.UNSPECIFIED.);
#75=CYLINDRICAL_SURFACE('',#3487,0.005);
#76=CYLINDRICAL_SURFACE('',#3496,0.0116249999999997);
#77=CYLINDRICAL_SURFACE('',#3498,0.0006214689498115);
#78=CYLINDRICAL_SURFACE('',#3500,0.015);
#79=CYLINDRICAL_SURFACE('',#3502,0.0006214689498115);
#80=CYLINDRICAL_SURFACE('',#3504,0.0116249999999997);
#81=CYLINDRICAL_SURFACE('',#3506,0.0006214689498115);
#82=CYLINDRICAL_SURFACE('',#3508,0.015);
#83=CYLINDRICAL_SURFACE('',#3510,0.0006214689498115);
#84=CYLINDRICAL_SURFACE('',#3512,0.0116249999999997);
#85=CYLINDRICAL_SURFACE('',#3514,0.0006214689498115);
#86=CYLINDRICAL_SURFACE('',#3516,0.015);
#87=CYLINDRICAL_SURFACE('',#3518,0.0006214689498115);
#88=CYLINDRICAL_SURFACE('',#3520,0.0116249999999997);
#89=CYLINDRICAL_SURFACE('',#3522,0.0006214689498115);
#90=CYLINDRICAL_SURFACE('',#3524,0.015);
#91=CYLINDRICAL_SURFACE('',#3526,0.0006214689498115);
#92=CYLINDRICAL_SURFACE('',#3528,0.0116249999999997);
#93=CYLINDRICAL_SURFACE('',#3530,0.0006214689498115);
#94=CYLINDRICAL_SURFACE('',#3532,0.015);
#95=CYLINDRICAL_SURFACE('',#3534,0.0006214689498115);
#96=CYLINDRICAL_SURFACE('',#3536,0.0116249999999997);
#97=CYLINDRICAL_SURFACE('',#3538,0.0006214689498115);
#98=CYLINDRICAL_SURFACE('',#3540,0.015);
#99=CYLINDRICAL_SURFACE('',#3542,0.0006214689498115);
#100=CYLINDRICAL_SURFACE('',#3544,0.0116249999999997);
#101=CYLINDRICAL_SURFACE('',#3546,0.0006214689498115);
#102=CYLINDRICAL_SURFACE('',#3548,0.015);
#103=CYLINDRICAL_SURFACE('',#3550,0.0006214689498115);
#104=CYLINDRICAL_SURFACE('',#3552,0.0116249999999997);
#105=CYLINDRICAL_SURFACE('',#3554,0.0006214689498115);
#106=CYLINDRICAL_SURFACE('',#3556,0.015);
#107=CYLINDRICAL_SURFACE('',#3558,0.0006214689498115);
#108=CYLINDRICAL_SURFACE('',#3560,0.0116249999999997);
#109=CYLINDRICAL_SURFACE('',#3562,0.0006214689498115);
#110=CYLINDRICAL_SURFACE('',#3564,0.015);
#111=CYLINDRICAL_SURFACE('',#3566,0.0006214689498115);
#112=CYLINDRICAL_SURFACE('',#3568,0.0116249999999997);
#113=CYLINDRICAL_SURFACE('',#3570,0.0006214689498115);
#114=CYLINDRICAL_SURFACE('',#3572,0.015);
#115=CYLINDRICAL_SURFACE('',#3574,0.0006214689498115);
#116=CYLINDRICAL_SURFACE('',#3576,0.0116249999999997);
#117=CYLINDRICAL_SURFACE('',#3578,0.0006214689498115);
#118=CYLINDRICAL_SURFACE('',#3580,0.015);
#119=CYLINDRICAL_SURFACE('',#3582,0.0006214689498115);
#120=CYLINDRICAL_SURFACE('',#3584,0.0116249999999997);
#121=CYLINDRICAL_SURFACE('',#3586,0.0006214689498115);
#122=CYLINDRICAL_SURFACE('',#3588,0.015);
#123=CYLINDRICAL_SURFACE('',#3590,0.0006214689498115);
#124=CYLINDRICAL_SURFACE('',#3592,0.0116249999999997);
#125=CYLINDRICAL_SURFACE('',#3594,0.0006214689498115);
#126=CYLINDRICAL_SURFACE('',#3596,0.015);
#127=CYLINDRICAL_SURFACE('',#3598,0.0006214689498115);
#128=CYLINDRICAL_SURFACE('',#3600,0.0116249999999997);
#129=CYLINDRICAL_SURFACE('',#3602,0.0006214689498115);
#130=CYLINDRICAL_SURFACE('',#3604,0.015);
#131=CYLINDRICAL_SURFACE('',#3606,0.0006214689498115);
#132=CYLINDRICAL_SURFACE('',#3608,0.0116249999999997);
#133=CYLINDRICAL_SURFACE('',#3610,0.0006214689498115);
#134=CYLINDRICAL_SURFACE('',#3612,0.015);
#135=CYLINDRICAL_SURFACE('',#3614,0.0006214689498115);
#136=CYLINDRICAL_SURFACE('',#3616,0.0116249999999997);
#137=CYLINDRICAL_SURFACE('',#3618,0.0006214689498115);
#138=CYLINDRICAL_SURFACE('',#3620,0.015);
#139=CYLINDRICAL_SURFACE('',#3622,0.0006214689498115);
#140=CYLINDRICAL_SURFACE('',#3624,0.0116249999999997);
#141=CYLINDRICAL_SURFACE('',#3626,0.0006214689498115);
#142=CYLINDRICAL_SURFACE('',#3628,0.015);
#143=CYLINDRICAL_SURFACE('',#3630,0.0006214689498115);
#144=CYLINDRICAL_SURFACE('',#3632,0.0116249999999997);
#145=CYLINDRICAL_SURFACE('',#3634,0.0006214689498115);
#146=CYLINDRICAL_SURFACE('',#3636,0.015);
#147=CYLINDRICAL_SURFACE('',#3638,0.0006214689498115);
#148=CYLINDRICAL_SURFACE('',#3642,0.005);
#149=CYLINDRICAL_SURFACE('',#3644,0.02);
#150=CYLINDRICAL_SURFACE('',#3647,0.02);
#151=CYLINDRICAL_SURFACE('',#3650,0.0708);
#152=CYLINDRICAL_SURFACE('',#3654,0.002);
#153=CYLINDRICAL_SURFACE('',#3662,0.002);
#154=CYLINDRICAL_SURFACE('',#3664,0.002);
#155=CYLINDRICAL_SURFACE('',#3667,0.002);
#156=CYLINDRICAL_SURFACE('',#3679,0.002);
#157=CYLINDRICAL_SURFACE('',#3681,0.002);
#158=CYLINDRICAL_SURFACE('',#3683,0.002);
#159=CYLINDRICAL_SURFACE('',#3685,0.002);
#160=CYLINDRICAL_SURFACE('',#3687,0.002);
#161=CYLINDRICAL_SURFACE('',#3689,0.002);
#162=CYLINDRICAL_SURFACE('',#3701,0.002);
#163=CYLINDRICAL_SURFACE('',#3703,0.002);
#164=CYLINDRICAL_SURFACE('',#3705,0.002);
#165=CYLINDRICAL_SURFACE('',#3707,0.002);
#166=CYLINDRICAL_SURFACE('',#3709,0.002);
#167=CYLINDRICAL_SURFACE('',#3711,0.002);
#168=CYLINDRICAL_SURFACE('',#3713,0.002);
#169=CYLINDRICAL_SURFACE('',#3724,0.002);
#170=CYLINDRICAL_SURFACE('',#3726,0.002);
#171=CYLINDRICAL_SURFACE('',#3728,0.002);
#172=CYLINDRICAL_SURFACE('',#3730,0.002);
#173=CYLINDRICAL_SURFACE('',#3736,0.002);
#174=CYLINDRICAL_SURFACE('',#3739,0.0022);
#175=CYLINDRICAL_SURFACE('',#3742,0.0022);
#176=CYLINDRICAL_SURFACE('',#3750,0.0022);
#177=CYLINDRICAL_SURFACE('',#3753,0.0022);
#178=CYLINDRICAL_SURFACE('',#3762,0.001);
#179=CYLINDRICAL_SURFACE('',#3765,0.001);
#180=CYLINDRICAL_SURFACE('',#3767,0.001);
#181=CYLINDRICAL_SURFACE('',#3769,0.001);
#182=B_SPLINE_CURVE_WITH_KNOTS('',3,(#4881,#4882,#4883,#4884,#4885,#4886,
#4887,#4888,#4889,#4890,#4891,#4892,#4893,#4894,#4895,#4896,#4897,#4898,
#4899,#4900,#4901,#4902,#4903,#4904,#4905,#4906,#4907,#4908,#4909,#4910,
#4911,#4912,#4913,#4914,#4915),.UNSPECIFIED.,.F.,.F.,(4,1,1,1,1,1,1,1,1,
1,1,1,1,1,1,1,1,1,1,1,1,1,1,1,1,1,1,1,1,1,1,1,4),(0.,0.107626156441442,
0.116731661278874,0.128486815154899,0.142395700036577,0.158166892716714,
0.175602602057852,0.194557216347195,0.214917738100318,0.236593168652711,
0.259508179747131,0.283599073824857,0.308811067431173,0.335096387780131,
0.362412893965382,0.390723050350558,0.419993144285973,0.450192678114565,
0.481293888508614,0.513271360774479,0.546101715281823,0.579763349550859,
0.614236223905408,0.649501681663423,0.685542297023231,0.722341745390791,
0.759884692062707,0.798156696053524,0.837144126516999,0.876834089717067,
0.917214364895772,0.958273347691246,0.981061949686135),.UNSPECIFIED.);
#183=B_SPLINE_CURVE_WITH_KNOTS('',3,(#4919,#4920,#4921,#4922,#4923,#4924,
#4925,#4926,#4927,#4928,#4929,#4930,#4931,#4932,#4933,#4934,#4935,#4936,
#4937,#4938,#4939,#4940,#4941,#4942,#4943,#4944,#4945,#4946,#4947,#4948,
#4949,#4950,#4951,#4952,#4953),.UNSPECIFIED.,.F.,.F.,(4,1,1,1,1,1,1,1,1,
1,1,1,1,1,1,1,1,1,1,1,1,1,1,1,1,1,1,1,1,1,1,1,4),(0.,0.107626156441442,
0.116731661278874,0.128486815154899,0.142395700036577,0.158166892716714,
0.175602602057852,0.194557216347195,0.214917738100318,0.236593168652711,
0.259508179747131,0.283599073824857,0.308811067431173,0.335096387780131,
0.362412893965382,0.390723050350558,0.419993144285973,0.450192678114565,
0.481293888508614,0.513271360774479,0.546101715281823,0.579763349550859,
0.614236223905408,0.649501681663423,0.685542297023231,0.722341745390791,
0.759884692062707,0.798156696053524,0.837144126516999,0.876834089717067,
0.917214364895772,0.958273347691246,0.981061949686135),.UNSPECIFIED.);
#184=B_SPLINE_CURVE_WITH_KNOTS('',3,(#4961,#4962,#4963,#4964,#4965,#4966,
#4967,#4968,#4969,#4970,#4971,#4972,#4973,#4974,#4975,#4976,#4977,#4978,
#4979,#4980,#4981,#4982,#4983,#4984,#4985,#4986,#4987,#4988,#4989,#4990,
#4991,#4992,#4993,#4994,#4995),.UNSPECIFIED.,.F.,.F.,(4,1,1,1,1,1,1,1,1,
1,1,1,1,1,1,1,1,1,1,1,1,1,1,1,1,1,1,1,1,1,1,1,4),(0.,0.107626156441442,
0.116731661278874,0.128486815154899,0.142395700036577,0.158166892716714,
0.175602602057852,0.194557216347195,0.214917738100318,0.236593168652711,
0.259508179747131,0.283599073824857,0.308811067431173,0.335096387780131,
0.362412893965382,0.390723050350558,0.419993144285973,0.450192678114565,
0.481293888508614,0.513271360774479,0.546101715281823,0.579763349550859,
0.614236223905408,0.649501681663423,0.685542297023231,0.722341745390791,
0.759884692062707,0.798156696053524,0.837144126516999,0.876834089717067,
0.917214364895772,0.958273347691246,0.981061949686135),.UNSPECIFIED.);
#185=B_SPLINE_CURVE_WITH_KNOTS('',3,(#4999,#5000,#5001,#5002,#5003,#5004,
#5005,#5006,#5007,#5008,#5009,#5010,#5011,#5012,#5013,#5014,#5015,#5016,
#5017,#5018,#5019,#5020,#5021,#5022,#5023,#5024,#5025,#5026,#5027,#5028,
#5029,#5030,#5031,#5032,#5033),.UNSPECIFIED.,.F.,.F.,(4,1,1,1,1,1,1,1,1,
1,1,1,1,1,1,1,1,1,1,1,1,1,1,1,1,1,1,1,1,1,1,1,4),(0.,0.107626156441442,
0.116731661278874,0.128486815154899,0.142395700036577,0.158166892716714,
0.175602602057852,0.194557216347195,0.214917738100318,0.236593168652711,
0.259508179747131,0.283599073824857,0.308811067431173,0.335096387780131,
0.362412893965382,0.390723050350558,0.419993144285973,0.450192678114565,
0.481293888508614,0.513271360774479,0.546101715281823,0.579763349550859,
0.614236223905408,0.649501681663423,0.685542297023231,0.722341745390791,
0.759884692062707,0.798156696053524,0.837144126516999,0.876834089717067,
0.917214364895772,0.958273347691246,0.981061949686135),.UNSPECIFIED.);
#186=B_SPLINE_CURVE_WITH_KNOTS('',3,(#5041,#5042,#5043,#5044,#5045,#5046,
#5047,#5048,#5049,#5050,#5051,#5052,#5053,#5054,#5055,#5056,#5057,#5058,
#5059,#5060,#5061,#5062,#5063,#5064,#5065,#5066,#5067,#5068,#5069,#5070,
#5071,#5072,#5073,#5074,#5075),.UNSPECIFIED.,.F.,.F.,(4,1,1,1,1,1,1,1,1,
1,1,1,1,1,1,1,1,1,1,1,1,1,1,1,1,1,1,1,1,1,1,1,4),(0.,0.107626156441442,
0.116731661278874,0.128486815154899,0.142395700036577,0.158166892716714,
0.175602602057852,0.194557216347195,0.214917738100318,0.236593168652711,
0.259508179747131,0.283599073824857,0.308811067431173,0.335096387780131,
0.362412893965382,0.390723050350558,0.419993144285973,0.450192678114565,
0.481293888508614,0.513271360774479,0.546101715281823,0.579763349550859,
0.614236223905408,0.649501681663423,0.685542297023231,0.722341745390791,
0.759884692062707,0.798156696053524,0.837144126516999,0.876834089717067,
0.917214364895772,0.958273347691246,0.981061949686135),.UNSPECIFIED.);
#187=B_SPLINE_CURVE_WITH_KNOTS('',3,(#5079,#5080,#5081,#5082,#5083,#5084,
#5085,#5086,#5087,#5088,#5089,#5090,#5091,#5092,#5093,#5094,#5095,#5096,
#5097,#5098,#5099,#5100,#5101,#5102,#5103,#5104,#5105,#5106,#5107,#5108,
#5109,#5110,#5111,#5112,#5113),.UNSPECIFIED.,.F.,.F.,(4,1,1,1,1,1,1,1,1,
1,1,1,1,1,1,1,1,1,1,1,1,1,1,1,1,1,1,1,1,1,1,1,4),(0.,0.107626156441442,
0.116731661278874,0.128486815154899,0.142395700036577,0.158166892716714,
0.175602602057852,0.194557216347195,0.214917738100318,0.236593168652711,
0.259508179747131,0.283599073824857,0.308811067431173,0.335096387780131,
0.362412893965382,0.390723050350558,0.419993144285973,0.450192678114565,
0.481293888508614,0.513271360774479,0.546101715281823,0.579763349550859,
0.614236223905408,0.649501681663423,0.685542297023231,0.722341745390791,
0.759884692062707,0.798156696053524,0.837144126516999,0.876834089717067,
0.917214364895772,0.958273347691246,0.981061949686135),.UNSPECIFIED.);
#188=B_SPLINE_CURVE_WITH_KNOTS('',3,(#5121,#5122,#5123,#5124,#5125,#5126,
#5127,#5128,#5129,#5130,#5131,#5132,#5133,#5134,#5135,#5136,#5137,#5138,
#5139,#5140,#5141,#5142,#5143,#5144,#5145,#5146,#5147,#5148,#5149,#5150,
#5151,#5152,#5153,#5154,#5155),.UNSPECIFIED.,.F.,.F.,(4,1,1,1,1,1,1,1,1,
1,1,1,1,1,1,1,1,1,1,1,1,1,1,1,1,1,1,1,1,1,1,1,4),(0.,0.107626156441442,
0.116731661278874,0.128486815154899,0.142395700036577,0.158166892716714,
0.175602602057852,0.194557216347195,0.214917738100318,0.236593168652711,
0.259508179747131,0.283599073824857,0.308811067431173,0.335096387780131,
0.362412893965382,0.390723050350558,0.419993144285973,0.450192678114565,
0.481293888508614,0.513271360774479,0.546101715281823,0.579763349550859,
0.614236223905408,0.649501681663423,0.685542297023231,0.722341745390791,
0.759884692062707,0.798156696053524,0.837144126516999,0.876834089717067,
0.917214364895772,0.958273347691246,0.981061949686135),.UNSPECIFIED.);
#189=B_SPLINE_CURVE_WITH_KNOTS('',3,(#5159,#5160,#5161,#5162,#5163,#5164,
#5165,#5166,#5167,#5168,#5169,#5170,#5171,#5172,#5173,#5174,#5175,#5176,
#5177,#5178,#5179,#5180,#5181,#5182,#5183,#5184,#5185,#5186,#5187,#5188,
#5189,#5190,#5191,#5192,#5193),.UNSPECIFIED.,.F.,.F.,(4,1,1,1,1,1,1,1,1,
1,1,1,1,1,1,1,1,1,1,1,1,1,1,1,1,1,1,1,1,1,1,1,4),(0.,0.107626156441442,
0.116731661278874,0.128486815154899,0.142395700036577,0.158166892716714,
0.175602602057852,0.194557216347195,0.214917738100318,0.236593168652711,
0.259508179747131,0.283599073824857,0.308811067431173,0.335096387780131,
0.362412893965382,0.390723050350558,0.419993144285973,0.450192678114565,
0.481293888508614,0.513271360774479,0.546101715281823,0.579763349550859,
0.614236223905408,0.649501681663423,0.685542297023231,0.722341745390791,
0.759884692062707,0.798156696053524,0.837144126516999,0.876834089717067,
0.917214364895772,0.958273347691246,0.981061949686135),.UNSPECIFIED.);
#190=B_SPLINE_CURVE_WITH_KNOTS('',3,(#5201,#5202,#5203,#5204,#5205,#5206,
#5207,#5208,#5209,#5210,#5211,#5212,#5213,#5214,#5215,#5216,#5217,#5218,
#5219,#5220,#5221,#5222,#5223,#5224,#5225,#5226,#5227,#5228,#5229,#5230,
#5231,#5232,#5233,#5234,#5235),.UNSPECIFIED.,.F.,.F.,(4,1,1,1,1,1,1,1,1,
1,1,1,1,1,1,1,1,1,1,1,1,1,1,1,1,1,1,1,1,1,1,1,4),(0.,0.107626156441442,
0.116731661278874,0.128486815154899,0.142395700036577,0.158166892716714,
0.175602602057852,0.194557216347195,0.214917738100318,0.236593168652711,
0.259508179747131,0.283599073824857,0.308811067431173,0.335096387780131,
0.362412893965382,0.390723050350558,0.419993144285973,0.450192678114565,
0.481293888508614,0.513271360774479,0.546101715281823,0.579763349550859,
0.614236223905408,0.649501681663423,0.685542297023231,0.722341745390791,
0.759884692062707,0.798156696053524,0.837144126516999,0.876834089717067,
0.917214364895772,0.958273347691246,0.981061949686135),.UNSPECIFIED.);
#191=B_SPLINE_CURVE_WITH_KNOTS('',3,(#5239,#5240,#5241,#5242,#5243,#5244,
#5245,#5246,#5247,#5248,#5249,#5250,#5251,#5252,#5253,#5254,#5255,#5256,
#5257,#5258,#5259,#5260,#5261,#5262,#5263,#5264,#5265,#5266,#5267,#5268,
#5269,#5270,#5271,#5272,#5273),.UNSPECIFIED.,.F.,.F.,(4,1,1,1,1,1,1,1,1,
1,1,1,1,1,1,1,1,1,1,1,1,1,1,1,1,1,1,1,1,1,1,1,4),(0.,0.107626156441442,
0.116731661278874,0.128486815154899,0.142395700036577,0.158166892716714,
0.175602602057852,0.194557216347195,0.214917738100318,0.236593168652711,
0.259508179747131,0.283599073824857,0.308811067431173,0.335096387780131,
0.362412893965382,0.390723050350558,0.419993144285973,0.450192678114565,
0.481293888508614,0.513271360774479,0.546101715281823,0.579763349550859,
0.614236223905408,0.649501681663423,0.685542297023231,0.722341745390791,
0.759884692062707,0.798156696053524,0.837144126516999,0.876834089717067,
0.917214364895772,0.958273347691246,0.981061949686135),.UNSPECIFIED.);
#192=B_SPLINE_CURVE_WITH_KNOTS('',3,(#5281,#5282,#5283,#5284,#5285,#5286,
#5287,#5288,#5289,#5290,#5291,#5292,#5293,#5294,#5295,#5296,#5297,#5298,
#5299,#5300,#5301,#5302,#5303,#5304,#5305,#5306,#5307,#5308,#5309,#5310,
#5311,#5312,#5313,#5314,#5315),.UNSPECIFIED.,.F.,.F.,(4,1,1,1,1,1,1,1,1,
1,1,1,1,1,1,1,1,1,1,1,1,1,1,1,1,1,1,1,1,1,1,1,4),(0.,0.107626156441442,
0.116731661278874,0.128486815154899,0.142395700036577,0.158166892716714,
0.175602602057852,0.194557216347195,0.214917738100318,0.236593168652711,
0.259508179747131,0.283599073824857,0.308811067431173,0.335096387780131,
0.362412893965382,0.390723050350558,0.419993144285973,0.450192678114565,
0.481293888508614,0.513271360774479,0.546101715281823,0.579763349550859,
0.614236223905408,0.649501681663423,0.685542297023231,0.722341745390791,
0.759884692062707,0.798156696053524,0.837144126516999,0.876834089717067,
0.917214364895772,0.958273347691246,0.981061949686135),.UNSPECIFIED.);
#193=B_SPLINE_CURVE_WITH_KNOTS('',3,(#5319,#5320,#5321,#5322,#5323,#5324,
#5325,#5326,#5327,#5328,#5329,#5330,#5331,#5332,#5333,#5334,#5335,#5336,
#5337,#5338,#5339,#5340,#5341,#5342,#5343,#5344,#5345,#5346,#5347,#5348,
#5349,#5350,#5351,#5352,#5353),.UNSPECIFIED.,.F.,.F.,(4,1,1,1,1,1,1,1,1,
1,1,1,1,1,1,1,1,1,1,1,1,1,1,1,1,1,1,1,1,1,1,1,4),(0.,0.107626156441442,
0.116731661278874,0.128486815154899,0.142395700036577,0.158166892716714,
0.175602602057852,0.194557216347195,0.214917738100318,0.236593168652711,
0.259508179747131,0.283599073824857,0.308811067431173,0.335096387780131,
0.362412893965382,0.390723050350558,0.419993144285973,0.450192678114565,
0.481293888508614,0.513271360774479,0.546101715281823,0.579763349550859,
0.614236223905408,0.649501681663423,0.685542297023231,0.722341745390791,
0.759884692062707,0.798156696053524,0.837144126516999,0.876834089717067,
0.917214364895772,0.958273347691246,0.981061949686135),.UNSPECIFIED.);
#194=B_SPLINE_CURVE_WITH_KNOTS('',3,(#5361,#5362,#5363,#5364,#5365,#5366,
#5367,#5368,#5369,#5370,#5371,#5372,#5373,#5374,#5375,#5376,#5377,#5378,
#5379,#5380,#5381,#5382,#5383,#5384,#5385,#5386,#5387,#5388,#5389,#5390,
#5391,#5392,#5393,#5394,#5395),.UNSPECIFIED.,.F.,.F.,(4,1,1,1,1,1,1,1,1,
1,1,1,1,1,1,1,1,1,1,1,1,1,1,1,1,1,1,1,1,1,1,1,4),(0.,0.107626156441442,
0.116731661278874,0.128486815154899,0.142395700036577,0.158166892716714,
0.175602602057852,0.194557216347195,0.214917738100318,0.236593168652711,
0.259508179747131,0.283599073824857,0.308811067431173,0.335096387780131,
0.362412893965382,0.390723050350558,0.419993144285973,0.450192678114565,
0.481293888508614,0.513271360774479,0.546101715281823,0.579763349550859,
0.614236223905408,0.649501681663423,0.685542297023231,0.722341745390791,
0.759884692062707,0.798156696053524,0.837144126516999,0.876834089717067,
0.917214364895772,0.958273347691246,0.981061949686135),.UNSPECIFIED.);
#195=B_SPLINE_CURVE_WITH_KNOTS('',3,(#5399,#5400,#5401,#5402,#5403,#5404,
#5405,#5406,#5407,#5408,#5409,#5410,#5411,#5412,#5413,#5414,#5415,#5416,
#5417,#5418,#5419,#5420,#5421,#5422,#5423,#5424,#5425,#5426,#5427,#5428,
#5429,#5430,#5431,#5432,#5433),.UNSPECIFIED.,.F.,.F.,(4,1,1,1,1,1,1,1,1,
1,1,1,1,1,1,1,1,1,1,1,1,1,1,1,1,1,1,1,1,1,1,1,4),(0.,0.107626156441442,
0.116731661278874,0.128486815154899,0.142395700036577,0.158166892716714,
0.175602602057852,0.194557216347195,0.214917738100318,0.236593168652711,
0.259508179747131,0.283599073824857,0.308811067431173,0.335096387780131,
0.362412893965382,0.390723050350558,0.419993144285973,0.450192678114565,
0.481293888508614,0.513271360774479,0.546101715281823,0.579763349550859,
0.614236223905408,0.649501681663423,0.685542297023231,0.722341745390791,
0.759884692062707,0.798156696053524,0.837144126516999,0.876834089717067,
0.917214364895772,0.958273347691246,0.981061949686135),.UNSPECIFIED.);
#196=B_SPLINE_CURVE_WITH_KNOTS('',3,(#5441,#5442,#5443,#5444,#5445,#5446,
#5447,#5448,#5449,#5450,#5451,#5452,#5453,#5454,#5455,#5456,#5457,#5458,
#5459,#5460,#5461,#5462,#5463,#5464,#5465,#5466,#5467,#5468,#5469,#5470,
#5471,#5472,#5473,#5474,#5475),.UNSPECIFIED.,.F.,.F.,(4,1,1,1,1,1,1,1,1,
1,1,1,1,1,1,1,1,1,1,1,1,1,1,1,1,1,1,1,1,1,1,1,4),(0.,0.107626156441442,
0.116731661278874,0.128486815154899,0.142395700036577,0.158166892716714,
0.175602602057852,0.194557216347195,0.214917738100318,0.236593168652711,
0.259508179747131,0.283599073824857,0.308811067431173,0.335096387780131,
0.362412893965382,0.390723050350558,0.419993144285973,0.450192678114565,
0.481293888508614,0.513271360774479,0.546101715281823,0.579763349550859,
0.614236223905408,0.649501681663423,0.685542297023231,0.722341745390791,
0.759884692062707,0.798156696053524,0.837144126516999,0.876834089717067,
0.917214364895772,0.958273347691246,0.981061949686135),.UNSPECIFIED.);
#197=B_SPLINE_CURVE_WITH_KNOTS('',3,(#5479,#5480,#5481,#5482,#5483,#5484,
#5485,#5486,#5487,#5488,#5489,#5490,#5491,#5492,#5493,#5494,#5495,#5496,
#5497,#5498,#5499,#5500,#5501,#5502,#5503,#5504,#5505,#5506,#5507,#5508,
#5509,#5510,#5511,#5512,#5513),.UNSPECIFIED.,.F.,.F.,(4,1,1,1,1,1,1,1,1,
1,1,1,1,1,1,1,1,1,1,1,1,1,1,1,1,1,1,1,1,1,1,1,4),(0.,0.107626156441442,
0.116731661278874,0.128486815154899,0.142395700036577,0.158166892716714,
0.175602602057852,0.194557216347195,0.214917738100318,0.236593168652711,
0.259508179747131,0.283599073824857,0.308811067431173,0.335096387780131,
0.362412893965382,0.390723050350558,0.419993144285973,0.450192678114565,
0.481293888508614,0.513271360774479,0.546101715281823,0.579763349550859,
0.614236223905408,0.649501681663423,0.685542297023231,0.722341745390791,
0.759884692062707,0.798156696053524,0.837144126516999,0.876834089717067,
0.917214364895772,0.958273347691246,0.981061949686135),.UNSPECIFIED.);
#198=B_SPLINE_CURVE_WITH_KNOTS('',3,(#5521,#5522,#5523,#5524,#5525,#5526,
#5527,#5528,#5529,#5530,#5531,#5532,#5533,#5534,#5535,#5536,#5537,#5538,
#5539,#5540,#5541,#5542,#5543,#5544,#5545,#5546,#5547,#5548,#5549,#5550,
#5551,#5552,#5553,#5554,#5555),.UNSPECIFIED.,.F.,.F.,(4,1,1,1,1,1,1,1,1,
1,1,1,1,1,1,1,1,1,1,1,1,1,1,1,1,1,1,1,1,1,1,1,4),(0.,0.107626156441442,
0.116731661278874,0.128486815154899,0.142395700036577,0.158166892716714,
0.175602602057852,0.194557216347195,0.214917738100318,0.236593168652711,
0.259508179747131,0.283599073824857,0.308811067431173,0.335096387780131,
0.362412893965382,0.390723050350558,0.419993144285973,0.450192678114565,
0.481293888508614,0.513271360774479,0.546101715281823,0.579763349550859,
0.614236223905408,0.649501681663423,0.685542297023231,0.722341745390791,
0.759884692062707,0.798156696053524,0.837144126516999,0.876834089717067,
0.917214364895772,0.958273347691246,0.981061949686135),.UNSPECIFIED.);
#199=B_SPLINE_CURVE_WITH_KNOTS('',3,(#5559,#5560,#5561,#5562,#5563,#5564,
#5565,#5566,#5567,#5568,#5569,#5570,#5571,#5572,#5573,#5574,#5575,#5576,
#5577,#5578,#5579,#5580,#5581,#5582,#5583,#5584,#5585,#5586,#5587,#5588,
#5589,#5590,#5591,#5592,#5593),.UNSPECIFIED.,.F.,.F.,(4,1,1,1,1,1,1,1,1,
1,1,1,1,1,1,1,1,1,1,1,1,1,1,1,1,1,1,1,1,1,1,1,4),(0.,0.107626156441442,
0.116731661278874,0.128486815154899,0.142395700036577,0.158166892716714,
0.175602602057852,0.194557216347195,0.214917738100318,0.236593168652711,
0.259508179747131,0.283599073824857,0.308811067431173,0.335096387780131,
0.362412893965382,0.390723050350558,0.419993144285973,0.450192678114565,
0.481293888508614,0.513271360774479,0.546101715281823,0.579763349550859,
0.614236223905408,0.649501681663423,0.685542297023231,0.722341745390791,
0.759884692062707,0.798156696053524,0.837144126516999,0.876834089717067,
0.917214364895772,0.958273347691246,0.981061949686135),.UNSPECIFIED.);
#200=B_SPLINE_CURVE_WITH_KNOTS('',3,(#5601,#5602,#5603,#5604,#5605,#5606,
#5607,#5608,#5609,#5610,#5611,#5612,#5613,#5614,#5615,#5616,#5617,#5618,
#5619,#5620,#5621,#5622,#5623,#5624,#5625,#5626,#5627,#5628,#5629,#5630,
#5631,#5632,#5633,#5634,#5635),.UNSPECIFIED.,.F.,.F.,(4,1,1,1,1,1,1,1,1,
1,1,1,1,1,1,1,1,1,1,1,1,1,1,1,1,1,1,1,1,1,1,1,4),(0.,0.107626156441442,
0.116731661278874,0.128486815154899,0.142395700036577,0.158166892716714,
0.175602602057852,0.194557216347195,0.214917738100318,0.236593168652711,
0.259508179747131,0.283599073824857,0.308811067431173,0.335096387780131,
0.362412893965382,0.390723050350558,0.419993144285973,0.450192678114565,
0.481293888508614,0.513271360774479,0.546101715281823,0.579763349550859,
0.614236223905408,0.649501681663423,0.685542297023231,0.722341745390791,
0.759884692062707,0.798156696053524,0.837144126516999,0.876834089717067,
0.917214364895772,0.958273347691246,0.981061949686135),.UNSPECIFIED.);
#201=B_SPLINE_CURVE_WITH_KNOTS('',3,(#5639,#5640,#5641,#5642,#5643,#5644,
#5645,#5646,#5647,#5648,#5649,#5650,#5651,#5652,#5653,#5654,#5655,#5656,
#5657,#5658,#5659,#5660,#5661,#5662,#5663,#5664,#5665,#5666,#5667,#5668,
#5669,#5670,#5671,#5672,#5673),.UNSPECIFIED.,.F.,.F.,(4,1,1,1,1,1,1,1,1,
1,1,1,1,1,1,1,1,1,1,1,1,1,1,1,1,1,1,1,1,1,1,1,4),(0.,0.107626156441442,
0.116731661278874,0.128486815154899,0.142395700036577,0.158166892716714,
0.175602602057852,0.194557216347195,0.214917738100318,0.236593168652711,
0.259508179747131,0.283599073824857,0.308811067431173,0.335096387780131,
0.362412893965382,0.390723050350558,0.419993144285973,0.450192678114565,
0.481293888508614,0.513271360774479,0.546101715281823,0.579763349550859,
0.614236223905408,0.649501681663423,0.685542297023231,0.722341745390791,
0.759884692062707,0.798156696053524,0.837144126516999,0.876834089717067,
0.917214364895772,0.958273347691246,0.981061949686135),.UNSPECIFIED.);
#202=B_SPLINE_CURVE_WITH_KNOTS('',3,(#5681,#5682,#5683,#5684,#5685,#5686,
#5687,#5688,#5689,#5690,#5691,#5692,#5693,#5694,#5695,#5696,#5697,#5698,
#5699,#5700,#5701,#5702,#5703,#5704,#5705,#5706,#5707,#5708,#5709,#5710,
#5711,#5712,#5713,#5714,#5715),.UNSPECIFIED.,.F.,.F.,(4,1,1,1,1,1,1,1,1,
1,1,1,1,1,1,1,1,1,1,1,1,1,1,1,1,1,1,1,1,1,1,1,4),(0.,0.107626156441442,
0.116731661278874,0.128486815154899,0.142395700036577,0.158166892716714,
0.175602602057852,0.194557216347195,0.214917738100318,0.236593168652711,
0.259508179747131,0.283599073824857,0.308811067431173,0.335096387780131,
0.362412893965382,0.390723050350558,0.419993144285973,0.450192678114565,
0.481293888508614,0.513271360774479,0.546101715281823,0.579763349550859,
0.614236223905408,0.649501681663423,0.685542297023231,0.722341745390791,
0.759884692062707,0.798156696053524,0.837144126516999,0.876834089717067,
0.917214364895772,0.958273347691246,0.981061949686135),.UNSPECIFIED.);
#203=B_SPLINE_CURVE_WITH_KNOTS('',3,(#5719,#5720,#5721,#5722,#5723,#5724,
#5725,#5726,#5727,#5728,#5729,#5730,#5731,#5732,#5733,#5734,#5735,#5736,
#5737,#5738,#5739,#5740,#5741,#5742,#5743,#5744,#5745,#5746,#5747,#5748,
#5749,#5750,#5751,#5752,#5753),.UNSPECIFIED.,.F.,.F.,(4,1,1,1,1,1,1,1,1,
1,1,1,1,1,1,1,1,1,1,1,1,1,1,1,1,1,1,1,1,1,1,1,4),(0.,0.107626156441442,
0.116731661278874,0.128486815154899,0.142395700036577,0.158166892716714,
0.175602602057852,0.194557216347195,0.214917738100318,0.236593168652711,
0.259508179747131,0.283599073824857,0.308811067431173,0.335096387780131,
0.362412893965382,0.390723050350558,0.419993144285973,0.450192678114565,
0.481293888508614,0.513271360774479,0.546101715281823,0.579763349550859,
0.614236223905408,0.649501681663423,0.685542297023231,0.722341745390791,
0.759884692062707,0.798156696053524,0.837144126516999,0.876834089717067,
0.917214364895772,0.958273347691246,0.981061949686135),.UNSPECIFIED.);
#204=B_SPLINE_CURVE_WITH_KNOTS('',3,(#5761,#5762,#5763,#5764,#5765,#5766,
#5767,#5768,#5769,#5770,#5771,#5772,#5773,#5774,#5775,#5776,#5777,#5778,
#5779,#5780,#5781,#5782,#5783,#5784,#5785,#5786,#5787,#5788,#5789,#5790,
#5791,#5792,#5793,#5794,#5795),.UNSPECIFIED.,.F.,.F.,(4,1,1,1,1,1,1,1,1,
1,1,1,1,1,1,1,1,1,1,1,1,1,1,1,1,1,1,1,1,1,1,1,4),(0.,0.107626156441442,
0.116731661278874,0.128486815154899,0.142395700036577,0.158166892716714,
0.175602602057852,0.194557216347195,0.214917738100318,0.236593168652711,
0.259508179747131,0.283599073824857,0.308811067431173,0.335096387780131,
0.362412893965382,0.390723050350558,0.419993144285973,0.450192678114565,
0.481293888508614,0.513271360774479,0.546101715281823,0.579763349550859,
0.614236223905408,0.649501681663423,0.685542297023231,0.722341745390791,
0.759884692062707,0.798156696053524,0.837144126516999,0.876834089717067,
0.917214364895772,0.958273347691246,0.981061949686135),.UNSPECIFIED.);
#205=B_SPLINE_CURVE_WITH_KNOTS('',3,(#5799,#5800,#5801,#5802,#5803,#5804,
#5805,#5806,#5807,#5808,#5809,#5810,#5811,#5812,#5813,#5814,#5815,#5816,
#5817,#5818,#5819,#5820,#5821,#5822,#5823,#5824,#5825,#5826,#5827,#5828,
#5829,#5830,#5831,#5832,#5833),.UNSPECIFIED.,.F.,.F.,(4,1,1,1,1,1,1,1,1,
1,1,1,1,1,1,1,1,1,1,1,1,1,1,1,1,1,1,1,1,1,1,1,4),(0.,0.107626156441442,
0.116731661278874,0.128486815154899,0.142395700036577,0.158166892716714,
0.175602602057852,0.194557216347195,0.214917738100318,0.236593168652711,
0.259508179747131,0.283599073824857,0.308811067431173,0.335096387780131,
0.362412893965382,0.390723050350558,0.419993144285973,0.450192678114565,
0.481293888508614,0.513271360774479,0.546101715281823,0.579763349550859,
0.614236223905408,0.649501681663423,0.685542297023231,0.722341745390791,
0.759884692062707,0.798156696053524,0.837144126516999,0.876834089717067,
0.917214364895772,0.958273347691246,0.981061949686135),.UNSPECIFIED.);
#206=B_SPLINE_CURVE_WITH_KNOTS('',3,(#5841,#5842,#5843,#5844,#5845,#5846,
#5847,#5848,#5849,#5850,#5851,#5852,#5853,#5854,#5855,#5856,#5857,#5858,
#5859,#5860,#5861,#5862,#5863,#5864,#5865,#5866,#5867,#5868,#5869,#5870,
#5871,#5872,#5873,#5874,#5875),.UNSPECIFIED.,.F.,.F.,(4,1,1,1,1,1,1,1,1,
1,1,1,1,1,1,1,1,1,1,1,1,1,1,1,1,1,1,1,1,1,1,1,4),(0.,0.107626156441442,
0.116731661278874,0.128486815154899,0.142395700036577,0.158166892716714,
0.175602602057852,0.194557216347195,0.214917738100318,0.236593168652711,
0.259508179747131,0.283599073824857,0.308811067431173,0.335096387780131,
0.362412893965382,0.390723050350558,0.419993144285973,0.450192678114565,
0.481293888508614,0.513271360774479,0.546101715281823,0.579763349550859,
0.614236223905408,0.649501681663423,0.685542297023231,0.722341745390791,
0.759884692062707,0.798156696053524,0.837144126516999,0.876834089717067,
0.917214364895772,0.958273347691246,0.981061949686135),.UNSPECIFIED.);
#207=B_SPLINE_CURVE_WITH_KNOTS('',3,(#5879,#5880,#5881,#5882,#5883,#5884,
#5885,#5886,#5887,#5888,#5889,#5890,#5891,#5892,#5893,#5894,#5895,#5896,
#5897,#5898,#5899,#5900,#5901,#5902,#5903,#5904,#5905,#5906,#5907,#5908,
#5909,#5910,#5911,#5912,#5913),.UNSPECIFIED.,.F.,.F.,(4,1,1,1,1,1,1,1,1,
1,1,1,1,1,1,1,1,1,1,1,1,1,1,1,1,1,1,1,1,1,1,1,4),(0.,0.107626156441442,
0.116731661278874,0.128486815154899,0.142395700036577,0.158166892716714,
0.175602602057852,0.194557216347195,0.214917738100318,0.236593168652711,
0.259508179747131,0.283599073824857,0.308811067431173,0.335096387780131,
0.362412893965382,0.390723050350558,0.419993144285973,0.450192678114565,
0.481293888508614,0.513271360774479,0.546101715281823,0.579763349550859,
0.614236223905408,0.649501681663423,0.685542297023231,0.722341745390791,
0.759884692062707,0.798156696053524,0.837144126516999,0.876834089717067,
0.917214364895772,0.958273347691246,0.981061949686135),.UNSPECIFIED.);
#208=B_SPLINE_CURVE_WITH_KNOTS('',3,(#5921,#5922,#5923,#5924,#5925,#5926,
#5927,#5928,#5929,#5930,#5931,#5932,#5933,#5934,#5935,#5936,#5937,#5938,
#5939,#5940,#5941,#5942,#5943,#5944,#5945,#5946,#5947,#5948,#5949,#5950,
#5951,#5952,#5953,#5954,#5955),.UNSPECIFIED.,.F.,.F.,(4,1,1,1,1,1,1,1,1,
1,1,1,1,1,1,1,1,1,1,1,1,1,1,1,1,1,1,1,1,1,1,1,4),(0.,0.107626156441442,
0.116731661278874,0.128486815154899,0.142395700036577,0.158166892716714,
0.175602602057852,0.194557216347195,0.214917738100318,0.236593168652711,
0.259508179747131,0.283599073824857,0.308811067431173,0.335096387780131,
0.362412893965382,0.390723050350558,0.419993144285973,0.450192678114565,
0.481293888508614,0.513271360774479,0.546101715281823,0.579763349550859,
0.614236223905408,0.649501681663423,0.685542297023231,0.722341745390791,
0.759884692062707,0.798156696053524,0.837144126516999,0.876834089717067,
0.917214364895772,0.958273347691246,0.981061949686135),.UNSPECIFIED.);
#209=B_SPLINE_CURVE_WITH_KNOTS('',3,(#5959,#5960,#5961,#5962,#5963,#5964,
#5965,#5966,#5967,#5968,#5969,#5970,#5971,#5972,#5973,#5974,#5975,#5976,
#5977,#5978,#5979,#5980,#5981,#5982,#5983,#5984,#5985,#5986,#5987,#5988,
#5989,#5990,#5991,#5992,#5993),.UNSPECIFIED.,.F.,.F.,(4,1,1,1,1,1,1,1,1,
1,1,1,1,1,1,1,1,1,1,1,1,1,1,1,1,1,1,1,1,1,1,1,4),(0.,0.107626156441442,
0.116731661278874,0.128486815154899,0.142395700036577,0.158166892716714,
0.175602602057852,0.194557216347195,0.214917738100318,0.236593168652711,
0.259508179747131,0.283599073824857,0.308811067431173,0.335096387780131,
0.362412893965382,0.390723050350558,0.419993144285973,0.450192678114565,
0.481293888508614,0.513271360774479,0.546101715281823,0.579763349550859,
0.614236223905408,0.649501681663423,0.685542297023231,0.722341745390791,
0.759884692062707,0.798156696053524,0.837144126516999,0.876834089717067,
0.917214364895772,0.958273347691246,0.981061949686135),.UNSPECIFIED.);
#210=B_SPLINE_CURVE_WITH_KNOTS('',3,(#6001,#6002,#6003,#6004,#6005,#6006,
#6007,#6008,#6009,#6010,#6011,#6012,#6013,#6014,#6015,#6016,#6017,#6018,
#6019,#6020,#6021,#6022,#6023,#6024,#6025,#6026,#6027,#6028,#6029,#6030,
#6031,#6032,#6033,#6034,#6035),.UNSPECIFIED.,.F.,.F.,(4,1,1,1,1,1,1,1,1,
1,1,1,1,1,1,1,1,1,1,1,1,1,1,1,1,1,1,1,1,1,1,1,4),(0.,0.107626156441442,
0.116731661278874,0.128486815154899,0.142395700036577,0.158166892716714,
0.175602602057852,0.194557216347195,0.214917738100318,0.236593168652711,
0.259508179747131,0.283599073824857,0.308811067431173,0.335096387780131,
0.362412893965382,0.390723050350558,0.419993144285973,0.450192678114565,
0.481293888508614,0.513271360774479,0.546101715281823,0.579763349550859,
0.614236223905408,0.649501681663423,0.685542297023231,0.722341745390791,
0.759884692062707,0.798156696053524,0.837144126516999,0.876834089717067,
0.917214364895772,0.958273347691246,0.981061949686135),.UNSPECIFIED.);
#211=B_SPLINE_CURVE_WITH_KNOTS('',3,(#6039,#6040,#6041,#6042,#6043,#6044,
#6045,#6046,#6047,#6048,#6049,#6050,#6051,#6052,#6053,#6054,#6055,#6056,
#6057,#6058,#6059,#6060,#6061,#6062,#6063,#6064,#6065,#6066,#6067,#6068,
#6069,#6070,#6071,#6072,#6073),.UNSPECIFIED.,.F.,.F.,(4,1,1,1,1,1,1,1,1,
1,1,1,1,1,1,1,1,1,1,1,1,1,1,1,1,1,1,1,1,1,1,1,4),(0.,0.107626156441442,
0.116731661278874,0.128486815154899,0.142395700036577,0.158166892716714,
0.175602602057852,0.194557216347195,0.214917738100318,0.236593168652711,
0.259508179747131,0.283599073824857,0.308811067431173,0.335096387780131,
0.362412893965382,0.390723050350558,0.419993144285973,0.450192678114565,
0.481293888508614,0.513271360774479,0.546101715281823,0.579763349550859,
0.614236223905408,0.649501681663423,0.685542297023231,0.722341745390791,
0.759884692062707,0.798156696053524,0.837144126516999,0.876834089717067,
0.917214364895772,0.958273347691246,0.981061949686135),.UNSPECIFIED.);
#212=B_SPLINE_CURVE_WITH_KNOTS('',3,(#6081,#6082,#6083,#6084,#6085,#6086,
#6087,#6088,#6089,#6090,#6091,#6092,#6093,#6094,#6095,#6096,#6097,#6098,
#6099,#6100,#6101,#6102,#6103,#6104,#6105,#6106,#6107,#6108,#6109,#6110,
#6111,#6112,#6113,#6114,#6115),.UNSPECIFIED.,.F.,.F.,(4,1,1,1,1,1,1,1,1,
1,1,1,1,1,1,1,1,1,1,1,1,1,1,1,1,1,1,1,1,1,1,1,4),(0.,0.107626156441442,
0.116731661278874,0.128486815154899,0.142395700036577,0.158166892716714,
0.175602602057852,0.194557216347195,0.214917738100318,0.236593168652711,
0.259508179747131,0.283599073824857,0.308811067431173,0.335096387780131,
0.362412893965382,0.390723050350558,0.419993144285973,0.450192678114565,
0.481293888508614,0.513271360774479,0.546101715281823,0.579763349550859,
0.614236223905408,0.649501681663423,0.685542297023231,0.722341745390791,
0.759884692062707,0.798156696053524,0.837144126516999,0.876834089717067,
0.917214364895772,0.958273347691246,0.981061949686135),.UNSPECIFIED.);
#213=B_SPLINE_CURVE_WITH_KNOTS('',3,(#6119,#6120,#6121,#6122,#6123,#6124,
#6125,#6126,#6127,#6128,#6129,#6130,#6131,#6132,#6133,#6134,#6135,#6136,
#6137,#6138,#6139,#6140,#6141,#6142,#6143,#6144,#6145,#6146,#6147,#6148,
#6149,#6150,#6151,#6152,#6153),.UNSPECIFIED.,.F.,.F.,(4,1,1,1,1,1,1,1,1,
1,1,1,1,1,1,1,1,1,1,1,1,1,1,1,1,1,1,1,1,1,1,1,4),(0.,0.107626156441442,
0.116731661278874,0.128486815154899,0.142395700036577,0.158166892716714,
0.175602602057852,0.194557216347195,0.214917738100318,0.236593168652711,
0.259508179747131,0.283599073824857,0.308811067431173,0.335096387780131,
0.362412893965382,0.390723050350558,0.419993144285973,0.450192678114565,
0.481293888508614,0.513271360774479,0.546101715281823,0.579763349550859,
0.614236223905408,0.649501681663423,0.685542297023231,0.722341745390791,
0.759884692062707,0.798156696053524,0.837144126516999,0.876834089717067,
0.917214364895772,0.958273347691246,0.981061949686135),.UNSPECIFIED.);
#214=B_SPLINE_CURVE_WITH_KNOTS('',3,(#6161,#6162,#6163,#6164,#6165,#6166,
#6167,#6168,#6169,#6170,#6171,#6172,#6173,#6174,#6175,#6176,#6177,#6178,
#6179,#6180,#6181,#6182,#6183,#6184,#6185,#6186,#6187,#6188,#6189,#6190,
#6191,#6192,#6193,#6194,#6195),.UNSPECIFIED.,.F.,.F.,(4,1,1,1,1,1,1,1,1,
1,1,1,1,1,1,1,1,1,1,1,1,1,1,1,1,1,1,1,1,1,1,1,4),(0.,0.107626156441442,
0.116731661278874,0.128486815154899,0.142395700036577,0.158166892716714,
0.175602602057852,0.194557216347195,0.214917738100318,0.236593168652711,
0.259508179747131,0.283599073824857,0.308811067431173,0.335096387780131,
0.362412893965382,0.390723050350558,0.419993144285973,0.450192678114565,
0.481293888508614,0.513271360774479,0.546101715281823,0.579763349550859,
0.614236223905408,0.649501681663423,0.685542297023231,0.722341745390791,
0.759884692062707,0.798156696053524,0.837144126516999,0.876834089717067,
0.917214364895772,0.958273347691246,0.981061949686135),.UNSPECIFIED.);
#215=B_SPLINE_CURVE_WITH_KNOTS('',3,(#6199,#6200,#6201,#6202,#6203,#6204,
#6205,#6206,#6207,#6208,#6209,#6210,#6211,#6212,#6213,#6214,#6215,#6216,
#6217,#6218,#6219,#6220,#6221,#6222,#6223,#6224,#6225,#6226,#6227,#6228,
#6229,#6230,#6231,#6232,#6233),.UNSPECIFIED.,.F.,.F.,(4,1,1,1,1,1,1,1,1,
1,1,1,1,1,1,1,1,1,1,1,1,1,1,1,1,1,1,1,1,1,1,1,4),(0.,0.107626156441442,
0.116731661278874,0.128486815154899,0.142395700036577,0.158166892716714,
0.175602602057852,0.194557216347195,0.214917738100318,0.236593168652711,
0.259508179747131,0.283599073824857,0.308811067431173,0.335096387780131,
0.362412893965382,0.390723050350558,0.419993144285973,0.450192678114565,
0.481293888508614,0.513271360774479,0.546101715281823,0.579763349550859,
0.614236223905408,0.649501681663423,0.685542297023231,0.722341745390791,
0.759884692062707,0.798156696053524,0.837144126516999,0.876834089717067,
0.917214364895772,0.958273347691246,0.981061949686135),.UNSPECIFIED.);
#216=B_SPLINE_CURVE_WITH_KNOTS('',3,(#6241,#6242,#6243,#6244,#6245,#6246,
#6247,#6248,#6249,#6250,#6251,#6252,#6253,#6254,#6255,#6256,#6257,#6258,
#6259,#6260,#6261,#6262,#6263,#6264,#6265,#6266,#6267,#6268,#6269,#6270,
#6271,#6272,#6273,#6274,#6275),.UNSPECIFIED.,.F.,.F.,(4,1,1,1,1,1,1,1,1,
1,1,1,1,1,1,1,1,1,1,1,1,1,1,1,1,1,1,1,1,1,1,1,4),(0.,0.107626156441442,
0.116731661278874,0.128486815154899,0.142395700036577,0.158166892716714,
0.175602602057852,0.194557216347195,0.214917738100318,0.236593168652711,
0.259508179747131,0.283599073824857,0.308811067431173,0.335096387780131,
0.362412893965382,0.390723050350558,0.419993144285973,0.450192678114565,
0.481293888508614,0.513271360774479,0.546101715281823,0.579763349550859,
0.614236223905408,0.649501681663423,0.685542297023231,0.722341745390791,
0.759884692062707,0.798156696053524,0.837144126516999,0.876834089717067,
0.917214364895772,0.958273347691246,0.981061949686135),.UNSPECIFIED.);
#217=B_SPLINE_CURVE_WITH_KNOTS('',3,(#6279,#6280,#6281,#6282,#6283,#6284,
#6285,#6286,#6287,#6288,#6289,#6290,#6291,#6292,#6293,#6294,#6295,#6296,
#6297,#6298,#6299,#6300,#6301,#6302,#6303,#6304,#6305,#6306,#6307,#6308,
#6309,#6310,#6311,#6312,#6313),.UNSPECIFIED.,.F.,.F.,(4,1,1,1,1,1,1,1,1,
1,1,1,1,1,1,1,1,1,1,1,1,1,1,1,1,1,1,1,1,1,1,1,4),(0.,0.107626156441442,
0.116731661278874,0.128486815154899,0.142395700036577,0.158166892716714,
0.175602602057852,0.194557216347195,0.214917738100318,0.236593168652711,
0.259508179747131,0.283599073824857,0.308811067431173,0.335096387780131,
0.362412893965382,0.390723050350558,0.419993144285973,0.450192678114565,
0.481293888508614,0.513271360774479,0.546101715281823,0.579763349550859,
0.614236223905408,0.649501681663423,0.685542297023231,0.722341745390791,
0.759884692062707,0.798156696053524,0.837144126516999,0.876834089717067,
0.917214364895772,0.958273347691246,0.981061949686135),.UNSPECIFIED.);
#218=B_SPLINE_CURVE_WITH_KNOTS('',3,(#6385,#6386,#6387,#6388,#6389),
 .UNSPECIFIED.,.F.,.F.,(4,1,4),(0.,0.00171737048952466,0.00343474097904932),
 .UNSPECIFIED.);
#219=B_SPLINE_CURVE_WITH_KNOTS('',3,(#6393,#6394,#6395,#6396,#6397),
 .UNSPECIFIED.,.F.,.F.,(4,1,4),(0.,0.00171737048952466,0.00343474097904932),
 .UNSPECIFIED.);
#220=B_SPLINE_CURVE_WITH_KNOTS('',3,(#6403,#6404,#6405,#6406,#6407),
 .UNSPECIFIED.,.F.,.F.,(4,1,4),(0.,0.00171737048952466,0.00343474097904932),
 .UNSPECIFIED.);
#221=B_SPLINE_CURVE_WITH_KNOTS('',3,(#6411,#6412,#6413,#6414,#6415),
 .UNSPECIFIED.,.F.,.F.,(4,1,4),(0.,0.00171737048952466,0.00343474097904932),
 .UNSPECIFIED.);
#222=B_SPLINE_CURVE_WITH_KNOTS('',3,(#6460,#6461,#6462,#6463,#6464,#6465,
#6466,#6467,#6468,#6469,#6470,#6471,#6472,#6473,#6474,#6475,#6476,#6477,
#6478,#6479,#6480,#6481,#6482,#6483,#6484,#6485,#6486,#6487,#6488,#6489,
#6490,#6491,#6492,#6493,#6494),.UNSPECIFIED.,.F.,.F.,(4,1,1,1,1,1,1,1,1,
1,1,1,1,1,1,1,1,1,1,1,1,1,1,1,1,1,1,1,1,1,1,1,4),(0.,0.107626156441442,
0.116731661278874,0.128486815154899,0.142395700036577,0.158166892716714,
0.175602602057852,0.194557216347195,0.214917738100318,0.236593168652711,
0.259508179747131,0.283599073824857,0.308811067431173,0.335096387780131,
0.362412893965382,0.390723050350558,0.419993144285973,0.450192678114565,
0.481293888508614,0.513271360774479,0.546101715281823,0.579763349550859,
0.614236223905408,0.649501681663423,0.685542297023231,0.722341745390791,
0.759884692062707,0.798156696053524,0.837144126516999,0.876834089717067,
0.917214364895772,0.958273347691246,0.981061949686135),.UNSPECIFIED.);
#223=B_SPLINE_CURVE_WITH_KNOTS('',3,(#6529,#6530,#6531,#6532,#6533,#6534,
#6535,#6536,#6537,#6538,#6539,#6540,#6541,#6542,#6543,#6544,#6545,#6546,
#6547,#6548,#6549,#6550,#6551,#6552,#6553,#6554,#6555,#6556,#6557,#6558,
#6559,#6560,#6561,#6562,#6563),.UNSPECIFIED.,.F.,.F.,(4,1,1,1,1,1,1,1,1,
1,1,1,1,1,1,1,1,1,1,1,1,1,1,1,1,1,1,1,1,1,1,1,4),(0.,0.107626156441442,
0.116731661278874,0.128486815154899,0.142395700036577,0.158166892716714,
0.175602602057852,0.194557216347195,0.214917738100318,0.236593168652711,
0.259508179747131,0.283599073824857,0.308811067431173,0.335096387780131,
0.362412893965382,0.390723050350558,0.419993144285973,0.450192678114565,
0.481293888508614,0.513271360774479,0.546101715281823,0.579763349550859,
0.614236223905408,0.649501681663423,0.685542297023231,0.722341745390791,
0.759884692062707,0.798156696053524,0.837144126516999,0.876834089717067,
0.917214364895772,0.958273347691246,0.981061949686135),.UNSPECIFIED.);
#224=B_SPLINE_CURVE_WITH_KNOTS('',3,(#6606,#6607,#6608,#6609,#6610,#6611,
#6612,#6613,#6614,#6615,#6616,#6617,#6618,#6619,#6620,#6621,#6622,#6623,
#6624,#6625,#6626,#6627,#6628,#6629,#6630,#6631,#6632,#6633,#6634,#6635,
#6636,#6637,#6638,#6639,#6640),.UNSPECIFIED.,.F.,.F.,(4,1,1,1,1,1,1,1,1,
1,1,1,1,1,1,1,1,1,1,1,1,1,1,1,1,1,1,1,1,1,1,1,4),(0.,0.107626156441442,
0.116731661278874,0.128486815154899,0.142395700036577,0.158166892716714,
0.175602602057852,0.194557216347195,0.214917738100318,0.236593168652711,
0.259508179747131,0.283599073824857,0.308811067431173,0.335096387780131,
0.362412893965382,0.390723050350558,0.419993144285973,0.450192678114565,
0.481293888508614,0.513271360774479,0.546101715281823,0.579763349550859,
0.614236223905408,0.649501681663423,0.685542297023231,0.722341745390791,
0.759884692062707,0.798156696053524,0.837144126516999,0.876834089717067,
0.917214364895772,0.958273347691246,0.981061949686135),.UNSPECIFIED.);
#225=B_SPLINE_CURVE_WITH_KNOTS('',3,(#6675,#6676,#6677,#6678,#6679,#6680,
#6681,#6682,#6683,#6684,#6685,#6686,#6687,#6688,#6689,#6690,#6691,#6692,
#6693,#6694,#6695,#6696,#6697,#6698,#6699,#6700,#6701,#6702,#6703,#6704,
#6705,#6706,#6707,#6708,#6709),.UNSPECIFIED.,.F.,.F.,(4,1,1,1,1,1,1,1,1,
1,1,1,1,1,1,1,1,1,1,1,1,1,1,1,1,1,1,1,1,1,1,1,4),(0.,0.107626156441442,
0.116731661278874,0.128486815154899,0.142395700036577,0.158166892716714,
0.175602602057852,0.194557216347195,0.214917738100318,0.236593168652711,
0.259508179747131,0.283599073824857,0.308811067431173,0.335096387780131,
0.362412893965382,0.390723050350558,0.419993144285973,0.450192678114565,
0.481293888508614,0.513271360774479,0.546101715281823,0.579763349550859,
0.614236223905408,0.649501681663423,0.685542297023231,0.722341745390791,
0.759884692062707,0.798156696053524,0.837144126516999,0.876834089717067,
0.917214364895772,0.958273347691246,0.981061949686135),.UNSPECIFIED.);
#226=B_SPLINE_CURVE_WITH_KNOTS('',3,(#6752,#6753,#6754,#6755,#6756,#6757,
#6758,#6759,#6760,#6761,#6762,#6763,#6764,#6765,#6766,#6767,#6768,#6769,
#6770,#6771,#6772,#6773,#6774,#6775,#6776,#6777,#6778,#6779,#6780,#6781,
#6782,#6783,#6784,#6785,#6786),.UNSPECIFIED.,.F.,.F.,(4,1,1,1,1,1,1,1,1,
1,1,1,1,1,1,1,1,1,1,1,1,1,1,1,1,1,1,1,1,1,1,1,4),(0.,0.107626156441442,
0.116731661278874,0.128486815154899,0.142395700036577,0.158166892716714,
0.175602602057852,0.194557216347195,0.214917738100318,0.236593168652711,
0.259508179747131,0.283599073824857,0.308811067431173,0.335096387780131,
0.362412893965382,0.390723050350558,0.419993144285973,0.450192678114565,
0.481293888508614,0.513271360774479,0.546101715281823,0.579763349550859,
0.614236223905408,0.649501681663423,0.685542297023231,0.722341745390791,
0.759884692062707,0.798156696053524,0.837144126516999,0.876834089717067,
0.917214364895772,0.958273347691246,0.981061949686135),.UNSPECIFIED.);
#227=B_SPLINE_CURVE_WITH_KNOTS('',3,(#6821,#6822,#6823,#6824,#6825,#6826,
#6827,#6828,#6829,#6830,#6831,#6832,#6833,#6834,#6835,#6836,#6837,#6838,
#6839,#6840,#6841,#6842,#6843,#6844,#6845,#6846,#6847,#6848,#6849,#6850,
#6851,#6852,#6853,#6854,#6855),.UNSPECIFIED.,.F.,.F.,(4,1,1,1,1,1,1,1,1,
1,1,1,1,1,1,1,1,1,1,1,1,1,1,1,1,1,1,1,1,1,1,1,4),(0.,0.107626156441442,
0.116731661278874,0.128486815154899,0.142395700036577,0.158166892716714,
0.175602602057852,0.194557216347195,0.214917738100318,0.236593168652711,
0.259508179747131,0.283599073824857,0.308811067431173,0.335096387780131,
0.362412893965382,0.390723050350558,0.419993144285973,0.450192678114565,
0.481293888508614,0.513271360774479,0.546101715281823,0.579763349550859,
0.614236223905408,0.649501681663423,0.685542297023231,0.722341745390791,
0.759884692062707,0.798156696053524,0.837144126516999,0.876834089717067,
0.917214364895772,0.958273347691246,0.981061949686135),.UNSPECIFIED.);
#228=B_SPLINE_CURVE_WITH_KNOTS('',3,(#6898,#6899,#6900,#6901,#6902,#6903,
#6904,#6905,#6906,#6907,#6908,#6909,#6910,#6911,#6912,#6913,#6914,#6915,
#6916,#6917,#6918,#6919,#6920,#6921,#6922,#6923,#6924,#6925,#6926,#6927,
#6928,#6929,#6930,#6931,#6932),.UNSPECIFIED.,.F.,.F.,(4,1,1,1,1,1,1,1,1,
1,1,1,1,1,1,1,1,1,1,1,1,1,1,1,1,1,1,1,1,1,1,1,4),(0.,0.107626156441442,
0.116731661278874,0.128486815154899,0.142395700036577,0.158166892716714,
0.175602602057852,0.194557216347195,0.214917738100318,0.236593168652711,
0.259508179747131,0.283599073824857,0.308811067431173,0.335096387780131,
0.362412893965382,0.390723050350558,0.419993144285973,0.450192678114565,
0.481293888508614,0.513271360774479,0.546101715281823,0.579763349550859,
0.614236223905408,0.649501681663423,0.685542297023231,0.722341745390791,
0.759884692062707,0.798156696053524,0.837144126516999,0.876834089717067,
0.917214364895772,0.958273347691246,0.981061949686135),.UNSPECIFIED.);
#229=B_SPLINE_CURVE_WITH_KNOTS('',3,(#6967,#6968,#6969,#6970,#6971,#6972,
#6973,#6974,#6975,#6976,#6977,#6978,#6979,#6980,#6981,#6982,#6983,#6984,
#6985,#6986,#6987,#6988,#6989,#6990,#6991,#6992,#6993,#6994,#6995,#6996,
#6997,#6998,#6999,#7000,#7001),.UNSPECIFIED.,.F.,.F.,(4,1,1,1,1,1,1,1,1,
1,1,1,1,1,1,1,1,1,1,1,1,1,1,1,1,1,1,1,1,1,1,1,4),(0.,0.107626156441442,
0.116731661278874,0.128486815154899,0.142395700036577,0.158166892716714,
0.175602602057852,0.194557216347195,0.214917738100318,0.236593168652711,
0.259508179747131,0.283599073824857,0.308811067431173,0.335096387780131,
0.362412893965382,0.390723050350558,0.419993144285973,0.450192678114565,
0.481293888508614,0.513271360774479,0.546101715281823,0.579763349550859,
0.614236223905408,0.649501681663423,0.685542297023231,0.722341745390791,
0.759884692062707,0.798156696053524,0.837144126516999,0.876834089717067,
0.917214364895772,0.958273347691246,0.981061949686135),.UNSPECIFIED.);
#230=B_SPLINE_CURVE_WITH_KNOTS('',3,(#7044,#7045,#7046,#7047,#7048,#7049,
#7050,#7051,#7052,#7053,#7054,#7055,#7056,#7057,#7058,#7059,#7060,#7061,
#7062,#7063,#7064,#7065,#7066,#7067,#7068,#7069,#7070,#7071,#7072,#7073,
#7074,#7075,#7076,#7077,#7078),.UNSPECIFIED.,.F.,.F.,(4,1,1,1,1,1,1,1,1,
1,1,1,1,1,1,1,1,1,1,1,1,1,1,1,1,1,1,1,1,1,1,1,4),(0.,0.107626156441442,
0.116731661278874,0.128486815154899,0.142395700036577,0.158166892716714,
0.175602602057852,0.194557216347195,0.214917738100318,0.236593168652711,
0.259508179747131,0.283599073824857,0.308811067431173,0.335096387780131,
0.362412893965382,0.390723050350558,0.419993144285973,0.450192678114565,
0.481293888508614,0.513271360774479,0.546101715281823,0.579763349550859,
0.614236223905408,0.649501681663423,0.685542297023231,0.722341745390791,
0.759884692062707,0.798156696053524,0.837144126516999,0.876834089717067,
0.917214364895772,0.958273347691246,0.981061949686135),.UNSPECIFIED.);
#231=B_SPLINE_CURVE_WITH_KNOTS('',3,(#7113,#7114,#7115,#7116,#7117,#7118,
#7119,#7120,#7121,#7122,#7123,#7124,#7125,#7126,#7127,#7128,#7129,#7130,
#7131,#7132,#7133,#7134,#7135,#7136,#7137,#7138,#7139,#7140,#7141,#7142,
#7143,#7144,#7145,#7146,#7147),.UNSPECIFIED.,.F.,.F.,(4,1,1,1,1,1,1,1,1,
1,1,1,1,1,1,1,1,1,1,1,1,1,1,1,1,1,1,1,1,1,1,1,4),(0.,0.107626156441442,
0.116731661278874,0.128486815154899,0.142395700036577,0.158166892716714,
0.175602602057852,0.194557216347195,0.214917738100318,0.236593168652711,
0.259508179747131,0.283599073824857,0.308811067431173,0.335096387780131,
0.362412893965382,0.390723050350558,0.419993144285973,0.450192678114565,
0.481293888508614,0.513271360774479,0.546101715281823,0.579763349550859,
0.614236223905408,0.649501681663423,0.685542297023231,0.722341745390791,
0.759884692062707,0.798156696053524,0.837144126516999,0.876834089717067,
0.917214364895772,0.958273347691246,0.981061949686135),.UNSPECIFIED.);
#232=B_SPLINE_CURVE_WITH_KNOTS('',3,(#7190,#7191,#7192,#7193,#7194,#7195,
#7196,#7197,#7198,#7199,#7200,#7201,#7202,#7203,#7204,#7205,#7206,#7207,
#7208,#7209,#7210,#7211,#7212,#7213,#7214,#7215,#7216,#7217,#7218,#7219,
#7220,#7221,#7222,#7223,#7224),.UNSPECIFIED.,.F.,.F.,(4,1,1,1,1,1,1,1,1,
1,1,1,1,1,1,1,1,1,1,1,1,1,1,1,1,1,1,1,1,1,1,1,4),(0.,0.107626156441442,
0.116731661278874,0.128486815154899,0.142395700036577,0.158166892716714,
0.175602602057852,0.194557216347195,0.214917738100318,0.236593168652711,
0.259508179747131,0.283599073824857,0.308811067431173,0.335096387780131,
0.362412893965382,0.390723050350558,0.419993144285973,0.450192678114565,
0.481293888508614,0.513271360774479,0.546101715281823,0.579763349550859,
0.614236223905408,0.649501681663423,0.685542297023231,0.722341745390791,
0.759884692062707,0.798156696053524,0.837144126516999,0.876834089717067,
0.917214364895772,0.958273347691246,0.981061949686135),.UNSPECIFIED.);
#233=B_SPLINE_CURVE_WITH_KNOTS('',3,(#7259,#7260,#7261,#7262,#7263,#7264,
#7265,#7266,#7267,#7268,#7269,#7270,#7271,#7272,#7273,#7274,#7275,#7276,
#7277,#7278,#7279,#7280,#7281,#7282,#7283,#7284,#7285,#7286,#7287,#7288,
#7289,#7290,#7291,#7292,#7293),.UNSPECIFIED.,.F.,.F.,(4,1,1,1,1,1,1,1,1,
1,1,1,1,1,1,1,1,1,1,1,1,1,1,1,1,1,1,1,1,1,1,1,4),(0.,0.107626156441442,
0.116731661278874,0.128486815154899,0.142395700036577,0.158166892716714,
0.175602602057852,0.194557216347195,0.214917738100318,0.236593168652711,
0.259508179747131,0.283599073824857,0.308811067431173,0.335096387780131,
0.362412893965382,0.390723050350558,0.419993144285973,0.450192678114565,
0.481293888508614,0.513271360774479,0.546101715281823,0.579763349550859,
0.614236223905408,0.649501681663423,0.685542297023231,0.722341745390791,
0.759884692062707,0.798156696053524,0.837144126516999,0.876834089717067,
0.917214364895772,0.958273347691246,0.981061949686135),.UNSPECIFIED.);
#234=B_SPLINE_CURVE_WITH_KNOTS('',3,(#7336,#7337,#7338,#7339,#7340,#7341,
#7342,#7343,#7344,#7345,#7346,#7347,#7348,#7349,#7350,#7351,#7352,#7353,
#7354,#7355,#7356,#7357,#7358,#7359,#7360,#7361,#7362,#7363,#7364,#7365,
#7366,#7367,#7368,#7369,#7370),.UNSPECIFIED.,.F.,.F.,(4,1,1,1,1,1,1,1,1,
1,1,1,1,1,1,1,1,1,1,1,1,1,1,1,1,1,1,1,1,1,1,1,4),(0.,0.107626156441442,
0.116731661278874,0.128486815154899,0.142395700036577,0.158166892716714,
0.175602602057852,0.194557216347195,0.214917738100318,0.236593168652711,
0.259508179747131,0.283599073824857,0.308811067431173,0.335096387780131,
0.362412893965382,0.390723050350558,0.419993144285973,0.450192678114565,
0.481293888508614,0.513271360774479,0.546101715281823,0.579763349550859,
0.614236223905408,0.649501681663423,0.685542297023231,0.722341745390791,
0.759884692062707,0.798156696053524,0.837144126516999,0.876834089717067,
0.917214364895772,0.958273347691246,0.981061949686135),.UNSPECIFIED.);
#235=B_SPLINE_CURVE_WITH_KNOTS('',3,(#7405,#7406,#7407,#7408,#7409,#7410,
#7411,#7412,#7413,#7414,#7415,#7416,#7417,#7418,#7419,#7420,#7421,#7422,
#7423,#7424,#7425,#7426,#7427,#7428,#7429,#7430,#7431,#7432,#7433,#7434,
#7435,#7436,#7437,#7438,#7439),.UNSPECIFIED.,.F.,.F.,(4,1,1,1,1,1,1,1,1,
1,1,1,1,1,1,1,1,1,1,1,1,1,1,1,1,1,1,1,1,1,1,1,4),(0.,0.107626156441442,
0.116731661278874,0.128486815154899,0.142395700036577,0.158166892716714,
0.175602602057852,0.194557216347195,0.214917738100318,0.236593168652711,
0.259508179747131,0.283599073824857,0.308811067431173,0.335096387780131,
0.362412893965382,0.390723050350558,0.419993144285973,0.450192678114565,
0.481293888508614,0.513271360774479,0.546101715281823,0.579763349550859,
0.614236223905408,0.649501681663423,0.685542297023231,0.722341745390791,
0.759884692062707,0.798156696053524,0.837144126516999,0.876834089717067,
0.917214364895772,0.958273347691246,0.981061949686135),.UNSPECIFIED.);
#236=B_SPLINE_CURVE_WITH_KNOTS('',3,(#7482,#7483,#7484,#7485,#7486,#7487,
#7488,#7489,#7490,#7491,#7492,#7493,#7494,#7495,#7496,#7497,#7498,#7499,
#7500,#7501,#7502,#7503,#7504,#7505,#7506,#7507,#7508,#7509,#7510,#7511,
#7512,#7513,#7514,#7515,#7516),.UNSPECIFIED.,.F.,.F.,(4,1,1,1,1,1,1,1,1,
1,1,1,1,1,1,1,1,1,1,1,1,1,1,1,1,1,1,1,1,1,1,1,4),(0.,0.107626156441442,
0.116731661278874,0.128486815154899,0.142395700036577,0.158166892716714,
0.175602602057852,0.194557216347195,0.214917738100318,0.236593168652711,
0.259508179747131,0.283599073824857,0.308811067431173,0.335096387780131,
0.362412893965382,0.390723050350558,0.419993144285973,0.450192678114565,
0.481293888508614,0.513271360774479,0.546101715281823,0.579763349550859,
0.614236223905408,0.649501681663423,0.685542297023231,0.722341745390791,
0.759884692062707,0.798156696053524,0.837144126516999,0.876834089717067,
0.917214364895772,0.958273347691246,0.981061949686135),.UNSPECIFIED.);
#237=B_SPLINE_CURVE_WITH_KNOTS('',3,(#7551,#7552,#7553,#7554,#7555,#7556,
#7557,#7558,#7559,#7560,#7561,#7562,#7563,#7564,#7565,#7566,#7567,#7568,
#7569,#7570,#7571,#7572,#7573,#7574,#7575,#7576,#7577,#7578,#7579,#7580,
#7581,#7582,#7583,#7584,#7585),.UNSPECIFIED.,.F.,.F.,(4,1,1,1,1,1,1,1,1,
1,1,1,1,1,1,1,1,1,1,1,1,1,1,1,1,1,1,1,1,1,1,1,4),(0.,0.107626156441442,
0.116731661278874,0.128486815154899,0.142395700036577,0.158166892716714,
0.175602602057852,0.194557216347195,0.214917738100318,0.236593168652711,
0.259508179747131,0.283599073824857,0.308811067431173,0.335096387780131,
0.362412893965382,0.390723050350558,0.419993144285973,0.450192678114565,
0.481293888508614,0.513271360774479,0.546101715281823,0.579763349550859,
0.614236223905408,0.649501681663423,0.685542297023231,0.722341745390791,
0.759884692062707,0.798156696053524,0.837144126516999,0.876834089717067,
0.917214364895772,0.958273347691246,0.981061949686135),.UNSPECIFIED.);
#238=B_SPLINE_CURVE_WITH_KNOTS('',3,(#7628,#7629,#7630,#7631,#7632,#7633,
#7634,#7635,#7636,#7637,#7638,#7639,#7640,#7641,#7642,#7643,#7644,#7645,
#7646,#7647,#7648,#7649,#7650,#7651,#7652,#7653,#7654,#7655,#7656,#7657,
#7658,#7659,#7660,#7661,#7662),.UNSPECIFIED.,.F.,.F.,(4,1,1,1,1,1,1,1,1,
1,1,1,1,1,1,1,1,1,1,1,1,1,1,1,1,1,1,1,1,1,1,1,4),(0.,0.107626156441442,
0.116731661278874,0.128486815154899,0.142395700036577,0.158166892716714,
0.175602602057852,0.194557216347195,0.214917738100318,0.236593168652711,
0.259508179747131,0.283599073824857,0.308811067431173,0.335096387780131,
0.362412893965382,0.390723050350558,0.419993144285973,0.450192678114565,
0.481293888508614,0.513271360774479,0.546101715281823,0.579763349550859,
0.614236223905408,0.649501681663423,0.685542297023231,0.722341745390791,
0.759884692062707,0.798156696053524,0.837144126516999,0.876834089717067,
0.917214364895772,0.958273347691246,0.981061949686135),.UNSPECIFIED.);
#239=B_SPLINE_CURVE_WITH_KNOTS('',3,(#7697,#7698,#7699,#7700,#7701,#7702,
#7703,#7704,#7705,#7706,#7707,#7708,#7709,#7710,#7711,#7712,#7713,#7714,
#7715,#7716,#7717,#7718,#7719,#7720,#7721,#7722,#7723,#7724,#7725,#7726,
#7727,#7728,#7729,#7730,#7731),.UNSPECIFIED.,.F.,.F.,(4,1,1,1,1,1,1,1,1,
1,1,1,1,1,1,1,1,1,1,1,1,1,1,1,1,1,1,1,1,1,1,1,4),(0.,0.107626156441442,
0.116731661278874,0.128486815154899,0.142395700036577,0.158166892716714,
0.175602602057852,0.194557216347195,0.214917738100318,0.236593168652711,
0.259508179747131,0.283599073824857,0.308811067431173,0.335096387780131,
0.362412893965382,0.390723050350558,0.419993144285973,0.450192678114565,
0.481293888508614,0.513271360774479,0.546101715281823,0.579763349550859,
0.614236223905408,0.649501681663423,0.685542297023231,0.722341745390791,
0.759884692062707,0.798156696053524,0.837144126516999,0.876834089717067,
0.917214364895772,0.958273347691246,0.981061949686135),.UNSPECIFIED.);
#240=B_SPLINE_CURVE_WITH_KNOTS('',3,(#7774,#7775,#7776,#7777,#7778,#7779,
#7780,#7781,#7782,#7783,#7784,#7785,#7786,#7787,#7788,#7789,#7790,#7791,
#7792,#7793,#7794,#7795,#7796,#7797,#7798,#7799,#7800,#7801,#7802,#7803,
#7804,#7805,#7806,#7807,#7808),.UNSPECIFIED.,.F.,.F.,(4,1,1,1,1,1,1,1,1,
1,1,1,1,1,1,1,1,1,1,1,1,1,1,1,1,1,1,1,1,1,1,1,4),(0.,0.107626156441442,
0.116731661278874,0.128486815154899,0.142395700036577,0.158166892716714,
0.175602602057852,0.194557216347195,0.214917738100318,0.236593168652711,
0.259508179747131,0.283599073824857,0.308811067431173,0.335096387780131,
0.362412893965382,0.390723050350558,0.419993144285973,0.450192678114565,
0.481293888508614,0.513271360774479,0.546101715281823,0.579763349550859,
0.614236223905408,0.649501681663423,0.685542297023231,0.722341745390791,
0.759884692062707,0.798156696053524,0.837144126516999,0.876834089717067,
0.917214364895772,0.958273347691246,0.981061949686135),.UNSPECIFIED.);
#241=B_SPLINE_CURVE_WITH_KNOTS('',3,(#7843,#7844,#7845,#7846,#7847,#7848,
#7849,#7850,#7851,#7852,#7853,#7854,#7855,#7856,#7857,#7858,#7859,#7860,
#7861,#7862,#7863,#7864,#7865,#7866,#7867,#7868,#7869,#7870,#7871,#7872,
#7873,#7874,#7875,#7876,#7877),.UNSPECIFIED.,.F.,.F.,(4,1,1,1,1,1,1,1,1,
1,1,1,1,1,1,1,1,1,1,1,1,1,1,1,1,1,1,1,1,1,1,1,4),(0.,0.107626156441442,
0.116731661278874,0.128486815154899,0.142395700036577,0.158166892716714,
0.175602602057852,0.194557216347195,0.214917738100318,0.236593168652711,
0.259508179747131,0.283599073824857,0.308811067431173,0.335096387780131,
0.362412893965382,0.390723050350558,0.419993144285973,0.450192678114565,
0.481293888508614,0.513271360774479,0.546101715281823,0.579763349550859,
0.614236223905408,0.649501681663423,0.685542297023231,0.722341745390791,
0.759884692062707,0.798156696053524,0.837144126516999,0.876834089717067,
0.917214364895772,0.958273347691246,0.981061949686135),.UNSPECIFIED.);
#242=B_SPLINE_CURVE_WITH_KNOTS('',3,(#7920,#7921,#7922,#7923,#7924,#7925,
#7926,#7927,#7928,#7929,#7930,#7931,#7932,#7933,#7934,#7935,#7936,#7937,
#7938,#7939,#7940,#7941,#7942,#7943,#7944,#7945,#7946,#7947,#7948,#7949,
#7950,#7951,#7952,#7953,#7954),.UNSPECIFIED.,.F.,.F.,(4,1,1,1,1,1,1,1,1,
1,1,1,1,1,1,1,1,1,1,1,1,1,1,1,1,1,1,1,1,1,1,1,4),(0.,0.107626156441442,
0.116731661278874,0.128486815154899,0.142395700036577,0.158166892716714,
0.175602602057852,0.194557216347195,0.214917738100318,0.236593168652711,
0.259508179747131,0.283599073824857,0.308811067431173,0.335096387780131,
0.362412893965382,0.390723050350558,0.419993144285973,0.450192678114565,
0.481293888508614,0.513271360774479,0.546101715281823,0.579763349550859,
0.614236223905408,0.649501681663423,0.685542297023231,0.722341745390791,
0.759884692062707,0.798156696053524,0.837144126516999,0.876834089717067,
0.917214364895772,0.958273347691246,0.981061949686135),.UNSPECIFIED.);
#243=B_SPLINE_CURVE_WITH_KNOTS('',3,(#7989,#7990,#7991,#7992,#7993,#7994,
#7995,#7996,#7997,#7998,#7999,#8000,#8001,#8002,#8003,#8004,#8005,#8006,
#8007,#8008,#8009,#8010,#8011,#8012,#8013,#8014,#8015,#8016,#8017,#8018,
#8019,#8020,#8021,#8022,#8023),.UNSPECIFIED.,.F.,.F.,(4,1,1,1,1,1,1,1,1,
1,1,1,1,1,1,1,1,1,1,1,1,1,1,1,1,1,1,1,1,1,1,1,4),(0.,0.107626156441442,
0.116731661278874,0.128486815154899,0.142395700036577,0.158166892716714,
0.175602602057852,0.194557216347195,0.214917738100318,0.236593168652711,
0.259508179747131,0.283599073824857,0.308811067431173,0.335096387780131,
0.362412893965382,0.390723050350558,0.419993144285973,0.450192678114565,
0.481293888508614,0.513271360774479,0.546101715281823,0.579763349550859,
0.614236223905408,0.649501681663423,0.685542297023231,0.722341745390791,
0.759884692062707,0.798156696053524,0.837144126516999,0.876834089717067,
0.917214364895772,0.958273347691246,0.981061949686135),.UNSPECIFIED.);
#244=B_SPLINE_CURVE_WITH_KNOTS('',3,(#8066,#8067,#8068,#8069,#8070,#8071,
#8072,#8073,#8074,#8075,#8076,#8077,#8078,#8079,#8080,#8081,#8082,#8083,
#8084,#8085,#8086,#8087,#8088,#8089,#8090,#8091,#8092,#8093,#8094,#8095,
#8096,#8097,#8098,#8099,#8100),.UNSPECIFIED.,.F.,.F.,(4,1,1,1,1,1,1,1,1,
1,1,1,1,1,1,1,1,1,1,1,1,1,1,1,1,1,1,1,1,1,1,1,4),(0.,0.107626156441442,
0.116731661278874,0.128486815154899,0.142395700036577,0.158166892716714,
0.175602602057852,0.194557216347195,0.214917738100318,0.236593168652711,
0.259508179747131,0.283599073824857,0.308811067431173,0.335096387780131,
0.362412893965382,0.390723050350558,0.419993144285973,0.450192678114565,
0.481293888508614,0.513271360774479,0.546101715281823,0.579763349550859,
0.614236223905408,0.649501681663423,0.685542297023231,0.722341745390791,
0.759884692062707,0.798156696053524,0.837144126516999,0.876834089717067,
0.917214364895772,0.958273347691246,0.981061949686135),.UNSPECIFIED.);
#245=B_SPLINE_CURVE_WITH_KNOTS('',3,(#8135,#8136,#8137,#8138,#8139,#8140,
#8141,#8142,#8143,#8144,#8145,#8146,#8147,#8148,#8149,#8150,#8151,#8152,
#8153,#8154,#8155,#8156,#8157,#8158,#8159,#8160,#8161,#8162,#8163,#8164,
#8165,#8166,#8167,#8168,#8169),.UNSPECIFIED.,.F.,.F.,(4,1,1,1,1,1,1,1,1,
1,1,1,1,1,1,1,1,1,1,1,1,1,1,1,1,1,1,1,1,1,1,1,4),(0.,0.107626156441442,
0.116731661278874,0.128486815154899,0.142395700036577,0.158166892716714,
0.175602602057852,0.194557216347195,0.214917738100318,0.236593168652711,
0.259508179747131,0.283599073824857,0.308811067431173,0.335096387780131,
0.362412893965382,0.390723050350558,0.419993144285973,0.450192678114565,
0.481293888508614,0.513271360774479,0.546101715281823,0.579763349550859,
0.614236223905408,0.649501681663423,0.685542297023231,0.722341745390791,
0.759884692062707,0.798156696053524,0.837144126516999,0.876834089717067,
0.917214364895772,0.958273347691246,0.981061949686135),.UNSPECIFIED.);
#246=B_SPLINE_CURVE_WITH_KNOTS('',3,(#8212,#8213,#8214,#8215,#8216,#8217,
#8218,#8219,#8220,#8221,#8222,#8223,#8224,#8225,#8226,#8227,#8228,#8229,
#8230,#8231,#8232,#8233,#8234,#8235,#8236,#8237,#8238,#8239,#8240,#8241,
#8242,#8243,#8244,#8245,#8246),.UNSPECIFIED.,.F.,.F.,(4,1,1,1,1,1,1,1,1,
1,1,1,1,1,1,1,1,1,1,1,1,1,1,1,1,1,1,1,1,1,1,1,4),(0.,0.107626156441442,
0.116731661278874,0.128486815154899,0.142395700036577,0.158166892716714,
0.175602602057852,0.194557216347195,0.214917738100318,0.236593168652711,
0.259508179747131,0.283599073824857,0.308811067431173,0.335096387780131,
0.362412893965382,0.390723050350558,0.419993144285973,0.450192678114565,
0.481293888508614,0.513271360774479,0.546101715281823,0.579763349550859,
0.614236223905408,0.649501681663423,0.685542297023231,0.722341745390791,
0.759884692062707,0.798156696053524,0.837144126516999,0.876834089717067,
0.917214364895772,0.958273347691246,0.981061949686135),.UNSPECIFIED.);
#247=B_SPLINE_CURVE_WITH_KNOTS('',3,(#8281,#8282,#8283,#8284,#8285,#8286,
#8287,#8288,#8289,#8290,#8291,#8292,#8293,#8294,#8295,#8296,#8297,#8298,
#8299,#8300,#8301,#8302,#8303,#8304,#8305,#8306,#8307,#8308,#8309,#8310,
#8311,#8312,#8313,#8314,#8315),.UNSPECIFIED.,.F.,.F.,(4,1,1,1,1,1,1,1,1,
1,1,1,1,1,1,1,1,1,1,1,1,1,1,1,1,1,1,1,1,1,1,1,4),(0.,0.107626156441442,
0.116731661278874,0.128486815154899,0.142395700036577,0.158166892716714,
0.175602602057852,0.194557216347195,0.214917738100318,0.236593168652711,
0.259508179747131,0.283599073824857,0.308811067431173,0.335096387780131,
0.362412893965382,0.390723050350558,0.419993144285973,0.450192678114565,
0.481293888508614,0.513271360774479,0.546101715281823,0.579763349550859,
0.614236223905408,0.649501681663423,0.685542297023231,0.722341745390791,
0.759884692062707,0.798156696053524,0.837144126516999,0.876834089717067,
0.917214364895772,0.958273347691246,0.981061949686135),.UNSPECIFIED.);
#248=B_SPLINE_CURVE_WITH_KNOTS('',3,(#8358,#8359,#8360,#8361,#8362,#8363,
#8364,#8365,#8366,#8367,#8368,#8369,#8370,#8371,#8372,#8373,#8374,#8375,
#8376,#8377,#8378,#8379,#8380,#8381,#8382,#8383,#8384,#8385,#8386,#8387,
#8388,#8389,#8390,#8391,#8392),.UNSPECIFIED.,.F.,.F.,(4,1,1,1,1,1,1,1,1,
1,1,1,1,1,1,1,1,1,1,1,1,1,1,1,1,1,1,1,1,1,1,1,4),(0.,0.107626156441442,
0.116731661278874,0.128486815154899,0.142395700036577,0.158166892716714,
0.175602602057852,0.194557216347195,0.214917738100318,0.236593168652711,
0.259508179747131,0.283599073824857,0.308811067431173,0.335096387780131,
0.362412893965382,0.390723050350558,0.419993144285973,0.450192678114565,
0.481293888508614,0.513271360774479,0.546101715281823,0.579763349550859,
0.614236223905408,0.649501681663423,0.685542297023231,0.722341745390791,
0.759884692062707,0.798156696053524,0.837144126516999,0.876834089717067,
0.917214364895772,0.958273347691246,0.981061949686135),.UNSPECIFIED.);
#249=B_SPLINE_CURVE_WITH_KNOTS('',3,(#8427,#8428,#8429,#8430,#8431,#8432,
#8433,#8434,#8435,#8436,#8437,#8438,#8439,#8440,#8441,#8442,#8443,#8444,
#8445,#8446,#8447,#8448,#8449,#8450,#8451,#8452,#8453,#8454,#8455,#8456,
#8457,#8458,#8459,#8460,#8461),.UNSPECIFIED.,.F.,.F.,(4,1,1,1,1,1,1,1,1,
1,1,1,1,1,1,1,1,1,1,1,1,1,1,1,1,1,1,1,1,1,1,1,4),(0.,0.107626156441442,
0.116731661278874,0.128486815154899,0.142395700036577,0.158166892716714,
0.175602602057852,0.194557216347195,0.214917738100318,0.236593168652711,
0.259508179747131,0.283599073824857,0.308811067431173,0.335096387780131,
0.362412893965382,0.390723050350558,0.419993144285973,0.450192678114565,
0.481293888508614,0.513271360774479,0.546101715281823,0.579763349550859,
0.614236223905408,0.649501681663423,0.685542297023231,0.722341745390791,
0.759884692062707,0.798156696053524,0.837144126516999,0.876834089717067,
0.917214364895772,0.958273347691246,0.981061949686135),.UNSPECIFIED.);
#250=B_SPLINE_CURVE_WITH_KNOTS('',3,(#8504,#8505,#8506,#8507,#8508,#8509,
#8510,#8511,#8512,#8513,#8514,#8515,#8516,#8517,#8518,#8519,#8520,#8521,
#8522,#8523,#8524,#8525,#8526,#8527,#8528,#8529,#8530,#8531,#8532,#8533,
#8534,#8535,#8536,#8537,#8538),.UNSPECIFIED.,.F.,.F.,(4,1,1,1,1,1,1,1,1,
1,1,1,1,1,1,1,1,1,1,1,1,1,1,1,1,1,1,1,1,1,1,1,4),(0.,0.107626156441442,
0.116731661278874,0.128486815154899,0.142395700036577,0.158166892716714,
0.175602602057852,0.194557216347195,0.214917738100318,0.236593168652711,
0.259508179747131,0.283599073824857,0.308811067431173,0.335096387780131,
0.362412893965382,0.390723050350558,0.419993144285973,0.450192678114565,
0.481293888508614,0.513271360774479,0.546101715281823,0.579763349550859,
0.614236223905408,0.649501681663423,0.685542297023231,0.722341745390791,
0.759884692062707,0.798156696053524,0.837144126516999,0.876834089717067,
0.917214364895772,0.958273347691246,0.981061949686135),.UNSPECIFIED.);
#251=B_SPLINE_CURVE_WITH_KNOTS('',3,(#8573,#8574,#8575,#8576,#8577,#8578,
#8579,#8580,#8581,#8582,#8583,#8584,#8585,#8586,#8587,#8588,#8589,#8590,
#8591,#8592,#8593,#8594,#8595,#8596,#8597,#8598,#8599,#8600,#8601,#8602,
#8603,#8604,#8605,#8606,#8607),.UNSPECIFIED.,.F.,.F.,(4,1,1,1,1,1,1,1,1,
1,1,1,1,1,1,1,1,1,1,1,1,1,1,1,1,1,1,1,1,1,1,1,4),(0.,0.107626156441442,
0.116731661278874,0.128486815154899,0.142395700036577,0.158166892716714,
0.175602602057852,0.194557216347195,0.214917738100318,0.236593168652711,
0.259508179747131,0.283599073824857,0.308811067431173,0.335096387780131,
0.362412893965382,0.390723050350558,0.419993144285973,0.450192678114565,
0.481293888508614,0.513271360774479,0.546101715281823,0.579763349550859,
0.614236223905408,0.649501681663423,0.685542297023231,0.722341745390791,
0.759884692062707,0.798156696053524,0.837144126516999,0.876834089717067,
0.917214364895772,0.958273347691246,0.981061949686135),.UNSPECIFIED.);
#252=B_SPLINE_CURVE_WITH_KNOTS('',3,(#8650,#8651,#8652,#8653,#8654,#8655,
#8656,#8657,#8658,#8659,#8660,#8661,#8662,#8663,#8664,#8665,#8666,#8667,
#8668,#8669,#8670,#8671,#8672,#8673,#8674,#8675,#8676,#8677,#8678,#8679,
#8680,#8681,#8682,#8683,#8684),.UNSPECIFIED.,.F.,.F.,(4,1,1,1,1,1,1,1,1,
1,1,1,1,1,1,1,1,1,1,1,1,1,1,1,1,1,1,1,1,1,1,1,4),(0.,0.107626156441442,
0.116731661278874,0.128486815154899,0.142395700036577,0.158166892716714,
0.175602602057852,0.194557216347195,0.214917738100318,0.236593168652711,
0.259508179747131,0.283599073824857,0.308811067431173,0.335096387780131,
0.362412893965382,0.390723050350558,0.419993144285973,0.450192678114565,
0.481293888508614,0.513271360774479,0.546101715281823,0.579763349550859,
0.614236223905408,0.649501681663423,0.685542297023231,0.722341745390791,
0.759884692062707,0.798156696053524,0.837144126516999,0.876834089717067,
0.917214364895772,0.958273347691246,0.981061949686135),.UNSPECIFIED.);
#253=B_SPLINE_CURVE_WITH_KNOTS('',3,(#8719,#8720,#8721,#8722,#8723,#8724,
#8725,#8726,#8727,#8728,#8729,#8730,#8731,#8732,#8733,#8734,#8735,#8736,
#8737,#8738,#8739,#8740,#8741,#8742,#8743,#8744,#8745,#8746,#8747,#8748,
#8749,#8750,#8751,#8752,#8753),.UNSPECIFIED.,.F.,.F.,(4,1,1,1,1,1,1,1,1,
1,1,1,1,1,1,1,1,1,1,1,1,1,1,1,1,1,1,1,1,1,1,1,4),(0.,0.107626156441442,
0.116731661278874,0.128486815154899,0.142395700036577,0.158166892716714,
0.175602602057852,0.194557216347195,0.214917738100318,0.236593168652711,
0.259508179747131,0.283599073824857,0.308811067431173,0.335096387780131,
0.362412893965382,0.390723050350558,0.419993144285973,0.450192678114565,
0.481293888508614,0.513271360774479,0.546101715281823,0.579763349550859,
0.614236223905408,0.649501681663423,0.685542297023231,0.722341745390791,
0.759884692062707,0.798156696053524,0.837144126516999,0.876834089717067,
0.917214364895772,0.958273347691246,0.981061949686135),.UNSPECIFIED.);
#254=B_SPLINE_CURVE_WITH_KNOTS('',3,(#8796,#8797,#8798,#8799,#8800,#8801,
#8802,#8803,#8804,#8805,#8806,#8807,#8808,#8809,#8810,#8811,#8812,#8813,
#8814,#8815,#8816,#8817,#8818,#8819,#8820,#8821,#8822,#8823,#8824,#8825,
#8826,#8827,#8828,#8829,#8830),.UNSPECIFIED.,.F.,.F.,(4,1,1,1,1,1,1,1,1,
1,1,1,1,1,1,1,1,1,1,1,1,1,1,1,1,1,1,1,1,1,1,1,4),(0.,0.107626156441442,
0.116731661278874,0.128486815154899,0.142395700036577,0.158166892716714,
0.175602602057852,0.194557216347195,0.214917738100318,0.236593168652711,
0.259508179747131,0.283599073824857,0.308811067431173,0.335096387780131,
0.362412893965382,0.390723050350558,0.419993144285973,0.450192678114565,
0.481293888508614,0.513271360774479,0.546101715281823,0.579763349550859,
0.614236223905408,0.649501681663423,0.685542297023231,0.722341745390791,
0.759884692062707,0.798156696053524,0.837144126516999,0.876834089717067,
0.917214364895772,0.958273347691246,0.981061949686135),.UNSPECIFIED.);
#255=B_SPLINE_CURVE_WITH_KNOTS('',3,(#8865,#8866,#8867,#8868,#8869,#8870,
#8871,#8872,#8873,#8874,#8875,#8876,#8877,#8878,#8879,#8880,#8881,#8882,
#8883,#8884,#8885,#8886,#8887,#8888,#8889,#8890,#8891,#8892,#8893,#8894,
#8895,#8896,#8897,#8898,#8899),.UNSPECIFIED.,.F.,.F.,(4,1,1,1,1,1,1,1,1,
1,1,1,1,1,1,1,1,1,1,1,1,1,1,1,1,1,1,1,1,1,1,1,4),(0.,0.107626156441442,
0.116731661278874,0.128486815154899,0.142395700036577,0.158166892716714,
0.175602602057852,0.194557216347195,0.214917738100318,0.236593168652711,
0.259508179747131,0.283599073824857,0.308811067431173,0.335096387780131,
0.362412893965382,0.390723050350558,0.419993144285973,0.450192678114565,
0.481293888508614,0.513271360774479,0.546101715281823,0.579763349550859,
0.614236223905408,0.649501681663423,0.685542297023231,0.722341745390791,
0.759884692062707,0.798156696053524,0.837144126516999,0.876834089717067,
0.917214364895772,0.958273347691246,0.981061949686135),.UNSPECIFIED.);
#256=B_SPLINE_CURVE_WITH_KNOTS('',3,(#8942,#8943,#8944,#8945,#8946,#8947,
#8948,#8949,#8950,#8951,#8952,#8953,#8954,#8955,#8956,#8957,#8958,#8959,
#8960,#8961,#8962,#8963,#8964,#8965,#8966,#8967,#8968,#8969,#8970,#8971,
#8972,#8973,#8974,#8975,#8976),.UNSPECIFIED.,.F.,.F.,(4,1,1,1,1,1,1,1,1,
1,1,1,1,1,1,1,1,1,1,1,1,1,1,1,1,1,1,1,1,1,1,1,4),(0.,0.107626156441442,
0.116731661278874,0.128486815154899,0.142395700036577,0.158166892716714,
0.175602602057852,0.194557216347195,0.214917738100318,0.236593168652711,
0.259508179747131,0.283599073824857,0.308811067431173,0.335096387780131,
0.362412893965382,0.390723050350558,0.419993144285973,0.450192678114565,
0.481293888508614,0.513271360774479,0.546101715281823,0.579763349550859,
0.614236223905408,0.649501681663423,0.685542297023231,0.722341745390791,
0.759884692062707,0.798156696053524,0.837144126516999,0.876834089717067,
0.917214364895772,0.958273347691246,0.981061949686135),.UNSPECIFIED.);
#257=B_SPLINE_CURVE_WITH_KNOTS('',3,(#9011,#9012,#9013,#9014,#9015,#9016,
#9017,#9018,#9019,#9020,#9021,#9022,#9023,#9024,#9025,#9026,#9027,#9028,
#9029,#9030,#9031,#9032,#9033,#9034,#9035,#9036,#9037,#9038,#9039,#9040,
#9041,#9042,#9043,#9044,#9045),.UNSPECIFIED.,.F.,.F.,(4,1,1,1,1,1,1,1,1,
1,1,1,1,1,1,1,1,1,1,1,1,1,1,1,1,1,1,1,1,1,1,1,4),(0.,0.107626156441442,
0.116731661278874,0.128486815154899,0.142395700036577,0.158166892716714,
0.175602602057852,0.194557216347195,0.214917738100318,0.236593168652711,
0.259508179747131,0.283599073824857,0.308811067431173,0.335096387780131,
0.362412893965382,0.390723050350558,0.419993144285973,0.450192678114565,
0.481293888508614,0.513271360774479,0.546101715281823,0.579763349550859,
0.614236223905408,0.649501681663423,0.685542297023231,0.722341745390791,
0.759884692062707,0.798156696053524,0.837144126516999,0.876834089717067,
0.917214364895772,0.958273347691246,0.981061949686135),.UNSPECIFIED.);
#258=B_SPLINE_CURVE_WITH_KNOTS('',3,(#9088,#9089,#9090,#9091,#9092,#9093,
#9094,#9095),.UNSPECIFIED.,.F.,.F.,(4,1,1,1,1,4),(-9.87337450281518E-6,
0.00299712900919909,0.006004131392901,0.00750763258475195,0.0090111337766029,
0.0120181361603048),.UNSPECIFIED.);
#259=B_SPLINE_CURVE_WITH_KNOTS('',3,(#9173,#9174,#9175,#9176,#9177,#9178,
#9179,#9180),.UNSPECIFIED.,.F.,.F.,(4,1,1,1,1,4),(-9.87337450281278E-6,
0.0029971290091991,0.006004131392901,0.00750763258475196,0.00901113377660291,
0.0120181361603048),.UNSPECIFIED.);
#260=CIRCLE('',#3389,0.007);
#261=CIRCLE('',#3391,0.004);
#262=CIRCLE('',#3392,0.004);
#263=CIRCLE('',#3393,0.018);
#264=CIRCLE('',#3394,0.018);
#265=CIRCLE('',#3396,0.004);
#266=CIRCLE('',#3397,0.004);
#267=CIRCLE('',#3398,0.018);
#268=CIRCLE('',#3399,0.018);
#269=CIRCLE('',#3401,0.007);
#270=CIRCLE('',#3403,0.0006214689498115);
#271=CIRCLE('',#3404,0.015);
#272=CIRCLE('',#3405,0.0006214689498115);
#273=CIRCLE('',#3406,0.0116249999999997);
#274=CIRCLE('',#3407,0.0006214689498115);
#275=CIRCLE('',#3408,0.015);
#276=CIRCLE('',#3409,0.0006214689498115);
#277=CIRCLE('',#3410,0.0116249999999997);
#278=CIRCLE('',#3411,0.0006214689498115);
#279=CIRCLE('',#3412,0.015);
#280=CIRCLE('',#3413,0.0006214689498115);
#281=CIRCLE('',#3414,0.0116249999999997);
#282=CIRCLE('',#3415,0.0006214689498115);
#283=CIRCLE('',#3416,0.015);
#284=CIRCLE('',#3417,0.0006214689498115);
#285=CIRCLE('',#3418,0.0116249999999997);
#286=CIRCLE('',#3419,0.0006214689498115);
#287=CIRCLE('',#3420,0.015);
#288=CIRCLE('',#3421,0.0006214689498115);
#289=CIRCLE('',#3422,0.0116249999999997);
#290=CIRCLE('',#3423,0.0006214689498115);
#291=CIRCLE('',#3424,0.015);
#292=CIRCLE('',#3425,0.0006214689498115);
#293=CIRCLE('',#3426,0.0116249999999997);
#294=CIRCLE('',#3427,0.0006214689498115);
#295=CIRCLE('',#3428,0.015);
#296=CIRCLE('',#3429,0.0006214689498115);
#297=CIRCLE('',#3430,0.0116249999999997);
#298=CIRCLE('',#3431,0.0006214689498115);
#299=CIRCLE('',#3432,0.015);
#300=CIRCLE('',#3433,0.0006214689498115);
#301=CIRCLE('',#3434,0.0116249999999997);
#302=CIRCLE('',#3435,0.0006214689498115);
#303=CIRCLE('',#3436,0.015);
#304=CIRCLE('',#3437,0.0006214689498115);
#305=CIRCLE('',#3438,0.0116249999999997);
#306=CIRCLE('',#3439,0.0006214689498115);
#307=CIRCLE('',#3440,0.015);
#308=CIRCLE('',#3441,0.0006214689498115);
#309=CIRCLE('',#3442,0.0116249999999997);
#310=CIRCLE('',#3443,0.0006214689498115);
#311=CIRCLE('',#3444,0.015);
#312=CIRCLE('',#3445,0.0006214689498115);
#313=CIRCLE('',#3446,0.0116249999999997);
#314=CIRCLE('',#3447,0.0006214689498115);
#315=CIRCLE('',#3448,0.015);
#316=CIRCLE('',#3449,0.0006214689498115);
#317=CIRCLE('',#3450,0.0116249999999997);
#318=CIRCLE('',#3451,0.0006214689498115);
#319=CIRCLE('',#3452,0.015);
#320=CIRCLE('',#3453,0.0006214689498115);
#321=CIRCLE('',#3454,0.0116249999999997);
#322=CIRCLE('',#3455,0.0006214689498115);
#323=CIRCLE('',#3456,0.015);
#324=CIRCLE('',#3457,0.0006214689498115);
#325=CIRCLE('',#3458,0.0116249999999997);
#326=CIRCLE('',#3459,0.0006214689498115);
#327=CIRCLE('',#3460,0.015);
#328=CIRCLE('',#3461,0.0006214689498115);
#329=CIRCLE('',#3462,0.0116249999999997);
#330=CIRCLE('',#3463,0.0006214689498115);
#331=CIRCLE('',#3464,0.015);
#332=CIRCLE('',#3465,0.0006214689498115);
#333=CIRCLE('',#3466,0.0116249999999997);
#334=CIRCLE('',#3467,0.0006214689498115);
#335=CIRCLE('',#3468,0.015);
#336=CIRCLE('',#3469,0.0006214689498115);
#337=CIRCLE('',#3470,0.0116249999999997);
#338=CIRCLE('',#3471,0.0006214689498115);
#339=CIRCLE('',#3472,0.015);
#340=CIRCLE('',#3473,0.0006214689498115);
#341=CIRCLE('',#3474,0.0116249999999997);
#342=CIRCLE('',#3475,0.0708);
#343=CIRCLE('',#3477,0.007);
#344=CIRCLE('',#3478,0.004);
#345=CIRCLE('',#3479,0.004);
#346=CIRCLE('',#3480,0.004);
#347=CIRCLE('',#3481,0.004);
#348=CIRCLE('',#3482,0.004);
#349=CIRCLE('',#3483,0.004);
#350=CIRCLE('',#3484,0.004);
#351=CIRCLE('',#3485,0.004);
#352=CIRCLE('',#3486,0.0708);
#353=CIRCLE('',#3488,0.005);
#354=CIRCLE('',#3489,0.005);
#355=CIRCLE('',#3497,0.0116249999999997);
#356=CIRCLE('',#3499,0.0006214689498115);
#357=CIRCLE('',#3501,0.015);
#358=CIRCLE('',#3503,0.0006214689498115);
#359=CIRCLE('',#3505,0.0116249999999997);
#360=CIRCLE('',#3507,0.0006214689498115);
#361=CIRCLE('',#3509,0.015);
#362=CIRCLE('',#3511,0.0006214689498115);
#363=CIRCLE('',#3513,0.0116249999999997);
#364=CIRCLE('',#3515,0.0006214689498115);
#365=CIRCLE('',#3517,0.015);
#366=CIRCLE('',#3519,0.0006214689498115);
#367=CIRCLE('',#3521,0.0116249999999997);
#368=CIRCLE('',#3523,0.0006214689498115);
#369=CIRCLE('',#3525,0.015);
#370=CIRCLE('',#3527,0.0006214689498115);
#371=CIRCLE('',#3529,0.0116249999999997);
#372=CIRCLE('',#3531,0.0006214689498115);
#373=CIRCLE('',#3533,0.015);
#374=CIRCLE('',#3535,0.0006214689498115);
#375=CIRCLE('',#3537,0.0116249999999997);
#376=CIRCLE('',#3539,0.0006214689498115);
#377=CIRCLE('',#3541,0.015);
#378=CIRCLE('',#3543,0.0006214689498115);
#379=CIRCLE('',#3545,0.0116249999999997);
#380=CIRCLE('',#3547,0.0006214689498115);
#381=CIRCLE('',#3549,0.015);
#382=CIRCLE('',#3551,0.0006214689498115);
#383=CIRCLE('',#3553,0.0116249999999997);
#384=CIRCLE('',#3555,0.0006214689498115);
#385=CIRCLE('',#3557,0.015);
#386=CIRCLE('',#3559,0.0006214689498115);
#387=CIRCLE('',#3561,0.0116249999999997);
#388=CIRCLE('',#3563,0.0006214689498115);
#389=CIRCLE('',#3565,0.015);
#390=CIRCLE('',#3567,0.0006214689498115);
#391=CIRCLE('',#3569,0.0116249999999997);
#392=CIRCLE('',#3571,0.0006214689498115);
#393=CIRCLE('',#3573,0.015);
#394=CIRCLE('',#3575,0.0006214689498115);
#395=CIRCLE('',#3577,0.0116249999999997);
#396=CIRCLE('',#3579,0.0006214689498115);
#397=CIRCLE('',#3581,0.015);
#398=CIRCLE('',#3583,0.0006214689498115);
#399=CIRCLE('',#3585,0.0116249999999997);
#400=CIRCLE('',#3587,0.0006214689498115);
#401=CIRCLE('',#3589,0.015);
#402=CIRCLE('',#3591,0.0006214689498115);
#403=CIRCLE('',#3593,0.0116249999999997);
#404=CIRCLE('',#3595,0.0006214689498115);
#405=CIRCLE('',#3597,0.015);
#406=CIRCLE('',#3599,0.0006214689498115);
#407=CIRCLE('',#3601,0.0116249999999997);
#408=CIRCLE('',#3603,0.0006214689498115);
#409=CIRCLE('',#3605,0.015);
#410=CIRCLE('',#3607,0.0006214689498115);
#411=CIRCLE('',#3609,0.0116249999999997);
#412=CIRCLE('',#3611,0.0006214689498115);
#413=CIRCLE('',#3613,0.015);
#414=CIRCLE('',#3615,0.0006214689498115);
#415=CIRCLE('',#3617,0.0116249999999997);
#416=CIRCLE('',#3619,0.0006214689498115);
#417=CIRCLE('',#3621,0.015);
#418=CIRCLE('',#3623,0.0006214689498115);
#419=CIRCLE('',#3625,0.0116249999999997);
#420=CIRCLE('',#3627,0.0006214689498115);
#421=CIRCLE('',#3629,0.015);
#422=CIRCLE('',#3631,0.0006214689498115);
#423=CIRCLE('',#3633,0.0116249999999997);
#424=CIRCLE('',#3635,0.0006214689498115);
#425=CIRCLE('',#3637,0.015);
#426=CIRCLE('',#3639,0.0006214689498115);
#427=CIRCLE('',#3641,0.005);
#428=CIRCLE('',#3643,0.005);
#429=CIRCLE('',#3645,0.02);
#430=CIRCLE('',#3646,0.02);
#431=CIRCLE('',#3648,0.02);
#432=CIRCLE('',#3649,0.02);
#433=CIRCLE('',#3655,0.002);
#434=CIRCLE('',#3656,0.002);
#435=CIRCLE('',#3658,0.002);
#436=CIRCLE('',#3661,0.002);
#437=CIRCLE('',#3663,0.002);
#438=CIRCLE('',#3665,0.002);
#439=CIRCLE('',#3666,0.002);
#440=CIRCLE('',#3668,0.002);
#441=CIRCLE('',#3670,0.002);
#442=CIRCLE('',#3671,0.002);
#443=CIRCLE('',#3673,0.002);
#444=CIRCLE('',#3675,0.002);
#445=CIRCLE('',#3677,0.002);
#446=CIRCLE('',#3678,0.002);
#447=CIRCLE('',#3680,0.002);
#448=CIRCLE('',#3682,0.002);
#449=CIRCLE('',#3684,0.002);
#450=CIRCLE('',#3686,0.002);
#451=CIRCLE('',#3688,0.002);
#452=CIRCLE('',#3690,0.002);
#453=CIRCLE('',#3692,0.002);
#454=CIRCLE('',#3693,0.002);
#455=CIRCLE('',#3695,0.002);
#456=CIRCLE('',#3697,0.002);
#457=CIRCLE('',#3699,0.002);
#458=CIRCLE('',#3700,0.002);
#459=CIRCLE('',#3702,0.002);
#460=CIRCLE('',#3704,0.002);
#461=CIRCLE('',#3706,0.002);
#462=CIRCLE('',#3708,0.002);
#463=CIRCLE('',#3710,0.002);
#464=CIRCLE('',#3712,0.002);
#465=CIRCLE('',#3714,0.002);
#466=CIRCLE('',#3715,0.002);
#467=CIRCLE('',#3717,0.002);
#468=CIRCLE('',#3719,0.002);
#469=CIRCLE('',#3721,0.002);
#470=CIRCLE('',#3723,0.002);
#471=CIRCLE('',#3725,0.002);
#472=CIRCLE('',#3727,0.002);
#473=CIRCLE('',#3729,0.002);
#474=CIRCLE('',#3731,0.002);
#475=CIRCLE('',#3733,0.002);
#476=CIRCLE('',#3735,0.002);
#477=CIRCLE('',#3740,0.0022);
#478=CIRCLE('',#3741,0.0022);
#479=CIRCLE('',#3743,0.0022);
#480=CIRCLE('',#3744,0.0022);
#481=CIRCLE('',#3746,0.0032);
#482=CIRCLE('',#3747,0.0032);
#483=CIRCLE('',#3751,0.0022);
#484=CIRCLE('',#3752,0.0022);
#485=CIRCLE('',#3754,0.0022);
#486=CIRCLE('',#3755,0.0022);
#487=CIRCLE('',#3757,0.0032);
#488=CIRCLE('',#3758,0.0032);
#489=ORIENTED_EDGE('',*,*,#1503,.F.);
#490=ORIENTED_EDGE('',*,*,#1504,.T.);
#491=ORIENTED_EDGE('',*,*,#1505,.T.);
#492=ORIENTED_EDGE('',*,*,#1506,.F.);
#493=ORIENTED_EDGE('',*,*,#1507,.T.);
#494=ORIENTED_EDGE('',*,*,#1508,.F.);
#495=ORIENTED_EDGE('',*,*,#1509,.F.);
#496=ORIENTED_EDGE('',*,*,#1510,.T.);
#497=ORIENTED_EDGE('',*,*,#1511,.T.);
#498=ORIENTED_EDGE('',*,*,#1512,.T.);
#499=ORIENTED_EDGE('',*,*,#1513,.F.);
#500=ORIENTED_EDGE('',*,*,#1514,.T.);
#501=ORIENTED_EDGE('',*,*,#1515,.T.);
#502=ORIENTED_EDGE('',*,*,#1516,.F.);
#503=ORIENTED_EDGE('',*,*,#1517,.F.);
#504=ORIENTED_EDGE('',*,*,#1518,.F.);
#505=ORIENTED_EDGE('',*,*,#1519,.T.);
#506=ORIENTED_EDGE('',*,*,#1520,.T.);
#507=ORIENTED_EDGE('',*,*,#1521,.F.);
#508=ORIENTED_EDGE('',*,*,#1522,.T.);
#509=ORIENTED_EDGE('',*,*,#1523,.T.);
#510=ORIENTED_EDGE('',*,*,#1524,.T.);
#511=ORIENTED_EDGE('',*,*,#1525,.T.);
#512=ORIENTED_EDGE('',*,*,#1526,.T.);
#513=ORIENTED_EDGE('',*,*,#1527,.T.);
#514=ORIENTED_EDGE('',*,*,#1528,.T.);
#515=ORIENTED_EDGE('',*,*,#1529,.T.);
#516=ORIENTED_EDGE('',*,*,#1530,.T.);
#517=ORIENTED_EDGE('',*,*,#1531,.T.);
#518=ORIENTED_EDGE('',*,*,#1532,.T.);
#519=ORIENTED_EDGE('',*,*,#1533,.F.);
#520=ORIENTED_EDGE('',*,*,#1534,.T.);
#521=ORIENTED_EDGE('',*,*,#1535,.F.);
#522=ORIENTED_EDGE('',*,*,#1536,.T.);
#523=ORIENTED_EDGE('',*,*,#1537,.T.);
#524=ORIENTED_EDGE('',*,*,#1538,.T.);
#525=ORIENTED_EDGE('',*,*,#1539,.T.);
#526=ORIENTED_EDGE('',*,*,#1540,.T.);
#527=ORIENTED_EDGE('',*,*,#1541,.T.);
#528=ORIENTED_EDGE('',*,*,#1542,.T.);
#529=ORIENTED_EDGE('',*,*,#1543,.T.);
#530=ORIENTED_EDGE('',*,*,#1544,.T.);
#531=ORIENTED_EDGE('',*,*,#1545,.F.);
#532=ORIENTED_EDGE('',*,*,#1519,.F.);
#533=ORIENTED_EDGE('',*,*,#1546,.F.);
#534=ORIENTED_EDGE('',*,*,#1509,.T.);
#535=ORIENTED_EDGE('',*,*,#1547,.F.);
#536=ORIENTED_EDGE('',*,*,#1548,.T.);
#537=ORIENTED_EDGE('',*,*,#1549,.F.);
#538=ORIENTED_EDGE('',*,*,#1550,.T.);
#539=ORIENTED_EDGE('',*,*,#1551,.T.);
#540=ORIENTED_EDGE('',*,*,#1552,.T.);
#541=ORIENTED_EDGE('',*,*,#1553,.T.);
#542=ORIENTED_EDGE('',*,*,#1554,.T.);
#543=ORIENTED_EDGE('',*,*,#1555,.T.);
#544=ORIENTED_EDGE('',*,*,#1556,.T.);
#545=ORIENTED_EDGE('',*,*,#1557,.T.);
#546=ORIENTED_EDGE('',*,*,#1558,.T.);
#547=ORIENTED_EDGE('',*,*,#1559,.T.);
#548=ORIENTED_EDGE('',*,*,#1560,.T.);
#549=ORIENTED_EDGE('',*,*,#1561,.T.);
#550=ORIENTED_EDGE('',*,*,#1562,.T.);
#551=ORIENTED_EDGE('',*,*,#1563,.T.);
#552=ORIENTED_EDGE('',*,*,#1564,.T.);
#553=ORIENTED_EDGE('',*,*,#1565,.F.);
#554=ORIENTED_EDGE('',*,*,#1566,.T.);
#555=ORIENTED_EDGE('',*,*,#1567,.F.);
#556=ORIENTED_EDGE('',*,*,#1568,.F.);
#557=ORIENTED_EDGE('',*,*,#1569,.F.);
#558=ORIENTED_EDGE('',*,*,#1570,.F.);
#559=ORIENTED_EDGE('',*,*,#1571,.F.);
#560=ORIENTED_EDGE('',*,*,#1572,.T.);
#561=ORIENTED_EDGE('',*,*,#1573,.F.);
#562=ORIENTED_EDGE('',*,*,#1574,.F.);
#563=ORIENTED_EDGE('',*,*,#1575,.F.);
#564=ORIENTED_EDGE('',*,*,#1576,.F.);
#565=ORIENTED_EDGE('',*,*,#1577,.F.);
#566=ORIENTED_EDGE('',*,*,#1578,.T.);
#567=ORIENTED_EDGE('',*,*,#1579,.F.);
#568=ORIENTED_EDGE('',*,*,#1580,.F.);
#569=ORIENTED_EDGE('',*,*,#1581,.F.);
#570=ORIENTED_EDGE('',*,*,#1582,.F.);
#571=ORIENTED_EDGE('',*,*,#1583,.F.);
#572=ORIENTED_EDGE('',*,*,#1584,.T.);
#573=ORIENTED_EDGE('',*,*,#1585,.F.);
#574=ORIENTED_EDGE('',*,*,#1586,.F.);
#575=ORIENTED_EDGE('',*,*,#1587,.F.);
#576=ORIENTED_EDGE('',*,*,#1588,.F.);
#577=ORIENTED_EDGE('',*,*,#1589,.F.);
#578=ORIENTED_EDGE('',*,*,#1590,.T.);
#579=ORIENTED_EDGE('',*,*,#1591,.F.);
#580=ORIENTED_EDGE('',*,*,#1592,.F.);
#581=ORIENTED_EDGE('',*,*,#1593,.F.);
#582=ORIENTED_EDGE('',*,*,#1594,.F.);
#583=ORIENTED_EDGE('',*,*,#1595,.F.);
#584=ORIENTED_EDGE('',*,*,#1596,.T.);
#585=ORIENTED_EDGE('',*,*,#1597,.F.);
#586=ORIENTED_EDGE('',*,*,#1598,.F.);
#587=ORIENTED_EDGE('',*,*,#1599,.F.);
#588=ORIENTED_EDGE('',*,*,#1600,.F.);
#589=ORIENTED_EDGE('',*,*,#1601,.F.);
#590=ORIENTED_EDGE('',*,*,#1602,.T.);
#591=ORIENTED_EDGE('',*,*,#1603,.F.);
#592=ORIENTED_EDGE('',*,*,#1604,.F.);
#593=ORIENTED_EDGE('',*,*,#1605,.F.);
#594=ORIENTED_EDGE('',*,*,#1606,.F.);
#595=ORIENTED_EDGE('',*,*,#1607,.F.);
#596=ORIENTED_EDGE('',*,*,#1608,.T.);
#597=ORIENTED_EDGE('',*,*,#1609,.F.);
#598=ORIENTED_EDGE('',*,*,#1610,.F.);
#599=ORIENTED_EDGE('',*,*,#1611,.F.);
#600=ORIENTED_EDGE('',*,*,#1612,.F.);
#601=ORIENTED_EDGE('',*,*,#1613,.F.);
#602=ORIENTED_EDGE('',*,*,#1614,.T.);
#603=ORIENTED_EDGE('',*,*,#1615,.F.);
#604=ORIENTED_EDGE('',*,*,#1616,.F.);
#605=ORIENTED_EDGE('',*,*,#1617,.F.);
#606=ORIENTED_EDGE('',*,*,#1618,.F.);
#607=ORIENTED_EDGE('',*,*,#1619,.F.);
#608=ORIENTED_EDGE('',*,*,#1620,.T.);
#609=ORIENTED_EDGE('',*,*,#1621,.F.);
#610=ORIENTED_EDGE('',*,*,#1622,.F.);
#611=ORIENTED_EDGE('',*,*,#1623,.F.);
#612=ORIENTED_EDGE('',*,*,#1624,.F.);
#613=ORIENTED_EDGE('',*,*,#1625,.F.);
#614=ORIENTED_EDGE('',*,*,#1626,.T.);
#615=ORIENTED_EDGE('',*,*,#1627,.F.);
#616=ORIENTED_EDGE('',*,*,#1628,.F.);
#617=ORIENTED_EDGE('',*,*,#1629,.F.);
#618=ORIENTED_EDGE('',*,*,#1630,.F.);
#619=ORIENTED_EDGE('',*,*,#1631,.F.);
#620=ORIENTED_EDGE('',*,*,#1632,.T.);
#621=ORIENTED_EDGE('',*,*,#1633,.F.);
#622=ORIENTED_EDGE('',*,*,#1634,.F.);
#623=ORIENTED_EDGE('',*,*,#1635,.F.);
#624=ORIENTED_EDGE('',*,*,#1636,.F.);
#625=ORIENTED_EDGE('',*,*,#1637,.F.);
#626=ORIENTED_EDGE('',*,*,#1638,.T.);
#627=ORIENTED_EDGE('',*,*,#1639,.F.);
#628=ORIENTED_EDGE('',*,*,#1640,.F.);
#629=ORIENTED_EDGE('',*,*,#1641,.F.);
#630=ORIENTED_EDGE('',*,*,#1642,.F.);
#631=ORIENTED_EDGE('',*,*,#1643,.F.);
#632=ORIENTED_EDGE('',*,*,#1644,.T.);
#633=ORIENTED_EDGE('',*,*,#1645,.F.);
#634=ORIENTED_EDGE('',*,*,#1646,.F.);
#635=ORIENTED_EDGE('',*,*,#1647,.F.);
#636=ORIENTED_EDGE('',*,*,#1648,.F.);
#637=ORIENTED_EDGE('',*,*,#1649,.F.);
#638=ORIENTED_EDGE('',*,*,#1650,.T.);
#639=ORIENTED_EDGE('',*,*,#1651,.F.);
#640=ORIENTED_EDGE('',*,*,#1652,.F.);
#641=ORIENTED_EDGE('',*,*,#1653,.F.);
#642=ORIENTED_EDGE('',*,*,#1654,.F.);
#643=ORIENTED_EDGE('',*,*,#1655,.F.);
#644=ORIENTED_EDGE('',*,*,#1656,.T.);
#645=ORIENTED_EDGE('',*,*,#1657,.F.);
#646=ORIENTED_EDGE('',*,*,#1658,.F.);
#647=ORIENTED_EDGE('',*,*,#1659,.F.);
#648=ORIENTED_EDGE('',*,*,#1660,.F.);
#649=ORIENTED_EDGE('',*,*,#1661,.F.);
#650=ORIENTED_EDGE('',*,*,#1662,.T.);
#651=ORIENTED_EDGE('',*,*,#1663,.F.);
#652=ORIENTED_EDGE('',*,*,#1664,.F.);
#653=ORIENTED_EDGE('',*,*,#1665,.F.);
#654=ORIENTED_EDGE('',*,*,#1666,.F.);
#655=ORIENTED_EDGE('',*,*,#1667,.F.);
#656=ORIENTED_EDGE('',*,*,#1668,.T.);
#657=ORIENTED_EDGE('',*,*,#1669,.F.);
#658=ORIENTED_EDGE('',*,*,#1670,.F.);
#659=ORIENTED_EDGE('',*,*,#1671,.F.);
#660=ORIENTED_EDGE('',*,*,#1672,.F.);
#661=ORIENTED_EDGE('',*,*,#1673,.F.);
#662=ORIENTED_EDGE('',*,*,#1674,.T.);
#663=ORIENTED_EDGE('',*,*,#1675,.F.);
#664=ORIENTED_EDGE('',*,*,#1676,.T.);
#665=ORIENTED_EDGE('',*,*,#1677,.F.);
#666=ORIENTED_EDGE('',*,*,#1678,.T.);
#667=ORIENTED_EDGE('',*,*,#1679,.F.);
#668=ORIENTED_EDGE('',*,*,#1680,.T.);
#669=ORIENTED_EDGE('',*,*,#1681,.F.);
#670=ORIENTED_EDGE('',*,*,#1682,.T.);
#671=ORIENTED_EDGE('',*,*,#1683,.F.);
#672=ORIENTED_EDGE('',*,*,#1684,.T.);
#673=ORIENTED_EDGE('',*,*,#1685,.F.);
#674=ORIENTED_EDGE('',*,*,#1686,.T.);
#675=ORIENTED_EDGE('',*,*,#1687,.F.);
#676=ORIENTED_EDGE('',*,*,#1688,.T.);
#677=ORIENTED_EDGE('',*,*,#1689,.F.);
#678=ORIENTED_EDGE('',*,*,#1690,.T.);
#679=ORIENTED_EDGE('',*,*,#1691,.T.);
#680=ORIENTED_EDGE('',*,*,#1692,.T.);
#681=ORIENTED_EDGE('',*,*,#1693,.T.);
#682=ORIENTED_EDGE('',*,*,#1694,.T.);
#683=ORIENTED_EDGE('',*,*,#1695,.T.);
#684=ORIENTED_EDGE('',*,*,#1696,.T.);
#685=ORIENTED_EDGE('',*,*,#1697,.T.);
#686=ORIENTED_EDGE('',*,*,#1698,.T.);
#687=ORIENTED_EDGE('',*,*,#1699,.T.);
#688=ORIENTED_EDGE('',*,*,#1700,.T.);
#689=ORIENTED_EDGE('',*,*,#1701,.T.);
#690=ORIENTED_EDGE('',*,*,#1702,.F.);
#691=ORIENTED_EDGE('',*,*,#1520,.F.);
#692=ORIENTED_EDGE('',*,*,#1545,.T.);
#693=ORIENTED_EDGE('',*,*,#1508,.T.);
#694=ORIENTED_EDGE('',*,*,#1703,.F.);
#695=ORIENTED_EDGE('',*,*,#1704,.T.);
#696=ORIENTED_EDGE('',*,*,#1705,.F.);
#697=ORIENTED_EDGE('',*,*,#1706,.T.);
#698=ORIENTED_EDGE('',*,*,#1707,.F.);
#699=ORIENTED_EDGE('',*,*,#1510,.F.);
#700=ORIENTED_EDGE('',*,*,#1546,.T.);
#701=ORIENTED_EDGE('',*,*,#1518,.T.);
#702=ORIENTED_EDGE('',*,*,#1708,.F.);
#703=ORIENTED_EDGE('',*,*,#1709,.T.);
#704=ORIENTED_EDGE('',*,*,#1710,.F.);
#705=ORIENTED_EDGE('',*,*,#1711,.T.);
#706=ORIENTED_EDGE('',*,*,#1712,.F.);
#707=ORIENTED_EDGE('',*,*,#1522,.F.);
#708=ORIENTED_EDGE('',*,*,#1713,.T.);
#709=ORIENTED_EDGE('',*,*,#1506,.T.);
#710=ORIENTED_EDGE('',*,*,#1516,.T.);
#711=ORIENTED_EDGE('',*,*,#1714,.T.);
#712=ORIENTED_EDGE('',*,*,#1512,.F.);
#713=ORIENTED_EDGE('',*,*,#1715,.F.);
#714=ORIENTED_EDGE('',*,*,#1672,.T.);
#715=ORIENTED_EDGE('',*,*,#1716,.F.);
#716=ORIENTED_EDGE('',*,*,#1717,.F.);
#717=ORIENTED_EDGE('',*,*,#1718,.F.);
#718=ORIENTED_EDGE('',*,*,#1719,.T.);
#719=ORIENTED_EDGE('',*,*,#1720,.T.);
#720=ORIENTED_EDGE('',*,*,#1565,.T.);
#721=ORIENTED_EDGE('',*,*,#1718,.T.);
#722=ORIENTED_EDGE('',*,*,#1721,.T.);
#723=ORIENTED_EDGE('',*,*,#1722,.T.);
#724=ORIENTED_EDGE('',*,*,#1566,.F.);
#725=ORIENTED_EDGE('',*,*,#1720,.F.);
#726=ORIENTED_EDGE('',*,*,#1722,.F.);
#727=ORIENTED_EDGE('',*,*,#1723,.F.);
#728=ORIENTED_EDGE('',*,*,#1724,.T.);
#729=ORIENTED_EDGE('',*,*,#1567,.T.);
#730=ORIENTED_EDGE('',*,*,#1568,.T.);
#731=ORIENTED_EDGE('',*,*,#1724,.F.);
#732=ORIENTED_EDGE('',*,*,#1725,.F.);
#733=ORIENTED_EDGE('',*,*,#1726,.F.);
#734=ORIENTED_EDGE('',*,*,#1727,.T.);
#735=ORIENTED_EDGE('',*,*,#1728,.T.);
#736=ORIENTED_EDGE('',*,*,#1569,.T.);
#737=ORIENTED_EDGE('',*,*,#1726,.T.);
#738=ORIENTED_EDGE('',*,*,#1570,.T.);
#739=ORIENTED_EDGE('',*,*,#1728,.F.);
#740=ORIENTED_EDGE('',*,*,#1729,.F.);
#741=ORIENTED_EDGE('',*,*,#1730,.F.);
#742=ORIENTED_EDGE('',*,*,#1731,.T.);
#743=ORIENTED_EDGE('',*,*,#1732,.T.);
#744=ORIENTED_EDGE('',*,*,#1571,.T.);
#745=ORIENTED_EDGE('',*,*,#1730,.T.);
#746=ORIENTED_EDGE('',*,*,#1733,.T.);
#747=ORIENTED_EDGE('',*,*,#1734,.T.);
#748=ORIENTED_EDGE('',*,*,#1572,.F.);
#749=ORIENTED_EDGE('',*,*,#1732,.F.);
#750=ORIENTED_EDGE('',*,*,#1734,.F.);
#751=ORIENTED_EDGE('',*,*,#1735,.F.);
#752=ORIENTED_EDGE('',*,*,#1736,.T.);
#753=ORIENTED_EDGE('',*,*,#1573,.T.);
#754=ORIENTED_EDGE('',*,*,#1574,.T.);
#755=ORIENTED_EDGE('',*,*,#1736,.F.);
#756=ORIENTED_EDGE('',*,*,#1737,.F.);
#757=ORIENTED_EDGE('',*,*,#1738,.F.);
#758=ORIENTED_EDGE('',*,*,#1739,.T.);
#759=ORIENTED_EDGE('',*,*,#1740,.T.);
#760=ORIENTED_EDGE('',*,*,#1575,.T.);
#761=ORIENTED_EDGE('',*,*,#1738,.T.);
#762=ORIENTED_EDGE('',*,*,#1576,.T.);
#763=ORIENTED_EDGE('',*,*,#1740,.F.);
#764=ORIENTED_EDGE('',*,*,#1741,.F.);
#765=ORIENTED_EDGE('',*,*,#1742,.F.);
#766=ORIENTED_EDGE('',*,*,#1743,.T.);
#767=ORIENTED_EDGE('',*,*,#1744,.T.);
#768=ORIENTED_EDGE('',*,*,#1577,.T.);
#769=ORIENTED_EDGE('',*,*,#1742,.T.);
#770=ORIENTED_EDGE('',*,*,#1745,.T.);
#771=ORIENTED_EDGE('',*,*,#1746,.T.);
#772=ORIENTED_EDGE('',*,*,#1578,.F.);
#773=ORIENTED_EDGE('',*,*,#1744,.F.);
#774=ORIENTED_EDGE('',*,*,#1747,.F.);
#775=ORIENTED_EDGE('',*,*,#1748,.T.);
#776=ORIENTED_EDGE('',*,*,#1579,.T.);
#777=ORIENTED_EDGE('',*,*,#1746,.F.);
#778=ORIENTED_EDGE('',*,*,#1580,.T.);
#779=ORIENTED_EDGE('',*,*,#1748,.F.);
#780=ORIENTED_EDGE('',*,*,#1749,.F.);
#781=ORIENTED_EDGE('',*,*,#1750,.F.);
#782=ORIENTED_EDGE('',*,*,#1751,.T.);
#783=ORIENTED_EDGE('',*,*,#1752,.T.);
#784=ORIENTED_EDGE('',*,*,#1581,.T.);
#785=ORIENTED_EDGE('',*,*,#1750,.T.);
#786=ORIENTED_EDGE('',*,*,#1582,.T.);
#787=ORIENTED_EDGE('',*,*,#1752,.F.);
#788=ORIENTED_EDGE('',*,*,#1753,.F.);
#789=ORIENTED_EDGE('',*,*,#1754,.F.);
#790=ORIENTED_EDGE('',*,*,#1755,.T.);
#791=ORIENTED_EDGE('',*,*,#1756,.T.);
#792=ORIENTED_EDGE('',*,*,#1583,.T.);
#793=ORIENTED_EDGE('',*,*,#1754,.T.);
#794=ORIENTED_EDGE('',*,*,#1757,.T.);
#795=ORIENTED_EDGE('',*,*,#1758,.T.);
#796=ORIENTED_EDGE('',*,*,#1584,.F.);
#797=ORIENTED_EDGE('',*,*,#1756,.F.);
#798=ORIENTED_EDGE('',*,*,#1758,.F.);
#799=ORIENTED_EDGE('',*,*,#1759,.F.);
#800=ORIENTED_EDGE('',*,*,#1760,.T.);
#801=ORIENTED_EDGE('',*,*,#1585,.T.);
#802=ORIENTED_EDGE('',*,*,#1586,.T.);
#803=ORIENTED_EDGE('',*,*,#1760,.F.);
#804=ORIENTED_EDGE('',*,*,#1761,.F.);
#805=ORIENTED_EDGE('',*,*,#1762,.F.);
#806=ORIENTED_EDGE('',*,*,#1763,.T.);
#807=ORIENTED_EDGE('',*,*,#1764,.T.);
#808=ORIENTED_EDGE('',*,*,#1587,.T.);
#809=ORIENTED_EDGE('',*,*,#1762,.T.);
#810=ORIENTED_EDGE('',*,*,#1588,.T.);
#811=ORIENTED_EDGE('',*,*,#1764,.F.);
#812=ORIENTED_EDGE('',*,*,#1765,.F.);
#813=ORIENTED_EDGE('',*,*,#1766,.F.);
#814=ORIENTED_EDGE('',*,*,#1767,.T.);
#815=ORIENTED_EDGE('',*,*,#1768,.T.);
#816=ORIENTED_EDGE('',*,*,#1589,.T.);
#817=ORIENTED_EDGE('',*,*,#1766,.T.);
#818=ORIENTED_EDGE('',*,*,#1769,.T.);
#819=ORIENTED_EDGE('',*,*,#1770,.T.);
#820=ORIENTED_EDGE('',*,*,#1590,.F.);
#821=ORIENTED_EDGE('',*,*,#1768,.F.);
#822=ORIENTED_EDGE('',*,*,#1771,.F.);
#823=ORIENTED_EDGE('',*,*,#1772,.T.);
#824=ORIENTED_EDGE('',*,*,#1591,.T.);
#825=ORIENTED_EDGE('',*,*,#1770,.F.);
#826=ORIENTED_EDGE('',*,*,#1592,.T.);
#827=ORIENTED_EDGE('',*,*,#1772,.F.);
#828=ORIENTED_EDGE('',*,*,#1773,.F.);
#829=ORIENTED_EDGE('',*,*,#1774,.F.);
#830=ORIENTED_EDGE('',*,*,#1775,.T.);
#831=ORIENTED_EDGE('',*,*,#1776,.T.);
#832=ORIENTED_EDGE('',*,*,#1593,.T.);
#833=ORIENTED_EDGE('',*,*,#1774,.T.);
#834=ORIENTED_EDGE('',*,*,#1594,.T.);
#835=ORIENTED_EDGE('',*,*,#1776,.F.);
#836=ORIENTED_EDGE('',*,*,#1777,.F.);
#837=ORIENTED_EDGE('',*,*,#1778,.F.);
#838=ORIENTED_EDGE('',*,*,#1779,.T.);
#839=ORIENTED_EDGE('',*,*,#1780,.T.);
#840=ORIENTED_EDGE('',*,*,#1595,.T.);
#841=ORIENTED_EDGE('',*,*,#1778,.T.);
#842=ORIENTED_EDGE('',*,*,#1781,.T.);
#843=ORIENTED_EDGE('',*,*,#1782,.T.);
#844=ORIENTED_EDGE('',*,*,#1596,.F.);
#845=ORIENTED_EDGE('',*,*,#1780,.F.);
#846=ORIENTED_EDGE('',*,*,#1783,.F.);
#847=ORIENTED_EDGE('',*,*,#1784,.T.);
#848=ORIENTED_EDGE('',*,*,#1597,.T.);
#849=ORIENTED_EDGE('',*,*,#1782,.F.);
#850=ORIENTED_EDGE('',*,*,#1598,.T.);
#851=ORIENTED_EDGE('',*,*,#1784,.F.);
#852=ORIENTED_EDGE('',*,*,#1785,.F.);
#853=ORIENTED_EDGE('',*,*,#1786,.F.);
#854=ORIENTED_EDGE('',*,*,#1787,.T.);
#855=ORIENTED_EDGE('',*,*,#1788,.T.);
#856=ORIENTED_EDGE('',*,*,#1599,.T.);
#857=ORIENTED_EDGE('',*,*,#1786,.T.);
#858=ORIENTED_EDGE('',*,*,#1600,.T.);
#859=ORIENTED_EDGE('',*,*,#1788,.F.);
#860=ORIENTED_EDGE('',*,*,#1789,.F.);
#861=ORIENTED_EDGE('',*,*,#1790,.F.);
#862=ORIENTED_EDGE('',*,*,#1791,.T.);
#863=ORIENTED_EDGE('',*,*,#1792,.T.);
#864=ORIENTED_EDGE('',*,*,#1601,.T.);
#865=ORIENTED_EDGE('',*,*,#1790,.T.);
#866=ORIENTED_EDGE('',*,*,#1793,.T.);
#867=ORIENTED_EDGE('',*,*,#1794,.T.);
#868=ORIENTED_EDGE('',*,*,#1602,.F.);
#869=ORIENTED_EDGE('',*,*,#1792,.F.);
#870=ORIENTED_EDGE('',*,*,#1794,.F.);
#871=ORIENTED_EDGE('',*,*,#1795,.F.);
#872=ORIENTED_EDGE('',*,*,#1796,.T.);
#873=ORIENTED_EDGE('',*,*,#1603,.T.);
#874=ORIENTED_EDGE('',*,*,#1604,.T.);
#875=ORIENTED_EDGE('',*,*,#1796,.F.);
#876=ORIENTED_EDGE('',*,*,#1797,.F.);
#877=ORIENTED_EDGE('',*,*,#1798,.F.);
#878=ORIENTED_EDGE('',*,*,#1799,.T.);
#879=ORIENTED_EDGE('',*,*,#1800,.T.);
#880=ORIENTED_EDGE('',*,*,#1605,.T.);
#881=ORIENTED_EDGE('',*,*,#1798,.T.);
#882=ORIENTED_EDGE('',*,*,#1606,.T.);
#883=ORIENTED_EDGE('',*,*,#1800,.F.);
#884=ORIENTED_EDGE('',*,*,#1801,.F.);
#885=ORIENTED_EDGE('',*,*,#1802,.F.);
#886=ORIENTED_EDGE('',*,*,#1803,.T.);
#887=ORIENTED_EDGE('',*,*,#1804,.T.);
#888=ORIENTED_EDGE('',*,*,#1607,.T.);
#889=ORIENTED_EDGE('',*,*,#1802,.T.);
#890=ORIENTED_EDGE('',*,*,#1805,.T.);
#891=ORIENTED_EDGE('',*,*,#1806,.T.);
#892=ORIENTED_EDGE('',*,*,#1608,.F.);
#893=ORIENTED_EDGE('',*,*,#1804,.F.);
#894=ORIENTED_EDGE('',*,*,#1807,.F.);
#895=ORIENTED_EDGE('',*,*,#1808,.T.);
#896=ORIENTED_EDGE('',*,*,#1609,.T.);
#897=ORIENTED_EDGE('',*,*,#1806,.F.);
#898=ORIENTED_EDGE('',*,*,#1610,.T.);
#899=ORIENTED_EDGE('',*,*,#1808,.F.);
#900=ORIENTED_EDGE('',*,*,#1809,.F.);
#901=ORIENTED_EDGE('',*,*,#1810,.F.);
#902=ORIENTED_EDGE('',*,*,#1811,.T.);
#903=ORIENTED_EDGE('',*,*,#1812,.T.);
#904=ORIENTED_EDGE('',*,*,#1611,.T.);
#905=ORIENTED_EDGE('',*,*,#1810,.T.);
#906=ORIENTED_EDGE('',*,*,#1612,.T.);
#907=ORIENTED_EDGE('',*,*,#1812,.F.);
#908=ORIENTED_EDGE('',*,*,#1813,.F.);
#909=ORIENTED_EDGE('',*,*,#1814,.F.);
#910=ORIENTED_EDGE('',*,*,#1815,.T.);
#911=ORIENTED_EDGE('',*,*,#1816,.T.);
#912=ORIENTED_EDGE('',*,*,#1613,.T.);
#913=ORIENTED_EDGE('',*,*,#1814,.T.);
#914=ORIENTED_EDGE('',*,*,#1817,.T.);
#915=ORIENTED_EDGE('',*,*,#1818,.T.);
#916=ORIENTED_EDGE('',*,*,#1614,.F.);
#917=ORIENTED_EDGE('',*,*,#1816,.F.);
#918=ORIENTED_EDGE('',*,*,#1819,.F.);
#919=ORIENTED_EDGE('',*,*,#1820,.T.);
#920=ORIENTED_EDGE('',*,*,#1615,.T.);
#921=ORIENTED_EDGE('',*,*,#1818,.F.);
#922=ORIENTED_EDGE('',*,*,#1616,.T.);
#923=ORIENTED_EDGE('',*,*,#1820,.F.);
#924=ORIENTED_EDGE('',*,*,#1821,.F.);
#925=ORIENTED_EDGE('',*,*,#1822,.F.);
#926=ORIENTED_EDGE('',*,*,#1823,.T.);
#927=ORIENTED_EDGE('',*,*,#1824,.T.);
#928=ORIENTED_EDGE('',*,*,#1617,.T.);
#929=ORIENTED_EDGE('',*,*,#1822,.T.);
#930=ORIENTED_EDGE('',*,*,#1618,.T.);
#931=ORIENTED_EDGE('',*,*,#1824,.F.);
#932=ORIENTED_EDGE('',*,*,#1825,.F.);
#933=ORIENTED_EDGE('',*,*,#1826,.F.);
#934=ORIENTED_EDGE('',*,*,#1827,.T.);
#935=ORIENTED_EDGE('',*,*,#1828,.T.);
#936=ORIENTED_EDGE('',*,*,#1619,.T.);
#937=ORIENTED_EDGE('',*,*,#1826,.T.);
#938=ORIENTED_EDGE('',*,*,#1829,.T.);
#939=ORIENTED_EDGE('',*,*,#1830,.T.);
#940=ORIENTED_EDGE('',*,*,#1620,.F.);
#941=ORIENTED_EDGE('',*,*,#1828,.F.);
#942=ORIENTED_EDGE('',*,*,#1831,.F.);
#943=ORIENTED_EDGE('',*,*,#1832,.T.);
#944=ORIENTED_EDGE('',*,*,#1621,.T.);
#945=ORIENTED_EDGE('',*,*,#1830,.F.);
#946=ORIENTED_EDGE('',*,*,#1622,.T.);
#947=ORIENTED_EDGE('',*,*,#1832,.F.);
#948=ORIENTED_EDGE('',*,*,#1833,.F.);
#949=ORIENTED_EDGE('',*,*,#1834,.F.);
#950=ORIENTED_EDGE('',*,*,#1835,.T.);
#951=ORIENTED_EDGE('',*,*,#1836,.T.);
#952=ORIENTED_EDGE('',*,*,#1623,.T.);
#953=ORIENTED_EDGE('',*,*,#1834,.T.);
#954=ORIENTED_EDGE('',*,*,#1624,.T.);
#955=ORIENTED_EDGE('',*,*,#1836,.F.);
#956=ORIENTED_EDGE('',*,*,#1837,.F.);
#957=ORIENTED_EDGE('',*,*,#1838,.F.);
#958=ORIENTED_EDGE('',*,*,#1839,.T.);
#959=ORIENTED_EDGE('',*,*,#1840,.T.);
#960=ORIENTED_EDGE('',*,*,#1625,.T.);
#961=ORIENTED_EDGE('',*,*,#1838,.T.);
#962=ORIENTED_EDGE('',*,*,#1841,.T.);
#963=ORIENTED_EDGE('',*,*,#1842,.T.);
#964=ORIENTED_EDGE('',*,*,#1626,.F.);
#965=ORIENTED_EDGE('',*,*,#1840,.F.);
#966=ORIENTED_EDGE('',*,*,#1843,.F.);
#967=ORIENTED_EDGE('',*,*,#1844,.T.);
#968=ORIENTED_EDGE('',*,*,#1627,.T.);
#969=ORIENTED_EDGE('',*,*,#1842,.F.);
#970=ORIENTED_EDGE('',*,*,#1628,.T.);
#971=ORIENTED_EDGE('',*,*,#1844,.F.);
#972=ORIENTED_EDGE('',*,*,#1845,.F.);
#973=ORIENTED_EDGE('',*,*,#1846,.F.);
#974=ORIENTED_EDGE('',*,*,#1847,.T.);
#975=ORIENTED_EDGE('',*,*,#1848,.T.);
#976=ORIENTED_EDGE('',*,*,#1629,.T.);
#977=ORIENTED_EDGE('',*,*,#1846,.T.);
#978=ORIENTED_EDGE('',*,*,#1630,.T.);
#979=ORIENTED_EDGE('',*,*,#1848,.F.);
#980=ORIENTED_EDGE('',*,*,#1849,.F.);
#981=ORIENTED_EDGE('',*,*,#1850,.F.);
#982=ORIENTED_EDGE('',*,*,#1851,.T.);
#983=ORIENTED_EDGE('',*,*,#1852,.T.);
#984=ORIENTED_EDGE('',*,*,#1631,.T.);
#985=ORIENTED_EDGE('',*,*,#1850,.T.);
#986=ORIENTED_EDGE('',*,*,#1853,.T.);
#987=ORIENTED_EDGE('',*,*,#1854,.T.);
#988=ORIENTED_EDGE('',*,*,#1632,.F.);
#989=ORIENTED_EDGE('',*,*,#1852,.F.);
#990=ORIENTED_EDGE('',*,*,#1854,.F.);
#991=ORIENTED_EDGE('',*,*,#1855,.F.);
#992=ORIENTED_EDGE('',*,*,#1856,.T.);
#993=ORIENTED_EDGE('',*,*,#1633,.T.);
#994=ORIENTED_EDGE('',*,*,#1634,.T.);
#995=ORIENTED_EDGE('',*,*,#1856,.F.);
#996=ORIENTED_EDGE('',*,*,#1857,.F.);
#997=ORIENTED_EDGE('',*,*,#1858,.F.);
#998=ORIENTED_EDGE('',*,*,#1859,.T.);
#999=ORIENTED_EDGE('',*,*,#1860,.T.);
#1000=ORIENTED_EDGE('',*,*,#1635,.T.);
#1001=ORIENTED_EDGE('',*,*,#1858,.T.);
#1002=ORIENTED_EDGE('',*,*,#1636,.T.);
#1003=ORIENTED_EDGE('',*,*,#1860,.F.);
#1004=ORIENTED_EDGE('',*,*,#1861,.F.);
#1005=ORIENTED_EDGE('',*,*,#1862,.F.);
#1006=ORIENTED_EDGE('',*,*,#1863,.T.);
#1007=ORIENTED_EDGE('',*,*,#1864,.T.);
#1008=ORIENTED_EDGE('',*,*,#1637,.T.);
#1009=ORIENTED_EDGE('',*,*,#1862,.T.);
#1010=ORIENTED_EDGE('',*,*,#1865,.T.);
#1011=ORIENTED_EDGE('',*,*,#1866,.T.);
#1012=ORIENTED_EDGE('',*,*,#1638,.F.);
#1013=ORIENTED_EDGE('',*,*,#1864,.F.);
#1014=ORIENTED_EDGE('',*,*,#1866,.F.);
#1015=ORIENTED_EDGE('',*,*,#1867,.F.);
#1016=ORIENTED_EDGE('',*,*,#1868,.T.);
#1017=ORIENTED_EDGE('',*,*,#1639,.T.);
#1018=ORIENTED_EDGE('',*,*,#1640,.T.);
#1019=ORIENTED_EDGE('',*,*,#1868,.F.);
#1020=ORIENTED_EDGE('',*,*,#1869,.F.);
#1021=ORIENTED_EDGE('',*,*,#1870,.F.);
#1022=ORIENTED_EDGE('',*,*,#1871,.T.);
#1023=ORIENTED_EDGE('',*,*,#1872,.T.);
#1024=ORIENTED_EDGE('',*,*,#1641,.T.);
#1025=ORIENTED_EDGE('',*,*,#1870,.T.);
#1026=ORIENTED_EDGE('',*,*,#1642,.T.);
#1027=ORIENTED_EDGE('',*,*,#1872,.F.);
#1028=ORIENTED_EDGE('',*,*,#1873,.F.);
#1029=ORIENTED_EDGE('',*,*,#1874,.F.);
#1030=ORIENTED_EDGE('',*,*,#1875,.T.);
#1031=ORIENTED_EDGE('',*,*,#1876,.T.);
#1032=ORIENTED_EDGE('',*,*,#1643,.T.);
#1033=ORIENTED_EDGE('',*,*,#1874,.T.);
#1034=ORIENTED_EDGE('',*,*,#1877,.T.);
#1035=ORIENTED_EDGE('',*,*,#1878,.T.);
#1036=ORIENTED_EDGE('',*,*,#1644,.F.);
#1037=ORIENTED_EDGE('',*,*,#1876,.F.);
#1038=ORIENTED_EDGE('',*,*,#1879,.F.);
#1039=ORIENTED_EDGE('',*,*,#1880,.T.);
#1040=ORIENTED_EDGE('',*,*,#1645,.T.);
#1041=ORIENTED_EDGE('',*,*,#1878,.F.);
#1042=ORIENTED_EDGE('',*,*,#1646,.T.);
#1043=ORIENTED_EDGE('',*,*,#1880,.F.);
#1044=ORIENTED_EDGE('',*,*,#1881,.F.);
#1045=ORIENTED_EDGE('',*,*,#1882,.F.);
#1046=ORIENTED_EDGE('',*,*,#1883,.T.);
#1047=ORIENTED_EDGE('',*,*,#1884,.T.);
#1048=ORIENTED_EDGE('',*,*,#1647,.T.);
#1049=ORIENTED_EDGE('',*,*,#1882,.T.);
#1050=ORIENTED_EDGE('',*,*,#1648,.T.);
#1051=ORIENTED_EDGE('',*,*,#1884,.F.);
#1052=ORIENTED_EDGE('',*,*,#1885,.F.);
#1053=ORIENTED_EDGE('',*,*,#1886,.F.);
#1054=ORIENTED_EDGE('',*,*,#1887,.T.);
#1055=ORIENTED_EDGE('',*,*,#1888,.T.);
#1056=ORIENTED_EDGE('',*,*,#1649,.T.);
#1057=ORIENTED_EDGE('',*,*,#1886,.T.);
#1058=ORIENTED_EDGE('',*,*,#1889,.T.);
#1059=ORIENTED_EDGE('',*,*,#1890,.T.);
#1060=ORIENTED_EDGE('',*,*,#1650,.F.);
#1061=ORIENTED_EDGE('',*,*,#1888,.F.);
#1062=ORIENTED_EDGE('',*,*,#1891,.F.);
#1063=ORIENTED_EDGE('',*,*,#1892,.T.);
#1064=ORIENTED_EDGE('',*,*,#1651,.T.);
#1065=ORIENTED_EDGE('',*,*,#1890,.F.);
#1066=ORIENTED_EDGE('',*,*,#1652,.T.);
#1067=ORIENTED_EDGE('',*,*,#1892,.F.);
#1068=ORIENTED_EDGE('',*,*,#1893,.F.);
#1069=ORIENTED_EDGE('',*,*,#1894,.F.);
#1070=ORIENTED_EDGE('',*,*,#1895,.T.);
#1071=ORIENTED_EDGE('',*,*,#1896,.T.);
#1072=ORIENTED_EDGE('',*,*,#1653,.T.);
#1073=ORIENTED_EDGE('',*,*,#1894,.T.);
#1074=ORIENTED_EDGE('',*,*,#1654,.T.);
#1075=ORIENTED_EDGE('',*,*,#1896,.F.);
#1076=ORIENTED_EDGE('',*,*,#1897,.F.);
#1077=ORIENTED_EDGE('',*,*,#1898,.F.);
#1078=ORIENTED_EDGE('',*,*,#1899,.T.);
#1079=ORIENTED_EDGE('',*,*,#1900,.T.);
#1080=ORIENTED_EDGE('',*,*,#1655,.T.);
#1081=ORIENTED_EDGE('',*,*,#1898,.T.);
#1082=ORIENTED_EDGE('',*,*,#1901,.T.);
#1083=ORIENTED_EDGE('',*,*,#1902,.T.);
#1084=ORIENTED_EDGE('',*,*,#1656,.F.);
#1085=ORIENTED_EDGE('',*,*,#1900,.F.);
#1086=ORIENTED_EDGE('',*,*,#1902,.F.);
#1087=ORIENTED_EDGE('',*,*,#1903,.F.);
#1088=ORIENTED_EDGE('',*,*,#1904,.T.);
#1089=ORIENTED_EDGE('',*,*,#1657,.T.);
#1090=ORIENTED_EDGE('',*,*,#1658,.T.);
#1091=ORIENTED_EDGE('',*,*,#1904,.F.);
#1092=ORIENTED_EDGE('',*,*,#1905,.F.);
#1093=ORIENTED_EDGE('',*,*,#1906,.F.);
#1094=ORIENTED_EDGE('',*,*,#1907,.T.);
#1095=ORIENTED_EDGE('',*,*,#1908,.T.);
#1096=ORIENTED_EDGE('',*,*,#1659,.T.);
#1097=ORIENTED_EDGE('',*,*,#1906,.T.);
#1098=ORIENTED_EDGE('',*,*,#1660,.T.);
#1099=ORIENTED_EDGE('',*,*,#1908,.F.);
#1100=ORIENTED_EDGE('',*,*,#1909,.F.);
#1101=ORIENTED_EDGE('',*,*,#1910,.F.);
#1102=ORIENTED_EDGE('',*,*,#1911,.T.);
#1103=ORIENTED_EDGE('',*,*,#1912,.T.);
#1104=ORIENTED_EDGE('',*,*,#1661,.T.);
#1105=ORIENTED_EDGE('',*,*,#1910,.T.);
#1106=ORIENTED_EDGE('',*,*,#1913,.T.);
#1107=ORIENTED_EDGE('',*,*,#1914,.T.);
#1108=ORIENTED_EDGE('',*,*,#1662,.F.);
#1109=ORIENTED_EDGE('',*,*,#1912,.F.);
#1110=ORIENTED_EDGE('',*,*,#1914,.F.);
#1111=ORIENTED_EDGE('',*,*,#1915,.F.);
#1112=ORIENTED_EDGE('',*,*,#1916,.T.);
#1113=ORIENTED_EDGE('',*,*,#1663,.T.);
#1114=ORIENTED_EDGE('',*,*,#1664,.T.);
#1115=ORIENTED_EDGE('',*,*,#1916,.F.);
#1116=ORIENTED_EDGE('',*,*,#1917,.F.);
#1117=ORIENTED_EDGE('',*,*,#1918,.F.);
#1118=ORIENTED_EDGE('',*,*,#1919,.T.);
#1119=ORIENTED_EDGE('',*,*,#1920,.T.);
#1120=ORIENTED_EDGE('',*,*,#1665,.T.);
#1121=ORIENTED_EDGE('',*,*,#1918,.T.);
#1122=ORIENTED_EDGE('',*,*,#1666,.T.);
#1123=ORIENTED_EDGE('',*,*,#1920,.F.);
#1124=ORIENTED_EDGE('',*,*,#1921,.F.);
#1125=ORIENTED_EDGE('',*,*,#1922,.F.);
#1126=ORIENTED_EDGE('',*,*,#1923,.T.);
#1127=ORIENTED_EDGE('',*,*,#1924,.T.);
#1128=ORIENTED_EDGE('',*,*,#1667,.T.);
#1129=ORIENTED_EDGE('',*,*,#1922,.T.);
#1130=ORIENTED_EDGE('',*,*,#1925,.T.);
#1131=ORIENTED_EDGE('',*,*,#1926,.T.);
#1132=ORIENTED_EDGE('',*,*,#1668,.F.);
#1133=ORIENTED_EDGE('',*,*,#1924,.F.);
#1134=ORIENTED_EDGE('',*,*,#1927,.F.);
#1135=ORIENTED_EDGE('',*,*,#1928,.T.);
#1136=ORIENTED_EDGE('',*,*,#1669,.T.);
#1137=ORIENTED_EDGE('',*,*,#1926,.F.);
#1138=ORIENTED_EDGE('',*,*,#1670,.T.);
#1139=ORIENTED_EDGE('',*,*,#1928,.F.);
#1140=ORIENTED_EDGE('',*,*,#1929,.F.);
#1141=ORIENTED_EDGE('',*,*,#1930,.F.);
#1142=ORIENTED_EDGE('',*,*,#1931,.T.);
#1143=ORIENTED_EDGE('',*,*,#1716,.T.);
#1144=ORIENTED_EDGE('',*,*,#1671,.T.);
#1145=ORIENTED_EDGE('',*,*,#1930,.T.);
#1146=ORIENTED_EDGE('',*,*,#1932,.F.);
#1147=ORIENTED_EDGE('',*,*,#1931,.F.);
#1148=ORIENTED_EDGE('',*,*,#1929,.T.);
#1149=ORIENTED_EDGE('',*,*,#1927,.T.);
#1150=ORIENTED_EDGE('',*,*,#1925,.F.);
#1151=ORIENTED_EDGE('',*,*,#1923,.F.);
#1152=ORIENTED_EDGE('',*,*,#1921,.T.);
#1153=ORIENTED_EDGE('',*,*,#1919,.F.);
#1154=ORIENTED_EDGE('',*,*,#1917,.T.);
#1155=ORIENTED_EDGE('',*,*,#1915,.T.);
#1156=ORIENTED_EDGE('',*,*,#1913,.F.);
#1157=ORIENTED_EDGE('',*,*,#1911,.F.);
#1158=ORIENTED_EDGE('',*,*,#1909,.T.);
#1159=ORIENTED_EDGE('',*,*,#1907,.F.);
#1160=ORIENTED_EDGE('',*,*,#1905,.T.);
#1161=ORIENTED_EDGE('',*,*,#1903,.T.);
#1162=ORIENTED_EDGE('',*,*,#1901,.F.);
#1163=ORIENTED_EDGE('',*,*,#1899,.F.);
#1164=ORIENTED_EDGE('',*,*,#1897,.T.);
#1165=ORIENTED_EDGE('',*,*,#1895,.F.);
#1166=ORIENTED_EDGE('',*,*,#1893,.T.);
#1167=ORIENTED_EDGE('',*,*,#1891,.T.);
#1168=ORIENTED_EDGE('',*,*,#1889,.F.);
#1169=ORIENTED_EDGE('',*,*,#1887,.F.);
#1170=ORIENTED_EDGE('',*,*,#1885,.T.);
#1171=ORIENTED_EDGE('',*,*,#1883,.F.);
#1172=ORIENTED_EDGE('',*,*,#1881,.T.);
#1173=ORIENTED_EDGE('',*,*,#1879,.T.);
#1174=ORIENTED_EDGE('',*,*,#1877,.F.);
#1175=ORIENTED_EDGE('',*,*,#1875,.F.);
#1176=ORIENTED_EDGE('',*,*,#1873,.T.);
#1177=ORIENTED_EDGE('',*,*,#1871,.F.);
#1178=ORIENTED_EDGE('',*,*,#1869,.T.);
#1179=ORIENTED_EDGE('',*,*,#1867,.T.);
#1180=ORIENTED_EDGE('',*,*,#1865,.F.);
#1181=ORIENTED_EDGE('',*,*,#1863,.F.);
#1182=ORIENTED_EDGE('',*,*,#1861,.T.);
#1183=ORIENTED_EDGE('',*,*,#1859,.F.);
#1184=ORIENTED_EDGE('',*,*,#1857,.T.);
#1185=ORIENTED_EDGE('',*,*,#1855,.T.);
#1186=ORIENTED_EDGE('',*,*,#1853,.F.);
#1187=ORIENTED_EDGE('',*,*,#1851,.F.);
#1188=ORIENTED_EDGE('',*,*,#1849,.T.);
#1189=ORIENTED_EDGE('',*,*,#1847,.F.);
#1190=ORIENTED_EDGE('',*,*,#1845,.T.);
#1191=ORIENTED_EDGE('',*,*,#1843,.T.);
#1192=ORIENTED_EDGE('',*,*,#1841,.F.);
#1193=ORIENTED_EDGE('',*,*,#1839,.F.);
#1194=ORIENTED_EDGE('',*,*,#1837,.T.);
#1195=ORIENTED_EDGE('',*,*,#1835,.F.);
#1196=ORIENTED_EDGE('',*,*,#1833,.T.);
#1197=ORIENTED_EDGE('',*,*,#1831,.T.);
#1198=ORIENTED_EDGE('',*,*,#1829,.F.);
#1199=ORIENTED_EDGE('',*,*,#1827,.F.);
#1200=ORIENTED_EDGE('',*,*,#1825,.T.);
#1201=ORIENTED_EDGE('',*,*,#1823,.F.);
#1202=ORIENTED_EDGE('',*,*,#1821,.T.);
#1203=ORIENTED_EDGE('',*,*,#1819,.T.);
#1204=ORIENTED_EDGE('',*,*,#1817,.F.);
#1205=ORIENTED_EDGE('',*,*,#1815,.F.);
#1206=ORIENTED_EDGE('',*,*,#1813,.T.);
#1207=ORIENTED_EDGE('',*,*,#1811,.F.);
#1208=ORIENTED_EDGE('',*,*,#1809,.T.);
#1209=ORIENTED_EDGE('',*,*,#1807,.T.);
#1210=ORIENTED_EDGE('',*,*,#1805,.F.);
#1211=ORIENTED_EDGE('',*,*,#1803,.F.);
#1212=ORIENTED_EDGE('',*,*,#1801,.T.);
#1213=ORIENTED_EDGE('',*,*,#1799,.F.);
#1214=ORIENTED_EDGE('',*,*,#1797,.T.);
#1215=ORIENTED_EDGE('',*,*,#1795,.T.);
#1216=ORIENTED_EDGE('',*,*,#1793,.F.);
#1217=ORIENTED_EDGE('',*,*,#1791,.F.);
#1218=ORIENTED_EDGE('',*,*,#1789,.T.);
#1219=ORIENTED_EDGE('',*,*,#1787,.F.);
#1220=ORIENTED_EDGE('',*,*,#1785,.T.);
#1221=ORIENTED_EDGE('',*,*,#1783,.T.);
#1222=ORIENTED_EDGE('',*,*,#1781,.F.);
#1223=ORIENTED_EDGE('',*,*,#1779,.F.);
#1224=ORIENTED_EDGE('',*,*,#1777,.T.);
#1225=ORIENTED_EDGE('',*,*,#1775,.F.);
#1226=ORIENTED_EDGE('',*,*,#1773,.T.);
#1227=ORIENTED_EDGE('',*,*,#1771,.T.);
#1228=ORIENTED_EDGE('',*,*,#1769,.F.);
#1229=ORIENTED_EDGE('',*,*,#1767,.F.);
#1230=ORIENTED_EDGE('',*,*,#1765,.T.);
#1231=ORIENTED_EDGE('',*,*,#1763,.F.);
#1232=ORIENTED_EDGE('',*,*,#1761,.T.);
#1233=ORIENTED_EDGE('',*,*,#1759,.T.);
#1234=ORIENTED_EDGE('',*,*,#1757,.F.);
#1235=ORIENTED_EDGE('',*,*,#1755,.F.);
#1236=ORIENTED_EDGE('',*,*,#1753,.T.);
#1237=ORIENTED_EDGE('',*,*,#1751,.F.);
#1238=ORIENTED_EDGE('',*,*,#1749,.T.);
#1239=ORIENTED_EDGE('',*,*,#1747,.T.);
#1240=ORIENTED_EDGE('',*,*,#1745,.F.);
#1241=ORIENTED_EDGE('',*,*,#1743,.F.);
#1242=ORIENTED_EDGE('',*,*,#1741,.T.);
#1243=ORIENTED_EDGE('',*,*,#1739,.F.);
#1244=ORIENTED_EDGE('',*,*,#1737,.T.);
#1245=ORIENTED_EDGE('',*,*,#1735,.T.);
#1246=ORIENTED_EDGE('',*,*,#1733,.F.);
#1247=ORIENTED_EDGE('',*,*,#1731,.F.);
#1248=ORIENTED_EDGE('',*,*,#1729,.T.);
#1249=ORIENTED_EDGE('',*,*,#1727,.F.);
#1250=ORIENTED_EDGE('',*,*,#1725,.T.);
#1251=ORIENTED_EDGE('',*,*,#1723,.T.);
#1252=ORIENTED_EDGE('',*,*,#1721,.F.);
#1253=ORIENTED_EDGE('',*,*,#1719,.F.);
#1254=ORIENTED_EDGE('',*,*,#1717,.T.);
#1255=ORIENTED_EDGE('',*,*,#1933,.T.);
#1256=ORIENTED_EDGE('',*,*,#1932,.T.);
#1257=ORIENTED_EDGE('',*,*,#1531,.F.);
#1258=ORIENTED_EDGE('',*,*,#1934,.T.);
#1259=ORIENTED_EDGE('',*,*,#1698,.F.);
#1260=ORIENTED_EDGE('',*,*,#1935,.T.);
#1261=ORIENTED_EDGE('',*,*,#1696,.F.);
#1262=ORIENTED_EDGE('',*,*,#1936,.T.);
#1263=ORIENTED_EDGE('',*,*,#1527,.F.);
#1264=ORIENTED_EDGE('',*,*,#1937,.T.);
#1265=ORIENTED_EDGE('',*,*,#1691,.F.);
#1266=ORIENTED_EDGE('',*,*,#1673,.T.);
#1267=ORIENTED_EDGE('',*,*,#1938,.T.);
#1268=ORIENTED_EDGE('',*,*,#1939,.T.);
#1269=ORIENTED_EDGE('',*,*,#1940,.T.);
#1270=ORIENTED_EDGE('',*,*,#1941,.T.);
#1271=ORIENTED_EDGE('',*,*,#1942,.T.);
#1272=ORIENTED_EDGE('',*,*,#1943,.T.);
#1273=ORIENTED_EDGE('',*,*,#1944,.T.);
#1274=ORIENTED_EDGE('',*,*,#1945,.T.);
#1275=ORIENTED_EDGE('',*,*,#1674,.F.);
#1276=ORIENTED_EDGE('',*,*,#1933,.F.);
#1277=ORIENTED_EDGE('',*,*,#1946,.F.);
#1278=ORIENTED_EDGE('',*,*,#1554,.F.);
#1279=ORIENTED_EDGE('',*,*,#1947,.F.);
#1280=ORIENTED_EDGE('',*,*,#1532,.F.);
#1281=ORIENTED_EDGE('',*,*,#1947,.T.);
#1282=ORIENTED_EDGE('',*,*,#1553,.F.);
#1283=ORIENTED_EDGE('',*,*,#1948,.F.);
#1284=ORIENTED_EDGE('',*,*,#1937,.F.);
#1285=ORIENTED_EDGE('',*,*,#1693,.F.);
#1286=ORIENTED_EDGE('',*,*,#1949,.F.);
#1287=ORIENTED_EDGE('',*,*,#1529,.F.);
#1288=ORIENTED_EDGE('',*,*,#1946,.T.);
#1289=ORIENTED_EDGE('',*,*,#1935,.F.);
#1290=ORIENTED_EDGE('',*,*,#1950,.F.);
#1291=ORIENTED_EDGE('',*,*,#1555,.F.);
#1292=ORIENTED_EDGE('',*,*,#1948,.T.);
#1293=ORIENTED_EDGE('',*,*,#1552,.F.);
#1294=ORIENTED_EDGE('',*,*,#1951,.F.);
#1295=ORIENTED_EDGE('',*,*,#1697,.F.);
#1296=ORIENTED_EDGE('',*,*,#1949,.T.);
#1297=ORIENTED_EDGE('',*,*,#1528,.F.);
#1298=ORIENTED_EDGE('',*,*,#1952,.F.);
#1299=ORIENTED_EDGE('',*,*,#1540,.F.);
#1300=ORIENTED_EDGE('',*,*,#1953,.F.);
#1301=ORIENTED_EDGE('',*,*,#1530,.F.);
#1302=ORIENTED_EDGE('',*,*,#1950,.T.);
#1303=ORIENTED_EDGE('',*,*,#1701,.F.);
#1304=ORIENTED_EDGE('',*,*,#1954,.F.);
#1305=ORIENTED_EDGE('',*,*,#1556,.F.);
#1306=ORIENTED_EDGE('',*,*,#1955,.F.);
#1307=ORIENTED_EDGE('',*,*,#1951,.T.);
#1308=ORIENTED_EDGE('',*,*,#1956,.F.);
#1309=ORIENTED_EDGE('',*,*,#1685,.T.);
#1310=ORIENTED_EDGE('',*,*,#1952,.T.);
#1311=ORIENTED_EDGE('',*,*,#1936,.F.);
#1312=ORIENTED_EDGE('',*,*,#1957,.F.);
#1313=ORIENTED_EDGE('',*,*,#1541,.F.);
#1314=ORIENTED_EDGE('',*,*,#1953,.T.);
#1315=ORIENTED_EDGE('',*,*,#1539,.F.);
#1316=ORIENTED_EDGE('',*,*,#1958,.F.);
#1317=ORIENTED_EDGE('',*,*,#1934,.F.);
#1318=ORIENTED_EDGE('',*,*,#1959,.F.);
#1319=ORIENTED_EDGE('',*,*,#1954,.T.);
#1320=ORIENTED_EDGE('',*,*,#1960,.F.);
#1321=ORIENTED_EDGE('',*,*,#1679,.T.);
#1322=ORIENTED_EDGE('',*,*,#1956,.T.);
#1323=ORIENTED_EDGE('',*,*,#1551,.F.);
#1324=ORIENTED_EDGE('',*,*,#1961,.F.);
#1325=ORIENTED_EDGE('',*,*,#1686,.F.);
#1326=ORIENTED_EDGE('',*,*,#1955,.T.);
#1327=ORIENTED_EDGE('',*,*,#1684,.F.);
#1328=ORIENTED_EDGE('',*,*,#1962,.F.);
#1329=ORIENTED_EDGE('',*,*,#1694,.F.);
#1330=ORIENTED_EDGE('',*,*,#1957,.T.);
#1331=ORIENTED_EDGE('',*,*,#1695,.F.);
#1332=ORIENTED_EDGE('',*,*,#1963,.F.);
#1333=ORIENTED_EDGE('',*,*,#1542,.F.);
#1334=ORIENTED_EDGE('',*,*,#1958,.T.);
#1335=ORIENTED_EDGE('',*,*,#1538,.F.);
#1336=ORIENTED_EDGE('',*,*,#1964,.F.);
#1337=ORIENTED_EDGE('',*,*,#1699,.F.);
#1338=ORIENTED_EDGE('',*,*,#1960,.T.);
#1339=ORIENTED_EDGE('',*,*,#1700,.F.);
#1340=ORIENTED_EDGE('',*,*,#1965,.F.);
#1341=ORIENTED_EDGE('',*,*,#1680,.F.);
#1342=ORIENTED_EDGE('',*,*,#1959,.T.);
#1343=ORIENTED_EDGE('',*,*,#1678,.F.);
#1344=ORIENTED_EDGE('',*,*,#1966,.F.);
#1345=ORIENTED_EDGE('',*,*,#1557,.F.);
#1346=ORIENTED_EDGE('',*,*,#1687,.T.);
#1347=ORIENTED_EDGE('',*,*,#1961,.T.);
#1348=ORIENTED_EDGE('',*,*,#1967,.F.);
#1349=ORIENTED_EDGE('',*,*,#1968,.F.);
#1350=ORIENTED_EDGE('',*,*,#1962,.T.);
#1351=ORIENTED_EDGE('',*,*,#1683,.T.);
#1352=ORIENTED_EDGE('',*,*,#1969,.F.);
#1353=ORIENTED_EDGE('',*,*,#1963,.T.);
#1354=ORIENTED_EDGE('',*,*,#1965,.T.);
#1355=ORIENTED_EDGE('',*,*,#1964,.T.);
#1356=ORIENTED_EDGE('',*,*,#1970,.F.);
#1357=ORIENTED_EDGE('',*,*,#1681,.T.);
#1358=ORIENTED_EDGE('',*,*,#1966,.T.);
#1359=ORIENTED_EDGE('',*,*,#1677,.T.);
#1360=ORIENTED_EDGE('',*,*,#1971,.F.);
#1361=ORIENTED_EDGE('',*,*,#1972,.F.);
#1362=ORIENTED_EDGE('',*,*,#1967,.T.);
#1363=ORIENTED_EDGE('',*,*,#1550,.F.);
#1364=ORIENTED_EDGE('',*,*,#1973,.F.);
#1365=ORIENTED_EDGE('',*,*,#1942,.F.);
#1366=ORIENTED_EDGE('',*,*,#1968,.T.);
#1367=ORIENTED_EDGE('',*,*,#1945,.F.);
#1368=ORIENTED_EDGE('',*,*,#1974,.F.);
#1369=ORIENTED_EDGE('',*,*,#1688,.F.);
#1370=ORIENTED_EDGE('',*,*,#1969,.T.);
#1371=ORIENTED_EDGE('',*,*,#1690,.F.);
#1372=ORIENTED_EDGE('',*,*,#1975,.F.);
#1373=ORIENTED_EDGE('',*,*,#1543,.F.);
#1374=ORIENTED_EDGE('',*,*,#1970,.T.);
#1375=ORIENTED_EDGE('',*,*,#1537,.F.);
#1376=ORIENTED_EDGE('',*,*,#1976,.F.);
#1377=ORIENTED_EDGE('',*,*,#1682,.F.);
#1378=ORIENTED_EDGE('',*,*,#1971,.T.);
#1379=ORIENTED_EDGE('',*,*,#1676,.F.);
#1380=ORIENTED_EDGE('',*,*,#1977,.F.);
#1381=ORIENTED_EDGE('',*,*,#1941,.F.);
#1382=ORIENTED_EDGE('',*,*,#1972,.T.);
#1383=ORIENTED_EDGE('',*,*,#1940,.F.);
#1384=ORIENTED_EDGE('',*,*,#1978,.F.);
#1385=ORIENTED_EDGE('',*,*,#1558,.F.);
#1386=ORIENTED_EDGE('',*,*,#1979,.F.);
#1387=ORIENTED_EDGE('',*,*,#1548,.F.);
#1388=ORIENTED_EDGE('',*,*,#1980,.F.);
#1389=ORIENTED_EDGE('',*,*,#1559,.F.);
#1390=ORIENTED_EDGE('',*,*,#1549,.T.);
#1391=ORIENTED_EDGE('',*,*,#1979,.T.);
#1392=ORIENTED_EDGE('',*,*,#1981,.F.);
#1393=ORIENTED_EDGE('',*,*,#1973,.T.);
#1394=ORIENTED_EDGE('',*,*,#1689,.T.);
#1395=ORIENTED_EDGE('',*,*,#1974,.T.);
#1396=ORIENTED_EDGE('',*,*,#1982,.F.);
#1397=ORIENTED_EDGE('',*,*,#1975,.T.);
#1398=ORIENTED_EDGE('',*,*,#1675,.T.);
#1399=ORIENTED_EDGE('',*,*,#1976,.T.);
#1400=ORIENTED_EDGE('',*,*,#1983,.F.);
#1401=ORIENTED_EDGE('',*,*,#1977,.T.);
#1402=ORIENTED_EDGE('',*,*,#1547,.T.);
#1403=ORIENTED_EDGE('',*,*,#1978,.T.);
#1404=ORIENTED_EDGE('',*,*,#1984,.F.);
#1405=ORIENTED_EDGE('',*,*,#1980,.T.);
#1406=ORIENTED_EDGE('',*,*,#1981,.T.);
#1407=ORIENTED_EDGE('',*,*,#1564,.F.);
#1408=ORIENTED_EDGE('',*,*,#1985,.F.);
#1409=ORIENTED_EDGE('',*,*,#1943,.F.);
#1410=ORIENTED_EDGE('',*,*,#1982,.T.);
#1411=ORIENTED_EDGE('',*,*,#1944,.F.);
#1412=ORIENTED_EDGE('',*,*,#1986,.F.);
#1413=ORIENTED_EDGE('',*,*,#1544,.F.);
#1414=ORIENTED_EDGE('',*,*,#1983,.T.);
#1415=ORIENTED_EDGE('',*,*,#1536,.F.);
#1416=ORIENTED_EDGE('',*,*,#1987,.F.);
#1417=ORIENTED_EDGE('',*,*,#1938,.F.);
#1418=ORIENTED_EDGE('',*,*,#1984,.T.);
#1419=ORIENTED_EDGE('',*,*,#1939,.F.);
#1420=ORIENTED_EDGE('',*,*,#1988,.F.);
#1421=ORIENTED_EDGE('',*,*,#1560,.F.);
#1422=ORIENTED_EDGE('',*,*,#1986,.T.);
#1423=ORIENTED_EDGE('',*,*,#1985,.T.);
#1424=ORIENTED_EDGE('',*,*,#1989,.F.);
#1425=ORIENTED_EDGE('',*,*,#1533,.T.);
#1426=ORIENTED_EDGE('',*,*,#1987,.T.);
#1427=ORIENTED_EDGE('',*,*,#1535,.T.);
#1428=ORIENTED_EDGE('',*,*,#1990,.F.);
#1429=ORIENTED_EDGE('',*,*,#1988,.T.);
#1430=ORIENTED_EDGE('',*,*,#1991,.F.);
#1431=ORIENTED_EDGE('',*,*,#1561,.F.);
#1432=ORIENTED_EDGE('',*,*,#1990,.T.);
#1433=ORIENTED_EDGE('',*,*,#1534,.F.);
#1434=ORIENTED_EDGE('',*,*,#1989,.T.);
#1435=ORIENTED_EDGE('',*,*,#1563,.F.);
#1436=ORIENTED_EDGE('',*,*,#1562,.F.);
#1437=ORIENTED_EDGE('',*,*,#1991,.T.);
#1438=ORIENTED_EDGE('',*,*,#1692,.F.);
#1439=ORIENTED_EDGE('',*,*,#1515,.F.);
#1440=ORIENTED_EDGE('',*,*,#1992,.T.);
#1441=ORIENTED_EDGE('',*,*,#1503,.T.);
#1442=ORIENTED_EDGE('',*,*,#1714,.F.);
#1443=ORIENTED_EDGE('',*,*,#1993,.T.);
#1444=ORIENTED_EDGE('',*,*,#1994,.T.);
#1445=ORIENTED_EDGE('',*,*,#1995,.T.);
#1446=ORIENTED_EDGE('',*,*,#1996,.T.);
#1447=ORIENTED_EDGE('',*,*,#1705,.T.);
#1448=ORIENTED_EDGE('',*,*,#1997,.T.);
#1449=ORIENTED_EDGE('',*,*,#1703,.T.);
#1450=ORIENTED_EDGE('',*,*,#1507,.F.);
#1451=ORIENTED_EDGE('',*,*,#1713,.F.);
#1452=ORIENTED_EDGE('',*,*,#1521,.T.);
#1453=ORIENTED_EDGE('',*,*,#1702,.T.);
#1454=ORIENTED_EDGE('',*,*,#1998,.T.);
#1455=ORIENTED_EDGE('',*,*,#1994,.F.);
#1456=ORIENTED_EDGE('',*,*,#1996,.F.);
#1457=ORIENTED_EDGE('',*,*,#1999,.T.);
#1458=ORIENTED_EDGE('',*,*,#2000,.T.);
#1459=ORIENTED_EDGE('',*,*,#2001,.T.);
#1460=ORIENTED_EDGE('',*,*,#2002,.T.);
#1461=ORIENTED_EDGE('',*,*,#1707,.T.);
#1462=ORIENTED_EDGE('',*,*,#2003,.T.);
#1463=ORIENTED_EDGE('',*,*,#1710,.T.);
#1464=ORIENTED_EDGE('',*,*,#2004,.T.);
#1465=ORIENTED_EDGE('',*,*,#1708,.T.);
#1466=ORIENTED_EDGE('',*,*,#1517,.T.);
#1467=ORIENTED_EDGE('',*,*,#1715,.T.);
#1468=ORIENTED_EDGE('',*,*,#1511,.F.);
#1469=ORIENTED_EDGE('',*,*,#2000,.F.);
#1470=ORIENTED_EDGE('',*,*,#2002,.F.);
#1471=ORIENTED_EDGE('',*,*,#1505,.F.);
#1472=ORIENTED_EDGE('',*,*,#2005,.T.);
#1473=ORIENTED_EDGE('',*,*,#1513,.T.);
#1474=ORIENTED_EDGE('',*,*,#1712,.T.);
#1475=ORIENTED_EDGE('',*,*,#2006,.F.);
#1476=ORIENTED_EDGE('',*,*,#1514,.F.);
#1477=ORIENTED_EDGE('',*,*,#2007,.F.);
#1478=ORIENTED_EDGE('',*,*,#1526,.F.);
#1479=ORIENTED_EDGE('',*,*,#2007,.T.);
#1480=ORIENTED_EDGE('',*,*,#2005,.F.);
#1481=ORIENTED_EDGE('',*,*,#2008,.F.);
#1482=ORIENTED_EDGE('',*,*,#1523,.F.);
#1483=ORIENTED_EDGE('',*,*,#2006,.T.);
#1484=ORIENTED_EDGE('',*,*,#1525,.F.);
#1485=ORIENTED_EDGE('',*,*,#2009,.F.);
#1486=ORIENTED_EDGE('',*,*,#1992,.F.);
#1487=ORIENTED_EDGE('',*,*,#2008,.T.);
#1488=ORIENTED_EDGE('',*,*,#1504,.F.);
#1489=ORIENTED_EDGE('',*,*,#2009,.T.);
#1490=ORIENTED_EDGE('',*,*,#1524,.F.);
#1491=ORIENTED_EDGE('',*,*,#1711,.F.);
#1492=ORIENTED_EDGE('',*,*,#2003,.F.);
#1493=ORIENTED_EDGE('',*,*,#1999,.F.);
#1494=ORIENTED_EDGE('',*,*,#1709,.F.);
#1495=ORIENTED_EDGE('',*,*,#2004,.F.);
#1496=ORIENTED_EDGE('',*,*,#2001,.F.);
#1497=ORIENTED_EDGE('',*,*,#1704,.F.);
#1498=ORIENTED_EDGE('',*,*,#1997,.F.);
#1499=ORIENTED_EDGE('',*,*,#1993,.F.);
#1500=ORIENTED_EDGE('',*,*,#1706,.F.);
#1501=ORIENTED_EDGE('',*,*,#1998,.F.);
#1502=ORIENTED_EDGE('',*,*,#1995,.F.);
#1503=EDGE_CURVE('',#2010,#2011,#2341,.T.);
#1504=EDGE_CURVE('',#2010,#2012,#2342,.F.);
#1505=EDGE_CURVE('',#2012,#2013,#2343,.T.);
#1506=EDGE_CURVE('',#2014,#2013,#2344,.T.);
#1507=EDGE_CURVE('',#2014,#2015,#2345,.T.);
#1508=EDGE_CURVE('',#2016,#2015,#2346,.T.);
#1509=EDGE_CURVE('',#2017,#2016,#2347,.T.);
#1510=EDGE_CURVE('',#2017,#2018,#2348,.T.);
#1511=EDGE_CURVE('',#2018,#2019,#2349,.T.);
#1512=EDGE_CURVE('',#2019,#2011,#2350,.T.);
#1513=EDGE_CURVE('',#2020,#2021,#2351,.T.);
#1514=EDGE_CURVE('',#2020,#2022,#2352,.T.);
#1515=EDGE_CURVE('',#2022,#2023,#2353,.T.);
#1516=EDGE_CURVE('',#2024,#2023,#2354,.T.);
#1517=EDGE_CURVE('',#2025,#2024,#2355,.T.);
#1518=EDGE_CURVE('',#2026,#2025,#2356,.T.);
#1519=EDGE_CURVE('',#2026,#2027,#2357,.T.);
#1520=EDGE_CURVE('',#2027,#2028,#2358,.T.);
#1521=EDGE_CURVE('',#2029,#2028,#2359,.T.);
#1522=EDGE_CURVE('',#2029,#2021,#2360,.T.);
#1523=EDGE_CURVE('',#2030,#2031,#2361,.F.);
#1524=EDGE_CURVE('',#2031,#2032,#2362,.T.);
#1525=EDGE_CURVE('',#2032,#2033,#2363,.T.);
#1526=EDGE_CURVE('',#2033,#2030,#2364,.F.);
#1527=EDGE_CURVE('',#2034,#2035,#2365,.T.);
#1528=EDGE_CURVE('',#2035,#2036,#2366,.F.);
#1529=EDGE_CURVE('',#2036,#2037,#260,.F.);
#1530=EDGE_CURVE('',#2037,#2038,#2367,.F.);
#1531=EDGE_CURVE('',#2038,#2039,#2368,.F.);
#1532=EDGE_CURVE('',#2039,#2034,#2369,.T.);
#1533=EDGE_CURVE('',#2040,#2041,#261,.T.);
#1534=EDGE_CURVE('',#2040,#2042,#2370,.F.);
#1535=EDGE_CURVE('',#2043,#2042,#262,.T.);
#1536=EDGE_CURVE('',#2043,#2044,#2371,.F.);
#1537=EDGE_CURVE('',#2044,#2045,#2372,.F.);
#1538=EDGE_CURVE('',#2045,#2046,#2373,.F.);
#1539=EDGE_CURVE('',#2046,#2047,#263,.T.);
#1540=EDGE_CURVE('',#2047,#2048,#2374,.T.);
#1541=EDGE_CURVE('',#2048,#2049,#264,.T.);
#1542=EDGE_CURVE('',#2049,#2050,#2375,.T.);
#1543=EDGE_CURVE('',#2050,#2051,#2376,.F.);
#1544=EDGE_CURVE('',#2051,#2041,#2377,.T.);
#1545=EDGE_CURVE('',#2027,#2016,#2378,.T.);
#1546=EDGE_CURVE('',#2017,#2026,#2379,.T.);
#1547=EDGE_CURVE('',#2052,#2053,#265,.F.);
#1548=EDGE_CURVE('',#2052,#2054,#2380,.F.);
#1549=EDGE_CURVE('',#2055,#2054,#266,.F.);
#1550=EDGE_CURVE('',#2055,#2056,#2381,.T.);
#1551=EDGE_CURVE('',#2056,#2057,#2382,.T.);
#1552=EDGE_CURVE('',#2057,#2058,#2383,.F.);
#1553=EDGE_CURVE('',#2058,#2059,#267,.F.);
#1554=EDGE_CURVE('',#2059,#2060,#2384,.F.);
#1555=EDGE_CURVE('',#2060,#2061,#268,.F.);
#1556=EDGE_CURVE('',#2061,#2062,#2385,.T.);
#1557=EDGE_CURVE('',#2062,#2063,#2386,.T.);
#1558=EDGE_CURVE('',#2063,#2053,#2387,.F.);
#1559=EDGE_CURVE('',#2064,#2065,#2388,.T.);
#1560=EDGE_CURVE('',#2065,#2066,#2389,.F.);
#1561=EDGE_CURVE('',#2066,#2067,#2390,.T.);
#1562=EDGE_CURVE('',#2067,#2068,#269,.T.);
#1563=EDGE_CURVE('',#2068,#2069,#2391,.T.);
#1564=EDGE_CURVE('',#2069,#2064,#2392,.T.);
#1565=EDGE_CURVE('',#2070,#2071,#270,.F.);
#1566=EDGE_CURVE('',#2070,#2072,#182,.T.);
#1567=EDGE_CURVE('',#2073,#2072,#271,.T.);
#1568=EDGE_CURVE('',#2074,#2073,#183,.T.);
#1569=EDGE_CURVE('',#2075,#2074,#272,.F.);
#1570=EDGE_CURVE('',#2076,#2075,#273,.T.);
#1571=EDGE_CURVE('',#2077,#2076,#274,.F.);
#1572=EDGE_CURVE('',#2077,#2078,#184,.T.);
#1573=EDGE_CURVE('',#2079,#2078,#275,.T.);
#1574=EDGE_CURVE('',#2080,#2079,#185,.T.);
#1575=EDGE_CURVE('',#2081,#2080,#276,.F.);
#1576=EDGE_CURVE('',#2082,#2081,#277,.T.);
#1577=EDGE_CURVE('',#2083,#2082,#278,.F.);
#1578=EDGE_CURVE('',#2083,#2084,#186,.T.);
#1579=EDGE_CURVE('',#2085,#2084,#279,.T.);
#1580=EDGE_CURVE('',#2086,#2085,#187,.T.);
#1581=EDGE_CURVE('',#2087,#2086,#280,.F.);
#1582=EDGE_CURVE('',#2088,#2087,#281,.T.);
#1583=EDGE_CURVE('',#2089,#2088,#282,.F.);
#1584=EDGE_CURVE('',#2089,#2090,#188,.T.);
#1585=EDGE_CURVE('',#2091,#2090,#283,.T.);
#1586=EDGE_CURVE('',#2092,#2091,#189,.T.);
#1587=EDGE_CURVE('',#2093,#2092,#284,.F.);
#1588=EDGE_CURVE('',#2094,#2093,#285,.T.);
#1589=EDGE_CURVE('',#2095,#2094,#286,.F.);
#1590=EDGE_CURVE('',#2095,#2096,#190,.T.);
#1591=EDGE_CURVE('',#2097,#2096,#287,.T.);
#1592=EDGE_CURVE('',#2098,#2097,#191,.T.);
#1593=EDGE_CURVE('',#2099,#2098,#288,.F.);
#1594=EDGE_CURVE('',#2100,#2099,#289,.T.);
#1595=EDGE_CURVE('',#2101,#2100,#290,.F.);
#1596=EDGE_CURVE('',#2101,#2102,#192,.T.);
#1597=EDGE_CURVE('',#2103,#2102,#291,.T.);
#1598=EDGE_CURVE('',#2104,#2103,#193,.T.);
#1599=EDGE_CURVE('',#2105,#2104,#292,.F.);
#1600=EDGE_CURVE('',#2106,#2105,#293,.T.);
#1601=EDGE_CURVE('',#2107,#2106,#294,.F.);
#1602=EDGE_CURVE('',#2107,#2108,#194,.T.);
#1603=EDGE_CURVE('',#2109,#2108,#295,.T.);
#1604=EDGE_CURVE('',#2110,#2109,#195,.T.);
#1605=EDGE_CURVE('',#2111,#2110,#296,.F.);
#1606=EDGE_CURVE('',#2112,#2111,#297,.T.);
#1607=EDGE_CURVE('',#2113,#2112,#298,.F.);
#1608=EDGE_CURVE('',#2113,#2114,#196,.T.);
#1609=EDGE_CURVE('',#2115,#2114,#299,.T.);
#1610=EDGE_CURVE('',#2116,#2115,#197,.T.);
#1611=EDGE_CURVE('',#2117,#2116,#300,.F.);
#1612=EDGE_CURVE('',#2118,#2117,#301,.T.);
#1613=EDGE_CURVE('',#2119,#2118,#302,.F.);
#1614=EDGE_CURVE('',#2119,#2120,#198,.T.);
#1615=EDGE_CURVE('',#2121,#2120,#303,.T.);
#1616=EDGE_CURVE('',#2122,#2121,#199,.T.);
#1617=EDGE_CURVE('',#2123,#2122,#304,.F.);
#1618=EDGE_CURVE('',#2124,#2123,#305,.T.);
#1619=EDGE_CURVE('',#2125,#2124,#306,.F.);
#1620=EDGE_CURVE('',#2125,#2126,#200,.T.);
#1621=EDGE_CURVE('',#2127,#2126,#307,.T.);
#1622=EDGE_CURVE('',#2128,#2127,#201,.T.);
#1623=EDGE_CURVE('',#2129,#2128,#308,.F.);
#1624=EDGE_CURVE('',#2130,#2129,#309,.T.);
#1625=EDGE_CURVE('',#2131,#2130,#310,.F.);
#1626=EDGE_CURVE('',#2131,#2132,#202,.T.);
#1627=EDGE_CURVE('',#2133,#2132,#311,.T.);
#1628=EDGE_CURVE('',#2134,#2133,#203,.T.);
#1629=EDGE_CURVE('',#2135,#2134,#312,.F.);
#1630=EDGE_CURVE('',#2136,#2135,#313,.T.);
#1631=EDGE_CURVE('',#2137,#2136,#314,.F.);
#1632=EDGE_CURVE('',#2137,#2138,#204,.T.);
#1633=EDGE_CURVE('',#2139,#2138,#315,.T.);
#1634=EDGE_CURVE('',#2140,#2139,#205,.T.);
#1635=EDGE_CURVE('',#2141,#2140,#316,.F.);
#1636=EDGE_CURVE('',#2142,#2141,#317,.T.);
#1637=EDGE_CURVE('',#2143,#2142,#318,.F.);
#1638=EDGE_CURVE('',#2143,#2144,#206,.T.);
#1639=EDGE_CURVE('',#2145,#2144,#319,.T.);
#1640=EDGE_CURVE('',#2146,#2145,#207,.T.);
#1641=EDGE_CURVE('',#2147,#2146,#320,.F.);
#1642=EDGE_CURVE('',#2148,#2147,#321,.T.);
#1643=EDGE_CURVE('',#2149,#2148,#322,.F.);
#1644=EDGE_CURVE('',#2149,#2150,#208,.T.);
#1645=EDGE_CURVE('',#2151,#2150,#323,.T.);
#1646=EDGE_CURVE('',#2152,#2151,#209,.T.);
#1647=EDGE_CURVE('',#2153,#2152,#324,.F.);
#1648=EDGE_CURVE('',#2154,#2153,#325,.T.);
#1649=EDGE_CURVE('',#2155,#2154,#326,.F.);
#1650=EDGE_CURVE('',#2155,#2156,#210,.T.);
#1651=EDGE_CURVE('',#2157,#2156,#327,.T.);
#1652=EDGE_CURVE('',#2158,#2157,#211,.T.);
#1653=EDGE_CURVE('',#2159,#2158,#328,.F.);
#1654=EDGE_CURVE('',#2160,#2159,#329,.T.);
#1655=EDGE_CURVE('',#2161,#2160,#330,.F.);
#1656=EDGE_CURVE('',#2161,#2162,#212,.T.);
#1657=EDGE_CURVE('',#2163,#2162,#331,.T.);
#1658=EDGE_CURVE('',#2164,#2163,#213,.T.);
#1659=EDGE_CURVE('',#2165,#2164,#332,.F.);
#1660=EDGE_CURVE('',#2166,#2165,#333,.T.);
#1661=EDGE_CURVE('',#2167,#2166,#334,.F.);
#1662=EDGE_CURVE('',#2167,#2168,#214,.T.);
#1663=EDGE_CURVE('',#2169,#2168,#335,.T.);
#1664=EDGE_CURVE('',#2170,#2169,#215,.T.);
#1665=EDGE_CURVE('',#2171,#2170,#336,.F.);
#1666=EDGE_CURVE('',#2172,#2171,#337,.T.);
#1667=EDGE_CURVE('',#2173,#2172,#338,.F.);
#1668=EDGE_CURVE('',#2173,#2174,#216,.T.);
#1669=EDGE_CURVE('',#2175,#2174,#339,.T.);
#1670=EDGE_CURVE('',#2176,#2175,#217,.T.);
#1671=EDGE_CURVE('',#2177,#2176,#340,.F.);
#1672=EDGE_CURVE('',#2071,#2177,#341,.T.);
#1673=EDGE_CURVE('',#2178,#2178,#342,.T.);
#1674=EDGE_CURVE('',#2179,#2179,#343,.F.);
#1675=EDGE_CURVE('',#2180,#2181,#344,.T.);
#1676=EDGE_CURVE('',#2180,#2182,#2393,.T.);
#1677=EDGE_CURVE('',#2183,#2182,#345,.T.);
#1678=EDGE_CURVE('',#2183,#2184,#2394,.F.);
#1679=EDGE_CURVE('',#2185,#2184,#346,.T.);
#1680=EDGE_CURVE('',#2185,#2186,#2395,.T.);
#1681=EDGE_CURVE('',#2187,#2186,#347,.T.);
#1682=EDGE_CURVE('',#2187,#2181,#2396,.T.);
#1683=EDGE_CURVE('',#2188,#2189,#348,.T.);
#1684=EDGE_CURVE('',#2188,#2190,#2397,.F.);
#1685=EDGE_CURVE('',#2191,#2190,#349,.T.);
#1686=EDGE_CURVE('',#2191,#2192,#2398,.F.);
#1687=EDGE_CURVE('',#2193,#2192,#350,.T.);
#1688=EDGE_CURVE('',#2193,#2194,#2399,.F.);
#1689=EDGE_CURVE('',#2195,#2194,#351,.T.);
#1690=EDGE_CURVE('',#2195,#2189,#2400,.T.);
#1691=EDGE_CURVE('',#2196,#2196,#352,.T.);
#1692=EDGE_CURVE('',#2197,#2197,#353,.F.);
#1693=EDGE_CURVE('',#2198,#2198,#354,.T.);
#1694=EDGE_CURVE('',#2199,#2200,#2401,.T.);
#1695=EDGE_CURVE('',#2200,#2201,#2402,.F.);
#1696=EDGE_CURVE('',#2201,#2202,#2403,.F.);
#1697=EDGE_CURVE('',#2202,#2199,#2404,.T.);
#1698=EDGE_CURVE('',#2203,#2204,#2405,.T.);
#1699=EDGE_CURVE('',#2204,#2205,#2406,.T.);
#1700=EDGE_CURVE('',#2205,#2206,#2407,.F.);
#1701=EDGE_CURVE('',#2206,#2203,#2408,.F.);
#1702=EDGE_CURVE('',#2028,#2207,#2409,.T.);
#1703=EDGE_CURVE('',#2208,#2015,#2410,.T.);
#1704=EDGE_CURVE('',#2208,#2209,#218,.T.);
#1705=EDGE_CURVE('',#2210,#2209,#2411,.T.);
#1706=EDGE_CURVE('',#2210,#2207,#219,.T.);
#1707=EDGE_CURVE('',#2018,#2211,#2412,.T.);
#1708=EDGE_CURVE('',#2212,#2025,#2413,.T.);
#1709=EDGE_CURVE('',#2212,#2213,#220,.T.);
#1710=EDGE_CURVE('',#2214,#2213,#2414,.T.);
#1711=EDGE_CURVE('',#2214,#2211,#221,.T.);
#1712=EDGE_CURVE('',#2021,#2013,#2415,.T.);
#1713=EDGE_CURVE('',#2029,#2014,#2416,.T.);
#1714=EDGE_CURVE('',#2023,#2011,#2417,.T.);
#1715=EDGE_CURVE('',#2024,#2019,#2418,.T.);
#1716=EDGE_CURVE('',#2215,#2177,#2419,.T.);
#1717=EDGE_CURVE('',#2216,#2215,#355,.T.);
#1718=EDGE_CURVE('',#2071,#2216,#2420,.F.);
#1719=EDGE_CURVE('',#2216,#2217,#356,.T.);
#1720=EDGE_CURVE('',#2217,#2070,#2421,.T.);
#1721=EDGE_CURVE('',#2217,#2218,#222,.T.);
#1722=EDGE_CURVE('',#2218,#2072,#2422,.T.);
#1723=EDGE_CURVE('',#2219,#2218,#357,.T.);
#1724=EDGE_CURVE('',#2219,#2073,#2423,.T.);
#1725=EDGE_CURVE('',#2220,#2219,#223,.T.);
#1726=EDGE_CURVE('',#2074,#2220,#2424,.F.);
#1727=EDGE_CURVE('',#2220,#2221,#358,.T.);
#1728=EDGE_CURVE('',#2221,#2075,#2425,.T.);
#1729=EDGE_CURVE('',#2222,#2221,#359,.T.);
#1730=EDGE_CURVE('',#2076,#2222,#2426,.F.);
#1731=EDGE_CURVE('',#2222,#2223,#360,.T.);
#1732=EDGE_CURVE('',#2223,#2077,#2427,.T.);
#1733=EDGE_CURVE('',#2223,#2224,#224,.T.);
#1734=EDGE_CURVE('',#2224,#2078,#2428,.T.);
#1735=EDGE_CURVE('',#2225,#2224,#361,.T.);
#1736=EDGE_CURVE('',#2225,#2079,#2429,.T.);
#1737=EDGE_CURVE('',#2226,#2225,#225,.T.);
#1738=EDGE_CURVE('',#2080,#2226,#2430,.F.);
#1739=EDGE_CURVE('',#2226,#2227,#362,.T.);
#1740=EDGE_CURVE('',#2227,#2081,#2431,.T.);
#1741=EDGE_CURVE('',#2228,#2227,#363,.T.);
#1742=EDGE_CURVE('',#2082,#2228,#2432,.F.);
#1743=EDGE_CURVE('',#2228,#2229,#364,.T.);
#1744=EDGE_CURVE('',#2229,#2083,#2433,.T.);
#1745=EDGE_CURVE('',#2229,#2230,#226,.T.);
#1746=EDGE_CURVE('',#2230,#2084,#2434,.T.);
#1747=EDGE_CURVE('',#2231,#2230,#365,.T.);
#1748=EDGE_CURVE('',#2231,#2085,#2435,.T.);
#1749=EDGE_CURVE('',#2232,#2231,#227,.T.);
#1750=EDGE_CURVE('',#2086,#2232,#2436,.F.);
#1751=EDGE_CURVE('',#2232,#2233,#366,.T.);
#1752=EDGE_CURVE('',#2233,#2087,#2437,.T.);
#1753=EDGE_CURVE('',#2234,#2233,#367,.T.);
#1754=EDGE_CURVE('',#2088,#2234,#2438,.F.);
#1755=EDGE_CURVE('',#2234,#2235,#368,.T.);
#1756=EDGE_CURVE('',#2235,#2089,#2439,.T.);
#1757=EDGE_CURVE('',#2235,#2236,#228,.T.);
#1758=EDGE_CURVE('',#2236,#2090,#2440,.T.);
#1759=EDGE_CURVE('',#2237,#2236,#369,.T.);
#1760=EDGE_CURVE('',#2237,#2091,#2441,.T.);
#1761=EDGE_CURVE('',#2238,#2237,#229,.T.);
#1762=EDGE_CURVE('',#2092,#2238,#2442,.F.);
#1763=EDGE_CURVE('',#2238,#2239,#370,.T.);
#1764=EDGE_CURVE('',#2239,#2093,#2443,.T.);
#1765=EDGE_CURVE('',#2240,#2239,#371,.T.);
#1766=EDGE_CURVE('',#2094,#2240,#2444,.F.);
#1767=EDGE_CURVE('',#2240,#2241,#372,.T.);
#1768=EDGE_CURVE('',#2241,#2095,#2445,.T.);
#1769=EDGE_CURVE('',#2241,#2242,#230,.T.);
#1770=EDGE_CURVE('',#2242,#2096,#2446,.T.);
#1771=EDGE_CURVE('',#2243,#2242,#373,.T.);
#1772=EDGE_CURVE('',#2243,#2097,#2447,.T.);
#1773=EDGE_CURVE('',#2244,#2243,#231,.T.);
#1774=EDGE_CURVE('',#2098,#2244,#2448,.F.);
#1775=EDGE_CURVE('',#2244,#2245,#374,.T.);
#1776=EDGE_CURVE('',#2245,#2099,#2449,.T.);
#1777=EDGE_CURVE('',#2246,#2245,#375,.T.);
#1778=EDGE_CURVE('',#2100,#2246,#2450,.F.);
#1779=EDGE_CURVE('',#2246,#2247,#376,.T.);
#1780=EDGE_CURVE('',#2247,#2101,#2451,.T.);
#1781=EDGE_CURVE('',#2247,#2248,#232,.T.);
#1782=EDGE_CURVE('',#2248,#2102,#2452,.T.);
#1783=EDGE_CURVE('',#2249,#2248,#377,.T.);
#1784=EDGE_CURVE('',#2249,#2103,#2453,.T.);
#1785=EDGE_CURVE('',#2250,#2249,#233,.T.);
#1786=EDGE_CURVE('',#2104,#2250,#2454,.F.);
#1787=EDGE_CURVE('',#2250,#2251,#378,.T.);
#1788=EDGE_CURVE('',#2251,#2105,#2455,.T.);
#1789=EDGE_CURVE('',#2252,#2251,#379,.T.);
#1790=EDGE_CURVE('',#2106,#2252,#2456,.F.);
#1791=EDGE_CURVE('',#2252,#2253,#380,.T.);
#1792=EDGE_CURVE('',#2253,#2107,#2457,.T.);
#1793=EDGE_CURVE('',#2253,#2254,#234,.T.);
#1794=EDGE_CURVE('',#2254,#2108,#2458,.T.);
#1795=EDGE_CURVE('',#2255,#2254,#381,.T.);
#1796=EDGE_CURVE('',#2255,#2109,#2459,.T.);
#1797=EDGE_CURVE('',#2256,#2255,#235,.T.);
#1798=EDGE_CURVE('',#2110,#2256,#2460,.F.);
#1799=EDGE_CURVE('',#2256,#2257,#382,.T.);
#1800=EDGE_CURVE('',#2257,#2111,#2461,.T.);
#1801=EDGE_CURVE('',#2258,#2257,#383,.T.);
#1802=EDGE_CURVE('',#2112,#2258,#2462,.F.);
#1803=EDGE_CURVE('',#2258,#2259,#384,.T.);
#1804=EDGE_CURVE('',#2259,#2113,#2463,.T.);
#1805=EDGE_CURVE('',#2259,#2260,#236,.T.);
#1806=EDGE_CURVE('',#2260,#2114,#2464,.T.);
#1807=EDGE_CURVE('',#2261,#2260,#385,.T.);
#1808=EDGE_CURVE('',#2261,#2115,#2465,.T.);
#1809=EDGE_CURVE('',#2262,#2261,#237,.T.);
#1810=EDGE_CURVE('',#2116,#2262,#2466,.F.);
#1811=EDGE_CURVE('',#2262,#2263,#386,.T.);
#1812=EDGE_CURVE('',#2263,#2117,#2467,.T.);
#1813=EDGE_CURVE('',#2264,#2263,#387,.T.);
#1814=EDGE_CURVE('',#2118,#2264,#2468,.F.);
#1815=EDGE_CURVE('',#2264,#2265,#388,.T.);
#1816=EDGE_CURVE('',#2265,#2119,#2469,.T.);
#1817=EDGE_CURVE('',#2265,#2266,#238,.T.);
#1818=EDGE_CURVE('',#2266,#2120,#2470,.T.);
#1819=EDGE_CURVE('',#2267,#2266,#389,.T.);
#1820=EDGE_CURVE('',#2267,#2121,#2471,.T.);
#1821=EDGE_CURVE('',#2268,#2267,#239,.T.);
#1822=EDGE_CURVE('',#2122,#2268,#2472,.F.);
#1823=EDGE_CURVE('',#2268,#2269,#390,.T.);
#1824=EDGE_CURVE('',#2269,#2123,#2473,.T.);
#1825=EDGE_CURVE('',#2270,#2269,#391,.T.);
#1826=EDGE_CURVE('',#2124,#2270,#2474,.F.);
#1827=EDGE_CURVE('',#2270,#2271,#392,.T.);
#1828=EDGE_CURVE('',#2271,#2125,#2475,.T.);
#1829=EDGE_CURVE('',#2271,#2272,#240,.T.);
#1830=EDGE_CURVE('',#2272,#2126,#2476,.T.);
#1831=EDGE_CURVE('',#2273,#2272,#393,.T.);
#1832=EDGE_CURVE('',#2273,#2127,#2477,.T.);
#1833=EDGE_CURVE('',#2274,#2273,#241,.T.);
#1834=EDGE_CURVE('',#2128,#2274,#2478,.F.);
#1835=EDGE_CURVE('',#2274,#2275,#394,.T.);
#1836=EDGE_CURVE('',#2275,#2129,#2479,.T.);
#1837=EDGE_CURVE('',#2276,#2275,#395,.T.);
#1838=EDGE_CURVE('',#2130,#2276,#2480,.F.);
#1839=EDGE_CURVE('',#2276,#2277,#396,.T.);
#1840=EDGE_CURVE('',#2277,#2131,#2481,.T.);
#1841=EDGE_CURVE('',#2277,#2278,#242,.T.);
#1842=EDGE_CURVE('',#2278,#2132,#2482,.T.);
#1843=EDGE_CURVE('',#2279,#2278,#397,.T.);
#1844=EDGE_CURVE('',#2279,#2133,#2483,.T.);
#1845=EDGE_CURVE('',#2280,#2279,#243,.T.);
#1846=EDGE_CURVE('',#2134,#2280,#2484,.F.);
#1847=EDGE_CURVE('',#2280,#2281,#398,.T.);
#1848=EDGE_CURVE('',#2281,#2135,#2485,.T.);
#1849=EDGE_CURVE('',#2282,#2281,#399,.T.);
#1850=EDGE_CURVE('',#2136,#2282,#2486,.F.);
#1851=EDGE_CURVE('',#2282,#2283,#400,.T.);
#1852=EDGE_CURVE('',#2283,#2137,#2487,.T.);
#1853=EDGE_CURVE('',#2283,#2284,#244,.T.);
#1854=EDGE_CURVE('',#2284,#2138,#2488,.T.);
#1855=EDGE_CURVE('',#2285,#2284,#401,.T.);
#1856=EDGE_CURVE('',#2285,#2139,#2489,.T.);
#1857=EDGE_CURVE('',#2286,#2285,#245,.T.);
#1858=EDGE_CURVE('',#2140,#2286,#2490,.F.);
#1859=EDGE_CURVE('',#2286,#2287,#402,.T.);
#1860=EDGE_CURVE('',#2287,#2141,#2491,.T.);
#1861=EDGE_CURVE('',#2288,#2287,#403,.T.);
#1862=EDGE_CURVE('',#2142,#2288,#2492,.F.);
#1863=EDGE_CURVE('',#2288,#2289,#404,.T.);
#1864=EDGE_CURVE('',#2289,#2143,#2493,.T.);
#1865=EDGE_CURVE('',#2289,#2290,#246,.T.);
#1866=EDGE_CURVE('',#2290,#2144,#2494,.T.);
#1867=EDGE_CURVE('',#2291,#2290,#405,.T.);
#1868=EDGE_CURVE('',#2291,#2145,#2495,.T.);
#1869=EDGE_CURVE('',#2292,#2291,#247,.T.);
#1870=EDGE_CURVE('',#2146,#2292,#2496,.F.);
#1871=EDGE_CURVE('',#2292,#2293,#406,.T.);
#1872=EDGE_CURVE('',#2293,#2147,#2497,.T.);
#1873=EDGE_CURVE('',#2294,#2293,#407,.T.);
#1874=EDGE_CURVE('',#2148,#2294,#2498,.F.);
#1875=EDGE_CURVE('',#2294,#2295,#408,.T.);
#1876=EDGE_CURVE('',#2295,#2149,#2499,.T.);
#1877=EDGE_CURVE('',#2295,#2296,#248,.T.);
#1878=EDGE_CURVE('',#2296,#2150,#2500,.T.);
#1879=EDGE_CURVE('',#2297,#2296,#409,.T.);
#1880=EDGE_CURVE('',#2297,#2151,#2501,.T.);
#1881=EDGE_CURVE('',#2298,#2297,#249,.T.);
#1882=EDGE_CURVE('',#2152,#2298,#2502,.F.);
#1883=EDGE_CURVE('',#2298,#2299,#410,.T.);
#1884=EDGE_CURVE('',#2299,#2153,#2503,.T.);
#1885=EDGE_CURVE('',#2300,#2299,#411,.T.);
#1886=EDGE_CURVE('',#2154,#2300,#2504,.F.);
#1887=EDGE_CURVE('',#2300,#2301,#412,.T.);
#1888=EDGE_CURVE('',#2301,#2155,#2505,.T.);
#1889=EDGE_CURVE('',#2301,#2302,#250,.T.);
#1890=EDGE_CURVE('',#2302,#2156,#2506,.T.);
#1891=EDGE_CURVE('',#2303,#2302,#413,.T.);
#1892=EDGE_CURVE('',#2303,#2157,#2507,.T.);
#1893=EDGE_CURVE('',#2304,#2303,#251,.T.);
#1894=EDGE_CURVE('',#2158,#2304,#2508,.F.);
#1895=EDGE_CURVE('',#2304,#2305,#414,.T.);
#1896=EDGE_CURVE('',#2305,#2159,#2509,.T.);
#1897=EDGE_CURVE('',#2306,#2305,#415,.T.);
#1898=EDGE_CURVE('',#2160,#2306,#2510,.F.);
#1899=EDGE_CURVE('',#2306,#2307,#416,.T.);
#1900=EDGE_CURVE('',#2307,#2161,#2511,.T.);
#1901=EDGE_CURVE('',#2307,#2308,#252,.T.);
#1902=EDGE_CURVE('',#2308,#2162,#2512,.T.);
#1903=EDGE_CURVE('',#2309,#2308,#417,.T.);
#1904=EDGE_CURVE('',#2309,#2163,#2513,.T.);
#1905=EDGE_CURVE('',#2310,#2309,#253,.T.);
#1906=EDGE_CURVE('',#2164,#2310,#2514,.F.);
#1907=EDGE_CURVE('',#2310,#2311,#418,.T.);
#1908=EDGE_CURVE('',#2311,#2165,#2515,.T.);
#1909=EDGE_CURVE('',#2312,#2311,#419,.T.);
#1910=EDGE_CURVE('',#2166,#2312,#2516,.F.);
#1911=EDGE_CURVE('',#2312,#2313,#420,.T.);
#1912=EDGE_CURVE('',#2313,#2167,#2517,.T.);
#1913=EDGE_CURVE('',#2313,#2314,#254,.T.);
#1914=EDGE_CURVE('',#2314,#2168,#2518,.T.);
#1915=EDGE_CURVE('',#2315,#2314,#421,.T.);
#1916=EDGE_CURVE('',#2315,#2169,#2519,.T.);
#1917=EDGE_CURVE('',#2316,#2315,#255,.T.);
#1918=EDGE_CURVE('',#2170,#2316,#2520,.F.);
#1919=EDGE_CURVE('',#2316,#2317,#422,.T.);
#1920=EDGE_CURVE('',#2317,#2171,#2521,.T.);
#1921=EDGE_CURVE('',#2318,#2317,#423,.T.);
#1922=EDGE_CURVE('',#2172,#2318,#2522,.F.);
#1923=EDGE_CURVE('',#2318,#2319,#424,.T.);
#1924=EDGE_CURVE('',#2319,#2173,#2523,.T.);
#1925=EDGE_CURVE('',#2319,#2320,#256,.T.);
#1926=EDGE_CURVE('',#2320,#2174,#2524,.T.);
#1927=EDGE_CURVE('',#2321,#2320,#425,.T.);
#1928=EDGE_CURVE('',#2321,#2175,#2525,.T.);
#1929=EDGE_CURVE('',#2322,#2321,#257,.T.);
#1930=EDGE_CURVE('',#2176,#2322,#2526,.F.);
#1931=EDGE_CURVE('',#2322,#2215,#426,.T.);
#1932=EDGE_CURVE('',#2323,#2323,#427,.T.);
#1933=EDGE_CURVE('',#2324,#2324,#428,.T.);
#1934=EDGE_CURVE('',#2038,#2204,#429,.F.);
#1935=EDGE_CURVE('',#2203,#2039,#430,.T.);
#1936=EDGE_CURVE('',#2201,#2035,#431,.F.);
#1937=EDGE_CURVE('',#2034,#2202,#432,.T.);
#1938=EDGE_CURVE('',#2325,#2326,#2527,.T.);
#1939=EDGE_CURVE('',#2326,#2327,#2528,.T.);
#1940=EDGE_CURVE('',#2327,#2328,#2529,.T.);
#1941=EDGE_CURVE('',#2328,#2325,#2530,.F.);
#1942=EDGE_CURVE('',#2329,#2330,#2531,.F.);
#1943=EDGE_CURVE('',#2330,#2331,#2532,.F.);
#1944=EDGE_CURVE('',#2331,#2332,#2533,.F.);
#1945=EDGE_CURVE('',#2332,#2329,#2534,.T.);
#1946=EDGE_CURVE('',#2060,#2039,#433,.T.);
#1947=EDGE_CURVE('',#2034,#2059,#434,.T.);
#1948=EDGE_CURVE('',#2202,#2058,#435,.T.);
#1949=EDGE_CURVE('',#2037,#2036,#258,.F.);
#1950=EDGE_CURVE('',#2061,#2203,#436,.T.);
#1951=EDGE_CURVE('',#2199,#2057,#437,.F.);
#1952=EDGE_CURVE('',#2048,#2035,#438,.T.);
#1953=EDGE_CURVE('',#2038,#2047,#439,.T.);
#1954=EDGE_CURVE('',#2062,#2206,#440,.F.);
#1955=EDGE_CURVE('',#2199,#2190,#441,.F.);
#1956=EDGE_CURVE('',#2191,#2057,#442,.F.);
#1957=EDGE_CURVE('',#2049,#2201,#443,.T.);
#1958=EDGE_CURVE('',#2204,#2046,#444,.T.);
#1959=EDGE_CURVE('',#2062,#2184,#445,.F.);
#1960=EDGE_CURVE('',#2185,#2206,#446,.F.);
#1961=EDGE_CURVE('',#2192,#2056,#447,.T.);
#1962=EDGE_CURVE('',#2200,#2188,#448,.T.);
#1963=EDGE_CURVE('',#2050,#2200,#449,.F.);
#1964=EDGE_CURVE('',#2205,#2045,#450,.F.);
#1965=EDGE_CURVE('',#2186,#2205,#451,.T.);
#1966=EDGE_CURVE('',#2063,#2183,#452,.T.);
#1967=EDGE_CURVE('',#2329,#2056,#453,.T.);
#1968=EDGE_CURVE('',#2193,#2329,#454,.F.);
#1969=EDGE_CURVE('',#2050,#2189,#455,.F.);
#1970=EDGE_CURVE('',#2187,#2045,#456,.F.);
#1971=EDGE_CURVE('',#2328,#2182,#457,.F.);
#1972=EDGE_CURVE('',#2063,#2328,#458,.T.);
#1973=EDGE_CURVE('',#2330,#2055,#459,.T.);
#1974=EDGE_CURVE('',#2194,#2332,#460,.T.);
#1975=EDGE_CURVE('',#2051,#2195,#461,.T.);
#1976=EDGE_CURVE('',#2181,#2044,#462,.T.);
#1977=EDGE_CURVE('',#2325,#2180,#463,.T.);
#1978=EDGE_CURVE('',#2053,#2327,#464,.T.);
#1979=EDGE_CURVE('',#2054,#2064,#465,.T.);
#1980=EDGE_CURVE('',#2065,#2052,#466,.T.);
#1981=EDGE_CURVE('',#2330,#2064,#467,.F.);
#1982=EDGE_CURVE('',#2051,#2332,#468,.T.);
#1983=EDGE_CURVE('',#2325,#2044,#469,.T.);
#1984=EDGE_CURVE('',#2065,#2327,#470,.F.);
#1985=EDGE_CURVE('',#2331,#2069,#471,.F.);
#1986=EDGE_CURVE('',#2041,#2331,#472,.T.);
#1987=EDGE_CURVE('',#2326,#2043,#473,.T.);
#1988=EDGE_CURVE('',#2066,#2326,#474,.F.);
#1989=EDGE_CURVE('',#2040,#2069,#475,.F.);
#1990=EDGE_CURVE('',#2066,#2042,#476,.F.);
#1991=EDGE_CURVE('',#2067,#2068,#259,.T.);
#1992=EDGE_CURVE('',#2022,#2010,#2535,.F.);
#1993=EDGE_CURVE('',#2333,#2333,#477,.T.);
#1994=EDGE_CURVE('',#2334,#2334,#478,.F.);
#1995=EDGE_CURVE('',#2335,#2335,#479,.T.);
#1996=EDGE_CURVE('',#2336,#2336,#480,.F.);
#1997=EDGE_CURVE('',#2209,#2208,#481,.F.);
#1998=EDGE_CURVE('',#2207,#2210,#482,.F.);
#1999=EDGE_CURVE('',#2337,#2337,#483,.T.);
#2000=EDGE_CURVE('',#2338,#2338,#484,.F.);
#2001=EDGE_CURVE('',#2339,#2339,#485,.T.);
#2002=EDGE_CURVE('',#2340,#2340,#486,.F.);
#2003=EDGE_CURVE('',#2211,#2214,#487,.F.);
#2004=EDGE_CURVE('',#2213,#2212,#488,.F.);
#2005=EDGE_CURVE('',#2012,#2020,#2536,.T.);
#2006=EDGE_CURVE('',#2022,#2033,#12,.F.);
#2007=EDGE_CURVE('',#2030,#2020,#13,.F.);
#2008=EDGE_CURVE('',#2031,#2012,#14,.T.);
#2009=EDGE_CURVE('',#2010,#2032,#15,.F.);
#2010=VERTEX_POINT('',#4751);
#2011=VERTEX_POINT('',#4752);
#2012=VERTEX_POINT('',#4754);
#2013=VERTEX_POINT('',#4756);
#2014=VERTEX_POINT('',#4758);
#2015=VERTEX_POINT('',#4760);
#2016=VERTEX_POINT('',#4762);
#2017=VERTEX_POINT('',#4764);
#2018=VERTEX_POINT('',#4766);
#2019=VERTEX_POINT('',#4768);
#2020=VERTEX_POINT('',#4772);
#2021=VERTEX_POINT('',#4773);
#2022=VERTEX_POINT('',#4775);
#2023=VERTEX_POINT('',#4777);
#2024=VERTEX_POINT('',#4779);
#2025=VERTEX_POINT('',#4781);
#2026=VERTEX_POINT('',#4783);
#2027=VERTEX_POINT('',#4785);
#2028=VERTEX_POINT('',#4787);
#2029=VERTEX_POINT('',#4789);
#2030=VERTEX_POINT('',#4793);
#2031=VERTEX_POINT('',#4794);
#2032=VERTEX_POINT('',#4796);
#2033=VERTEX_POINT('',#4798);
#2034=VERTEX_POINT('',#4801);
#2035=VERTEX_POINT('',#4802);
#2036=VERTEX_POINT('',#4804);
#2037=VERTEX_POINT('',#4806);
#2038=VERTEX_POINT('',#4808);
#2039=VERTEX_POINT('',#4810);
#2040=VERTEX_POINT('',#4814);
#2041=VERTEX_POINT('',#4815);
#2042=VERTEX_POINT('',#4817);
#2043=VERTEX_POINT('',#4819);
#2044=VERTEX_POINT('',#4821);
#2045=VERTEX_POINT('',#4823);
#2046=VERTEX_POINT('',#4825);
#2047=VERTEX_POINT('',#4827);
#2048=VERTEX_POINT('',#4829);
#2049=VERTEX_POINT('',#4831);
#2050=VERTEX_POINT('',#4833);
#2051=VERTEX_POINT('',#4835);
#2052=VERTEX_POINT('',#4841);
#2053=VERTEX_POINT('',#4842);
#2054=VERTEX_POINT('',#4844);
#2055=VERTEX_POINT('',#4846);
#2056=VERTEX_POINT('',#4848);
#2057=VERTEX_POINT('',#4850);
#2058=VERTEX_POINT('',#4852);
#2059=VERTEX_POINT('',#4854);
#2060=VERTEX_POINT('',#4856);
#2061=VERTEX_POINT('',#4858);
#2062=VERTEX_POINT('',#4860);
#2063=VERTEX_POINT('',#4862);
#2064=VERTEX_POINT('',#4866);
#2065=VERTEX_POINT('',#4867);
#2066=VERTEX_POINT('',#4869);
#2067=VERTEX_POINT('',#4871);
#2068=VERTEX_POINT('',#4873);
#2069=VERTEX_POINT('',#4875);
#2070=VERTEX_POINT('',#4879);
#2071=VERTEX_POINT('',#4880);
#2072=VERTEX_POINT('',#4916);
#2073=VERTEX_POINT('',#4918);
#2074=VERTEX_POINT('',#4954);
#2075=VERTEX_POINT('',#4956);
#2076=VERTEX_POINT('',#4958);
#2077=VERTEX_POINT('',#4960);
#2078=VERTEX_POINT('',#4996);
#2079=VERTEX_POINT('',#4998);
#2080=VERTEX_POINT('',#5034);
#2081=VERTEX_POINT('',#5036);
#2082=VERTEX_POINT('',#5038);
#2083=VERTEX_POINT('',#5040);
#2084=VERTEX_POINT('',#5076);
#2085=VERTEX_POINT('',#5078);
#2086=VERTEX_POINT('',#5114);
#2087=VERTEX_POINT('',#5116);
#2088=VERTEX_POINT('',#5118);
#2089=VERTEX_POINT('',#5120);
#2090=VERTEX_POINT('',#5156);
#2091=VERTEX_POINT('',#5158);
#2092=VERTEX_POINT('',#5194);
#2093=VERTEX_POINT('',#5196);
#2094=VERTEX_POINT('',#5198);
#2095=VERTEX_POINT('',#5200);
#2096=VERTEX_POINT('',#5236);
#2097=VERTEX_POINT('',#5238);
#2098=VERTEX_POINT('',#5274);
#2099=VERTEX_POINT('',#5276);
#2100=VERTEX_POINT('',#5278);
#2101=VERTEX_POINT('',#5280);
#2102=VERTEX_POINT('',#5316);
#2103=VERTEX_POINT('',#5318);
#2104=VERTEX_POINT('',#5354);
#2105=VERTEX_POINT('',#5356);
#2106=VERTEX_POINT('',#5358);
#2107=VERTEX_POINT('',#5360);
#2108=VERTEX_POINT('',#5396);
#2109=VERTEX_POINT('',#5398);
#2110=VERTEX_POINT('',#5434);
#2111=VERTEX_POINT('',#5436);
#2112=VERTEX_POINT('',#5438);
#2113=VERTEX_POINT('',#5440);
#2114=VERTEX_POINT('',#5476);
#2115=VERTEX_POINT('',#5478);
#2116=VERTEX_POINT('',#5514);
#2117=VERTEX_POINT('',#5516);
#2118=VERTEX_POINT('',#5518);
#2119=VERTEX_POINT('',#5520);
#2120=VERTEX_POINT('',#5556);
#2121=VERTEX_POINT('',#5558);
#2122=VERTEX_POINT('',#5594);
#2123=VERTEX_POINT('',#5596);
#2124=VERTEX_POINT('',#5598);
#2125=VERTEX_POINT('',#5600);
#2126=VERTEX_POINT('',#5636);
#2127=VERTEX_POINT('',#5638);
#2128=VERTEX_POINT('',#5674);
#2129=VERTEX_POINT('',#5676);
#2130=VERTEX_POINT('',#5678);
#2131=VERTEX_POINT('',#5680);
#2132=VERTEX_POINT('',#5716);
#2133=VERTEX_POINT('',#5718);
#2134=VERTEX_POINT('',#5754);
#2135=VERTEX_POINT('',#5756);
#2136=VERTEX_POINT('',#5758);
#2137=VERTEX_POINT('',#5760);
#2138=VERTEX_POINT('',#5796);
#2139=VERTEX_POINT('',#5798);
#2140=VERTEX_POINT('',#5834);
#2141=VERTEX_POINT('',#5836);
#2142=VERTEX_POINT('',#5838);
#2143=VERTEX_POINT('',#5840);
#2144=VERTEX_POINT('',#5876);
#2145=VERTEX_POINT('',#5878);
#2146=VERTEX_POINT('',#5914);
#2147=VERTEX_POINT('',#5916);
#2148=VERTEX_POINT('',#5918);
#2149=VERTEX_POINT('',#5920);
#2150=VERTEX_POINT('',#5956);
#2151=VERTEX_POINT('',#5958);
#2152=VERTEX_POINT('',#5994);
#2153=VERTEX_POINT('',#5996);
#2154=VERTEX_POINT('',#5998);
#2155=VERTEX_POINT('',#6000);
#2156=VERTEX_POINT('',#6036);
#2157=VERTEX_POINT('',#6038);
#2158=VERTEX_POINT('',#6074);
#2159=VERTEX_POINT('',#6076);
#2160=VERTEX_POINT('',#6078);
#2161=VERTEX_POINT('',#6080);
#2162=VERTEX_POINT('',#6116);
#2163=VERTEX_POINT('',#6118);
#2164=VERTEX_POINT('',#6154);
#2165=VERTEX_POINT('',#6156);
#2166=VERTEX_POINT('',#6158);
#2167=VERTEX_POINT('',#6160);
#2168=VERTEX_POINT('',#6196);
#2169=VERTEX_POINT('',#6198);
#2170=VERTEX_POINT('',#6234);
#2171=VERTEX_POINT('',#6236);
#2172=VERTEX_POINT('',#6238);
#2173=VERTEX_POINT('',#6240);
#2174=VERTEX_POINT('',#6276);
#2175=VERTEX_POINT('',#6278);
#2176=VERTEX_POINT('',#6314);
#2177=VERTEX_POINT('',#6316);
#2178=VERTEX_POINT('',#6319);
#2179=VERTEX_POINT('',#6322);
#2180=VERTEX_POINT('',#6324);
#2181=VERTEX_POINT('',#6325);
#2182=VERTEX_POINT('',#6327);
#2183=VERTEX_POINT('',#6329);
#2184=VERTEX_POINT('',#6331);
#2185=VERTEX_POINT('',#6333);
#2186=VERTEX_POINT('',#6335);
#2187=VERTEX_POINT('',#6337);
#2188=VERTEX_POINT('',#6340);
#2189=VERTEX_POINT('',#6341);
#2190=VERTEX_POINT('',#6343);
#2191=VERTEX_POINT('',#6345);
#2192=VERTEX_POINT('',#6347);
#2193=VERTEX_POINT('',#6349);
#2194=VERTEX_POINT('',#6351);
#2195=VERTEX_POINT('',#6353);
#2196=VERTEX_POINT('',#6356);
#2197=VERTEX_POINT('',#6359);
#2198=VERTEX_POINT('',#6361);
#2199=VERTEX_POINT('',#6364);
#2200=VERTEX_POINT('',#6365);
#2201=VERTEX_POINT('',#6367);
#2202=VERTEX_POINT('',#6369);
#2203=VERTEX_POINT('',#6373);
#2204=VERTEX_POINT('',#6374);
#2205=VERTEX_POINT('',#6376);
#2206=VERTEX_POINT('',#6378);
#2207=VERTEX_POINT('',#6382);
#2208=VERTEX_POINT('',#6384);
#2209=VERTEX_POINT('',#6390);
#2210=VERTEX_POINT('',#6392);
#2211=VERTEX_POINT('',#6400);
#2212=VERTEX_POINT('',#6402);
#2213=VERTEX_POINT('',#6408);
#2214=VERTEX_POINT('',#6410);
#2215=VERTEX_POINT('',#6424);
#2216=VERTEX_POINT('',#6426);
#2217=VERTEX_POINT('',#6430);
#2218=VERTEX_POINT('',#6495);
#2219=VERTEX_POINT('',#6499);
#2220=VERTEX_POINT('',#6564);
#2221=VERTEX_POINT('',#6568);
#2222=VERTEX_POINT('',#6572);
#2223=VERTEX_POINT('',#6576);
#2224=VERTEX_POINT('',#6641);
#2225=VERTEX_POINT('',#6645);
#2226=VERTEX_POINT('',#6710);
#2227=VERTEX_POINT('',#6714);
#2228=VERTEX_POINT('',#6718);
#2229=VERTEX_POINT('',#6722);
#2230=VERTEX_POINT('',#6787);
#2231=VERTEX_POINT('',#6791);
#2232=VERTEX_POINT('',#6856);
#2233=VERTEX_POINT('',#6860);
#2234=VERTEX_POINT('',#6864);
#2235=VERTEX_POINT('',#6868);
#2236=VERTEX_POINT('',#6933);
#2237=VERTEX_POINT('',#6937);
#2238=VERTEX_POINT('',#7002);
#2239=VERTEX_POINT('',#7006);
#2240=VERTEX_POINT('',#7010);
#2241=VERTEX_POINT('',#7014);
#2242=VERTEX_POINT('',#7079);
#2243=VERTEX_POINT('',#7083);
#2244=VERTEX_POINT('',#7148);
#2245=VERTEX_POINT('',#7152);
#2246=VERTEX_POINT('',#7156);
#2247=VERTEX_POINT('',#7160);
#2248=VERTEX_POINT('',#7225);
#2249=VERTEX_POINT('',#7229);
#2250=VERTEX_POINT('',#7294);
#2251=VERTEX_POINT('',#7298);
#2252=VERTEX_POINT('',#7302);
#2253=VERTEX_POINT('',#7306);
#2254=VERTEX_POINT('',#7371);
#2255=VERTEX_POINT('',#7375);
#2256=VERTEX_POINT('',#7440);
#2257=VERTEX_POINT('',#7444);
#2258=VERTEX_POINT('',#7448);
#2259=VERTEX_POINT('',#7452);
#2260=VERTEX_POINT('',#7517);
#2261=VERTEX_POINT('',#7521);
#2262=VERTEX_POINT('',#7586);
#2263=VERTEX_POINT('',#7590);
#2264=VERTEX_POINT('',#7594);
#2265=VERTEX_POINT('',#7598);
#2266=VERTEX_POINT('',#7663);
#2267=VERTEX_POINT('',#7667);
#2268=VERTEX_POINT('',#7732);
#2269=VERTEX_POINT('',#7736);
#2270=VERTEX_POINT('',#7740);
#2271=VERTEX_POINT('',#7744);
#2272=VERTEX_POINT('',#7809);
#2273=VERTEX_POINT('',#7813);
#2274=VERTEX_POINT('',#7878);
#2275=VERTEX_POINT('',#7882);
#2276=VERTEX_POINT('',#7886);
#2277=VERTEX_POINT('',#7890);
#2278=VERTEX_POINT('',#7955);
#2279=VERTEX_POINT('',#7959);
#2280=VERTEX_POINT('',#8024);
#2281=VERTEX_POINT('',#8028);
#2282=VERTEX_POINT('',#8032);
#2283=VERTEX_POINT('',#8036);
#2284=VERTEX_POINT('',#8101);
#2285=VERTEX_POINT('',#8105);
#2286=VERTEX_POINT('',#8170);
#2287=VERTEX_POINT('',#8174);
#2288=VERTEX_POINT('',#8178);
#2289=VERTEX_POINT('',#8182);
#2290=VERTEX_POINT('',#8247);
#2291=VERTEX_POINT('',#8251);
#2292=VERTEX_POINT('',#8316);
#2293=VERTEX_POINT('',#8320);
#2294=VERTEX_POINT('',#8324);
#2295=VERTEX_POINT('',#8328);
#2296=VERTEX_POINT('',#8393);
#2297=VERTEX_POINT('',#8397);
#2298=VERTEX_POINT('',#8462);
#2299=VERTEX_POINT('',#8466);
#2300=VERTEX_POINT('',#8470);
#2301=VERTEX_POINT('',#8474);
#2302=VERTEX_POINT('',#8539);
#2303=VERTEX_POINT('',#8543);
#2304=VERTEX_POINT('',#8608);
#2305=VERTEX_POINT('',#8612);
#2306=VERTEX_POINT('',#8616);
#2307=VERTEX_POINT('',#8620);
#2308=VERTEX_POINT('',#8685);
#2309=VERTEX_POINT('',#8689);
#2310=VERTEX_POINT('',#8754);
#2311=VERTEX_POINT('',#8758);
#2312=VERTEX_POINT('',#8762);
#2313=VERTEX_POINT('',#8766);
#2314=VERTEX_POINT('',#8831);
#2315=VERTEX_POINT('',#8835);
#2316=VERTEX_POINT('',#8900);
#2317=VERTEX_POINT('',#8904);
#2318=VERTEX_POINT('',#8908);
#2319=VERTEX_POINT('',#8912);
#2320=VERTEX_POINT('',#8977);
#2321=VERTEX_POINT('',#8981);
#2322=VERTEX_POINT('',#9046);
#2323=VERTEX_POINT('',#9052);
#2324=VERTEX_POINT('',#9055);
#2325=VERTEX_POINT('',#9065);
#2326=VERTEX_POINT('',#9066);
#2327=VERTEX_POINT('',#9068);
#2328=VERTEX_POINT('',#9070);
#2329=VERTEX_POINT('',#9074);
#2330=VERTEX_POINT('',#9075);
#2331=VERTEX_POINT('',#9077);
#2332=VERTEX_POINT('',#9079);
#2333=VERTEX_POINT('',#9186);
#2334=VERTEX_POINT('',#9188);
#2335=VERTEX_POINT('',#9191);
#2336=VERTEX_POINT('',#9193);
#2337=VERTEX_POINT('',#9201);
#2338=VERTEX_POINT('',#9203);
#2339=VERTEX_POINT('',#9206);
#2340=VERTEX_POINT('',#9208);
#2341=LINE('',#4750,#2537);
#2342=LINE('',#4753,#2538);
#2343=LINE('',#4755,#2539);
#2344=LINE('',#4757,#2540);
#2345=LINE('',#4759,#2541);
#2346=LINE('',#4761,#2542);
#2347=LINE('',#4763,#2543);
#2348=LINE('',#4765,#2544);
#2349=LINE('',#4767,#2545);
#2350=LINE('',#4769,#2546);
#2351=LINE('',#4771,#2547);
#2352=LINE('',#4774,#2548);
#2353=LINE('',#4776,#2549);
#2354=LINE('',#4778,#2550);
#2355=LINE('',#4780,#2551);
#2356=LINE('',#4782,#2552);
#2357=LINE('',#4784,#2553);
#2358=LINE('',#4786,#2554);
#2359=LINE('',#4788,#2555);
#2360=LINE('',#4790,#2556);
#2361=LINE('',#4792,#2557);
#2362=LINE('',#4795,#2558);
#2363=LINE('',#4797,#2559);
#2364=LINE('',#4799,#2560);
#2365=LINE('',#4800,#2561);
#2366=LINE('',#4803,#2562);
#2367=LINE('',#4807,#2563);
#2368=LINE('',#4809,#2564);
#2369=LINE('',#4811,#2565);
#2370=LINE('',#4816,#2566);
#2371=LINE('',#4820,#2567);
#2372=LINE('',#4822,#2568);
#2373=LINE('',#4824,#2569);
#2374=LINE('',#4828,#2570);
#2375=LINE('',#4832,#2571);
#2376=LINE('',#4834,#2572);
#2377=LINE('',#4836,#2573);
#2378=LINE('',#4838,#2574);
#2379=LINE('',#4839,#2575);
#2380=LINE('',#4843,#2576);
#2381=LINE('',#4847,#2577);
#2382=LINE('',#4849,#2578);
#2383=LINE('',#4851,#2579);
#2384=LINE('',#4855,#2580);
#2385=LINE('',#4859,#2581);
#2386=LINE('',#4861,#2582);
#2387=LINE('',#4863,#2583);
#2388=LINE('',#4865,#2584);
#2389=LINE('',#4868,#2585);
#2390=LINE('',#4870,#2586);
#2391=LINE('',#4874,#2587);
#2392=LINE('',#4876,#2588);
#2393=LINE('',#6326,#2589);
#2394=LINE('',#6330,#2590);
#2395=LINE('',#6334,#2591);
#2396=LINE('',#6338,#2592);
#2397=LINE('',#6342,#2593);
#2398=LINE('',#6346,#2594);
#2399=LINE('',#6350,#2595);
#2400=LINE('',#6354,#2596);
#2401=LINE('',#6363,#2597);
#2402=LINE('',#6366,#2598);
#2403=LINE('',#6368,#2599);
#2404=LINE('',#6370,#2600);
#2405=LINE('',#6372,#2601);
#2406=LINE('',#6375,#2602);
#2407=LINE('',#6377,#2603);
#2408=LINE('',#6379,#2604);
#2409=LINE('',#6381,#2605);
#2410=LINE('',#6383,#2606);
#2411=LINE('',#6391,#2607);
#2412=LINE('',#6399,#2608);
#2413=LINE('',#6401,#2609);
#2414=LINE('',#6409,#2610);
#2415=LINE('',#6417,#2611);
#2416=LINE('',#6418,#2612);
#2417=LINE('',#6420,#2613);
#2418=LINE('',#6421,#2614);
#2419=LINE('',#6423,#2615);
#2420=LINE('',#6427,#2616);
#2421=LINE('',#6431,#2617);
#2422=LINE('',#6496,#2618);
#2423=LINE('',#6500,#2619);
#2424=LINE('',#6565,#2620);
#2425=LINE('',#6569,#2621);
#2426=LINE('',#6573,#2622);
#2427=LINE('',#6577,#2623);
#2428=LINE('',#6642,#2624);
#2429=LINE('',#6646,#2625);
#2430=LINE('',#6711,#2626);
#2431=LINE('',#6715,#2627);
#2432=LINE('',#6719,#2628);
#2433=LINE('',#6723,#2629);
#2434=LINE('',#6788,#2630);
#2435=LINE('',#6792,#2631);
#2436=LINE('',#6857,#2632);
#2437=LINE('',#6861,#2633);
#2438=LINE('',#6865,#2634);
#2439=LINE('',#6869,#2635);
#2440=LINE('',#6934,#2636);
#2441=LINE('',#6938,#2637);
#2442=LINE('',#7003,#2638);
#2443=LINE('',#7007,#2639);
#2444=LINE('',#7011,#2640);
#2445=LINE('',#7015,#2641);
#2446=LINE('',#7080,#2642);
#2447=LINE('',#7084,#2643);
#2448=LINE('',#7149,#2644);
#2449=LINE('',#7153,#2645);
#2450=LINE('',#7157,#2646);
#2451=LINE('',#7161,#2647);
#2452=LINE('',#7226,#2648);
#2453=LINE('',#7230,#2649);
#2454=LINE('',#7295,#2650);
#2455=LINE('',#7299,#2651);
#2456=LINE('',#7303,#2652);
#2457=LINE('',#7307,#2653);
#2458=LINE('',#7372,#2654);
#2459=LINE('',#7376,#2655);
#2460=LINE('',#7441,#2656);
#2461=LINE('',#7445,#2657);
#2462=LINE('',#7449,#2658);
#2463=LINE('',#7453,#2659);
#2464=LINE('',#7518,#2660);
#2465=LINE('',#7522,#2661);
#2466=LINE('',#7587,#2662);
#2467=LINE('',#7591,#2663);
#2468=LINE('',#7595,#2664);
#2469=LINE('',#7599,#2665);
#2470=LINE('',#7664,#2666);
#2471=LINE('',#7668,#2667);
#2472=LINE('',#7733,#2668);
#2473=LINE('',#7737,#2669);
#2474=LINE('',#7741,#2670);
#2475=LINE('',#7745,#2671);
#2476=LINE('',#7810,#2672);
#2477=LINE('',#7814,#2673);
#2478=LINE('',#7879,#2674);
#2479=LINE('',#7883,#2675);
#2480=LINE('',#7887,#2676);
#2481=LINE('',#7891,#2677);
#2482=LINE('',#7956,#2678);
#2483=LINE('',#7960,#2679);
#2484=LINE('',#8025,#2680);
#2485=LINE('',#8029,#2681);
#2486=LINE('',#8033,#2682);
#2487=LINE('',#8037,#2683);
#2488=LINE('',#8102,#2684);
#2489=LINE('',#8106,#2685);
#2490=LINE('',#8171,#2686);
#2491=LINE('',#8175,#2687);
#2492=LINE('',#8179,#2688);
#2493=LINE('',#8183,#2689);
#2494=LINE('',#8248,#2690);
#2495=LINE('',#8252,#2691);
#2496=LINE('',#8317,#2692);
#2497=LINE('',#8321,#2693);
#2498=LINE('',#8325,#2694);
#2499=LINE('',#8329,#2695);
#2500=LINE('',#8394,#2696);
#2501=LINE('',#8398,#2697);
#2502=LINE('',#8463,#2698);
#2503=LINE('',#8467,#2699);
#2504=LINE('',#8471,#2700);
#2505=LINE('',#8475,#2701);
#2506=LINE('',#8540,#2702);
#2507=LINE('',#8544,#2703);
#2508=LINE('',#8609,#2704);
#2509=LINE('',#8613,#2705);
#2510=LINE('',#8617,#2706);
#2511=LINE('',#8621,#2707);
#2512=LINE('',#8686,#2708);
#2513=LINE('',#8690,#2709);
#2514=LINE('',#8755,#2710);
#2515=LINE('',#8759,#2711);
#2516=LINE('',#8763,#2712);
#2517=LINE('',#8767,#2713);
#2518=LINE('',#8832,#2714);
#2519=LINE('',#8836,#2715);
#2520=LINE('',#8901,#2716);
#2521=LINE('',#8905,#2717);
#2522=LINE('',#8909,#2718);
#2523=LINE('',#8913,#2719);
#2524=LINE('',#8978,#2720);
#2525=LINE('',#8982,#2721);
#2526=LINE('',#9047,#2722);
#2527=LINE('',#9064,#2723);
#2528=LINE('',#9067,#2724);
#2529=LINE('',#9069,#2725);
#2530=LINE('',#9071,#2726);
#2531=LINE('',#9073,#2727);
#2532=LINE('',#9076,#2728);
#2533=LINE('',#9078,#2729);
#2534=LINE('',#9080,#2730);
#2535=LINE('',#9183,#2731);
#2536=LINE('',#9215,#2732);
#2537=VECTOR('',#3778,1.);
#2538=VECTOR('',#3779,1.);
#2539=VECTOR('',#3780,1.);
#2540=VECTOR('',#3781,1.);
#2541=VECTOR('',#3782,1.);
#2542=VECTOR('',#3783,1.);
#2543=VECTOR('',#3784,1.);
#2544=VECTOR('',#3785,1.);
#2545=VECTOR('',#3786,1.);
#2546=VECTOR('',#3787,1.);
#2547=VECTOR('',#3790,1.);
#2548=VECTOR('',#3791,1.);
#2549=VECTOR('',#3792,1.);
#2550=VECTOR('',#3793,1.);
#2551=VECTOR('',#3794,1.);
#2552=VECTOR('',#3795,1.);
#2553=VECTOR('',#3796,1.);
#2554=VECTOR('',#3797,1.);
#2555=VECTOR('',#3798,1.);
#2556=VECTOR('',#3799,1.);
#2557=VECTOR('',#3802,1.);
#2558=VECTOR('',#3803,1.);
#2559=VECTOR('',#3804,1.);
#2560=VECTOR('',#3805,1.);
#2561=VECTOR('',#3806,1.);
#2562=VECTOR('',#3807,1.);
#2563=VECTOR('',#3810,1.);
#2564=VECTOR('',#3811,1.);
#2565=VECTOR('',#3812,1.);
#2566=VECTOR('',#3817,1.);
#2567=VECTOR('',#3820,1.);
#2568=VECTOR('',#3821,1.);
#2569=VECTOR('',#3822,1.);
#2570=VECTOR('',#3825,1.);
#2571=VECTOR('',#3828,1.);
#2572=VECTOR('',#3829,1.);
#2573=VECTOR('',#3830,1.);
#2574=VECTOR('',#3833,1.);
#2575=VECTOR('',#3834,1.);
#2576=VECTOR('',#3837,1.);
#2577=VECTOR('',#3840,1.);
#2578=VECTOR('',#3841,1.);
#2579=VECTOR('',#3842,1.);
#2580=VECTOR('',#3845,1.);
#2581=VECTOR('',#3848,1.);
#2582=VECTOR('',#3849,1.);
#2583=VECTOR('',#3850,1.);
#2584=VECTOR('',#3853,1.);
#2585=VECTOR('',#3854,1.);
#2586=VECTOR('',#3855,1.);
#2587=VECTOR('',#3858,1.);
#2588=VECTOR('',#3859,1.);
#2589=VECTOR('',#4014,1.);
#2590=VECTOR('',#4017,1.);
#2591=VECTOR('',#4020,1.);
#2592=VECTOR('',#4023,1.);
#2593=VECTOR('',#4026,1.);
#2594=VECTOR('',#4029,1.);
#2595=VECTOR('',#4032,1.);
#2596=VECTOR('',#4035,1.);
#2597=VECTOR('',#4046,1.);
#2598=VECTOR('',#4047,1.);
#2599=VECTOR('',#4048,1.);
#2600=VECTOR('',#4049,1.);
#2601=VECTOR('',#4052,1.);
#2602=VECTOR('',#4053,1.);
#2603=VECTOR('',#4054,1.);
#2604=VECTOR('',#4055,1.);
#2605=VECTOR('',#4058,1.);
#2606=VECTOR('',#4059,1.);
#2607=VECTOR('',#4060,1.);
#2608=VECTOR('',#4063,1.);
#2609=VECTOR('',#4064,1.);
#2610=VECTOR('',#4065,1.);
#2611=VECTOR('',#4068,1.);
#2612=VECTOR('',#4069,1.);
#2613=VECTOR('',#4072,1.);
#2614=VECTOR('',#4073,1.);
#2615=VECTOR('',#4076,1.);
#2616=VECTOR('',#4079,1.);
#2617=VECTOR('',#4084,1.);
#2618=VECTOR('',#4085,1.);
#2619=VECTOR('',#4090,1.);
#2620=VECTOR('',#4091,1.);
#2621=VECTOR('',#4096,1.);
#2622=VECTOR('',#4101,1.);
#2623=VECTOR('',#4106,1.);
#2624=VECTOR('',#4107,1.);
#2625=VECTOR('',#4112,1.);
#2626=VECTOR('',#4113,1.);
#2627=VECTOR('',#4118,1.);
#2628=VECTOR('',#4123,1.);
#2629=VECTOR('',#4128,1.);
#2630=VECTOR('',#4129,1.);
#2631=VECTOR('',#4134,1.);
#2632=VECTOR('',#4135,1.);
#2633=VECTOR('',#4140,1.);
#2634=VECTOR('',#4145,1.);
#2635=VECTOR('',#4150,1.);
#2636=VECTOR('',#4151,1.);
#2637=VECTOR('',#4156,1.);
#2638=VECTOR('',#4157,1.);
#2639=VECTOR('',#4162,1.);
#2640=VECTOR('',#4167,1.);
#2641=VECTOR('',#4172,1.);
#2642=VECTOR('',#4173,1.);
#2643=VECTOR('',#4178,1.);
#2644=VECTOR('',#4179,1.);
#2645=VECTOR('',#4184,1.);
#2646=VECTOR('',#4189,1.);
#2647=VECTOR('',#4194,1.);
#2648=VECTOR('',#4195,1.);
#2649=VECTOR('',#4200,1.);
#2650=VECTOR('',#4201,1.);
#2651=VECTOR('',#4206,1.);
#2652=VECTOR('',#4211,1.);
#2653=VECTOR('',#4216,1.);
#2654=VECTOR('',#4217,1.);
#2655=VECTOR('',#4222,1.);
#2656=VECTOR('',#4223,1.);
#2657=VECTOR('',#4228,1.);
#2658=VECTOR('',#4233,1.);
#2659=VECTOR('',#4238,1.);
#2660=VECTOR('',#4239,1.);
#2661=VECTOR('',#4244,1.);
#2662=VECTOR('',#4245,1.);
#2663=VECTOR('',#4250,1.);
#2664=VECTOR('',#4255,1.);
#2665=VECTOR('',#4260,1.);
#2666=VECTOR('',#4261,1.);
#2667=VECTOR('',#4266,1.);
#2668=VECTOR('',#4267,1.);
#2669=VECTOR('',#4272,1.);
#2670=VECTOR('',#4277,1.);
#2671=VECTOR('',#4282,1.);
#2672=VECTOR('',#4283,1.);
#2673=VECTOR('',#4288,1.);
#2674=VECTOR('',#4289,1.);
#2675=VECTOR('',#4294,1.);
#2676=VECTOR('',#4299,1.);
#2677=VECTOR('',#4304,1.);
#2678=VECTOR('',#4305,1.);
#2679=VECTOR('',#4310,1.);
#2680=VECTOR('',#4311,1.);
#2681=VECTOR('',#4316,1.);
#2682=VECTOR('',#4321,1.);
#2683=VECTOR('',#4326,1.);
#2684=VECTOR('',#4327,1.);
#2685=VECTOR('',#4332,1.);
#2686=VECTOR('',#4333,1.);
#2687=VECTOR('',#4338,1.);
#2688=VECTOR('',#4343,1.);
#2689=VECTOR('',#4348,1.);
#2690=VECTOR('',#4349,1.);
#2691=VECTOR('',#4354,1.);
#2692=VECTOR('',#4355,1.);
#2693=VECTOR('',#4360,1.);
#2694=VECTOR('',#4365,1.);
#2695=VECTOR('',#4370,1.);
#2696=VECTOR('',#4371,1.);
#2697=VECTOR('',#4376,1.);
#2698=VECTOR('',#4377,1.);
#2699=VECTOR('',#4382,1.);
#2700=VECTOR('',#4387,1.);
#2701=VECTOR('',#4392,1.);
#2702=VECTOR('',#4393,1.);
#2703=VECTOR('',#4398,1.);
#2704=VECTOR('',#4399,1.);
#2705=VECTOR('',#4404,1.);
#2706=VECTOR('',#4409,1.);
#2707=VECTOR('',#4414,1.);
#2708=VECTOR('',#4415,1.);
#2709=VECTOR('',#4420,1.);
#2710=VECTOR('',#4421,1.);
#2711=VECTOR('',#4426,1.);
#2712=VECTOR('',#4431,1.);
#2713=VECTOR('',#4436,1.);
#2714=VECTOR('',#4437,1.);
#2715=VECTOR('',#4442,1.);
#2716=VECTOR('',#4443,1.);
#2717=VECTOR('',#4448,1.);
#2718=VECTOR('',#4453,1.);
#2719=VECTOR('',#4458,1.);
#2720=VECTOR('',#4459,1.);
#2721=VECTOR('',#4464,1.);
#2722=VECTOR('',#4465,1.);
#2723=VECTOR('',#4494,1.);
#2724=VECTOR('',#4495,1.);
#2725=VECTOR('',#4496,1.);
#2726=VECTOR('',#4497,1.);
#2727=VECTOR('',#4500,1.);
#2728=VECTOR('',#4501,1.);
#2729=VECTOR('',#4502,1.);
#2730=VECTOR('',#4503,1.);
#2731=VECTOR('',#4676,1.);
#2732=VECTOR('',#4723,1.);
#2733=EDGE_LOOP('',(#489,#490,#491,#492,#493,#494,#495,#496,#497,#498));
#2734=EDGE_LOOP('',(#499,#500,#501,#502,#503,#504,#505,#506,#507,#508));
#2735=EDGE_LOOP('',(#509,#510,#511,#512));
#2736=EDGE_LOOP('',(#513,#514,#515,#516,#517,#518));
#2737=EDGE_LOOP('',(#519,#520,#521,#522,#523,#524,#525,#526,#527,#528,#529,
#530));
#2738=EDGE_LOOP('',(#531,#532,#533,#534));
#2739=EDGE_LOOP('',(#535,#536,#537,#538,#539,#540,#541,#542,#543,#544,#545,
#546));
#2740=EDGE_LOOP('',(#547,#548,#549,#550,#551,#552));
#2741=EDGE_LOOP('',(#553,#554,#555,#556,#557,#558,#559,#560,#561,#562,#563,
#564,#565,#566,#567,#568,#569,#570,#571,#572,#573,#574,#575,#576,#577,#578,
#579,#580,#581,#582,#583,#584,#585,#586,#587,#588,#589,#590,#591,#592,#593,
#594,#595,#596,#597,#598,#599,#600,#601,#602,#603,#604,#605,#606,#607,#608,
#609,#610,#611,#612,#613,#614,#615,#616,#617,#618,#619,#620,#621,#622,#623,
#624,#625,#626,#627,#628,#629,#630,#631,#632,#633,#634,#635,#636,#637,#638,
#639,#640,#641,#642,#643,#644,#645,#646,#647,#648,#649,#650,#651,#652,#653,
#654,#655,#656,#657,#658,#659,#660));
#2742=EDGE_LOOP('',(#661));
#2743=EDGE_LOOP('',(#662));
#2744=EDGE_LOOP('',(#663,#664,#665,#666,#667,#668,#669,#670));
#2745=EDGE_LOOP('',(#671,#672,#673,#674,#675,#676,#677,#678));
#2746=EDGE_LOOP('',(#679));
#2747=EDGE_LOOP('',(#680));
#2748=EDGE_LOOP('',(#681));
#2749=EDGE_LOOP('',(#682,#683,#684,#685));
#2750=EDGE_LOOP('',(#686,#687,#688,#689));
#2751=EDGE_LOOP('',(#690,#691,#692,#693,#694,#695,#696,#697));
#2752=EDGE_LOOP('',(#698,#699,#700,#701,#702,#703,#704,#705));
#2753=EDGE_LOOP('',(#706,#707,#708,#709));
#2754=EDGE_LOOP('',(#710,#711,#712,#713));
#2755=EDGE_LOOP('',(#714,#715,#716,#717));
#2756=EDGE_LOOP('',(#718,#719,#720,#721));
#2757=EDGE_LOOP('',(#722,#723,#724,#725));
#2758=EDGE_LOOP('',(#726,#727,#728,#729));
#2759=EDGE_LOOP('',(#730,#731,#732,#733));
#2760=EDGE_LOOP('',(#734,#735,#736,#737));
#2761=EDGE_LOOP('',(#738,#739,#740,#741));
#2762=EDGE_LOOP('',(#742,#743,#744,#745));
#2763=EDGE_LOOP('',(#746,#747,#748,#749));
#2764=EDGE_LOOP('',(#750,#751,#752,#753));
#2765=EDGE_LOOP('',(#754,#755,#756,#757));
#2766=EDGE_LOOP('',(#758,#759,#760,#761));
#2767=EDGE_LOOP('',(#762,#763,#764,#765));
#2768=EDGE_LOOP('',(#766,#767,#768,#769));
#2769=EDGE_LOOP('',(#770,#771,#772,#773));
#2770=EDGE_LOOP('',(#774,#775,#776,#777));
#2771=EDGE_LOOP('',(#778,#779,#780,#781));
#2772=EDGE_LOOP('',(#782,#783,#784,#785));
#2773=EDGE_LOOP('',(#786,#787,#788,#789));
#2774=EDGE_LOOP('',(#790,#791,#792,#793));
#2775=EDGE_LOOP('',(#794,#795,#796,#797));
#2776=EDGE_LOOP('',(#798,#799,#800,#801));
#2777=EDGE_LOOP('',(#802,#803,#804,#805));
#2778=EDGE_LOOP('',(#806,#807,#808,#809));
#2779=EDGE_LOOP('',(#810,#811,#812,#813));
#2780=EDGE_LOOP('',(#814,#815,#816,#817));
#2781=EDGE_LOOP('',(#818,#819,#820,#821));
#2782=EDGE_LOOP('',(#822,#823,#824,#825));
#2783=EDGE_LOOP('',(#826,#827,#828,#829));
#2784=EDGE_LOOP('',(#830,#831,#832,#833));
#2785=EDGE_LOOP('',(#834,#835,#836,#837));
#2786=EDGE_LOOP('',(#838,#839,#840,#841));
#2787=EDGE_LOOP('',(#842,#843,#844,#845));
#2788=EDGE_LOOP('',(#846,#847,#848,#849));
#2789=EDGE_LOOP('',(#850,#851,#852,#853));
#2790=EDGE_LOOP('',(#854,#855,#856,#857));
#2791=EDGE_LOOP('',(#858,#859,#860,#861));
#2792=EDGE_LOOP('',(#862,#863,#864,#865));
#2793=EDGE_LOOP('',(#866,#867,#868,#869));
#2794=EDGE_LOOP('',(#870,#871,#872,#873));
#2795=EDGE_LOOP('',(#874,#875,#876,#877));
#2796=EDGE_LOOP('',(#878,#879,#880,#881));
#2797=EDGE_LOOP('',(#882,#883,#884,#885));
#2798=EDGE_LOOP('',(#886,#887,#888,#889));
#2799=EDGE_LOOP('',(#890,#891,#892,#893));
#2800=EDGE_LOOP('',(#894,#895,#896,#897));
#2801=EDGE_LOOP('',(#898,#899,#900,#901));
#2802=EDGE_LOOP('',(#902,#903,#904,#905));
#2803=EDGE_LOOP('',(#906,#907,#908,#909));
#2804=EDGE_LOOP('',(#910,#911,#912,#913));
#2805=EDGE_LOOP('',(#914,#915,#916,#917));
#2806=EDGE_LOOP('',(#918,#919,#920,#921));
#2807=EDGE_LOOP('',(#922,#923,#924,#925));
#2808=EDGE_LOOP('',(#926,#927,#928,#929));
#2809=EDGE_LOOP('',(#930,#931,#932,#933));
#2810=EDGE_LOOP('',(#934,#935,#936,#937));
#2811=EDGE_LOOP('',(#938,#939,#940,#941));
#2812=EDGE_LOOP('',(#942,#943,#944,#945));
#2813=EDGE_LOOP('',(#946,#947,#948,#949));
#2814=EDGE_LOOP('',(#950,#951,#952,#953));
#2815=EDGE_LOOP('',(#954,#955,#956,#957));
#2816=EDGE_LOOP('',(#958,#959,#960,#961));
#2817=EDGE_LOOP('',(#962,#963,#964,#965));
#2818=EDGE_LOOP('',(#966,#967,#968,#969));
#2819=EDGE_LOOP('',(#970,#971,#972,#973));
#2820=EDGE_LOOP('',(#974,#975,#976,#977));
#2821=EDGE_LOOP('',(#978,#979,#980,#981));
#2822=EDGE_LOOP('',(#982,#983,#984,#985));
#2823=EDGE_LOOP('',(#986,#987,#988,#989));
#2824=EDGE_LOOP('',(#990,#991,#992,#993));
#2825=EDGE_LOOP('',(#994,#995,#996,#997));
#2826=EDGE_LOOP('',(#998,#999,#1000,#1001));
#2827=EDGE_LOOP('',(#1002,#1003,#1004,#1005));
#2828=EDGE_LOOP('',(#1006,#1007,#1008,#1009));
#2829=EDGE_LOOP('',(#1010,#1011,#1012,#1013));
#2830=EDGE_LOOP('',(#1014,#1015,#1016,#1017));
#2831=EDGE_LOOP('',(#1018,#1019,#1020,#1021));
#2832=EDGE_LOOP('',(#1022,#1023,#1024,#1025));
#2833=EDGE_LOOP('',(#1026,#1027,#1028,#1029));
#2834=EDGE_LOOP('',(#1030,#1031,#1032,#1033));
#2835=EDGE_LOOP('',(#1034,#1035,#1036,#1037));
#2836=EDGE_LOOP('',(#1038,#1039,#1040,#1041));
#2837=EDGE_LOOP('',(#1042,#1043,#1044,#1045));
#2838=EDGE_LOOP('',(#1046,#1047,#1048,#1049));
#2839=EDGE_LOOP('',(#1050,#1051,#1052,#1053));
#2840=EDGE_LOOP('',(#1054,#1055,#1056,#1057));
#2841=EDGE_LOOP('',(#1058,#1059,#1060,#1061));
#2842=EDGE_LOOP('',(#1062,#1063,#1064,#1065));
#2843=EDGE_LOOP('',(#1066,#1067,#1068,#1069));
#2844=EDGE_LOOP('',(#1070,#1071,#1072,#1073));
#2845=EDGE_LOOP('',(#1074,#1075,#1076,#1077));
#2846=EDGE_LOOP('',(#1078,#1079,#1080,#1081));
#2847=EDGE_LOOP('',(#1082,#1083,#1084,#1085));
#2848=EDGE_LOOP('',(#1086,#1087,#1088,#1089));
#2849=EDGE_LOOP('',(#1090,#1091,#1092,#1093));
#2850=EDGE_LOOP('',(#1094,#1095,#1096,#1097));
#2851=EDGE_LOOP('',(#1098,#1099,#1100,#1101));
#2852=EDGE_LOOP('',(#1102,#1103,#1104,#1105));
#2853=EDGE_LOOP('',(#1106,#1107,#1108,#1109));
#2854=EDGE_LOOP('',(#1110,#1111,#1112,#1113));
#2855=EDGE_LOOP('',(#1114,#1115,#1116,#1117));
#2856=EDGE_LOOP('',(#1118,#1119,#1120,#1121));
#2857=EDGE_LOOP('',(#1122,#1123,#1124,#1125));
#2858=EDGE_LOOP('',(#1126,#1127,#1128,#1129));
#2859=EDGE_LOOP('',(#1130,#1131,#1132,#1133));
#2860=EDGE_LOOP('',(#1134,#1135,#1136,#1137));
#2861=EDGE_LOOP('',(#1138,#1139,#1140,#1141));
#2862=EDGE_LOOP('',(#1142,#1143,#1144,#1145));
#2863=EDGE_LOOP('',(#1146));
#2864=EDGE_LOOP('',(#1147,#1148,#1149,#1150,#1151,#1152,#1153,#1154,#1155,
#1156,#1157,#1158,#1159,#1160,#1161,#1162,#1163,#1164,#1165,#1166,#1167,
#1168,#1169,#1170,#1171,#1172,#1173,#1174,#1175,#1176,#1177,#1178,#1179,
#1180,#1181,#1182,#1183,#1184,#1185,#1186,#1187,#1188,#1189,#1190,#1191,
#1192,#1193,#1194,#1195,#1196,#1197,#1198,#1199,#1200,#1201,#1202,#1203,
#1204,#1205,#1206,#1207,#1208,#1209,#1210,#1211,#1212,#1213,#1214,#1215,
#1216,#1217,#1218,#1219,#1220,#1221,#1222,#1223,#1224,#1225,#1226,#1227,
#1228,#1229,#1230,#1231,#1232,#1233,#1234,#1235,#1236,#1237,#1238,#1239,
#1240,#1241,#1242,#1243,#1244,#1245,#1246,#1247,#1248,#1249,#1250,#1251,
#1252,#1253,#1254));
#2865=EDGE_LOOP('',(#1255));
#2866=EDGE_LOOP('',(#1256));
#2867=EDGE_LOOP('',(#1257,#1258,#1259,#1260));
#2868=EDGE_LOOP('',(#1261,#1262,#1263,#1264));
#2869=EDGE_LOOP('',(#1265));
#2870=EDGE_LOOP('',(#1266));
#2871=EDGE_LOOP('',(#1267,#1268,#1269,#1270));
#2872=EDGE_LOOP('',(#1271,#1272,#1273,#1274));
#2873=EDGE_LOOP('',(#1275));
#2874=EDGE_LOOP('',(#1276));
#2875=EDGE_LOOP('',(#1277,#1278,#1279,#1280));
#2876=EDGE_LOOP('',(#1281,#1282,#1283,#1284));
#2877=EDGE_LOOP('',(#1285));
#2878=EDGE_LOOP('',(#1286,#1287));
#2879=EDGE_LOOP('',(#1288,#1289,#1290,#1291));
#2880=EDGE_LOOP('',(#1292,#1293,#1294,#1295));
#2881=EDGE_LOOP('',(#1296,#1297,#1298,#1299,#1300,#1301));
#2882=EDGE_LOOP('',(#1302,#1303,#1304,#1305));
#2883=EDGE_LOOP('',(#1306,#1307,#1308,#1309));
#2884=EDGE_LOOP('',(#1310,#1311,#1312,#1313));
#2885=EDGE_LOOP('',(#1314,#1315,#1316,#1317));
#2886=EDGE_LOOP('',(#1318,#1319,#1320,#1321));
#2887=EDGE_LOOP('',(#1322,#1323,#1324,#1325));
#2888=EDGE_LOOP('',(#1326,#1327,#1328,#1329));
#2889=EDGE_LOOP('',(#1330,#1331,#1332,#1333));
#2890=EDGE_LOOP('',(#1334,#1335,#1336,#1337));
#2891=EDGE_LOOP('',(#1338,#1339,#1340,#1341));
#2892=EDGE_LOOP('',(#1342,#1343,#1344,#1345));
#2893=EDGE_LOOP('',(#1346,#1347,#1348,#1349));
#2894=EDGE_LOOP('',(#1350,#1351,#1352,#1353));
#2895=EDGE_LOOP('',(#1354,#1355,#1356,#1357));
#2896=EDGE_LOOP('',(#1358,#1359,#1360,#1361));
#2897=EDGE_LOOP('',(#1362,#1363,#1364,#1365));
#2898=EDGE_LOOP('',(#1366,#1367,#1368,#1369));
#2899=EDGE_LOOP('',(#1370,#1371,#1372,#1373));
#2900=EDGE_LOOP('',(#1374,#1375,#1376,#1377));
#2901=EDGE_LOOP('',(#1378,#1379,#1380,#1381));
#2902=EDGE_LOOP('',(#1382,#1383,#1384,#1385));
#2903=EDGE_LOOP('',(#1386,#1387,#1388,#1389));
#2904=EDGE_LOOP('',(#1390,#1391,#1392,#1393));
#2905=EDGE_LOOP('',(#1394,#1395,#1396,#1397));
#2906=EDGE_LOOP('',(#1398,#1399,#1400,#1401));
#2907=EDGE_LOOP('',(#1402,#1403,#1404,#1405));
#2908=EDGE_LOOP('',(#1406,#1407,#1408,#1409));
#2909=EDGE_LOOP('',(#1410,#1411,#1412,#1413));
#2910=EDGE_LOOP('',(#1414,#1415,#1416,#1417));
#2911=EDGE_LOOP('',(#1418,#1419,#1420,#1421));
#2912=EDGE_LOOP('',(#1422,#1423,#1424,#1425));
#2913=EDGE_LOOP('',(#1426,#1427,#1428,#1429));
#2914=EDGE_LOOP('',(#1430,#1431,#1432,#1433,#1434,#1435));
#2915=EDGE_LOOP('',(#1436,#1437));
#2916=EDGE_LOOP('',(#1438));
#2917=EDGE_LOOP('',(#1439,#1440,#1441,#1442));
#2918=EDGE_LOOP('',(#1443));
#2919=EDGE_LOOP('',(#1444));
#2920=EDGE_LOOP('',(#1445));
#2921=EDGE_LOOP('',(#1446));
#2922=EDGE_LOOP('',(#1447,#1448,#1449,#1450,#1451,#1452,#1453,#1454));
#2923=EDGE_LOOP('',(#1455));
#2924=EDGE_LOOP('',(#1456));
#2925=EDGE_LOOP('',(#1457));
#2926=EDGE_LOOP('',(#1458));
#2927=EDGE_LOOP('',(#1459));
#2928=EDGE_LOOP('',(#1460));
#2929=EDGE_LOOP('',(#1461,#1462,#1463,#1464,#1465,#1466,#1467,#1468));
#2930=EDGE_LOOP('',(#1469));
#2931=EDGE_LOOP('',(#1470));
#2932=EDGE_LOOP('',(#1471,#1472,#1473,#1474));
#2933=EDGE_LOOP('',(#1475,#1476,#1477,#1478));
#2934=EDGE_LOOP('',(#1479,#1480,#1481,#1482));
#2935=EDGE_LOOP('',(#1483,#1484,#1485,#1486));
#2936=EDGE_LOOP('',(#1487,#1488,#1489,#1490));
#2937=EDGE_LOOP('',(#1491,#1492));
#2938=EDGE_LOOP('',(#1493));
#2939=EDGE_LOOP('',(#1494,#1495));
#2940=EDGE_LOOP('',(#1496));
#2941=EDGE_LOOP('',(#1497,#1498));
#2942=EDGE_LOOP('',(#1499));
#2943=EDGE_LOOP('',(#1500,#1501));
#2944=EDGE_LOOP('',(#1502));
#2945=FACE_BOUND('',#2733,.T.);
#2946=FACE_BOUND('',#2734,.T.);
#2947=FACE_BOUND('',#2735,.T.);
#2948=FACE_BOUND('',#2736,.T.);
#2949=FACE_BOUND('',#2737,.T.);
#2950=FACE_BOUND('',#2738,.T.);
#2951=FACE_BOUND('',#2739,.T.);
#2952=FACE_BOUND('',#2740,.T.);
#2953=FACE_BOUND('',#2741,.T.);
#2954=FACE_BOUND('',#2742,.T.);
#2955=FACE_BOUND('',#2743,.T.);
#2956=FACE_BOUND('',#2744,.T.);
#2957=FACE_BOUND('',#2745,.T.);
#2958=FACE_BOUND('',#2746,.T.);
#2959=FACE_BOUND('',#2747,.T.);
#2960=FACE_BOUND('',#2748,.T.);
#2961=FACE_BOUND('',#2749,.T.);
#2962=FACE_BOUND('',#2750,.T.);
#2963=FACE_BOUND('',#2751,.T.);
#2964=FACE_BOUND('',#2752,.T.);
#2965=FACE_BOUND('',#2753,.T.);
#2966=FACE_BOUND('',#2754,.T.);
#2967=FACE_BOUND('',#2755,.T.);
#2968=FACE_BOUND('',#2756,.T.);
#2969=FACE_BOUND('',#2757,.T.);
#2970=FACE_BOUND('',#2758,.T.);
#2971=FACE_BOUND('',#2759,.T.);
#2972=FACE_BOUND('',#2760,.T.);
#2973=FACE_BOUND('',#2761,.T.);
#2974=FACE_BOUND('',#2762,.T.);
#2975=FACE_BOUND('',#2763,.T.);
#2976=FACE_BOUND('',#2764,.T.);
#2977=FACE_BOUND('',#2765,.T.);
#2978=FACE_BOUND('',#2766,.T.);
#2979=FACE_BOUND('',#2767,.T.);
#2980=FACE_BOUND('',#2768,.T.);
#2981=FACE_BOUND('',#2769,.T.);
#2982=FACE_BOUND('',#2770,.T.);
#2983=FACE_BOUND('',#2771,.T.);
#2984=FACE_BOUND('',#2772,.T.);
#2985=FACE_BOUND('',#2773,.T.);
#2986=FACE_BOUND('',#2774,.T.);
#2987=FACE_BOUND('',#2775,.T.);
#2988=FACE_BOUND('',#2776,.T.);
#2989=FACE_BOUND('',#2777,.T.);
#2990=FACE_BOUND('',#2778,.T.);
#2991=FACE_BOUND('',#2779,.T.);
#2992=FACE_BOUND('',#2780,.T.);
#2993=FACE_BOUND('',#2781,.T.);
#2994=FACE_BOUND('',#2782,.T.);
#2995=FACE_BOUND('',#2783,.T.);
#2996=FACE_BOUND('',#2784,.T.);
#2997=FACE_BOUND('',#2785,.T.);
#2998=FACE_BOUND('',#2786,.T.);
#2999=FACE_BOUND('',#2787,.T.);
#3000=FACE_BOUND('',#2788,.T.);
#3001=FACE_BOUND('',#2789,.T.);
#3002=FACE_BOUND('',#2790,.T.);
#3003=FACE_BOUND('',#2791,.T.);
#3004=FACE_BOUND('',#2792,.T.);
#3005=FACE_BOUND('',#2793,.T.);
#3006=FACE_BOUND('',#2794,.T.);
#3007=FACE_BOUND('',#2795,.T.);
#3008=FACE_BOUND('',#2796,.T.);
#3009=FACE_BOUND('',#2797,.T.);
#3010=FACE_BOUND('',#2798,.T.);
#3011=FACE_BOUND('',#2799,.T.);
#3012=FACE_BOUND('',#2800,.T.);
#3013=FACE_BOUND('',#2801,.T.);
#3014=FACE_BOUND('',#2802,.T.);
#3015=FACE_BOUND('',#2803,.T.);
#3016=FACE_BOUND('',#2804,.T.);
#3017=FACE_BOUND('',#2805,.T.);
#3018=FACE_BOUND('',#2806,.T.);
#3019=FACE_BOUND('',#2807,.T.);
#3020=FACE_BOUND('',#2808,.T.);
#3021=FACE_BOUND('',#2809,.T.);
#3022=FACE_BOUND('',#2810,.T.);
#3023=FACE_BOUND('',#2811,.T.);
#3024=FACE_BOUND('',#2812,.T.);
#3025=FACE_BOUND('',#2813,.T.);
#3026=FACE_BOUND('',#2814,.T.);
#3027=FACE_BOUND('',#2815,.T.);
#3028=FACE_BOUND('',#2816,.T.);
#3029=FACE_BOUND('',#2817,.T.);
#3030=FACE_BOUND('',#2818,.T.);
#3031=FACE_BOUND('',#2819,.T.);
#3032=FACE_BOUND('',#2820,.T.);
#3033=FACE_BOUND('',#2821,.T.);
#3034=FACE_BOUND('',#2822,.T.);
#3035=FACE_BOUND('',#2823,.T.);
#3036=FACE_BOUND('',#2824,.T.);
#3037=FACE_BOUND('',#2825,.T.);
#3038=FACE_BOUND('',#2826,.T.);
#3039=FACE_BOUND('',#2827,.T.);
#3040=FACE_BOUND('',#2828,.T.);
#3041=FACE_BOUND('',#2829,.T.);
#3042=FACE_BOUND('',#2830,.T.);
#3043=FACE_BOUND('',#2831,.T.);
#3044=FACE_BOUND('',#2832,.T.);
#3045=FACE_BOUND('',#2833,.T.);
#3046=FACE_BOUND('',#2834,.T.);
#3047=FACE_BOUND('',#2835,.T.);
#3048=FACE_BOUND('',#2836,.T.);
#3049=FACE_BOUND('',#2837,.T.);
#3050=FACE_BOUND('',#2838,.T.);
#3051=FACE_BOUND('',#2839,.T.);
#3052=FACE_BOUND('',#2840,.T.);
#3053=FACE_BOUND('',#2841,.T.);
#3054=FACE_BOUND('',#2842,.T.);
#3055=FACE_BOUND('',#2843,.T.);
#3056=FACE_BOUND('',#2844,.T.);
#3057=FACE_BOUND('',#2845,.T.);
#3058=FACE_BOUND('',#2846,.T.);
#3059=FACE_BOUND('',#2847,.T.);
#3060=FACE_BOUND('',#2848,.T.);
#3061=FACE_BOUND('',#2849,.T.);
#3062=FACE_BOUND('',#2850,.T.);
#3063=FACE_BOUND('',#2851,.T.);
#3064=FACE_BOUND('',#2852,.T.);
#3065=FACE_BOUND('',#2853,.T.);
#3066=FACE_BOUND('',#2854,.T.);
#3067=FACE_BOUND('',#2855,.T.);
#3068=FACE_BOUND('',#2856,.T.);
#3069=FACE_BOUND('',#2857,.T.);
#3070=FACE_BOUND('',#2858,.T.);
#3071=FACE_BOUND('',#2859,.T.);
#3072=FACE_BOUND('',#2860,.T.);
#3073=FACE_BOUND('',#2861,.T.);
#3074=FACE_BOUND('',#2862,.T.);
#3075=FACE_BOUND('',#2863,.T.);
#3076=FACE_BOUND('',#2864,.T.);
#3077=FACE_BOUND('',#2865,.T.);
#3078=FACE_BOUND('',#2866,.T.);
#3079=FACE_BOUND('',#2867,.T.);
#3080=FACE_BOUND('',#2868,.T.);
#3081=FACE_BOUND('',#2869,.T.);
#3082=FACE_BOUND('',#2870,.T.);
#3083=FACE_BOUND('',#2871,.T.);
#3084=FACE_BOUND('',#2872,.T.);
#3085=FACE_BOUND('',#2873,.T.);
#3086=FACE_BOUND('',#2874,.T.);
#3087=FACE_BOUND('',#2875,.T.);
#3088=FACE_BOUND('',#2876,.T.);
#3089=FACE_BOUND('',#2877,.T.);
#3090=FACE_BOUND('',#2878,.T.);
#3091=FACE_BOUND('',#2879,.T.);
#3092=FACE_BOUND('',#2880,.T.);
#3093=FACE_BOUND('',#2881,.T.);
#3094=FACE_BOUND('',#2882,.T.);
#3095=FACE_BOUND('',#2883,.T.);
#3096=FACE_BOUND('',#2884,.T.);
#3097=FACE_BOUND('',#2885,.T.);
#3098=FACE_BOUND('',#2886,.T.);
#3099=FACE_BOUND('',#2887,.T.);
#3100=FACE_BOUND('',#2888,.T.);
#3101=FACE_BOUND('',#2889,.T.);
#3102=FACE_BOUND('',#2890,.T.);
#3103=FACE_BOUND('',#2891,.T.);
#3104=FACE_BOUND('',#2892,.T.);
#3105=FACE_BOUND('',#2893,.T.);
#3106=FACE_BOUND('',#2894,.T.);
#3107=FACE_BOUND('',#2895,.T.);
#3108=FACE_BOUND('',#2896,.T.);
#3109=FACE_BOUND('',#2897,.T.);
#3110=FACE_BOUND('',#2898,.T.);
#3111=FACE_BOUND('',#2899,.T.);
#3112=FACE_BOUND('',#2900,.T.);
#3113=FACE_BOUND('',#2901,.T.);
#3114=FACE_BOUND('',#2902,.T.);
#3115=FACE_BOUND('',#2903,.T.);
#3116=FACE_BOUND('',#2904,.T.);
#3117=FACE_BOUND('',#2905,.T.);
#3118=FACE_BOUND('',#2906,.T.);
#3119=FACE_BOUND('',#2907,.T.);
#3120=FACE_BOUND('',#2908,.T.);
#3121=FACE_BOUND('',#2909,.T.);
#3122=FACE_BOUND('',#2910,.T.);
#3123=FACE_BOUND('',#2911,.T.);
#3124=FACE_BOUND('',#2912,.T.);
#3125=FACE_BOUND('',#2913,.T.);
#3126=FACE_BOUND('',#2914,.T.);
#3127=FACE_BOUND('',#2915,.T.);
#3128=FACE_BOUND('',#2916,.T.);
#3129=FACE_BOUND('',#2917,.T.);
#3130=FACE_BOUND('',#2918,.T.);
#3131=FACE_BOUND('',#2919,.T.);
#3132=FACE_BOUND('',#2920,.T.);
#3133=FACE_BOUND('',#2921,.T.);
#3134=FACE_BOUND('',#2922,.T.);
#3135=FACE_BOUND('',#2923,.T.);
#3136=FACE_BOUND('',#2924,.T.);
#3137=FACE_BOUND('',#2925,.T.);
#3138=FACE_BOUND('',#2926,.T.);
#3139=FACE_BOUND('',#2927,.T.);
#3140=FACE_BOUND('',#2928,.T.);
#3141=FACE_BOUND('',#2929,.T.);
#3142=FACE_BOUND('',#2930,.T.);
#3143=FACE_BOUND('',#2931,.T.);
#3144=FACE_BOUND('',#2932,.T.);
#3145=FACE_BOUND('',#2933,.T.);
#3146=FACE_BOUND('',#2934,.T.);
#3147=FACE_BOUND('',#2935,.T.);
#3148=FACE_BOUND('',#2936,.T.);
#3149=FACE_BOUND('',#2937,.T.);
#3150=FACE_BOUND('',#2938,.T.);
#3151=FACE_BOUND('',#2939,.T.);
#3152=FACE_BOUND('',#2940,.T.);
#3153=FACE_BOUND('',#2941,.T.);
#3154=FACE_BOUND('',#2942,.T.);
#3155=FACE_BOUND('',#2943,.T.);
#3156=FACE_BOUND('',#2944,.T.);
#3157=PLANE('',#3386);
#3158=PLANE('',#3387);
#3159=PLANE('',#3388);
#3160=PLANE('',#3390);
#3161=PLANE('',#3395);
#3162=PLANE('',#3400);
#3163=PLANE('',#3402);
#3164=PLANE('',#3476);
#3165=PLANE('',#3490);
#3166=PLANE('',#3491);
#3167=PLANE('',#3492);
#3168=PLANE('',#3493);
#3169=PLANE('',#3494);
#3170=PLANE('',#3495);
#3171=PLANE('',#3640);
#3172=PLANE('',#3651);
#3173=PLANE('',#3652);
#3174=PLANE('',#3738);
#3175=PLANE('',#3745);
#3176=PLANE('',#3748);
#3177=PLANE('',#3749);
#3178=PLANE('',#3756);
#3179=PLANE('',#3759);
#3180=PLANE('',#3760);
#3181=PLANE('',#3761);
#3182=ADVANCED_FACE('',(#2945),#3157,.T.);
#3183=ADVANCED_FACE('',(#2946),#3158,.F.);
#3184=ADVANCED_FACE('',(#2947,#2948),#3159,.T.);
#3185=ADVANCED_FACE('',(#2949),#3160,.T.);
#3186=ADVANCED_FACE('',(#2950,#2951),#3161,.F.);
#3187=ADVANCED_FACE('',(#2952),#3162,.F.);
#3188=ADVANCED_FACE('',(#2953,#2954),#3163,.F.);
#3189=ADVANCED_FACE('',(#2955,#2956,#2957,#2958),#3164,.T.);
#3190=ADVANCED_FACE('',(#2959,#2960),#75,.F.);
#3191=ADVANCED_FACE('',(#2961),#3165,.F.);
#3192=ADVANCED_FACE('',(#2962),#3166,.T.);
#3193=ADVANCED_FACE('',(#2963),#3167,.T.);
#3194=ADVANCED_FACE('',(#2964),#3168,.T.);
#3195=ADVANCED_FACE('',(#2965),#3169,.T.);
#3196=ADVANCED_FACE('',(#2966),#3170,.F.);
#3197=ADVANCED_FACE('',(#2967),#76,.T.);
#3198=ADVANCED_FACE('',(#2968),#77,.F.);
#3199=ADVANCED_FACE('',(#2969),#39,.T.);
#3200=ADVANCED_FACE('',(#2970),#78,.T.);
#3201=ADVANCED_FACE('',(#2971),#40,.F.);
#3202=ADVANCED_FACE('',(#2972),#79,.F.);
#3203=ADVANCED_FACE('',(#2973),#80,.T.);
#3204=ADVANCED_FACE('',(#2974),#81,.F.);
#3205=ADVANCED_FACE('',(#2975),#41,.T.);
#3206=ADVANCED_FACE('',(#2976),#82,.T.);
#3207=ADVANCED_FACE('',(#2977),#42,.F.);
#3208=ADVANCED_FACE('',(#2978),#83,.F.);
#3209=ADVANCED_FACE('',(#2979),#84,.T.);
#3210=ADVANCED_FACE('',(#2980),#85,.F.);
#3211=ADVANCED_FACE('',(#2981),#43,.T.);
#3212=ADVANCED_FACE('',(#2982),#86,.T.);
#3213=ADVANCED_FACE('',(#2983),#44,.F.);
#3214=ADVANCED_FACE('',(#2984),#87,.F.);
#3215=ADVANCED_FACE('',(#2985),#88,.T.);
#3216=ADVANCED_FACE('',(#2986),#89,.F.);
#3217=ADVANCED_FACE('',(#2987),#45,.T.);
#3218=ADVANCED_FACE('',(#2988),#90,.T.);
#3219=ADVANCED_FACE('',(#2989),#46,.F.);
#3220=ADVANCED_FACE('',(#2990),#91,.F.);
#3221=ADVANCED_FACE('',(#2991),#92,.T.);
#3222=ADVANCED_FACE('',(#2992),#93,.F.);
#3223=ADVANCED_FACE('',(#2993),#47,.T.);
#3224=ADVANCED_FACE('',(#2994),#94,.T.);
#3225=ADVANCED_FACE('',(#2995),#48,.F.);
#3226=ADVANCED_FACE('',(#2996),#95,.F.);
#3227=ADVANCED_FACE('',(#2997),#96,.T.);
#3228=ADVANCED_FACE('',(#2998),#97,.F.);
#3229=ADVANCED_FACE('',(#2999),#49,.T.);
#3230=ADVANCED_FACE('',(#3000),#98,.T.);
#3231=ADVANCED_FACE('',(#3001),#50,.F.);
#3232=ADVANCED_FACE('',(#3002),#99,.F.);
#3233=ADVANCED_FACE('',(#3003),#100,.T.);
#3234=ADVANCED_FACE('',(#3004),#101,.F.);
#3235=ADVANCED_FACE('',(#3005),#51,.T.);
#3236=ADVANCED_FACE('',(#3006),#102,.T.);
#3237=ADVANCED_FACE('',(#3007),#52,.F.);
#3238=ADVANCED_FACE('',(#3008),#103,.F.);
#3239=ADVANCED_FACE('',(#3009),#104,.T.);
#3240=ADVANCED_FACE('',(#3010),#105,.F.);
#3241=ADVANCED_FACE('',(#3011),#53,.T.);
#3242=ADVANCED_FACE('',(#3012),#106,.T.);
#3243=ADVANCED_FACE('',(#3013),#54,.F.);
#3244=ADVANCED_FACE('',(#3014),#107,.F.);
#3245=ADVANCED_FACE('',(#3015),#108,.T.);
#3246=ADVANCED_FACE('',(#3016),#109,.F.);
#3247=ADVANCED_FACE('',(#3017),#55,.T.);
#3248=ADVANCED_FACE('',(#3018),#110,.T.);
#3249=ADVANCED_FACE('',(#3019),#56,.F.);
#3250=ADVANCED_FACE('',(#3020),#111,.F.);
#3251=ADVANCED_FACE('',(#3021),#112,.T.);
#3252=ADVANCED_FACE('',(#3022),#113,.F.);
#3253=ADVANCED_FACE('',(#3023),#57,.T.);
#3254=ADVANCED_FACE('',(#3024),#114,.T.);
#3255=ADVANCED_FACE('',(#3025),#58,.F.);
#3256=ADVANCED_FACE('',(#3026),#115,.F.);
#3257=ADVANCED_FACE('',(#3027),#116,.T.);
#3258=ADVANCED_FACE('',(#3028),#117,.F.);
#3259=ADVANCED_FACE('',(#3029),#59,.T.);
#3260=ADVANCED_FACE('',(#3030),#118,.T.);
#3261=ADVANCED_FACE('',(#3031),#60,.F.);
#3262=ADVANCED_FACE('',(#3032),#119,.F.);
#3263=ADVANCED_FACE('',(#3033),#120,.T.);
#3264=ADVANCED_FACE('',(#3034),#121,.F.);
#3265=ADVANCED_FACE('',(#3035),#61,.T.);
#3266=ADVANCED_FACE('',(#3036),#122,.T.);
#3267=ADVANCED_FACE('',(#3037),#62,.F.);
#3268=ADVANCED_FACE('',(#3038),#123,.F.);
#3269=ADVANCED_FACE('',(#3039),#124,.T.);
#3270=ADVANCED_FACE('',(#3040),#125,.F.);
#3271=ADVANCED_FACE('',(#3041),#63,.T.);
#3272=ADVANCED_FACE('',(#3042),#126,.T.);
#3273=ADVANCED_FACE('',(#3043),#64,.F.);
#3274=ADVANCED_FACE('',(#3044),#127,.F.);
#3275=ADVANCED_FACE('',(#3045),#128,.T.);
#3276=ADVANCED_FACE('',(#3046),#129,.F.);
#3277=ADVANCED_FACE('',(#3047),#65,.T.);
#3278=ADVANCED_FACE('',(#3048),#130,.T.);
#3279=ADVANCED_FACE('',(#3049),#66,.F.);
#3280=ADVANCED_FACE('',(#3050),#131,.F.);
#3281=ADVANCED_FACE('',(#3051),#132,.T.);
#3282=ADVANCED_FACE('',(#3052),#133,.F.);
#3283=ADVANCED_FACE('',(#3053),#67,.T.);
#3284=ADVANCED_FACE('',(#3054),#134,.T.);
#3285=ADVANCED_FACE('',(#3055),#68,.F.);
#3286=ADVANCED_FACE('',(#3056),#135,.F.);
#3287=ADVANCED_FACE('',(#3057),#136,.T.);
#3288=ADVANCED_FACE('',(#3058),#137,.F.);
#3289=ADVANCED_FACE('',(#3059),#69,.T.);
#3290=ADVANCED_FACE('',(#3060),#138,.T.);
#3291=ADVANCED_FACE('',(#3061),#70,.F.);
#3292=ADVANCED_FACE('',(#3062),#139,.F.);
#3293=ADVANCED_FACE('',(#3063),#140,.T.);
#3294=ADVANCED_FACE('',(#3064),#141,.F.);
#3295=ADVANCED_FACE('',(#3065),#71,.T.);
#3296=ADVANCED_FACE('',(#3066),#142,.T.);
#3297=ADVANCED_FACE('',(#3067),#72,.F.);
#3298=ADVANCED_FACE('',(#3068),#143,.F.);
#3299=ADVANCED_FACE('',(#3069),#144,.T.);
#3300=ADVANCED_FACE('',(#3070),#145,.F.);
#3301=ADVANCED_FACE('',(#3071),#73,.T.);
#3302=ADVANCED_FACE('',(#3072),#146,.T.);
#3303=ADVANCED_FACE('',(#3073),#74,.F.);
#3304=ADVANCED_FACE('',(#3074),#147,.F.);
#3305=ADVANCED_FACE('',(#3075,#3076),#3171,.T.);
#3306=ADVANCED_FACE('',(#3077,#3078),#148,.F.);
#3307=ADVANCED_FACE('',(#3079),#149,.T.);
#3308=ADVANCED_FACE('',(#3080),#150,.T.);
#3309=ADVANCED_FACE('',(#3081,#3082),#151,.T.);
#3310=ADVANCED_FACE('',(#3083),#3172,.F.);
#3311=ADVANCED_FACE('',(#3084),#3173,.T.);
#3312=ADVANCED_FACE('',(#3085,#3086),#16,.T.);
#3313=ADVANCED_FACE('',(#3087),#152,.T.);
#3314=ADVANCED_FACE('',(#3088),#17,.T.);
#3315=ADVANCED_FACE('',(#3089,#3090),#18,.T.);
#3316=ADVANCED_FACE('',(#3091),#19,.T.);
#3317=ADVANCED_FACE('',(#3092),#153,.T.);
#3318=ADVANCED_FACE('',(#3093),#154,.T.);
#3319=ADVANCED_FACE('',(#3094),#155,.T.);
#3320=ADVANCED_FACE('',(#3095),#20,.F.);
#3321=ADVANCED_FACE('',(#3096),#21,.T.);
#3322=ADVANCED_FACE('',(#3097),#22,.T.);
#3323=ADVANCED_FACE('',(#3098),#23,.F.);
#3324=ADVANCED_FACE('',(#3099),#156,.F.);
#3325=ADVANCED_FACE('',(#3100),#157,.F.);
#3326=ADVANCED_FACE('',(#3101),#158,.T.);
#3327=ADVANCED_FACE('',(#3102),#159,.T.);
#3328=ADVANCED_FACE('',(#3103),#160,.F.);
#3329=ADVANCED_FACE('',(#3104),#161,.F.);
#3330=ADVANCED_FACE('',(#3105),#24,.F.);
#3331=ADVANCED_FACE('',(#3106),#25,.F.);
#3332=ADVANCED_FACE('',(#3107),#26,.F.);
#3333=ADVANCED_FACE('',(#3108),#27,.F.);
#3334=ADVANCED_FACE('',(#3109),#162,.T.);
#3335=ADVANCED_FACE('',(#3110),#163,.F.);
#3336=ADVANCED_FACE('',(#3111),#164,.F.);
#3337=ADVANCED_FACE('',(#3112),#165,.F.);
#3338=ADVANCED_FACE('',(#3113),#166,.F.);
#3339=ADVANCED_FACE('',(#3114),#167,.T.);
#3340=ADVANCED_FACE('',(#3115),#168,.T.);
#3341=ADVANCED_FACE('',(#3116),#28,.T.);
#3342=ADVANCED_FACE('',(#3117),#29,.F.);
#3343=ADVANCED_FACE('',(#3118),#30,.F.);
#3344=ADVANCED_FACE('',(#3119),#31,.T.);
#3345=ADVANCED_FACE('',(#3120),#169,.F.);
#3346=ADVANCED_FACE('',(#3121),#170,.T.);
#3347=ADVANCED_FACE('',(#3122),#171,.T.);
#3348=ADVANCED_FACE('',(#3123),#172,.F.);
#3349=ADVANCED_FACE('',(#3124),#32,.T.);
#3350=ADVANCED_FACE('',(#3125),#33,.T.);
#3351=ADVANCED_FACE('',(#3126),#173,.T.);
#3352=ADVANCED_FACE('',(#3127,#3128),#34,.T.);
#3353=ADVANCED_FACE('',(#3129),#3174,.T.);
#3354=ADVANCED_FACE('',(#3130,#3131),#174,.F.);
#3355=ADVANCED_FACE('',(#3132,#3133),#175,.F.);
#3356=ADVANCED_FACE('',(#3134),#3175,.T.);
#3357=ADVANCED_FACE('',(#3135),#3176,.T.);
#3358=ADVANCED_FACE('',(#3136),#3177,.T.);
#3359=ADVANCED_FACE('',(#3137,#3138),#176,.F.);
#3360=ADVANCED_FACE('',(#3139,#3140),#177,.F.);
#3361=ADVANCED_FACE('',(#3141),#3178,.T.);
#3362=ADVANCED_FACE('',(#3142),#3179,.T.);
#3363=ADVANCED_FACE('',(#3143),#3180,.T.);
#3364=ADVANCED_FACE('',(#3144),#3181,.T.);
#3365=ADVANCED_FACE('',(#3145),#178,.T.);
#3366=ADVANCED_FACE('',(#3146),#179,.T.);
#3367=ADVANCED_FACE('',(#3147),#180,.T.);
#3368=ADVANCED_FACE('',(#3148),#181,.T.);
#3369=ADVANCED_FACE('',(#3149,#3150),#35,.T.);
#3370=ADVANCED_FACE('',(#3151,#3152),#36,.T.);
#3371=ADVANCED_FACE('',(#3153,#3154),#37,.T.);
#3372=ADVANCED_FACE('',(#3155,#3156),#38,.T.);
#3373=CLOSED_SHELL('',(#3182,#3183,#3184,#3185,#3186,#3187,#3188,#3189,
#3190,#3191,#3192,#3193,#3194,#3195,#3196,#3197,#3198,#3199,#3200,#3201,
#3202,#3203,#3204,#3205,#3206,#3207,#3208,#3209,#3210,#3211,#3212,#3213,
#3214,#3215,#3216,#3217,#3218,#3219,#3220,#3221,#3222,#3223,#3224,#3225,
#3226,#3227,#3228,#3229,#3230,#3231,#3232,#3233,#3234,#3235,#3236,#3237,
#3238,#3239,#3240,#3241,#3242,#3243,#3244,#3245,#3246,#3247,#3248,#3249,
#3250,#3251,#3252,#3253,#3254,#3255,#3256,#3257,#3258,#3259,#3260,#3261,
#3262,#3263,#3264,#3265,#3266,#3267,#3268,#3269,#3270,#3271,#3272,#3273,
#3274,#3275,#3276,#3277,#3278,#3279,#3280,#3281,#3282,#3283,#3284,#3285,
#3286,#3287,#3288,#3289,#3290,#3291,#3292,#3293,#3294,#3295,#3296,#3297,
#3298,#3299,#3300,#3301,#3302,#3303,#3304,#3305,#3306,#3307,#3308,#3309,
#3310,#3311,#3312,#3313,#3314,#3315,#3316,#3317,#3318,#3319,#3320,#3321,
#3322,#3323,#3324,#3325,#3326,#3327,#3328,#3329,#3330,#3331,#3332,#3333,
#3334,#3335,#3336,#3337,#3338,#3339,#3340,#3341,#3342,#3343,#3344,#3345,
#3346,#3347,#3348,#3349,#3350,#3351,#3352,#3353,#3354,#3355,#3356,#3357,
#3358,#3359,#3360,#3361,#3362,#3363,#3364,#3365,#3366,#3367,#3368,#3369,
#3370,#3371,#3372));
#3374=STYLED_ITEM('',(#3375),#3382);
#3375=PRESENTATION_STYLE_ASSIGNMENT((#3376));
#3376=SURFACE_STYLE_USAGE(.BOTH.,#3377);
#3377=SURFACE_SIDE_STYLE('',(#3378));
#3378=SURFACE_STYLE_FILL_AREA(#3379);
#3379=FILL_AREA_STYLE('',(#3380));
#3380=FILL_AREA_STYLE_COLOUR('',#3381);
#3381=COLOUR_RGB('',0.615686274509804,0.811764705882353,0.929411764705882);
#3382=MANIFOLD_SOLID_BREP('Part 1',#3373);
#3383=SHAPE_DEFINITION_REPRESENTATION(#9234,#3384);
#3384=SHAPE_REPRESENTATION('Part 1',(#3385),#9229);
#3385=AXIS2_PLACEMENT_3D('',#4748,#3774,#3775);
#3386=AXIS2_PLACEMENT_3D('',#4749,#3776,#3777);
#3387=AXIS2_PLACEMENT_3D('',#4770,#3788,#3789);
#3388=AXIS2_PLACEMENT_3D('',#4791,#3800,#3801);
#3389=AXIS2_PLACEMENT_3D('',#4805,#3808,#3809);
#3390=AXIS2_PLACEMENT_3D('',#4812,#3813,#3814);
#3391=AXIS2_PLACEMENT_3D('',#4813,#3815,#3816);
#3392=AXIS2_PLACEMENT_3D('',#4818,#3818,#3819);
#3393=AXIS2_PLACEMENT_3D('',#4826,#3823,#3824);
#3394=AXIS2_PLACEMENT_3D('',#4830,#3826,#3827);
#3395=AXIS2_PLACEMENT_3D('',#4837,#3831,#3832);
#3396=AXIS2_PLACEMENT_3D('',#4840,#3835,#3836);
#3397=AXIS2_PLACEMENT_3D('',#4845,#3838,#3839);
#3398=AXIS2_PLACEMENT_3D('',#4853,#3843,#3844);
#3399=AXIS2_PLACEMENT_3D('',#4857,#3846,#3847);
#3400=AXIS2_PLACEMENT_3D('',#4864,#3851,#3852);
#3401=AXIS2_PLACEMENT_3D('',#4872,#3856,#3857);
#3402=AXIS2_PLACEMENT_3D('',#4877,#3860,#3861);
#3403=AXIS2_PLACEMENT_3D('',#4878,#3862,#3863);
#3404=AXIS2_PLACEMENT_3D('',#4917,#3864,#3865);
#3405=AXIS2_PLACEMENT_3D('',#4955,#3866,#3867);
#3406=AXIS2_PLACEMENT_3D('',#4957,#3868,#3869);
#3407=AXIS2_PLACEMENT_3D('',#4959,#3870,#3871);
#3408=AXIS2_PLACEMENT_3D('',#4997,#3872,#3873);
#3409=AXIS2_PLACEMENT_3D('',#5035,#3874,#3875);
#3410=AXIS2_PLACEMENT_3D('',#5037,#3876,#3877);
#3411=AXIS2_PLACEMENT_3D('',#5039,#3878,#3879);
#3412=AXIS2_PLACEMENT_3D('',#5077,#3880,#3881);
#3413=AXIS2_PLACEMENT_3D('',#5115,#3882,#3883);
#3414=AXIS2_PLACEMENT_3D('',#5117,#3884,#3885);
#3415=AXIS2_PLACEMENT_3D('',#5119,#3886,#3887);
#3416=AXIS2_PLACEMENT_3D('',#5157,#3888,#3889);
#3417=AXIS2_PLACEMENT_3D('',#5195,#3890,#3891);
#3418=AXIS2_PLACEMENT_3D('',#5197,#3892,#3893);
#3419=AXIS2_PLACEMENT_3D('',#5199,#3894,#3895);
#3420=AXIS2_PLACEMENT_3D('',#5237,#3896,#3897);
#3421=AXIS2_PLACEMENT_3D('',#5275,#3898,#3899);
#3422=AXIS2_PLACEMENT_3D('',#5277,#3900,#3901);
#3423=AXIS2_PLACEMENT_3D('',#5279,#3902,#3903);
#3424=AXIS2_PLACEMENT_3D('',#5317,#3904,#3905);
#3425=AXIS2_PLACEMENT_3D('',#5355,#3906,#3907);
#3426=AXIS2_PLACEMENT_3D('',#5357,#3908,#3909);
#3427=AXIS2_PLACEMENT_3D('',#5359,#3910,#3911);
#3428=AXIS2_PLACEMENT_3D('',#5397,#3912,#3913);
#3429=AXIS2_PLACEMENT_3D('',#5435,#3914,#3915);
#3430=AXIS2_PLACEMENT_3D('',#5437,#3916,#3917);
#3431=AXIS2_PLACEMENT_3D('',#5439,#3918,#3919);
#3432=AXIS2_PLACEMENT_3D('',#5477,#3920,#3921);
#3433=AXIS2_PLACEMENT_3D('',#5515,#3922,#3923);
#3434=AXIS2_PLACEMENT_3D('',#5517,#3924,#3925);
#3435=AXIS2_PLACEMENT_3D('',#5519,#3926,#3927);
#3436=AXIS2_PLACEMENT_3D('',#5557,#3928,#3929);
#3437=AXIS2_PLACEMENT_3D('',#5595,#3930,#3931);
#3438=AXIS2_PLACEMENT_3D('',#5597,#3932,#3933);
#3439=AXIS2_PLACEMENT_3D('',#5599,#3934,#3935);
#3440=AXIS2_PLACEMENT_3D('',#5637,#3936,#3937);
#3441=AXIS2_PLACEMENT_3D('',#5675,#3938,#3939);
#3442=AXIS2_PLACEMENT_3D('',#5677,#3940,#3941);
#3443=AXIS2_PLACEMENT_3D('',#5679,#3942,#3943);
#3444=AXIS2_PLACEMENT_3D('',#5717,#3944,#3945);
#3445=AXIS2_PLACEMENT_3D('',#5755,#3946,#3947);
#3446=AXIS2_PLACEMENT_3D('',#5757,#3948,#3949);
#3447=AXIS2_PLACEMENT_3D('',#5759,#3950,#3951);
#3448=AXIS2_PLACEMENT_3D('',#5797,#3952,#3953);
#3449=AXIS2_PLACEMENT_3D('',#5835,#3954,#3955);
#3450=AXIS2_PLACEMENT_3D('',#5837,#3956,#3957);
#3451=AXIS2_PLACEMENT_3D('',#5839,#3958,#3959);
#3452=AXIS2_PLACEMENT_3D('',#5877,#3960,#3961);
#3453=AXIS2_PLACEMENT_3D('',#5915,#3962,#3963);
#3454=AXIS2_PLACEMENT_3D('',#5917,#3964,#3965);
#3455=AXIS2_PLACEMENT_3D('',#5919,#3966,#3967);
#3456=AXIS2_PLACEMENT_3D('',#5957,#3968,#3969);
#3457=AXIS2_PLACEMENT_3D('',#5995,#3970,#3971);
#3458=AXIS2_PLACEMENT_3D('',#5997,#3972,#3973);
#3459=AXIS2_PLACEMENT_3D('',#5999,#3974,#3975);
#3460=AXIS2_PLACEMENT_3D('',#6037,#3976,#3977);
#3461=AXIS2_PLACEMENT_3D('',#6075,#3978,#3979);
#3462=AXIS2_PLACEMENT_3D('',#6077,#3980,#3981);
#3463=AXIS2_PLACEMENT_3D('',#6079,#3982,#3983);
#3464=AXIS2_PLACEMENT_3D('',#6117,#3984,#3985);
#3465=AXIS2_PLACEMENT_3D('',#6155,#3986,#3987);
#3466=AXIS2_PLACEMENT_3D('',#6157,#3988,#3989);
#3467=AXIS2_PLACEMENT_3D('',#6159,#3990,#3991);
#3468=AXIS2_PLACEMENT_3D('',#6197,#3992,#3993);
#3469=AXIS2_PLACEMENT_3D('',#6235,#3994,#3995);
#3470=AXIS2_PLACEMENT_3D('',#6237,#3996,#3997);
#3471=AXIS2_PLACEMENT_3D('',#6239,#3998,#3999);
#3472=AXIS2_PLACEMENT_3D('',#6277,#4000,#4001);
#3473=AXIS2_PLACEMENT_3D('',#6315,#4002,#4003);
#3474=AXIS2_PLACEMENT_3D('',#6317,#4004,#4005);
#3475=AXIS2_PLACEMENT_3D('',#6318,#4006,#4007);
#3476=AXIS2_PLACEMENT_3D('',#6320,#4008,#4009);
#3477=AXIS2_PLACEMENT_3D('',#6321,#4010,#4011);
#3478=AXIS2_PLACEMENT_3D('',#6323,#4012,#4013);
#3479=AXIS2_PLACEMENT_3D('',#6328,#4015,#4016);
#3480=AXIS2_PLACEMENT_3D('',#6332,#4018,#4019);
#3481=AXIS2_PLACEMENT_3D('',#6336,#4021,#4022);
#3482=AXIS2_PLACEMENT_3D('',#6339,#4024,#4025);
#3483=AXIS2_PLACEMENT_3D('',#6344,#4027,#4028);
#3484=AXIS2_PLACEMENT_3D('',#6348,#4030,#4031);
#3485=AXIS2_PLACEMENT_3D('',#6352,#4033,#4034);
#3486=AXIS2_PLACEMENT_3D('',#6355,#4036,#4037);
#3487=AXIS2_PLACEMENT_3D('',#6357,#4038,#4039);
#3488=AXIS2_PLACEMENT_3D('',#6358,#4040,#4041);
#3489=AXIS2_PLACEMENT_3D('',#6360,#4042,#4043);
#3490=AXIS2_PLACEMENT_3D('',#6362,#4044,#4045);
#3491=AXIS2_PLACEMENT_3D('',#6371,#4050,#4051);
#3492=AXIS2_PLACEMENT_3D('',#6380,#4056,#4057);
#3493=AXIS2_PLACEMENT_3D('',#6398,#4061,#4062);
#3494=AXIS2_PLACEMENT_3D('',#6416,#4066,#4067);
#3495=AXIS2_PLACEMENT_3D('',#6419,#4070,#4071);
#3496=AXIS2_PLACEMENT_3D('',#6422,#4074,#4075);
#3497=AXIS2_PLACEMENT_3D('',#6425,#4077,#4078);
#3498=AXIS2_PLACEMENT_3D('',#6428,#4080,#4081);
#3499=AXIS2_PLACEMENT_3D('',#6429,#4082,#4083);
#3500=AXIS2_PLACEMENT_3D('',#6497,#4086,#4087);
#3501=AXIS2_PLACEMENT_3D('',#6498,#4088,#4089);
#3502=AXIS2_PLACEMENT_3D('',#6566,#4092,#4093);
#3503=AXIS2_PLACEMENT_3D('',#6567,#4094,#4095);
#3504=AXIS2_PLACEMENT_3D('',#6570,#4097,#4098);
#3505=AXIS2_PLACEMENT_3D('',#6571,#4099,#4100);
#3506=AXIS2_PLACEMENT_3D('',#6574,#4102,#4103);
#3507=AXIS2_PLACEMENT_3D('',#6575,#4104,#4105);
#3508=AXIS2_PLACEMENT_3D('',#6643,#4108,#4109);
#3509=AXIS2_PLACEMENT_3D('',#6644,#4110,#4111);
#3510=AXIS2_PLACEMENT_3D('',#6712,#4114,#4115);
#3511=AXIS2_PLACEMENT_3D('',#6713,#4116,#4117);
#3512=AXIS2_PLACEMENT_3D('',#6716,#4119,#4120);
#3513=AXIS2_PLACEMENT_3D('',#6717,#4121,#4122);
#3514=AXIS2_PLACEMENT_3D('',#6720,#4124,#4125);
#3515=AXIS2_PLACEMENT_3D('',#6721,#4126,#4127);
#3516=AXIS2_PLACEMENT_3D('',#6789,#4130,#4131);
#3517=AXIS2_PLACEMENT_3D('',#6790,#4132,#4133);
#3518=AXIS2_PLACEMENT_3D('',#6858,#4136,#4137);
#3519=AXIS2_PLACEMENT_3D('',#6859,#4138,#4139);
#3520=AXIS2_PLACEMENT_3D('',#6862,#4141,#4142);
#3521=AXIS2_PLACEMENT_3D('',#6863,#4143,#4144);
#3522=AXIS2_PLACEMENT_3D('',#6866,#4146,#4147);
#3523=AXIS2_PLACEMENT_3D('',#6867,#4148,#4149);
#3524=AXIS2_PLACEMENT_3D('',#6935,#4152,#4153);
#3525=AXIS2_PLACEMENT_3D('',#6936,#4154,#4155);
#3526=AXIS2_PLACEMENT_3D('',#7004,#4158,#4159);
#3527=AXIS2_PLACEMENT_3D('',#7005,#4160,#4161);
#3528=AXIS2_PLACEMENT_3D('',#7008,#4163,#4164);
#3529=AXIS2_PLACEMENT_3D('',#7009,#4165,#4166);
#3530=AXIS2_PLACEMENT_3D('',#7012,#4168,#4169);
#3531=AXIS2_PLACEMENT_3D('',#7013,#4170,#4171);
#3532=AXIS2_PLACEMENT_3D('',#7081,#4174,#4175);
#3533=AXIS2_PLACEMENT_3D('',#7082,#4176,#4177);
#3534=AXIS2_PLACEMENT_3D('',#7150,#4180,#4181);
#3535=AXIS2_PLACEMENT_3D('',#7151,#4182,#4183);
#3536=AXIS2_PLACEMENT_3D('',#7154,#4185,#4186);
#3537=AXIS2_PLACEMENT_3D('',#7155,#4187,#4188);
#3538=AXIS2_PLACEMENT_3D('',#7158,#4190,#4191);
#3539=AXIS2_PLACEMENT_3D('',#7159,#4192,#4193);
#3540=AXIS2_PLACEMENT_3D('',#7227,#4196,#4197);
#3541=AXIS2_PLACEMENT_3D('',#7228,#4198,#4199);
#3542=AXIS2_PLACEMENT_3D('',#7296,#4202,#4203);
#3543=AXIS2_PLACEMENT_3D('',#7297,#4204,#4205);
#3544=AXIS2_PLACEMENT_3D('',#7300,#4207,#4208);
#3545=AXIS2_PLACEMENT_3D('',#7301,#4209,#4210);
#3546=AXIS2_PLACEMENT_3D('',#7304,#4212,#4213);
#3547=AXIS2_PLACEMENT_3D('',#7305,#4214,#4215);
#3548=AXIS2_PLACEMENT_3D('',#7373,#4218,#4219);
#3549=AXIS2_PLACEMENT_3D('',#7374,#4220,#4221);
#3550=AXIS2_PLACEMENT_3D('',#7442,#4224,#4225);
#3551=AXIS2_PLACEMENT_3D('',#7443,#4226,#4227);
#3552=AXIS2_PLACEMENT_3D('',#7446,#4229,#4230);
#3553=AXIS2_PLACEMENT_3D('',#7447,#4231,#4232);
#3554=AXIS2_PLACEMENT_3D('',#7450,#4234,#4235);
#3555=AXIS2_PLACEMENT_3D('',#7451,#4236,#4237);
#3556=AXIS2_PLACEMENT_3D('',#7519,#4240,#4241);
#3557=AXIS2_PLACEMENT_3D('',#7520,#4242,#4243);
#3558=AXIS2_PLACEMENT_3D('',#7588,#4246,#4247);
#3559=AXIS2_PLACEMENT_3D('',#7589,#4248,#4249);
#3560=AXIS2_PLACEMENT_3D('',#7592,#4251,#4252);
#3561=AXIS2_PLACEMENT_3D('',#7593,#4253,#4254);
#3562=AXIS2_PLACEMENT_3D('',#7596,#4256,#4257);
#3563=AXIS2_PLACEMENT_3D('',#7597,#4258,#4259);
#3564=AXIS2_PLACEMENT_3D('',#7665,#4262,#4263);
#3565=AXIS2_PLACEMENT_3D('',#7666,#4264,#4265);
#3566=AXIS2_PLACEMENT_3D('',#7734,#4268,#4269);
#3567=AXIS2_PLACEMENT_3D('',#7735,#4270,#4271);
#3568=AXIS2_PLACEMENT_3D('',#7738,#4273,#4274);
#3569=AXIS2_PLACEMENT_3D('',#7739,#4275,#4276);
#3570=AXIS2_PLACEMENT_3D('',#7742,#4278,#4279);
#3571=AXIS2_PLACEMENT_3D('',#7743,#4280,#4281);
#3572=AXIS2_PLACEMENT_3D('',#7811,#4284,#4285);
#3573=AXIS2_PLACEMENT_3D('',#7812,#4286,#4287);
#3574=AXIS2_PLACEMENT_3D('',#7880,#4290,#4291);
#3575=AXIS2_PLACEMENT_3D('',#7881,#4292,#4293);
#3576=AXIS2_PLACEMENT_3D('',#7884,#4295,#4296);
#3577=AXIS2_PLACEMENT_3D('',#7885,#4297,#4298);
#3578=AXIS2_PLACEMENT_3D('',#7888,#4300,#4301);
#3579=AXIS2_PLACEMENT_3D('',#7889,#4302,#4303);
#3580=AXIS2_PLACEMENT_3D('',#7957,#4306,#4307);
#3581=AXIS2_PLACEMENT_3D('',#7958,#4308,#4309);
#3582=AXIS2_PLACEMENT_3D('',#8026,#4312,#4313);
#3583=AXIS2_PLACEMENT_3D('',#8027,#4314,#4315);
#3584=AXIS2_PLACEMENT_3D('',#8030,#4317,#4318);
#3585=AXIS2_PLACEMENT_3D('',#8031,#4319,#4320);
#3586=AXIS2_PLACEMENT_3D('',#8034,#4322,#4323);
#3587=AXIS2_PLACEMENT_3D('',#8035,#4324,#4325);
#3588=AXIS2_PLACEMENT_3D('',#8103,#4328,#4329);
#3589=AXIS2_PLACEMENT_3D('',#8104,#4330,#4331);
#3590=AXIS2_PLACEMENT_3D('',#8172,#4334,#4335);
#3591=AXIS2_PLACEMENT_3D('',#8173,#4336,#4337);
#3592=AXIS2_PLACEMENT_3D('',#8176,#4339,#4340);
#3593=AXIS2_PLACEMENT_3D('',#8177,#4341,#4342);
#3594=AXIS2_PLACEMENT_3D('',#8180,#4344,#4345);
#3595=AXIS2_PLACEMENT_3D('',#8181,#4346,#4347);
#3596=AXIS2_PLACEMENT_3D('',#8249,#4350,#4351);
#3597=AXIS2_PLACEMENT_3D('',#8250,#4352,#4353);
#3598=AXIS2_PLACEMENT_3D('',#8318,#4356,#4357);
#3599=AXIS2_PLACEMENT_3D('',#8319,#4358,#4359);
#3600=AXIS2_PLACEMENT_3D('',#8322,#4361,#4362);
#3601=AXIS2_PLACEMENT_3D('',#8323,#4363,#4364);
#3602=AXIS2_PLACEMENT_3D('',#8326,#4366,#4367);
#3603=AXIS2_PLACEMENT_3D('',#8327,#4368,#4369);
#3604=AXIS2_PLACEMENT_3D('',#8395,#4372,#4373);
#3605=AXIS2_PLACEMENT_3D('',#8396,#4374,#4375);
#3606=AXIS2_PLACEMENT_3D('',#8464,#4378,#4379);
#3607=AXIS2_PLACEMENT_3D('',#8465,#4380,#4381);
#3608=AXIS2_PLACEMENT_3D('',#8468,#4383,#4384);
#3609=AXIS2_PLACEMENT_3D('',#8469,#4385,#4386);
#3610=AXIS2_PLACEMENT_3D('',#8472,#4388,#4389);
#3611=AXIS2_PLACEMENT_3D('',#8473,#4390,#4391);
#3612=AXIS2_PLACEMENT_3D('',#8541,#4394,#4395);
#3613=AXIS2_PLACEMENT_3D('',#8542,#4396,#4397);
#3614=AXIS2_PLACEMENT_3D('',#8610,#4400,#4401);
#3615=AXIS2_PLACEMENT_3D('',#8611,#4402,#4403);
#3616=AXIS2_PLACEMENT_3D('',#8614,#4405,#4406);
#3617=AXIS2_PLACEMENT_3D('',#8615,#4407,#4408);
#3618=AXIS2_PLACEMENT_3D('',#8618,#4410,#4411);
#3619=AXIS2_PLACEMENT_3D('',#8619,#4412,#4413);
#3620=AXIS2_PLACEMENT_3D('',#8687,#4416,#4417);
#3621=AXIS2_PLACEMENT_3D('',#8688,#4418,#4419);
#3622=AXIS2_PLACEMENT_3D('',#8756,#4422,#4423);
#3623=AXIS2_PLACEMENT_3D('',#8757,#4424,#4425);
#3624=AXIS2_PLACEMENT_3D('',#8760,#4427,#4428);
#3625=AXIS2_PLACEMENT_3D('',#8761,#4429,#4430);
#3626=AXIS2_PLACEMENT_3D('',#8764,#4432,#4433);
#3627=AXIS2_PLACEMENT_3D('',#8765,#4434,#4435);
#3628=AXIS2_PLACEMENT_3D('',#8833,#4438,#4439);
#3629=AXIS2_PLACEMENT_3D('',#8834,#4440,#4441);
#3630=AXIS2_PLACEMENT_3D('',#8902,#4444,#4445);
#3631=AXIS2_PLACEMENT_3D('',#8903,#4446,#4447);
#3632=AXIS2_PLACEMENT_3D('',#8906,#4449,#4450);
#3633=AXIS2_PLACEMENT_3D('',#8907,#4451,#4452);
#3634=AXIS2_PLACEMENT_3D('',#8910,#4454,#4455);
#3635=AXIS2_PLACEMENT_3D('',#8911,#4456,#4457);
#3636=AXIS2_PLACEMENT_3D('',#8979,#4460,#4461);
#3637=AXIS2_PLACEMENT_3D('',#8980,#4462,#4463);
#3638=AXIS2_PLACEMENT_3D('',#9048,#4466,#4467);
#3639=AXIS2_PLACEMENT_3D('',#9049,#4468,#4469);
#3640=AXIS2_PLACEMENT_3D('',#9050,#4470,#4471);
#3641=AXIS2_PLACEMENT_3D('',#9051,#4472,#4473);
#3642=AXIS2_PLACEMENT_3D('',#9053,#4474,#4475);
#3643=AXIS2_PLACEMENT_3D('',#9054,#4476,#4477);
#3644=AXIS2_PLACEMENT_3D('',#9056,#4478,#4479);
#3645=AXIS2_PLACEMENT_3D('',#9057,#4480,#4481);
#3646=AXIS2_PLACEMENT_3D('',#9058,#4482,#4483);
#3647=AXIS2_PLACEMENT_3D('',#9059,#4484,#4485);
#3648=AXIS2_PLACEMENT_3D('',#9060,#4486,#4487);
#3649=AXIS2_PLACEMENT_3D('',#9061,#4488,#4489);
#3650=AXIS2_PLACEMENT_3D('',#9062,#4490,#4491);
#3651=AXIS2_PLACEMENT_3D('',#9063,#4492,#4493);
#3652=AXIS2_PLACEMENT_3D('',#9072,#4498,#4499);
#3653=AXIS2_PLACEMENT_3D('',#9081,#4504,#4505);
#3654=AXIS2_PLACEMENT_3D('',#9082,#4506,#4507);
#3655=AXIS2_PLACEMENT_3D('',#9083,#4508,#4509);
#3656=AXIS2_PLACEMENT_3D('',#9084,#4510,#4511);
#3657=AXIS2_PLACEMENT_3D('',#9085,#4512,#4513);
#3658=AXIS2_PLACEMENT_3D('',#9086,#4514,#4515);
#3659=AXIS2_PLACEMENT_3D('',#9087,#4516,#4517);
#3660=AXIS2_PLACEMENT_3D('',#9096,#4518,#4519);
#3661=AXIS2_PLACEMENT_3D('',#9097,#4520,#4521);
#3662=AXIS2_PLACEMENT_3D('',#9098,#4522,#4523);
#3663=AXIS2_PLACEMENT_3D('',#9099,#4524,#4525);
#3664=AXIS2_PLACEMENT_3D('',#9100,#4526,#4527);
#3665=AXIS2_PLACEMENT_3D('',#9101,#4528,#4529);
#3666=AXIS2_PLACEMENT_3D('',#9102,#4530,#4531);
#3667=AXIS2_PLACEMENT_3D('',#9103,#4532,#4533);
#3668=AXIS2_PLACEMENT_3D('',#9104,#4534,#4535);
#3669=AXIS2_PLACEMENT_3D('',#9105,#4536,#4537);
#3670=AXIS2_PLACEMENT_3D('',#9106,#4538,#4539);
#3671=AXIS2_PLACEMENT_3D('',#9107,#4540,#4541);
#3672=AXIS2_PLACEMENT_3D('',#9108,#4542,#4543);
#3673=AXIS2_PLACEMENT_3D('',#9109,#4544,#4545);
#3674=AXIS2_PLACEMENT_3D('',#9110,#4546,#4547);
#3675=AXIS2_PLACEMENT_3D('',#9111,#4548,#4549);
#3676=AXIS2_PLACEMENT_3D('',#9112,#4550,#4551);
#3677=AXIS2_PLACEMENT_3D('',#9113,#4552,#4553);
#3678=AXIS2_PLACEMENT_3D('',#9114,#4554,#4555);
#3679=AXIS2_PLACEMENT_3D('',#9115,#4556,#4557);
#3680=AXIS2_PLACEMENT_3D('',#9116,#4558,#4559);
#3681=AXIS2_PLACEMENT_3D('',#9117,#4560,#4561);
#3682=AXIS2_PLACEMENT_3D('',#9118,#4562,#4563);
#3683=AXIS2_PLACEMENT_3D('',#9119,#4564,#4565);
#3684=AXIS2_PLACEMENT_3D('',#9120,#4566,#4567);
#3685=AXIS2_PLACEMENT_3D('',#9121,#4568,#4569);
#3686=AXIS2_PLACEMENT_3D('',#9122,#4570,#4571);
#3687=AXIS2_PLACEMENT_3D('',#9123,#4572,#4573);
#3688=AXIS2_PLACEMENT_3D('',#9124,#4574,#4575);
#3689=AXIS2_PLACEMENT_3D('',#9125,#4576,#4577);
#3690=AXIS2_PLACEMENT_3D('',#9126,#4578,#4579);
#3691=AXIS2_PLACEMENT_3D('',#9127,#4580,#4581);
#3692=AXIS2_PLACEMENT_3D('',#9128,#4582,#4583);
#3693=AXIS2_PLACEMENT_3D('',#9129,#4584,#4585);
#3694=AXIS2_PLACEMENT_3D('',#9130,#4586,#4587);
#3695=AXIS2_PLACEMENT_3D('',#9131,#4588,#4589);
#3696=AXIS2_PLACEMENT_3D('',#9132,#4590,#4591);
#3697=AXIS2_PLACEMENT_3D('',#9133,#4592,#4593);
#3698=AXIS2_PLACEMENT_3D('',#9134,#4594,#4595);
#3699=AXIS2_PLACEMENT_3D('',#9135,#4596,#4597);
#3700=AXIS2_PLACEMENT_3D('',#9136,#4598,#4599);
#3701=AXIS2_PLACEMENT_3D('',#9137,#4600,#4601);
#3702=AXIS2_PLACEMENT_3D('',#9138,#4602,#4603);
#3703=AXIS2_PLACEMENT_3D('',#9139,#4604,#4605);
#3704=AXIS2_PLACEMENT_3D('',#9140,#4606,#4607);
#3705=AXIS2_PLACEMENT_3D('',#9141,#4608,#4609);
#3706=AXIS2_PLACEMENT_3D('',#9142,#4610,#4611);
#3707=AXIS2_PLACEMENT_3D('',#9143,#4612,#4613);
#3708=AXIS2_PLACEMENT_3D('',#9144,#4614,#4615);
#3709=AXIS2_PLACEMENT_3D('',#9145,#4616,#4617);
#3710=AXIS2_PLACEMENT_3D('',#9146,#4618,#4619);
#3711=AXIS2_PLACEMENT_3D('',#9147,#4620,#4621);
#3712=AXIS2_PLACEMENT_3D('',#9148,#4622,#4623);
#3713=AXIS2_PLACEMENT_3D('',#9149,#4624,#4625);
#3714=AXIS2_PLACEMENT_3D('',#9150,#4626,#4627);
#3715=AXIS2_PLACEMENT_3D('',#9151,#4628,#4629);
#3716=AXIS2_PLACEMENT_3D('',#9152,#4630,#4631);
#3717=AXIS2_PLACEMENT_3D('',#9153,#4632,#4633);
#3718=AXIS2_PLACEMENT_3D('',#9154,#4634,#4635);
#3719=AXIS2_PLACEMENT_3D('',#9155,#4636,#4637);
#3720=AXIS2_PLACEMENT_3D('',#9156,#4638,#4639);
#3721=AXIS2_PLACEMENT_3D('',#9157,#4640,#4641);
#3722=AXIS2_PLACEMENT_3D('',#9158,#4642,#4643);
#3723=AXIS2_PLACEMENT_3D('',#9159,#4644,#4645);
#3724=AXIS2_PLACEMENT_3D('',#9160,#4646,#4647);
#3725=AXIS2_PLACEMENT_3D('',#9161,#4648,#4649);
#3726=AXIS2_PLACEMENT_3D('',#9162,#4650,#4651);
#3727=AXIS2_PLACEMENT_3D('',#9163,#4652,#4653);
#3728=AXIS2_PLACEMENT_3D('',#9164,#4654,#4655);
#3729=AXIS2_PLACEMENT_3D('',#9165,#4656,#4657);
#3730=AXIS2_PLACEMENT_3D('',#9166,#4658,#4659);
#3731=AXIS2_PLACEMENT_3D('',#9167,#4660,#4661);
#3732=AXIS2_PLACEMENT_3D('',#9168,#4662,#4663);
#3733=AXIS2_PLACEMENT_3D('',#9169,#4664,#4665);
#3734=AXIS2_PLACEMENT_3D('',#9170,#4666,#4667);
#3735=AXIS2_PLACEMENT_3D('',#9171,#4668,#4669);
#3736=AXIS2_PLACEMENT_3D('',#9172,#4670,#4671);
#3737=AXIS2_PLACEMENT_3D('',#9181,#4672,#4673);
#3738=AXIS2_PLACEMENT_3D('',#9182,#4674,#4675);
#3739=AXIS2_PLACEMENT_3D('',#9184,#4677,#4678);
#3740=AXIS2_PLACEMENT_3D('',#9185,#4679,#4680);
#3741=AXIS2_PLACEMENT_3D('',#9187,#4681,#4682);
#3742=AXIS2_PLACEMENT_3D('',#9189,#4683,#4684);
#3743=AXIS2_PLACEMENT_3D('',#9190,#4685,#4686);
#3744=AXIS2_PLACEMENT_3D('',#9192,#4687,#4688);
#3745=AXIS2_PLACEMENT_3D('',#9194,#4689,#4690);
#3746=AXIS2_PLACEMENT_3D('',#9195,#4691,#4692);
#3747=AXIS2_PLACEMENT_3D('',#9196,#4693,#4694);
#3748=AXIS2_PLACEMENT_3D('',#9197,#4695,#4696);
#3749=AXIS2_PLACEMENT_3D('',#9198,#4697,#4698);
#3750=AXIS2_PLACEMENT_3D('',#9199,#4699,#4700);
#3751=AXIS2_PLACEMENT_3D('',#9200,#4701,#4702);
#3752=AXIS2_PLACEMENT_3D('',#9202,#4703,#4704);
#3753=AXIS2_PLACEMENT_3D('',#9204,#4705,#4706);
#3754=AXIS2_PLACEMENT_3D('',#9205,#4707,#4708);
#3755=AXIS2_PLACEMENT_3D('',#9207,#4709,#4710);
#3756=AXIS2_PLACEMENT_3D('',#9209,#4711,#4712);
#3757=AXIS2_PLACEMENT_3D('',#9210,#4713,#4714);
#3758=AXIS2_PLACEMENT_3D('',#9211,#4715,#4716);
#3759=AXIS2_PLACEMENT_3D('',#9212,#4717,#4718);
#3760=AXIS2_PLACEMENT_3D('',#9213,#4719,#4720);
#3761=AXIS2_PLACEMENT_3D('',#9214,#4721,#4722);
#3762=AXIS2_PLACEMENT_3D('',#9216,#4724,#4725);
#3763=AXIS2_PLACEMENT_3D('',#9217,#4726,#4727);
#3764=AXIS2_PLACEMENT_3D('',#9218,#4728,#4729);
#3765=AXIS2_PLACEMENT_3D('',#9219,#4730,#4731);
#3766=AXIS2_PLACEMENT_3D('',#9220,#4732,#4733);
#3767=AXIS2_PLACEMENT_3D('',#9221,#4734,#4735);
#3768=AXIS2_PLACEMENT_3D('',#9222,#4736,#4737);
#3769=AXIS2_PLACEMENT_3D('',#9223,#4738,#4739);
#3770=AXIS2_PLACEMENT_3D('',#9224,#4740,#4741);
#3771=AXIS2_PLACEMENT_3D('',#9225,#4742,#4743);
#3772=AXIS2_PLACEMENT_3D('',#9226,#4744,#4745);
#3773=AXIS2_PLACEMENT_3D('',#9227,#4746,#4747);
#3774=DIRECTION('',(0.,0.,1.));
#3775=DIRECTION('',(1.,0.,0.));
#3776=DIRECTION('',(1.98254111540206E-16,1.,-6.36595771000663E-17));
#3777=DIRECTION('',(-1.,1.98254111540206E-16,0.));
#3778=DIRECTION('',(0.,0.,-1.));
#3779=DIRECTION('',(-1.,1.98254111540206E-16,0.));
#3780=DIRECTION('',(-1.26207728989989E-32,-6.36595771000663E-17,-1.));
#3781=DIRECTION('',(1.,-1.98254111540206E-16,0.));
#3782=DIRECTION('',(-1.26207728989989E-32,-6.36595771000663E-17,-1.));
#3783=DIRECTION('',(1.,-1.98254111540206E-16,0.));
#3784=DIRECTION('',(-1.26207728989989E-32,-6.36595771000663E-17,-1.));
#3785=DIRECTION('',(1.,-1.98254111540206E-16,0.));
#3786=DIRECTION('',(-1.26207728989989E-32,-6.36595771000663E-17,-1.));
#3787=DIRECTION('',(1.,-1.98254111540206E-16,0.));
#3788=DIRECTION('',(1.98254111540206E-16,1.,-6.36595771000663E-17));
#3789=DIRECTION('',(-1.,1.98254111540206E-16,0.));
#3790=DIRECTION('',(-1.26207728989989E-32,-6.36595771000663E-17,-1.));
#3791=DIRECTION('',(-1.,1.98254111540206E-16,0.));
#3792=DIRECTION('',(0.,0.,-1.));
#3793=DIRECTION('',(1.,-1.98254111540206E-16,0.));
#3794=DIRECTION('',(-1.26207728989989E-32,-6.36595771000663E-17,-1.));
#3795=DIRECTION('',(1.,-1.98254111540206E-16,0.));
#3796=DIRECTION('',(-1.26207728989989E-32,-6.36595771000663E-17,-1.));
#3797=DIRECTION('',(1.,-1.98254111540206E-16,0.));
#3798=DIRECTION('',(-1.26207728989989E-32,-6.36595771000663E-17,-1.));
#3799=DIRECTION('',(1.,-1.98254111540206E-16,0.));
#3800=DIRECTION('',(0.,0.,1.));
#3801=DIRECTION('',(1.,0.,0.));
#3802=DIRECTION('',(1.98254111540206E-16,1.,0.));
#3803=DIRECTION('',(-1.,1.98254111540206E-16,0.));
#3804=DIRECTION('',(3.43509599203328E-16,1.,0.));
#3805=DIRECTION('',(-1.,1.98254111540206E-16,0.));
#3806=DIRECTION('',(1.,0.,0.));
#3807=DIRECTION('',(-1.98254111540206E-16,-1.,0.));
#3808=DIRECTION('',(0.,0.,1.));
#3809=DIRECTION('',(1.,0.,0.));
#3810=DIRECTION('',(-1.98254111540206E-16,-1.,0.));
#3811=DIRECTION('',(1.,0.,0.));
#3812=DIRECTION('',(-1.98254111540206E-16,-1.,0.));
#3813=DIRECTION('',(1.,-1.98254111540206E-16,0.));
#3814=DIRECTION('',(1.98254111540206E-16,1.,0.));
#3815=DIRECTION('',(1.,-1.98254111540206E-16,0.));
#3816=DIRECTION('',(1.98254111540206E-16,1.,0.));
#3817=DIRECTION('',(-1.98254111540206E-16,-1.,0.));
#3818=DIRECTION('',(1.,-1.98254111540206E-16,0.));
#3819=DIRECTION('',(1.98254111540206E-16,1.,0.));
#3820=DIRECTION('',(0.,0.,1.));
#3821=DIRECTION('',(-1.98254111540206E-16,-1.,0.));
#3822=DIRECTION('',(0.,0.,-1.));
#3823=DIRECTION('',(1.,-1.98254111540206E-16,0.));
#3824=DIRECTION('',(1.98254111540206E-16,1.,0.));
#3825=DIRECTION('',(-1.98254111540206E-16,-1.,0.));
#3826=DIRECTION('',(1.,-1.98254111540206E-16,0.));
#3827=DIRECTION('',(1.98254111540206E-16,1.,0.));
#3828=DIRECTION('',(0.,0.,-1.));
#3829=DIRECTION('',(-1.98254111540206E-16,-1.,0.));
#3830=DIRECTION('',(0.,0.,1.));
#3831=DIRECTION('',(1.,-1.98254111540206E-16,0.));
#3832=DIRECTION('',(1.98254111540206E-16,1.,0.));
#3833=DIRECTION('',(-1.98254111540206E-16,-1.,0.));
#3834=DIRECTION('',(1.98254111540206E-16,1.,0.));
#3835=DIRECTION('',(1.,-1.98254111540206E-16,0.));
#3836=DIRECTION('',(1.98254111540206E-16,1.,0.));
#3837=DIRECTION('',(1.98254111540206E-16,1.,0.));
#3838=DIRECTION('',(1.,-1.98254111540206E-16,0.));
#3839=DIRECTION('',(1.98254111540206E-16,1.,0.));
#3840=DIRECTION('',(0.,0.,-1.));
#3841=DIRECTION('',(-1.98254111540206E-16,-1.,0.));
#3842=DIRECTION('',(0.,0.,-1.));
#3843=DIRECTION('',(1.,-1.98254111540206E-16,0.));
#3844=DIRECTION('',(1.98254111540206E-16,1.,0.));
#3845=DIRECTION('',(-1.98254111540206E-16,-1.,0.));
#3846=DIRECTION('',(1.,-1.98254111540206E-16,0.));
#3847=DIRECTION('',(1.98254111540206E-16,1.,0.));
#3848=DIRECTION('',(0.,0.,-1.));
#3849=DIRECTION('',(-1.98254111540206E-16,-1.,0.));
#3850=DIRECTION('',(0.,0.,-1.));
#3851=DIRECTION('',(0.,0.,1.));
#3852=DIRECTION('',(1.,0.,0.));
#3853=DIRECTION('',(1.98254111540206E-16,1.,0.));
#3854=DIRECTION('',(-1.,1.98254111540206E-16,0.));
#3855=DIRECTION('',(-1.98254111540206E-16,-1.,0.));
#3856=DIRECTION('',(0.,0.,1.));
#3857=DIRECTION('',(1.,0.,0.));
#3858=DIRECTION('',(-1.98254111540206E-16,-1.,0.));
#3859=DIRECTION('',(-1.,1.98254111540206E-16,0.));
#3860=DIRECTION('',(0.,0.,1.));
#3861=DIRECTION('',(1.,0.,0.));
#3862=DIRECTION('',(0.,0.,-1.));
#3863=DIRECTION('',(-0.17364817766693,0.984807753012208,0.));
#3864=DIRECTION('',(0.,0.,-1.));
#3865=DIRECTION('',(-1.,0.,0.));
#3866=DIRECTION('',(0.,0.,-1.));
#3867=DIRECTION('',(-0.5,0.866025403784439,0.));
#3868=DIRECTION('',(0.,0.,-1.));
#3869=DIRECTION('',(-0.5,0.866025403784439,0.));
#3870=DIRECTION('',(0.,0.,-1.));
#3871=DIRECTION('',(-0.5,0.866025403784439,0.));
#3872=DIRECTION('',(0.,0.,-1.));
#3873=DIRECTION('',(-1.,0.,0.));
#3874=DIRECTION('',(0.,0.,-1.));
#3875=DIRECTION('',(-0.766044443118978,0.642787609686539,0.));
#3876=DIRECTION('',(0.,0.,-1.));
#3877=DIRECTION('',(-0.766044443118978,0.642787609686539,0.));
#3878=DIRECTION('',(0.,0.,-1.));
#3879=DIRECTION('',(-0.766044443118978,0.642787609686539,0.));
#3880=DIRECTION('',(0.,0.,-1.));
#3881=DIRECTION('',(-1.,0.,0.));
#3882=DIRECTION('',(0.,0.,-1.));
#3883=DIRECTION('',(-0.939692620785908,0.342020143325668,0.));
#3884=DIRECTION('',(0.,0.,-1.));
#3885=DIRECTION('',(-0.939692620785908,0.342020143325668,0.));
#3886=DIRECTION('',(0.,0.,-1.));
#3887=DIRECTION('',(-0.939692620785908,0.342020143325668,0.));
#3888=DIRECTION('',(0.,0.,-1.));
#3889=DIRECTION('',(-1.,0.,0.));
#3890=DIRECTION('',(0.,0.,-1.));
#3891=DIRECTION('',(-1.,0.,0.));
#3892=DIRECTION('',(0.,0.,-1.));
#3893=DIRECTION('',(-1.,0.,0.));
#3894=DIRECTION('',(0.,0.,-1.));
#3895=DIRECTION('',(-1.,0.,0.));
#3896=DIRECTION('',(0.,0.,-1.));
#3897=DIRECTION('',(-1.,0.,0.));
#3898=DIRECTION('',(0.,0.,-1.));
#3899=DIRECTION('',(-0.939692620785908,-0.342020143325668,0.));
#3900=DIRECTION('',(0.,0.,-1.));
#3901=DIRECTION('',(-0.939692620785908,-0.342020143325668,0.));
#3902=DIRECTION('',(0.,0.,-1.));
#3903=DIRECTION('',(-0.939692620785908,-0.342020143325668,0.));
#3904=DIRECTION('',(0.,0.,-1.));
#3905=DIRECTION('',(-1.,0.,0.));
#3906=DIRECTION('',(0.,0.,-1.));
#3907=DIRECTION('',(-0.766044443118978,-0.64278760968654,0.));
#3908=DIRECTION('',(0.,0.,-1.));
#3909=DIRECTION('',(-0.766044443118978,-0.64278760968654,0.));
#3910=DIRECTION('',(0.,0.,-1.));
#3911=DIRECTION('',(-0.766044443118978,-0.64278760968654,0.));
#3912=DIRECTION('',(0.,0.,-1.));
#3913=DIRECTION('',(-1.,0.,0.));
#3914=DIRECTION('',(0.,0.,-1.));
#3915=DIRECTION('',(-0.5,-0.866025403784439,0.));
#3916=DIRECTION('',(0.,0.,-1.));
#3917=DIRECTION('',(-0.5,-0.866025403784439,0.));
#3918=DIRECTION('',(0.,0.,-1.));
#3919=DIRECTION('',(-0.5,-0.866025403784439,0.));
#3920=DIRECTION('',(0.,0.,-1.));
#3921=DIRECTION('',(-1.,0.,0.));
#3922=DIRECTION('',(0.,0.,-1.));
#3923=DIRECTION('',(-0.17364817766693,-0.984807753012208,0.));
#3924=DIRECTION('',(0.,0.,-1.));
#3925=DIRECTION('',(-0.17364817766693,-0.984807753012208,0.));
#3926=DIRECTION('',(0.,0.,-1.));
#3927=DIRECTION('',(-0.17364817766693,-0.984807753012208,0.));
#3928=DIRECTION('',(0.,0.,-1.));
#3929=DIRECTION('',(-1.,0.,0.));
#3930=DIRECTION('',(0.,0.,-1.));
#3931=DIRECTION('',(0.17364817766693,-0.984807753012208,0.));
#3932=DIRECTION('',(0.,0.,-1.));
#3933=DIRECTION('',(0.17364817766693,-0.984807753012208,0.));
#3934=DIRECTION('',(0.,0.,-1.));
#3935=DIRECTION('',(0.17364817766693,-0.984807753012208,0.));
#3936=DIRECTION('',(0.,0.,-1.));
#3937=DIRECTION('',(-1.,0.,0.));
#3938=DIRECTION('',(0.,0.,-1.));
#3939=DIRECTION('',(0.5,-0.866025403784438,0.));
#3940=DIRECTION('',(0.,0.,-1.));
#3941=DIRECTION('',(0.5,-0.866025403784438,0.));
#3942=DIRECTION('',(0.,0.,-1.));
#3943=DIRECTION('',(0.5,-0.866025403784438,0.));
#3944=DIRECTION('',(0.,0.,-1.));
#3945=DIRECTION('',(-1.,0.,0.));
#3946=DIRECTION('',(0.,0.,-1.));
#3947=DIRECTION('',(0.766044443118978,-0.642787609686539,0.));
#3948=DIRECTION('',(0.,0.,-1.));
#3949=DIRECTION('',(0.766044443118978,-0.642787609686539,0.));
#3950=DIRECTION('',(0.,0.,-1.));
#3951=DIRECTION('',(0.766044443118978,-0.642787609686539,0.));
#3952=DIRECTION('',(0.,0.,-1.));
#3953=DIRECTION('',(-1.,0.,0.));
#3954=DIRECTION('',(0.,0.,-1.));
#3955=DIRECTION('',(0.939692620785908,-0.342020143325668,0.));
#3956=DIRECTION('',(0.,0.,-1.));
#3957=DIRECTION('',(0.939692620785908,-0.342020143325668,0.));
#3958=DIRECTION('',(0.,0.,-1.));
#3959=DIRECTION('',(0.939692620785908,-0.342020143325668,0.));
#3960=DIRECTION('',(0.,0.,-1.));
#3961=DIRECTION('',(-1.,0.,0.));
#3962=DIRECTION('',(0.,0.,-1.));
#3963=DIRECTION('',(1.,1.22464679914735E-16,0.));
#3964=DIRECTION('',(0.,0.,-1.));
#3965=DIRECTION('',(1.,1.22464679914735E-16,0.));
#3966=DIRECTION('',(0.,0.,-1.));
#3967=DIRECTION('',(1.,1.22464679914735E-16,0.));
#3968=DIRECTION('',(0.,0.,-1.));
#3969=DIRECTION('',(-1.,0.,0.));
#3970=DIRECTION('',(0.,0.,-1.));
#3971=DIRECTION('',(0.939692620785908,0.342020143325669,0.));
#3972=DIRECTION('',(0.,0.,-1.));
#3973=DIRECTION('',(0.939692620785908,0.342020143325669,0.));
#3974=DIRECTION('',(0.,0.,-1.));
#3975=DIRECTION('',(0.939692620785908,0.342020143325669,0.));
#3976=DIRECTION('',(0.,0.,-1.));
#3977=DIRECTION('',(-1.,0.,0.));
#3978=DIRECTION('',(0.,0.,-1.));
#3979=DIRECTION('',(0.766044443118978,0.64278760968654,0.));
#3980=DIRECTION('',(0.,0.,-1.));
#3981=DIRECTION('',(0.766044443118978,0.64278760968654,0.));
#3982=DIRECTION('',(0.,0.,-1.));
#3983=DIRECTION('',(0.766044443118978,0.64278760968654,0.));
#3984=DIRECTION('',(0.,0.,-1.));
#3985=DIRECTION('',(-1.,0.,0.));
#3986=DIRECTION('',(0.,0.,-1.));
#3987=DIRECTION('',(0.5,0.866025403784439,0.));
#3988=DIRECTION('',(0.,0.,-1.));
#3989=DIRECTION('',(0.5,0.866025403784439,0.));
#3990=DIRECTION('',(0.,0.,-1.));
#3991=DIRECTION('',(0.5,0.866025403784439,0.));
#3992=DIRECTION('',(0.,0.,-1.));
#3993=DIRECTION('',(-1.,0.,0.));
#3994=DIRECTION('',(0.,0.,-1.));
#3995=DIRECTION('',(0.17364817766693,0.984807753012208,0.));
#3996=DIRECTION('',(0.,0.,-1.));
#3997=DIRECTION('',(0.17364817766693,0.984807753012208,0.));
#3998=DIRECTION('',(0.,0.,-1.));
#3999=DIRECTION('',(0.17364817766693,0.984807753012208,0.));
#4000=DIRECTION('',(0.,0.,-1.));
#4001=DIRECTION('',(-1.,0.,0.));
#4002=DIRECTION('',(0.,0.,-1.));
#4003=DIRECTION('',(-0.17364817766693,0.984807753012208,0.));
#4004=DIRECTION('',(0.,0.,-1.));
#4005=DIRECTION('',(-0.17364817766693,0.984807753012208,0.));
#4006=DIRECTION('',(0.,0.,1.));
#4007=DIRECTION('',(1.,0.,0.));
#4008=DIRECTION('',(0.,0.,1.));
#4009=DIRECTION('',(1.,0.,0.));
#4010=DIRECTION('',(0.,0.,1.));
#4011=DIRECTION('',(1.,0.,0.));
#4012=DIRECTION('',(0.,0.,1.));
#4013=DIRECTION('',(1.,0.,0.));
#4014=DIRECTION('',(-1.,1.98254111540206E-16,0.));
#4015=DIRECTION('',(0.,0.,1.));
#4016=DIRECTION('',(1.,0.,0.));
#4017=DIRECTION('',(-1.98254111540206E-16,-1.,0.));
#4018=DIRECTION('',(0.,0.,1.));
#4019=DIRECTION('',(1.,0.,0.));
#4020=DIRECTION('',(1.,0.,0.));
#4021=DIRECTION('',(0.,0.,1.));
#4022=DIRECTION('',(1.,0.,0.));
#4023=DIRECTION('',(-1.98254111540206E-16,-1.,0.));
#4024=DIRECTION('',(0.,0.,1.));
#4025=DIRECTION('',(1.,0.,0.));
#4026=DIRECTION('',(1.,0.,0.));
#4027=DIRECTION('',(0.,0.,1.));
#4028=DIRECTION('',(1.,0.,0.));
#4029=DIRECTION('',(-1.98254111540206E-16,-1.,0.));
#4030=DIRECTION('',(0.,0.,1.));
#4031=DIRECTION('',(1.,0.,0.));
#4032=DIRECTION('',(-1.,1.98254111540206E-16,0.));
#4033=DIRECTION('',(0.,0.,1.));
#4034=DIRECTION('',(1.,0.,0.));
#4035=DIRECTION('',(-1.98254111540206E-16,-1.,0.));
#4036=DIRECTION('',(0.,0.,1.));
#4037=DIRECTION('',(1.,0.,0.));
#4038=DIRECTION('',(0.,0.,-1.));
#4039=DIRECTION('',(-1.,0.,0.));
#4040=DIRECTION('',(0.,0.,1.));
#4041=DIRECTION('',(1.,0.,0.));
#4042=DIRECTION('',(0.,0.,1.));
#4043=DIRECTION('',(1.,0.,0.));
#4044=DIRECTION('',(0.,1.,0.));
#4045=DIRECTION('',(0.,0.,1.));
#4046=DIRECTION('',(1.,0.,0.));
#4047=DIRECTION('',(0.,0.,-1.));
#4048=DIRECTION('',(1.,0.,0.));
#4049=DIRECTION('',(0.,0.,-1.));
#4050=DIRECTION('',(0.,1.,0.));
#4051=DIRECTION('',(0.,0.,1.));
#4052=DIRECTION('',(1.,0.,0.));
#4053=DIRECTION('',(0.,0.,-1.));
#4054=DIRECTION('',(1.,0.,0.));
#4055=DIRECTION('',(0.,0.,-1.));
#4056=DIRECTION('',(0.,0.,1.));
#4057=DIRECTION('',(1.,0.,0.));
#4058=DIRECTION('',(-1.98254111540206E-16,-1.,0.));
#4059=DIRECTION('',(-1.98254111540206E-16,-1.,0.));
#4060=DIRECTION('',(-1.98254111540206E-16,-1.,0.));
#4061=DIRECTION('',(0.,0.,-1.));
#4062=DIRECTION('',(-1.,0.,0.));
#4063=DIRECTION('',(1.98254111540206E-16,1.,0.));
#4064=DIRECTION('',(1.98254111540206E-16,1.,0.));
#4065=DIRECTION('',(1.98254111540206E-16,1.,0.));
#4066=DIRECTION('',(0.,0.,1.));
#4067=DIRECTION('',(1.,0.,0.));
#4068=DIRECTION('',(-1.98254111540206E-16,-1.,0.));
#4069=DIRECTION('',(-1.98254111540206E-16,-1.,0.));
#4070=DIRECTION('',(0.,0.,1.));
#4071=DIRECTION('',(1.,0.,0.));
#4072=DIRECTION('',(-3.43509599203328E-16,-1.,0.));
#4073=DIRECTION('',(-1.98254111540206E-16,-1.,0.));
#4074=DIRECTION('',(0.,0.,1.));
#4075=DIRECTION('',(0.17364817766693,-0.984807753012208,0.));
#4076=DIRECTION('',(0.,0.,1.));
#4077=DIRECTION('',(0.,0.,-1.));
#4078=DIRECTION('',(-0.17364817766693,0.984807753012208,0.));
#4079=DIRECTION('',(0.,0.,1.));
#4080=DIRECTION('',(0.,0.,1.));
#4081=DIRECTION('',(0.17364817766693,-0.984807753012208,0.));
#4082=DIRECTION('',(0.,0.,-1.));
#4083=DIRECTION('',(-0.17364817766693,0.984807753012208,0.));
#4084=DIRECTION('',(0.,0.,1.));
#4085=DIRECTION('',(0.,0.,1.));
#4086=DIRECTION('',(0.,0.,1.));
#4087=DIRECTION('',(1.,0.,0.));
#4088=DIRECTION('',(0.,0.,-1.));
#4089=DIRECTION('',(-1.,0.,0.));
#4090=DIRECTION('',(0.,0.,1.));
#4091=DIRECTION('',(0.,0.,1.));
#4092=DIRECTION('',(0.,0.,1.));
#4093=DIRECTION('',(0.5,-0.866025403784439,0.));
#4094=DIRECTION('',(0.,0.,-1.));
#4095=DIRECTION('',(-0.5,0.866025403784439,0.));
#4096=DIRECTION('',(0.,0.,1.));
#4097=DIRECTION('',(0.,0.,1.));
#4098=DIRECTION('',(0.5,-0.866025403784439,0.));
#4099=DIRECTION('',(0.,0.,-1.));
#4100=DIRECTION('',(-0.5,0.866025403784439,0.));
#4101=DIRECTION('',(0.,0.,1.));
#4102=DIRECTION('',(0.,0.,1.));
#4103=DIRECTION('',(0.5,-0.866025403784439,0.));
#4104=DIRECTION('',(0.,0.,-1.));
#4105=DIRECTION('',(-0.5,0.866025403784439,0.));
#4106=DIRECTION('',(0.,0.,1.));
#4107=DIRECTION('',(0.,0.,1.));
#4108=DIRECTION('',(0.,0.,1.));
#4109=DIRECTION('',(1.,0.,0.));
#4110=DIRECTION('',(0.,0.,-1.));
#4111=DIRECTION('',(-1.,0.,0.));
#4112=DIRECTION('',(0.,0.,1.));
#4113=DIRECTION('',(0.,0.,1.));
#4114=DIRECTION('',(0.,0.,1.));
#4115=DIRECTION('',(0.766044443118978,-0.642787609686539,0.));
#4116=DIRECTION('',(0.,0.,-1.));
#4117=DIRECTION('',(-0.766044443118978,0.642787609686539,0.));
#4118=DIRECTION('',(0.,0.,1.));
#4119=DIRECTION('',(0.,0.,1.));
#4120=DIRECTION('',(0.766044443118978,-0.642787609686539,0.));
#4121=DIRECTION('',(0.,0.,-1.));
#4122=DIRECTION('',(-0.766044443118978,0.642787609686539,0.));
#4123=DIRECTION('',(0.,0.,1.));
#4124=DIRECTION('',(0.,0.,1.));
#4125=DIRECTION('',(0.766044443118978,-0.642787609686539,0.));
#4126=DIRECTION('',(0.,0.,-1.));
#4127=DIRECTION('',(-0.766044443118978,0.642787609686539,0.));
#4128=DIRECTION('',(0.,0.,1.));
#4129=DIRECTION('',(0.,0.,1.));
#4130=DIRECTION('',(0.,0.,1.));
#4131=DIRECTION('',(1.,0.,0.));
#4132=DIRECTION('',(0.,0.,-1.));
#4133=DIRECTION('',(-1.,0.,0.));
#4134=DIRECTION('',(0.,0.,1.));
#4135=DIRECTION('',(0.,0.,1.));
#4136=DIRECTION('',(0.,0.,1.));
#4137=DIRECTION('',(0.939692620785908,-0.342020143325668,0.));
#4138=DIRECTION('',(0.,0.,-1.));
#4139=DIRECTION('',(-0.939692620785908,0.342020143325668,0.));
#4140=DIRECTION('',(0.,0.,1.));
#4141=DIRECTION('',(0.,0.,1.));
#4142=DIRECTION('',(0.939692620785908,-0.342020143325668,0.));
#4143=DIRECTION('',(0.,0.,-1.));
#4144=DIRECTION('',(-0.939692620785908,0.342020143325668,0.));
#4145=DIRECTION('',(0.,0.,1.));
#4146=DIRECTION('',(0.,0.,1.));
#4147=DIRECTION('',(0.939692620785908,-0.342020143325668,0.));
#4148=DIRECTION('',(0.,0.,-1.));
#4149=DIRECTION('',(-0.939692620785908,0.342020143325668,0.));
#4150=DIRECTION('',(0.,0.,1.));
#4151=DIRECTION('',(0.,0.,1.));
#4152=DIRECTION('',(0.,0.,1.));
#4153=DIRECTION('',(1.,0.,0.));
#4154=DIRECTION('',(0.,0.,-1.));
#4155=DIRECTION('',(-1.,0.,0.));
#4156=DIRECTION('',(0.,0.,1.));
#4157=DIRECTION('',(0.,0.,1.));
#4158=DIRECTION('',(0.,0.,1.));
#4159=DIRECTION('',(1.,0.,0.));
#4160=DIRECTION('',(0.,0.,-1.));
#4161=DIRECTION('',(-1.,0.,0.));
#4162=DIRECTION('',(0.,0.,1.));
#4163=DIRECTION('',(0.,0.,1.));
#4164=DIRECTION('',(1.,0.,0.));
#4165=DIRECTION('',(0.,0.,-1.));
#4166=DIRECTION('',(-1.,0.,0.));
#4167=DIRECTION('',(0.,0.,1.));
#4168=DIRECTION('',(0.,0.,1.));
#4169=DIRECTION('',(1.,0.,0.));
#4170=DIRECTION('',(0.,0.,-1.));
#4171=DIRECTION('',(-1.,0.,0.));
#4172=DIRECTION('',(0.,0.,1.));
#4173=DIRECTION('',(0.,0.,1.));
#4174=DIRECTION('',(0.,0.,1.));
#4175=DIRECTION('',(1.,0.,0.));
#4176=DIRECTION('',(0.,0.,-1.));
#4177=DIRECTION('',(-1.,0.,0.));
#4178=DIRECTION('',(0.,0.,1.));
#4179=DIRECTION('',(0.,0.,1.));
#4180=DIRECTION('',(0.,0.,1.));
#4181=DIRECTION('',(0.939692620785908,0.342020143325668,0.));
#4182=DIRECTION('',(0.,0.,-1.));
#4183=DIRECTION('',(-0.939692620785908,-0.342020143325668,0.));
#4184=DIRECTION('',(0.,0.,1.));
#4185=DIRECTION('',(0.,0.,1.));
#4186=DIRECTION('',(0.939692620785908,0.342020143325668,0.));
#4187=DIRECTION('',(0.,0.,-1.));
#4188=DIRECTION('',(-0.939692620785908,-0.342020143325668,0.));
#4189=DIRECTION('',(0.,0.,1.));
#4190=DIRECTION('',(0.,0.,1.));
#4191=DIRECTION('',(0.939692620785908,0.342020143325668,0.));
#4192=DIRECTION('',(0.,0.,-1.));
#4193=DIRECTION('',(-0.939692620785908,-0.342020143325668,0.));
#4194=DIRECTION('',(0.,0.,1.));
#4195=DIRECTION('',(0.,0.,1.));
#4196=DIRECTION('',(0.,0.,1.));
#4197=DIRECTION('',(1.,0.,0.));
#4198=DIRECTION('',(0.,0.,-1.));
#4199=DIRECTION('',(-1.,0.,0.));
#4200=DIRECTION('',(0.,0.,1.));
#4201=DIRECTION('',(0.,0.,1.));
#4202=DIRECTION('',(0.,0.,1.));
#4203=DIRECTION('',(0.766044443118978,0.64278760968654,0.));
#4204=DIRECTION('',(0.,0.,-1.));
#4205=DIRECTION('',(-0.766044443118978,-0.64278760968654,0.));
#4206=DIRECTION('',(0.,0.,1.));
#4207=DIRECTION('',(0.,0.,1.));
#4208=DIRECTION('',(0.766044443118978,0.64278760968654,0.));
#4209=DIRECTION('',(0.,0.,-1.));
#4210=DIRECTION('',(-0.766044443118978,-0.64278760968654,0.));
#4211=DIRECTION('',(0.,0.,1.));
#4212=DIRECTION('',(0.,0.,1.));
#4213=DIRECTION('',(0.766044443118978,0.64278760968654,0.));
#4214=DIRECTION('',(0.,0.,-1.));
#4215=DIRECTION('',(-0.766044443118978,-0.64278760968654,0.));
#4216=DIRECTION('',(0.,0.,1.));
#4217=DIRECTION('',(0.,0.,1.));
#4218=DIRECTION('',(0.,0.,1.));
#4219=DIRECTION('',(1.,0.,0.));
#4220=DIRECTION('',(0.,0.,-1.));
#4221=DIRECTION('',(-1.,0.,0.));
#4222=DIRECTION('',(0.,0.,1.));
#4223=DIRECTION('',(0.,0.,1.));
#4224=DIRECTION('',(0.,0.,1.));
#4225=DIRECTION('',(0.5,0.866025403784439,0.));
#4226=DIRECTION('',(0.,0.,-1.));
#4227=DIRECTION('',(-0.5,-0.866025403784439,0.));
#4228=DIRECTION('',(0.,0.,1.));
#4229=DIRECTION('',(0.,0.,1.));
#4230=DIRECTION('',(0.5,0.866025403784439,0.));
#4231=DIRECTION('',(0.,0.,-1.));
#4232=DIRECTION('',(-0.5,-0.866025403784439,0.));
#4233=DIRECTION('',(0.,0.,1.));
#4234=DIRECTION('',(0.,0.,1.));
#4235=DIRECTION('',(0.5,0.866025403784439,0.));
#4236=DIRECTION('',(0.,0.,-1.));
#4237=DIRECTION('',(-0.5,-0.866025403784439,0.));
#4238=DIRECTION('',(0.,0.,1.));
#4239=DIRECTION('',(0.,0.,1.));
#4240=DIRECTION('',(0.,0.,1.));
#4241=DIRECTION('',(1.,0.,0.));
#4242=DIRECTION('',(0.,0.,-1.));
#4243=DIRECTION('',(-1.,0.,0.));
#4244=DIRECTION('',(0.,0.,1.));
#4245=DIRECTION('',(0.,0.,1.));
#4246=DIRECTION('',(0.,0.,1.));
#4247=DIRECTION('',(0.17364817766693,0.984807753012208,0.));
#4248=DIRECTION('',(0.,0.,-1.));
#4249=DIRECTION('',(-0.17364817766693,-0.984807753012208,0.));
#4250=DIRECTION('',(0.,0.,1.));
#4251=DIRECTION('',(0.,0.,1.));
#4252=DIRECTION('',(0.17364817766693,0.984807753012208,0.));
#4253=DIRECTION('',(0.,0.,-1.));
#4254=DIRECTION('',(-0.17364817766693,-0.984807753012208,0.));
#4255=DIRECTION('',(0.,0.,1.));
#4256=DIRECTION('',(0.,0.,1.));
#4257=DIRECTION('',(0.17364817766693,0.984807753012208,0.));
#4258=DIRECTION('',(0.,0.,-1.));
#4259=DIRECTION('',(-0.17364817766693,-0.984807753012208,0.));
#4260=DIRECTION('',(0.,0.,1.));
#4261=DIRECTION('',(0.,0.,1.));
#4262=DIRECTION('',(0.,0.,1.));
#4263=DIRECTION('',(1.,0.,0.));
#4264=DIRECTION('',(0.,0.,-1.));
#4265=DIRECTION('',(-1.,0.,0.));
#4266=DIRECTION('',(0.,0.,1.));
#4267=DIRECTION('',(0.,0.,1.));
#4268=DIRECTION('',(0.,0.,1.));
#4269=DIRECTION('',(-0.17364817766693,0.984807753012208,0.));
#4270=DIRECTION('',(0.,0.,-1.));
#4271=DIRECTION('',(0.17364817766693,-0.984807753012208,0.));
#4272=DIRECTION('',(0.,0.,1.));
#4273=DIRECTION('',(0.,0.,1.));
#4274=DIRECTION('',(-0.17364817766693,0.984807753012208,0.));
#4275=DIRECTION('',(0.,0.,-1.));
#4276=DIRECTION('',(0.17364817766693,-0.984807753012208,0.));
#4277=DIRECTION('',(0.,0.,1.));
#4278=DIRECTION('',(0.,0.,1.));
#4279=DIRECTION('',(-0.17364817766693,0.984807753012208,0.));
#4280=DIRECTION('',(0.,0.,-1.));
#4281=DIRECTION('',(0.17364817766693,-0.984807753012208,0.));
#4282=DIRECTION('',(0.,0.,1.));
#4283=DIRECTION('',(0.,0.,1.));
#4284=DIRECTION('',(0.,0.,1.));
#4285=DIRECTION('',(1.,0.,0.));
#4286=DIRECTION('',(0.,0.,-1.));
#4287=DIRECTION('',(-1.,0.,0.));
#4288=DIRECTION('',(0.,0.,1.));
#4289=DIRECTION('',(0.,0.,1.));
#4290=DIRECTION('',(0.,0.,1.));
#4291=DIRECTION('',(-0.5,0.866025403784438,0.));
#4292=DIRECTION('',(0.,0.,-1.));
#4293=DIRECTION('',(0.5,-0.866025403784438,0.));
#4294=DIRECTION('',(0.,0.,1.));
#4295=DIRECTION('',(0.,0.,1.));
#4296=DIRECTION('',(-0.5,0.866025403784438,0.));
#4297=DIRECTION('',(0.,0.,-1.));
#4298=DIRECTION('',(0.5,-0.866025403784438,0.));
#4299=DIRECTION('',(0.,0.,1.));
#4300=DIRECTION('',(0.,0.,1.));
#4301=DIRECTION('',(-0.5,0.866025403784438,0.));
#4302=DIRECTION('',(0.,0.,-1.));
#4303=DIRECTION('',(0.5,-0.866025403784438,0.));
#4304=DIRECTION('',(0.,0.,1.));
#4305=DIRECTION('',(0.,0.,1.));
#4306=DIRECTION('',(0.,0.,1.));
#4307=DIRECTION('',(1.,0.,0.));
#4308=DIRECTION('',(0.,0.,-1.));
#4309=DIRECTION('',(-1.,0.,0.));
#4310=DIRECTION('',(0.,0.,1.));
#4311=DIRECTION('',(0.,0.,1.));
#4312=DIRECTION('',(0.,0.,1.));
#4313=DIRECTION('',(-0.766044443118978,0.642787609686539,0.));
#4314=DIRECTION('',(0.,0.,-1.));
#4315=DIRECTION('',(0.766044443118978,-0.642787609686539,0.));
#4316=DIRECTION('',(0.,0.,1.));
#4317=DIRECTION('',(0.,0.,1.));
#4318=DIRECTION('',(-0.766044443118978,0.642787609686539,0.));
#4319=DIRECTION('',(0.,0.,-1.));
#4320=DIRECTION('',(0.766044443118978,-0.642787609686539,0.));
#4321=DIRECTION('',(0.,0.,1.));
#4322=DIRECTION('',(0.,0.,1.));
#4323=DIRECTION('',(-0.766044443118978,0.642787609686539,0.));
#4324=DIRECTION('',(0.,0.,-1.));
#4325=DIRECTION('',(0.766044443118978,-0.642787609686539,0.));
#4326=DIRECTION('',(0.,0.,1.));
#4327=DIRECTION('',(0.,0.,1.));
#4328=DIRECTION('',(0.,0.,1.));
#4329=DIRECTION('',(1.,0.,0.));
#4330=DIRECTION('',(0.,0.,-1.));
#4331=DIRECTION('',(-1.,0.,0.));
#4332=DIRECTION('',(0.,0.,1.));
#4333=DIRECTION('',(0.,0.,1.));
#4334=DIRECTION('',(0.,0.,1.));
#4335=DIRECTION('',(-0.939692620785908,0.342020143325668,0.));
#4336=DIRECTION('',(0.,0.,-1.));
#4337=DIRECTION('',(0.939692620785908,-0.342020143325668,0.));
#4338=DIRECTION('',(0.,0.,1.));
#4339=DIRECTION('',(0.,0.,1.));
#4340=DIRECTION('',(-0.939692620785908,0.342020143325668,0.));
#4341=DIRECTION('',(0.,0.,-1.));
#4342=DIRECTION('',(0.939692620785908,-0.342020143325668,0.));
#4343=DIRECTION('',(0.,0.,1.));
#4344=DIRECTION('',(0.,0.,1.));
#4345=DIRECTION('',(-0.939692620785908,0.342020143325668,0.));
#4346=DIRECTION('',(0.,0.,-1.));
#4347=DIRECTION('',(0.939692620785908,-0.342020143325668,0.));
#4348=DIRECTION('',(0.,0.,1.));
#4349=DIRECTION('',(0.,0.,1.));
#4350=DIRECTION('',(0.,0.,1.));
#4351=DIRECTION('',(1.,0.,0.));
#4352=DIRECTION('',(0.,0.,-1.));
#4353=DIRECTION('',(-1.,0.,0.));
#4354=DIRECTION('',(0.,0.,1.));
#4355=DIRECTION('',(0.,0.,1.));
#4356=DIRECTION('',(0.,0.,1.));
#4357=DIRECTION('',(-1.,-1.22464679914735E-16,0.));
#4358=DIRECTION('',(0.,0.,-1.));
#4359=DIRECTION('',(1.,1.22464679914735E-16,0.));
#4360=DIRECTION('',(0.,0.,1.));
#4361=DIRECTION('',(0.,0.,1.));
#4362=DIRECTION('',(-1.,-1.22464679914735E-16,0.));
#4363=DIRECTION('',(0.,0.,-1.));
#4364=DIRECTION('',(1.,1.22464679914735E-16,0.));
#4365=DIRECTION('',(0.,0.,1.));
#4366=DIRECTION('',(0.,0.,1.));
#4367=DIRECTION('',(-1.,-1.22464679914735E-16,0.));
#4368=DIRECTION('',(0.,0.,-1.));
#4369=DIRECTION('',(1.,1.22464679914735E-16,0.));
#4370=DIRECTION('',(0.,0.,1.));
#4371=DIRECTION('',(0.,0.,1.));
#4372=DIRECTION('',(0.,0.,1.));
#4373=DIRECTION('',(1.,0.,0.));
#4374=DIRECTION('',(0.,0.,-1.));
#4375=DIRECTION('',(-1.,0.,0.));
#4376=DIRECTION('',(0.,0.,1.));
#4377=DIRECTION('',(0.,0.,1.));
#4378=DIRECTION('',(0.,0.,1.));
#4379=DIRECTION('',(-0.939692620785908,-0.342020143325669,0.));
#4380=DIRECTION('',(0.,0.,-1.));
#4381=DIRECTION('',(0.939692620785908,0.342020143325669,0.));
#4382=DIRECTION('',(0.,0.,1.));
#4383=DIRECTION('',(0.,0.,1.));
#4384=DIRECTION('',(-0.939692620785908,-0.342020143325669,0.));
#4385=DIRECTION('',(0.,0.,-1.));
#4386=DIRECTION('',(0.939692620785908,0.342020143325669,0.));
#4387=DIRECTION('',(0.,0.,1.));
#4388=DIRECTION('',(0.,0.,1.));
#4389=DIRECTION('',(-0.939692620785908,-0.342020143325669,0.));
#4390=DIRECTION('',(0.,0.,-1.));
#4391=DIRECTION('',(0.939692620785908,0.342020143325669,0.));
#4392=DIRECTION('',(0.,0.,1.));
#4393=DIRECTION('',(0.,0.,1.));
#4394=DIRECTION('',(0.,0.,1.));
#4395=DIRECTION('',(1.,0.,0.));
#4396=DIRECTION('',(0.,0.,-1.));
#4397=DIRECTION('',(-1.,0.,0.));
#4398=DIRECTION('',(0.,0.,1.));
#4399=DIRECTION('',(0.,0.,1.));
#4400=DIRECTION('',(0.,0.,1.));
#4401=DIRECTION('',(-0.766044443118978,-0.64278760968654,0.));
#4402=DIRECTION('',(0.,0.,-1.));
#4403=DIRECTION('',(0.766044443118978,0.64278760968654,0.));
#4404=DIRECTION('',(0.,0.,1.));
#4405=DIRECTION('',(0.,0.,1.));
#4406=DIRECTION('',(-0.766044443118978,-0.64278760968654,0.));
#4407=DIRECTION('',(0.,0.,-1.));
#4408=DIRECTION('',(0.766044443118978,0.64278760968654,0.));
#4409=DIRECTION('',(0.,0.,1.));
#4410=DIRECTION('',(0.,0.,1.));
#4411=DIRECTION('',(-0.766044443118978,-0.64278760968654,0.));
#4412=DIRECTION('',(0.,0.,-1.));
#4413=DIRECTION('',(0.766044443118978,0.64278760968654,0.));
#4414=DIRECTION('',(0.,0.,1.));
#4415=DIRECTION('',(0.,0.,1.));
#4416=DIRECTION('',(0.,0.,1.));
#4417=DIRECTION('',(1.,0.,0.));
#4418=DIRECTION('',(0.,0.,-1.));
#4419=DIRECTION('',(-1.,0.,0.));
#4420=DIRECTION('',(0.,0.,1.));
#4421=DIRECTION('',(0.,0.,1.));
#4422=DIRECTION('',(0.,0.,1.));
#4423=DIRECTION('',(-0.5,-0.866025403784439,0.));
#4424=DIRECTION('',(0.,0.,-1.));
#4425=DIRECTION('',(0.5,0.866025403784439,0.));
#4426=DIRECTION('',(0.,0.,1.));
#4427=DIRECTION('',(0.,0.,1.));
#4428=DIRECTION('',(-0.5,-0.866025403784439,0.));
#4429=DIRECTION('',(0.,0.,-1.));
#4430=DIRECTION('',(0.5,0.866025403784439,0.));
#4431=DIRECTION('',(0.,0.,1.));
#4432=DIRECTION('',(0.,0.,1.));
#4433=DIRECTION('',(-0.5,-0.866025403784439,0.));
#4434=DIRECTION('',(0.,0.,-1.));
#4435=DIRECTION('',(0.5,0.866025403784439,0.));
#4436=DIRECTION('',(0.,0.,1.));
#4437=DIRECTION('',(0.,0.,1.));
#4438=DIRECTION('',(0.,0.,1.));
#4439=DIRECTION('',(1.,0.,0.));
#4440=DIRECTION('',(0.,0.,-1.));
#4441=DIRECTION('',(-1.,0.,0.));
#4442=DIRECTION('',(0.,0.,1.));
#4443=DIRECTION('',(0.,0.,1.));
#4444=DIRECTION('',(0.,0.,1.));
#4445=DIRECTION('',(-0.17364817766693,-0.984807753012208,0.));
#4446=DIRECTION('',(0.,0.,-1.));
#4447=DIRECTION('',(0.17364817766693,0.984807753012208,0.));
#4448=DIRECTION('',(0.,0.,1.));
#4449=DIRECTION('',(0.,0.,1.));
#4450=DIRECTION('',(-0.17364817766693,-0.984807753012208,0.));
#4451=DIRECTION('',(0.,0.,-1.));
#4452=DIRECTION('',(0.17364817766693,0.984807753012208,0.));
#4453=DIRECTION('',(0.,0.,1.));
#4454=DIRECTION('',(0.,0.,1.));
#4455=DIRECTION('',(-0.17364817766693,-0.984807753012208,0.));
#4456=DIRECTION('',(0.,0.,-1.));
#4457=DIRECTION('',(0.17364817766693,0.984807753012208,0.));
#4458=DIRECTION('',(0.,0.,1.));
#4459=DIRECTION('',(0.,0.,1.));
#4460=DIRECTION('',(0.,0.,1.));
#4461=DIRECTION('',(1.,0.,0.));
#4462=DIRECTION('',(0.,0.,-1.));
#4463=DIRECTION('',(-1.,0.,0.));
#4464=DIRECTION('',(0.,0.,1.));
#4465=DIRECTION('',(0.,0.,1.));
#4466=DIRECTION('',(0.,0.,1.));
#4467=DIRECTION('',(0.17364817766693,-0.984807753012208,0.));
#4468=DIRECTION('',(0.,0.,-1.));
#4469=DIRECTION('',(-0.17364817766693,0.984807753012208,0.));
#4470=DIRECTION('',(0.,0.,-1.));
#4471=DIRECTION('',(1.,0.,0.));
#4472=DIRECTION('',(0.,0.,-1.));
#4473=DIRECTION('',(-1.,0.,0.));
#4474=DIRECTION('',(0.,0.,-1.));
#4475=DIRECTION('',(-1.,0.,0.));
#4476=DIRECTION('',(0.,0.,1.));
#4477=DIRECTION('',(1.,0.,0.));
#4478=DIRECTION('',(1.,0.,0.));
#4479=DIRECTION('',(0.,0.,-1.));
#4480=DIRECTION('',(1.,-1.98254111540206E-16,0.));
#4481=DIRECTION('',(1.98254111540206E-16,1.,0.));
#4482=DIRECTION('',(1.,-1.98254111540206E-16,0.));
#4483=DIRECTION('',(1.98254111540206E-16,1.,0.));
#4484=DIRECTION('',(-1.,0.,0.));
#4485=DIRECTION('',(0.,0.,1.));
#4486=DIRECTION('',(1.,-1.98254111540206E-16,0.));
#4487=DIRECTION('',(1.98254111540206E-16,1.,0.));
#4488=DIRECTION('',(1.,-1.98254111540206E-16,0.));
#4489=DIRECTION('',(1.98254111540206E-16,1.,0.));
#4490=DIRECTION('',(0.,0.,1.));
#4491=DIRECTION('',(1.,0.,0.));
#4492=DIRECTION('',(1.98254111540206E-16,1.,0.));
#4493=DIRECTION('',(-1.,1.98254111540206E-16,0.));
#4494=DIRECTION('',(0.,0.,1.));
#4495=DIRECTION('',(-1.,1.98254111540206E-16,0.));
#4496=DIRECTION('',(0.,0.,-1.));
#4497=DIRECTION('',(-1.,1.98254111540206E-16,0.));
#4498=DIRECTION('',(1.98254111540206E-16,1.,0.));
#4499=DIRECTION('',(-1.,1.98254111540206E-16,0.));
#4500=DIRECTION('',(0.,0.,-1.));
#4501=DIRECTION('',(-1.,1.98254111540206E-16,0.));
#4502=DIRECTION('',(0.,0.,1.));
#4503=DIRECTION('',(-1.,1.98254111540206E-16,0.));
#4504=DIRECTION('',(0.,0.,1.));
#4505=DIRECTION('',(1.,0.,0.));
#4506=DIRECTION('',(1.98254111540206E-16,1.,0.));
#4507=DIRECTION('',(-1.,1.98254111540206E-16,0.));
#4508=DIRECTION('',(0.,1.,0.));
#4509=DIRECTION('',(0.,0.,1.));
#4510=DIRECTION('',(0.,-1.,0.));
#4511=DIRECTION('',(0.,0.,-1.));
#4512=DIRECTION('',(1.,-1.98254111540206E-16,0.));
#4513=DIRECTION('',(1.98254111540206E-16,1.,0.));
#4514=DIRECTION('',(0.,0.,-1.));
#4515=DIRECTION('',(-1.,0.,0.));
#4516=DIRECTION('',(0.,0.,1.));
#4517=DIRECTION('',(1.,0.,0.));
#4518=DIRECTION('',(1.,-1.98254111540206E-16,0.));
#4519=DIRECTION('',(1.98254111540206E-16,1.,0.));
#4520=DIRECTION('',(0.,0.,-1.));
#4521=DIRECTION('',(-1.,0.,0.));
#4522=DIRECTION('',(0.,0.,-1.));
#4523=DIRECTION('',(-1.,0.,0.));
#4524=DIRECTION('',(0.,0.,1.));
#4525=DIRECTION('',(1.,0.,0.));
#4526=DIRECTION('',(-1.98254111540206E-16,-1.,0.));
#4527=DIRECTION('',(1.,-1.98254111540206E-16,0.));
#4528=DIRECTION('',(0.,-1.,0.));
#4529=DIRECTION('',(0.,0.,-1.));
#4530=DIRECTION('',(0.,1.,0.));
#4531=DIRECTION('',(0.,0.,1.));
#4532=DIRECTION('',(0.,0.,1.));
#4533=DIRECTION('',(1.,0.,0.));
#4534=DIRECTION('',(0.,0.,1.));
#4535=DIRECTION('',(1.,0.,0.));
#4536=DIRECTION('',(0.,0.,1.));
#4537=DIRECTION('',(1.,0.,0.));
#4538=DIRECTION('',(1.,0.,0.));
#4539=DIRECTION('',(0.,0.,-1.));
#4540=DIRECTION('',(0.,1.,0.));
#4541=DIRECTION('',(0.,0.,1.));
#4542=DIRECTION('',(1.,-1.98254111540206E-16,0.));
#4543=DIRECTION('',(1.98254111540206E-16,1.,0.));
#4544=DIRECTION('',(0.,0.,-1.));
#4545=DIRECTION('',(-1.,0.,0.));
#4546=DIRECTION('',(1.,-1.98254111540206E-16,0.));
#4547=DIRECTION('',(1.98254111540206E-16,1.,0.));
#4548=DIRECTION('',(0.,0.,-1.));
#4549=DIRECTION('',(-1.,0.,0.));
#4550=DIRECTION('',(0.,0.,1.));
#4551=DIRECTION('',(1.,0.,0.));
#4552=DIRECTION('',(0.,-1.,0.));
#4553=DIRECTION('',(0.,0.,-1.));
#4554=DIRECTION('',(1.,0.,0.));
#4555=DIRECTION('',(0.,0.,-1.));
#4556=DIRECTION('',(-1.98254111540206E-16,-1.,0.));
#4557=DIRECTION('',(1.,-1.98254111540206E-16,0.));
#4558=DIRECTION('',(0.,-1.,0.));
#4559=DIRECTION('',(0.,0.,-1.));
#4560=DIRECTION('',(1.,0.,0.));
#4561=DIRECTION('',(0.,0.,-1.));
#4562=DIRECTION('',(-1.,0.,0.));
#4563=DIRECTION('',(0.,0.,1.));
#4564=DIRECTION('',(0.,0.,1.));
#4565=DIRECTION('',(1.,0.,0.));
#4566=DIRECTION('',(0.,0.,1.));
#4567=DIRECTION('',(1.,0.,0.));
#4568=DIRECTION('',(0.,0.,-1.));
#4569=DIRECTION('',(-1.,0.,0.));
#4570=DIRECTION('',(0.,0.,1.));
#4571=DIRECTION('',(1.,0.,0.));
#4572=DIRECTION('',(-1.,0.,0.));
#4573=DIRECTION('',(0.,0.,1.));
#4574=DIRECTION('',(-1.,0.,0.));
#4575=DIRECTION('',(0.,0.,1.));
#4576=DIRECTION('',(-1.98254111540206E-16,-1.,0.));
#4577=DIRECTION('',(1.,-1.98254111540206E-16,0.));
#4578=DIRECTION('',(0.,1.,0.));
#4579=DIRECTION('',(0.,0.,1.));
#4580=DIRECTION('',(0.,0.,1.));
#4581=DIRECTION('',(1.,0.,0.));
#4582=DIRECTION('',(0.,0.,1.));
#4583=DIRECTION('',(1.,0.,0.));
#4584=DIRECTION('',(1.,0.,0.));
#4585=DIRECTION('',(0.,0.,-1.));
#4586=DIRECTION('',(0.,0.,1.));
#4587=DIRECTION('',(1.,0.,0.));
#4588=DIRECTION('',(0.,1.,0.));
#4589=DIRECTION('',(0.,0.,1.));
#4590=DIRECTION('',(0.,0.,1.));
#4591=DIRECTION('',(1.,0.,0.));
#4592=DIRECTION('',(0.,-1.,0.));
#4593=DIRECTION('',(0.,0.,-1.));
#4594=DIRECTION('',(0.,0.,1.));
#4595=DIRECTION('',(1.,0.,0.));
#4596=DIRECTION('',(1.,0.,0.));
#4597=DIRECTION('',(0.,0.,-1.));
#4598=DIRECTION('',(0.,0.,1.));
#4599=DIRECTION('',(1.,0.,0.));
#4600=DIRECTION('',(0.,0.,1.));
#4601=DIRECTION('',(1.,0.,0.));
#4602=DIRECTION('',(0.,0.,1.));
#4603=DIRECTION('',(1.,0.,0.));
#4604=DIRECTION('',(1.,-1.98254111540206E-16,0.));
#4605=DIRECTION('',(1.98254111540206E-16,1.,0.));
#4606=DIRECTION('',(-1.,0.,0.));
#4607=DIRECTION('',(0.,0.,1.));
#4608=DIRECTION('',(1.98254111540206E-16,1.,0.));
#4609=DIRECTION('',(-1.,1.98254111540206E-16,0.));
#4610=DIRECTION('',(0.,-1.,0.));
#4611=DIRECTION('',(0.,0.,-1.));
#4612=DIRECTION('',(1.98254111540206E-16,1.,0.));
#4613=DIRECTION('',(-1.,1.98254111540206E-16,0.));
#4614=DIRECTION('',(0.,1.,0.));
#4615=DIRECTION('',(0.,0.,1.));
#4616=DIRECTION('',(-1.,1.98254111540206E-16,0.));
#4617=DIRECTION('',(-1.98254111540206E-16,-1.,0.));
#4618=DIRECTION('',(-1.,0.,0.));
#4619=DIRECTION('',(0.,0.,1.));
#4620=DIRECTION('',(0.,0.,-1.));
#4621=DIRECTION('',(-1.,0.,0.));
#4622=DIRECTION('',(0.,0.,1.));
#4623=DIRECTION('',(1.,0.,0.));
#4624=DIRECTION('',(1.98254111540206E-16,1.,0.));
#4625=DIRECTION('',(-1.,1.98254111540206E-16,0.));
#4626=DIRECTION('',(0.,-1.,0.));
#4627=DIRECTION('',(0.,0.,-1.));
#4628=DIRECTION('',(0.,1.,0.));
#4629=DIRECTION('',(0.,0.,1.));
#4630=DIRECTION('',(1.,-1.98254111540206E-16,0.));
#4631=DIRECTION('',(1.98254111540206E-16,1.,0.));
#4632=DIRECTION('',(1.,-1.98254111540206E-16,0.));
#4633=DIRECTION('',(1.98254111540206E-16,1.,0.));
#4634=DIRECTION('',(0.,0.,1.));
#4635=DIRECTION('',(1.,0.,0.));
#4636=DIRECTION('',(0.,0.,1.));
#4637=DIRECTION('',(1.,0.,0.));
#4638=DIRECTION('',(0.,0.,1.));
#4639=DIRECTION('',(1.,0.,0.));
#4640=DIRECTION('',(0.,0.,1.));
#4641=DIRECTION('',(1.,0.,0.));
#4642=DIRECTION('',(1.,-1.98254111540206E-16,0.));
#4643=DIRECTION('',(1.98254111540206E-16,1.,0.));
#4644=DIRECTION('',(1.,-1.98254111540206E-16,0.));
#4645=DIRECTION('',(1.98254111540206E-16,1.,0.));
#4646=DIRECTION('',(-1.,1.98254111540206E-16,0.));
#4647=DIRECTION('',(-1.98254111540206E-16,-1.,0.));
#4648=DIRECTION('',(1.,-1.98254111540206E-16,0.));
#4649=DIRECTION('',(1.98254111540206E-16,1.,0.));
#4650=DIRECTION('',(0.,0.,1.));
#4651=DIRECTION('',(1.,0.,0.));
#4652=DIRECTION('',(0.,0.,1.));
#4653=DIRECTION('',(1.,0.,0.));
#4654=DIRECTION('',(0.,0.,-1.));
#4655=DIRECTION('',(-1.,0.,0.));
#4656=DIRECTION('',(0.,0.,1.));
#4657=DIRECTION('',(1.,0.,0.));
#4658=DIRECTION('',(1.,-1.98254111540206E-16,0.));
#4659=DIRECTION('',(1.98254111540206E-16,1.,0.));
#4660=DIRECTION('',(1.,-1.98254111540206E-16,0.));
#4661=DIRECTION('',(1.98254111540206E-16,1.,0.));
#4662=DIRECTION('',(1.,-1.98254111540206E-16,0.));
#4663=DIRECTION('',(1.98254111540206E-16,1.,0.));
#4664=DIRECTION('',(0.,-1.,0.));
#4665=DIRECTION('',(0.,0.,-1.));
#4666=DIRECTION('',(1.,-1.98254111540206E-16,0.));
#4667=DIRECTION('',(1.98254111540206E-16,1.,0.));
#4668=DIRECTION('',(0.,1.,0.));
#4669=DIRECTION('',(0.,0.,1.));
#4670=DIRECTION('',(1.98254111540206E-16,1.,0.));
#4671=DIRECTION('',(-1.,1.98254111540206E-16,0.));
#4672=DIRECTION('',(0.,0.,1.));
#4673=DIRECTION('',(1.,0.,0.));
#4674=DIRECTION('',(1.,-3.43509599203328E-16,0.));
#4675=DIRECTION('',(3.43509599203328E-16,1.,0.));
#4676=DIRECTION('',(3.43509599203328E-16,1.,0.));
#4677=DIRECTION('',(1.,-1.98254111540206E-16,0.));
#4678=DIRECTION('',(1.98254111540206E-16,1.,0.));
#4679=DIRECTION('',(-1.,1.98254111540206E-16,0.));
#4680=DIRECTION('',(-1.98254111540206E-16,-1.,0.));
#4681=DIRECTION('',(-1.,1.98254111540206E-16,0.));
#4682=DIRECTION('',(-1.98254111540206E-16,-1.,0.));
#4683=DIRECTION('',(1.,-1.98254111540206E-16,0.));
#4684=DIRECTION('',(1.98254111540206E-16,1.,0.));
#4685=DIRECTION('',(-1.,1.98254111540206E-16,0.));
#4686=DIRECTION('',(-1.98254111540206E-16,-1.,0.));
#4687=DIRECTION('',(-1.,1.98254111540206E-16,0.));
#4688=DIRECTION('',(-1.98254111540206E-16,-1.,0.));
#4689=DIRECTION('',(-1.,1.98254111540206E-16,0.));
#4690=DIRECTION('',(-1.98254111540206E-16,-1.,0.));
#4691=DIRECTION('',(-1.,1.98254111540206E-16,0.));
#4692=DIRECTION('',(-1.98254111540206E-16,-1.,0.));
#4693=DIRECTION('',(-1.,1.98254111540206E-16,0.));
#4694=DIRECTION('',(-1.98254111540206E-16,-1.,0.));
#4695=DIRECTION('',(-1.,1.98254111540206E-16,0.));
#4696=DIRECTION('',(-1.98254111540206E-16,-1.,0.));
#4697=DIRECTION('',(-1.,1.98254111540206E-16,0.));
#4698=DIRECTION('',(-1.98254111540206E-16,-1.,0.));
#4699=DIRECTION('',(1.,-1.98254111540206E-16,0.));
#4700=DIRECTION('',(1.98254111540206E-16,1.,0.));
#4701=DIRECTION('',(-1.,1.98254111540206E-16,0.));
#4702=DIRECTION('',(-1.98254111540206E-16,-1.,0.));
#4703=DIRECTION('',(-1.,1.98254111540206E-16,0.));
#4704=DIRECTION('',(-1.98254111540206E-16,-1.,0.));
#4705=DIRECTION('',(1.,-1.98254111540206E-16,0.));
#4706=DIRECTION('',(1.98254111540206E-16,1.,0.));
#4707=DIRECTION('',(-1.,1.98254111540206E-16,0.));
#4708=DIRECTION('',(-1.98254111540206E-16,-1.,0.));
#4709=DIRECTION('',(-1.,1.98254111540206E-16,0.));
#4710=DIRECTION('',(-1.98254111540206E-16,-1.,0.));
#4711=DIRECTION('',(-1.,1.98254111540206E-16,0.));
#4712=DIRECTION('',(-1.98254111540206E-16,-1.,0.));
#4713=DIRECTION('',(-1.,1.98254111540206E-16,0.));
#4714=DIRECTION('',(-1.98254111540206E-16,-1.,0.));
#4715=DIRECTION('',(-1.,1.98254111540206E-16,0.));
#4716=DIRECTION('',(-1.98254111540206E-16,-1.,0.));
#4717=DIRECTION('',(-1.,1.98254111540206E-16,0.));
#4718=DIRECTION('',(-1.98254111540206E-16,-1.,0.));
#4719=DIRECTION('',(-1.,1.98254111540206E-16,0.));
#4720=DIRECTION('',(-1.98254111540206E-16,-1.,0.));
#4721=DIRECTION('',(-1.,1.98254111540206E-16,0.));
#4722=DIRECTION('',(-1.98254111540206E-16,-1.,0.));
#4723=DIRECTION('',(1.98254111540206E-16,1.,0.));
#4724=DIRECTION('',(1.,-1.98254111540206E-16,0.));
#4725=DIRECTION('',(1.98254111540206E-16,1.,0.));
#4726=DIRECTION('',(0.707106781186548,0.707106781186547,0.));
#4727=DIRECTION('',(0.707106781186547,-0.707106781186548,0.));
#4728=DIRECTION('',(-0.707106781186547,0.707106781186548,0.));
#4729=DIRECTION('',(0.707106781186548,0.707106781186547,0.));
#4730=DIRECTION('',(1.98254111540206E-16,1.,0.));
#4731=DIRECTION('',(-1.,1.98254111540206E-16,0.));
#4732=DIRECTION('',(-0.707106781186548,-0.707106781186547,0.));
#4733=DIRECTION('',(-0.707106781186547,0.707106781186548,0.));
#4734=DIRECTION('',(3.43509599203328E-16,1.,0.));
#4735=DIRECTION('',(-1.,3.43509599203328E-16,0.));
#4736=DIRECTION('',(-0.707106781186547,0.707106781186548,0.));
#4737=DIRECTION('',(-0.707106781186548,-0.707106781186547,0.));
#4738=DIRECTION('',(-1.,1.98254111540206E-16,0.));
#4739=DIRECTION('',(-1.98254111540206E-16,-1.,0.));
#4740=DIRECTION('',(-1.,1.98254111540206E-16,0.));
#4741=DIRECTION('',(-1.98254111540206E-16,-1.,0.));
#4742=DIRECTION('',(-1.,1.98254111540206E-16,0.));
#4743=DIRECTION('',(-1.98254111540206E-16,-1.,0.));
#4744=DIRECTION('',(-1.,1.98254111540206E-16,0.));
#4745=DIRECTION('',(-1.98254111540206E-16,-1.,0.));
#4746=DIRECTION('',(-1.,1.98254111540206E-16,0.));
#4747=DIRECTION('',(-1.98254111540206E-16,-1.,0.));
#4748=CARTESIAN_POINT('',(0.,0.,0.));
#4749=CARTESIAN_POINT('',(-0.0122,-0.0101,0.11075));
#4750=CARTESIAN_POINT('',(-0.0371,-0.0101,0.379868272954936));
#4751=CARTESIAN_POINT('',(-0.0371,-0.0101,0.142));
#4752=CARTESIAN_POINT('',(-0.0371,-0.0101,0.13085));
#4753=CARTESIAN_POINT('',(-0.0122,-0.0101,0.142));
#4754=CARTESIAN_POINT('',(-0.0241,-0.0101,0.142));
#4755=CARTESIAN_POINT('',(-0.0241,-0.0101,0.11075));
#4756=CARTESIAN_POINT('',(-0.0241,-0.0101,0.09065));
#4757=CARTESIAN_POINT('',(-0.0422,-0.0101,0.09065));
#4758=CARTESIAN_POINT('',(-0.052,-0.0101,0.09065));
#4759=CARTESIAN_POINT('',(-0.052,-0.0101,0.11075));
#4760=CARTESIAN_POINT('',(-0.052,-0.0101,0.0833));
#4761=CARTESIAN_POINT('',(-0.055,-0.0101,0.0833));
#4762=CARTESIAN_POINT('',(-0.055,-0.0101,0.0833));
#4763=CARTESIAN_POINT('',(-0.055,-0.0101,0.11075));
#4764=CARTESIAN_POINT('',(-0.055,-0.0101,0.1382));
#4765=CARTESIAN_POINT('',(-0.055,-0.0101,0.1382));
#4766=CARTESIAN_POINT('',(-0.052,-0.0101,0.1382));
#4767=CARTESIAN_POINT('',(-0.052,-0.0101,0.11075));
#4768=CARTESIAN_POINT('',(-0.052,-0.0101,0.13085));
#4769=CARTESIAN_POINT('',(-0.0422,-0.0101,0.13085));
#4770=CARTESIAN_POINT('',(-0.0122,0.0101,0.11075));
#4771=CARTESIAN_POINT('',(-0.0241,0.0101,0.11075));
#4772=CARTESIAN_POINT('',(-0.0241,0.0101,0.142));
#4773=CARTESIAN_POINT('',(-0.0241,0.0101,0.09065));
#4774=CARTESIAN_POINT('',(-0.0371,0.0101,0.142));
#4775=CARTESIAN_POINT('',(-0.0371,0.0101,0.142));
#4776=CARTESIAN_POINT('',(-0.0371,0.0101,0.379868272954936));
#4777=CARTESIAN_POINT('',(-0.0371,0.0101,0.13085));
#4778=CARTESIAN_POINT('',(-0.0422,0.0101,0.13085));
#4779=CARTESIAN_POINT('',(-0.052,0.0101,0.13085));
#4780=CARTESIAN_POINT('',(-0.052,0.0101,0.11075));
#4781=CARTESIAN_POINT('',(-0.052,0.0101,0.1382));
#4782=CARTESIAN_POINT('',(-0.055,0.0101,0.1382));
#4783=CARTESIAN_POINT('',(-0.055,0.0101,0.1382));
#4784=CARTESIAN_POINT('',(-0.055,0.0101,0.11075));
#4785=CARTESIAN_POINT('',(-0.055,0.0101,0.0833));
#4786=CARTESIAN_POINT('',(-0.055,0.0101,0.0833));
#4787=CARTESIAN_POINT('',(-0.052,0.0101,0.0833));
#4788=CARTESIAN_POINT('',(-0.052,0.0101,0.11075));
#4789=CARTESIAN_POINT('',(-0.052,0.0101,0.09065));
#4790=CARTESIAN_POINT('',(-0.0422,0.0101,0.09065));
#4791=CARTESIAN_POINT('',(0.,0.,0.143));
#4792=CARTESIAN_POINT('',(-0.0231,4.57966997657877E-18,0.143));
#4793=CARTESIAN_POINT('',(-0.0231,0.0111,0.143));
#4794=CARTESIAN_POINT('',(-0.0231,-0.0111,0.143));
#4795=CARTESIAN_POINT('',(-2.20062063809629E-18,-0.0111,0.143));
#4796=CARTESIAN_POINT('',(-0.0381,-0.0111,0.143));
#4797=CARTESIAN_POINT('',(-0.0381,1.30877157296468E-17,0.143));
#4798=CARTESIAN_POINT('',(-0.0381,0.0111,0.143));
#4799=CARTESIAN_POINT('',(-0.0241,0.0111,0.143));
#4800=CARTESIAN_POINT('',(0.025,-0.015,0.143));
#4801=CARTESIAN_POINT('',(-0.053,-0.015,0.143));
#4802=CARTESIAN_POINT('',(0.004,-0.015,0.143));
#4803=CARTESIAN_POINT('',(0.004,-7.93016446160827E-19,0.143));
#4804=CARTESIAN_POINT('',(0.004,-0.00574456264653803,0.143));
#4805=CARTESIAN_POINT('',(0.,-3.06161699786838E-19,0.143));
#4806=CARTESIAN_POINT('',(0.004,0.00574456264653802,0.143));
#4807=CARTESIAN_POINT('',(0.004,-7.93016446160827E-19,0.143));
#4808=CARTESIAN_POINT('',(0.004,0.015,0.143));
#4809=CARTESIAN_POINT('',(0.,0.015,0.143));
#4810=CARTESIAN_POINT('',(-0.053,0.015,0.143));
#4811=CARTESIAN_POINT('',(-0.053,-0.015,0.143));
#4812=CARTESIAN_POINT('',(0.006,3.76682811926392E-18,0.143));
#4813=CARTESIAN_POINT('',(0.006,-0.023,0.0763));
#4814=CARTESIAN_POINT('',(0.006,-0.023,0.0803));
#4815=CARTESIAN_POINT('',(0.006,-0.027,0.0763));
#4816=CARTESIAN_POINT('',(0.006,0.025,0.0803));
#4817=CARTESIAN_POINT('',(0.006,0.023,0.0803));
#4818=CARTESIAN_POINT('',(0.006,0.023,0.0763));
#4819=CARTESIAN_POINT('',(0.006,0.027,0.0763));
#4820=CARTESIAN_POINT('',(0.006,0.027,0.003));
#4821=CARTESIAN_POINT('',(0.006,0.027,0.005));
#4822=CARTESIAN_POINT('',(0.006,0.035,0.005));
#4823=CARTESIAN_POINT('',(0.006,0.033,0.005));
#4824=CARTESIAN_POINT('',(0.006,0.033,0.143));
#4825=CARTESIAN_POINT('',(0.006,0.033,0.123));
#4826=CARTESIAN_POINT('',(0.006,0.015,0.123));
#4827=CARTESIAN_POINT('',(0.006,0.015,0.141));
#4828=CARTESIAN_POINT('',(0.006,3.76682811926392E-18,0.141));
#4829=CARTESIAN_POINT('',(0.006,-0.015,0.141));
#4830=CARTESIAN_POINT('',(0.006,-0.015,0.123));
#4831=CARTESIAN_POINT('',(0.006,-0.033,0.123));
#4832=CARTESIAN_POINT('',(0.006,-0.033,0.003));
#4833=CARTESIAN_POINT('',(0.006,-0.033,0.005));
#4834=CARTESIAN_POINT('',(0.006,-0.025,0.005));
#4835=CARTESIAN_POINT('',(0.006,-0.027,0.005));
#4836=CARTESIAN_POINT('',(0.006,-0.027,0.143));
#4837=CARTESIAN_POINT('',(-0.055,5.9476233462062E-18,0.143));
#4838=CARTESIAN_POINT('',(-0.055,4.21289987022939E-18,0.0833));
#4839=CARTESIAN_POINT('',(-0.055,0.005,0.1382));
#4840=CARTESIAN_POINT('',(-0.055,0.023,0.0763));
#4841=CARTESIAN_POINT('',(-0.055,0.023,0.0803));
#4842=CARTESIAN_POINT('',(-0.055,0.027,0.0763));
#4843=CARTESIAN_POINT('',(-0.055,5.9476233462062E-18,0.0803));
#4844=CARTESIAN_POINT('',(-0.055,-0.023,0.0803));
#4845=CARTESIAN_POINT('',(-0.055,-0.023,0.0763));
#4846=CARTESIAN_POINT('',(-0.055,-0.027,0.0763));
#4847=CARTESIAN_POINT('',(-0.055,-0.027,0.003));
#4848=CARTESIAN_POINT('',(-0.055,-0.027,0.005));
#4849=CARTESIAN_POINT('',(-0.055,5.9476233462062E-18,0.005));
#4850=CARTESIAN_POINT('',(-0.055,-0.033,0.005));
#4851=CARTESIAN_POINT('',(-0.055,-0.033,0.143));
#4852=CARTESIAN_POINT('',(-0.055,-0.033,0.123));
#4853=CARTESIAN_POINT('',(-0.055,-0.015,0.123));
#4854=CARTESIAN_POINT('',(-0.055,-0.015,0.141));
#4855=CARTESIAN_POINT('',(-0.055,0.015,0.141));
#4856=CARTESIAN_POINT('',(-0.055,0.015,0.141));
#4857=CARTESIAN_POINT('',(-0.055,0.015,0.123));
#4858=CARTESIAN_POINT('',(-0.055,0.033,0.123));
#4859=CARTESIAN_POINT('',(-0.055,0.033,0.003));
#4860=CARTESIAN_POINT('',(-0.055,0.033,0.005));
#4861=CARTESIAN_POINT('',(-0.055,5.9476233462062E-18,0.005));
#4862=CARTESIAN_POINT('',(-0.055,0.027,0.005));
#4863=CARTESIAN_POINT('',(-0.055,0.027,0.143));
#4864=CARTESIAN_POINT('',(0.194245791972181,0.02005,0.0783));
#4865=CARTESIAN_POINT('',(-0.053,0.02005,0.0783));
#4866=CARTESIAN_POINT('',(-0.053,-0.023,0.0783));
#4867=CARTESIAN_POINT('',(-0.053,0.023,0.0783));
#4868=CARTESIAN_POINT('',(0.006,0.023,0.0783));
#4869=CARTESIAN_POINT('',(0.004,0.023,0.0783));
#4870=CARTESIAN_POINT('',(0.004,-0.025,0.0783));
#4871=CARTESIAN_POINT('',(0.004,0.00574456264653803,0.0783));
#4872=CARTESIAN_POINT('',(0.,-3.06161699786838E-19,0.0783));
#4873=CARTESIAN_POINT('',(0.004,-0.00574456264653803,0.0783));
#4874=CARTESIAN_POINT('',(0.004,-0.025,0.0783));
#4875=CARTESIAN_POINT('',(0.004,-0.023,0.0783));
#4876=CARTESIAN_POINT('',(0.194245791972181,-0.023,0.0783));
#4877=CARTESIAN_POINT('',(0.,0.,0.));
#4878=CARTESIAN_POINT('',(0.0024098183149817,-0.012007030333412,0.));
#4879=CARTESIAN_POINT('',(0.00301219487451968,-0.0118541704757024,0.));
#4880=CARTESIAN_POINT('',(0.00228752777853518,-0.0113977121240374,0.));
#4881=CARTESIAN_POINT('',(0.00286329290908744,-0.0112668619729173,0.));
#4882=CARTESIAN_POINT('',(0.00298765704318809,-0.0117575726210219,0.));
#4883=CARTESIAN_POINT('',(0.00312254276666903,-0.0122897989036881,0.));
#4884=CARTESIAN_POINT('',(0.0031271018646528,-0.0123039384445304,0.));
#4885=CARTESIAN_POINT('',(0.00313129675183793,-0.0123178138845409,0.));
#4886=CARTESIAN_POINT('',(0.00313670080376979,-0.0123340568258219,0.));
#4887=CARTESIAN_POINT('',(0.0031443433630797,-0.012355790893932,0.));
#4888=CARTESIAN_POINT('',(0.00315412881483646,-0.0123818589449179,0.));
#4889=CARTESIAN_POINT('',(0.00316633345888205,-0.0124125226469711,0.));
#4890=CARTESIAN_POINT('',(0.0031811130052266,-0.0124475881646246,0.));
#4891=CARTESIAN_POINT('',(0.00319865694699238,-0.012486994523023,0.));
#4892=CARTESIAN_POINT('',(0.00321914116811665,-0.0125306338192755,0.));
#4893=CARTESIAN_POINT('',(0.00324274192829152,-0.0125784050948596,0.));
#4894=CARTESIAN_POINT('',(0.00326963154005571,-0.0126301985031163,0.));
#4895=CARTESIAN_POINT('',(0.0032999794431316,-0.0126859000199118,0.));
#4896=CARTESIAN_POINT('',(0.00333395171074661,-0.0127453901801879,0.));
#4897=CARTESIAN_POINT('',(0.00337171101248873,-0.0128085445478952,0.));
#4898=CARTESIAN_POINT('',(0.00341341644939527,-0.0128752336945615,0.));
#4899=CARTESIAN_POINT('',(0.00345922342859434,-0.0129453233232146,0.));
#4900=CARTESIAN_POINT('',(0.00350928352983609,-0.0130186743557878,0.));
#4901=CARTESIAN_POINT('',(0.00356374437740285,-0.01309514303535,0.));
#4902=CARTESIAN_POINT('',(0.00362274951394967,-0.0131745810284129,0.));
#4903=CARTESIAN_POINT('',(0.00368643827618759,-0.0132568355315902,0.));
#4904=CARTESIAN_POINT('',(0.00375494567693724,-0.0133417493802827,0.));
#4905=CARTESIAN_POINT('',(0.00382840227528298,-0.0134291611638632,0.));
#4906=CARTESIAN_POINT('',(0.00390693410604489,-0.0135189053308473,0.));
#4907=CARTESIAN_POINT('',(0.0039906623941312,-0.0136108123470668,0.));
#4908=CARTESIAN_POINT('',(0.00407970411119067,-0.013704708663864,0.));
#4909=CARTESIAN_POINT('',(0.00417416930718659,-0.0138004174306301,0.));
#4910=CARTESIAN_POINT('',(0.00427417084529054,-0.0138977563613981,0.));
#4911=CARTESIAN_POINT('',(0.00437978655681307,-0.013996546535085,0.));
#4912=CARTESIAN_POINT('',(0.00449120380685595,-0.0140965792947258,0.));
#4913=CARTESIAN_POINT('',(0.00459018137884742,-0.0141821885575498,0.));
#4914=CARTESIAN_POINT('',(0.00465280313395828,-0.0142342318588044,0.));
#4915=CARTESIAN_POINT('',(0.00467526929137046,-0.0142527841860167,0.));
#4916=CARTESIAN_POINT('',(0.00467526929137046,-0.0142527841860167,0.));
#4917=CARTESIAN_POINT('',(0.,3.42288780361685E-18,0.));
#4918=CARTESIAN_POINT('',(0.00558004901756866,-0.013923471297113,0.));
#4919=CARTESIAN_POINT('',(0.00504878965421127,-0.0104714062106065,0.));
#4920=CARTESIAN_POINT('',(0.00526894392490305,-0.0109272521002557,0.));
#4921=CARTESIAN_POINT('',(0.00550772392602178,-0.0114216639583512,0.));
#4922=CARTESIAN_POINT('',(0.00551332017600574,-0.0114354260067369,0.));
#4923=CARTESIAN_POINT('',(0.00551902566690575,-0.0114487516319594,0.));
#4924=CARTESIAN_POINT('',(0.00552532668435336,-0.0114646681044916,0.));
#4925=CARTESIAN_POINT('',(0.00553344253395202,-0.0114862299090244,0.));
#4926=CARTESIAN_POINT('',(0.00554270266319278,-0.0115124891617695,0.));
#4927=CARTESIAN_POINT('',(0.0055530636111883,-0.011543823914306,0.));
#4928=CARTESIAN_POINT('',(0.00556428150211416,-0.0115801857685166,0.));
#4929=CARTESIAN_POINT('',(0.00557617198193545,-0.0116216498187833,0.));
#4930=CARTESIAN_POINT('',(0.00558853095709816,-0.011668246462712,0.));
#4931=CARTESIAN_POINT('',(0.00560115850995719,-0.0117200116591335,0.));
#4932=CARTESIAN_POINT('',(0.00561385203337842,-0.01177697202099,0.));
#4933=CARTESIAN_POINT('',(0.00562640843570371,-0.0118391491144816,0.));
#4934=CARTESIAN_POINT('',(0.00563862370680085,-0.0119065581738773,0.));
#4935=CARTESIAN_POINT('',(0.00565029324858506,-0.0119792084376284,0.));
#4936=CARTESIAN_POINT('',(0.00566121198757263,-0.0120571030259486,0.));
#4937=CARTESIAN_POINT('',(0.00567117455056689,-0.0121402389551649,0.));
#4938=CARTESIAN_POINT('',(0.00567997542308439,-0.0122286071188824,0.));
#4939=CARTESIAN_POINT('',(0.00568740911319002,-0.0123221922839627,0.));
#4940=CARTESIAN_POINT('',(0.00569327031390201,-0.0124209730878012,0.));
#4941=CARTESIAN_POINT('',(0.00569735406698385,-0.0125249220401245,0.));
#4942=CARTESIAN_POINT('',(0.00569945592315743,-0.012634005530433,0.));
#4943=CARTESIAN_POINT('',(0.00569937211561034,-0.0127481838327742,0.));
#4944=CARTESIAN_POINT('',(0.00569689968162623,-0.0128674111409745,0.));
#4945=CARTESIAN_POINT('',(0.00569183678307507,-0.0129916355061953,0.));
#4946=CARTESIAN_POINT('',(0.0056839822595483,-0.0131207991703781,0.));
#4947=CARTESIAN_POINT('',(0.00567313813050308,-0.0132548373968498,0.));
#4948=CARTESIAN_POINT('',(0.00565910076657302,-0.0133936830935066,0.));
#4949=CARTESIAN_POINT('',(0.00564169553725988,-0.0135372492278492,0.));
#4950=CARTESIAN_POINT('',(0.00562064479045674,-0.0136854963953347,0.));
#4951=CARTESIAN_POINT('',(0.00559985214485699,-0.0138146984523136,0.));
#4952=CARTESIAN_POINT('',(0.00558533388654956,-0.0138948184223233,0.));
#4953=CARTESIAN_POINT('',(0.00558004901756866,-0.013923471297113,0.));
#4954=CARTESIAN_POINT('',(0.00531223875967623,-0.0110170229639994,0.));
#4955=CARTESIAN_POINT('',(0.0058719423983296,-0.0107469202197372,0.));
#4956=CARTESIAN_POINT('',(0.00557396018887814,-0.0102015485497448,0.));
#4957=CARTESIAN_POINT('',(1.61582158146434E-16,-2.68267544260658E-16,0.));
#4958=CARTESIAN_POINT('',(0.00604782010758028,-0.00992796539812401,0.));
#4959=CARTESIAN_POINT('',(0.00637113472357226,-0.0104587113963809,0.));
#4960=CARTESIAN_POINT('',(0.00688490238106192,-0.0101090451988477,0.));
#4961=CARTESIAN_POINT('',(0.00654410896462579,-0.00960808320421427,0.));
#4962=CARTESIAN_POINT('',(0.00682880594992676,-0.0100266653402096,0.));
#4963=CARTESIAN_POINT('',(0.00713758917841036,-0.0104806608161418,0.));
#4964=CARTESIAN_POINT('',(0.00714670933692857,-0.0104923883349867,0.));
#4965=CARTESIAN_POINT('',(0.00715539692144256,-0.0105039922476584,0.));
#4966=CARTESIAN_POINT('',(0.00716603048227027,-0.0105174073251039,0.));
#4967=CARTESIAN_POINT('',(0.00718064562794776,-0.010535216759296,0.));
#4968=CARTESIAN_POINT('',(0.00719875674328906,-0.0105563658928334,0.));
#4969=CARTESIAN_POINT('',(0.00722071296100915,-0.010581006113273,0.));
#4970=CARTESIAN_POINT('',(0.00724659430502132,-0.010608902018897,0.));
#4971=CARTESIAN_POINT('',(0.00727655798598549,-0.0106399315016188,0.));
#4972=CARTESIAN_POINT('',(0.00731073237577744,-0.0106739330100388,0.));
#4973=CARTESIAN_POINT('',(0.00734924857448082,-0.010710751389813,0.));
#4974=CARTESIAN_POINT('',(0.0073922309331467,-0.0107502244844876,0.));
#4975=CARTESIAN_POINT('',(0.0074397996744813,-0.0107921871946273,0.));
#4976=CARTESIAN_POINT('',(0.00749206999681459,-0.0108364704594094,0.));
#4977=CARTESIAN_POINT('',(0.00754915219992257,-0.0108829017109205,0.));
#4978=CARTESIAN_POINT('',(0.00761115152273138,-0.0109313049104212,0.));
#4979=CARTESIAN_POINT('',(0.00767816806790283,-0.0109815007076692,0.));
#4980=CARTESIAN_POINT('',(0.00775029670630925,-0.0110333065687036,0.));
#4981=CARTESIAN_POINT('',(0.00782762699163328,-0.011086536915719,0.));
#4982=CARTESIAN_POINT('',(0.00791024307680765,-0.0111410032663515,0.));
#4983=CARTESIAN_POINT('',(0.0079982236336755,-0.0111965143764248,0.));
#4984=CARTESIAN_POINT('',(0.00809164177932933,-0.0112528763824205,0.));
#4985=CARTESIAN_POINT('',(0.00819056499349138,-0.0113098929541263,0.));
#4986=CARTESIAN_POINT('',(0.0082950550882097,-0.011367365417587,0.));
#4987=CARTESIAN_POINT('',(0.0084051679935355,-0.0114250930014353,0.));
#4988=CARTESIAN_POINT('',(0.0085209542697271,-0.0114828726166179,0.));
#4989=CARTESIAN_POINT('',(0.00864245684345242,-0.0115405004386187,0.));
#4990=CARTESIAN_POINT('',(0.00876971942592838,-0.0115977665731815,0.));
#4991=CARTESIAN_POINT('',(0.00890275396004875,-0.0116544762696089,0.));
#4992=CARTESIAN_POINT('',(0.00904166514653188,-0.0117103693718516,0.));
#4993=CARTESIAN_POINT('',(0.00916395373289666,-0.0117569634410397,0.));
#4994=CARTESIAN_POINT('',(0.00924059879142922,-0.0117844502455316,0.));
#4995=CARTESIAN_POINT('',(0.00926805534337905,-0.0117941998521334,0.));
#4996=CARTESIAN_POINT('',(0.00926805534337905,-0.0117941998521334,0.));
#4997=CARTESIAN_POINT('',(0.,3.42288780361685E-18,0.));
#4998=CARTESIAN_POINT('',(0.0100056385340624,-0.0111752940688684,0.));
#4999=CARTESIAN_POINT('',(0.00832574223493551,-0.00811311538420421,0.));
#5000=CARTESIAN_POINT('',(0.0086885280550513,-0.00846617320770732,0.));
#5001=CARTESIAN_POINT('',(0.00908200667466155,-0.00884910081218278,0.));
#5002=CARTESIAN_POINT('',(0.0090919723272369,-0.00886011887727619,0.));
#5003=CARTESIAN_POINT('',(0.00910189136718211,-0.00887068947614977,0.));
#5004=CARTESIAN_POINT('',(0.00911325614099777,-0.00888349099304668,0.));
#5005=CARTESIAN_POINT('',(0.0091282571164537,-0.00890097667761401,0.));
#5006=CARTESIAN_POINT('',(0.00914593998495629,-0.00892248515291583,0.));
#5007=CARTESIAN_POINT('',(0.0091663932078856,-0.00894838653573004,0.));
#5008=CARTESIAN_POINT('',(0.00918937106379812,-0.00897871875714758,0.));
#5009=CARTESIAN_POINT('',(0.00921472600035888,-0.00901361543559847,0.));
#5010=CARTESIAN_POINT('',(0.00924227662895473,-0.0090531749395951,0.));
#5011=CARTESIAN_POINT('',(0.0092718473870943,-0.0090974994352472,0.));
#5012=CARTESIAN_POINT('',(0.00930325698851106,-0.00914668322626122,0.));
#5013=CARTESIAN_POINT('',(0.00933632196554733,-0.00920081603967429,0.));
#5014=CARTESIAN_POINT('',(0.00937085582181417,-0.0092599819665911,0.));
#5015=CARTESIAN_POINT('',(0.00940666945773754,-0.00932425966498257,0.));
#5016=CARTESIAN_POINT('',(0.009443571234454,-0.00939372220615273,0.));
#5017=CARTESIAN_POINT('',(0.00948136714380992,-0.00946843702813632,0.));
#5018=CARTESIAN_POINT('',(0.00951986095079119,-0.00954846586381427,0.));
#5019=CARTESIAN_POINT('',(0.00955885434610256,-0.00963386468109983,0.));
#5020=CARTESIAN_POINT('',(0.00959814709784722,-0.00972468362483457,0.));
#5021=CARTESIAN_POINT('',(0.00963753720605551,-0.00982096696245685,0.));
#5022=CARTESIAN_POINT('',(0.00967682105578154,-0.00992275303619957,0.));
#5023=CARTESIAN_POINT('',(0.00971579358177941,-0.0100300742082328,0.));
#5024=CARTESIAN_POINT('',(0.00975424839484816,-0.0101429568521703,0.));
#5025=CARTESIAN_POINT('',(0.0097919780616372,-0.0102614211847783,0.));
#5026=CARTESIAN_POINT('',(0.00982877379877559,-0.0103854817321469,0.));
#5027=CARTESIAN_POINT('',(0.00986442742416192,-0.0105151453750359,0.));
#5028=CARTESIAN_POINT('',(0.00989872464193226,-0.0106504187128354,0.));
#5029=CARTESIAN_POINT('',(0.00993147158622818,-0.0107912796888962,0.));
#5030=CARTESIAN_POINT('',(0.00996239387226627,-0.0109377862376735,0.));
#5031=CARTESIAN_POINT('',(0.00998704488267544,-0.0110663079608351,0.));
#5032=CARTESIAN_POINT('',(0.0100008048261033,-0.0111465616422179,0.));
#5033=CARTESIAN_POINT('',(0.0100056385340624,-0.0111752940688684,0.));
#5034=CARTESIAN_POINT('',(0.0087599153354899,-0.00853572252033451,0.));
#5035=CARTESIAN_POINT('',(0.00919348413525427,-0.00809047904598514,0.));
#5036=CARTESIAN_POINT('',(0.00872694435517072,-0.00767991323009274,0.));
#5037=CARTESIAN_POINT('',(2.43590465598521E-16,-1.96824678849983E-16,0.));
#5038=CARTESIAN_POINT('',(0.00907865607533248,-0.0072607595240325,0.));
#5039=CARTESIAN_POINT('',(0.00956399825656573,-0.00764891751080534,0.));
#5040=CARTESIAN_POINT('',(0.00992718905011076,-0.00714461987739433,0.));
#5041=CARTESIAN_POINT('',(0.00943560889826808,-0.00679042780087708,0.));
#5042=CARTESIAN_POINT('',(0.00984630007666207,-0.00708639424154763,0.));
#5043=CARTESIAN_POINT('',(0.0102917369956381,-0.00740740035608882,0.));
#5044=CARTESIAN_POINT('',(0.0103043181889743,-0.00741530134108396,0.));
#5045=CARTESIAN_POINT('',(0.0103164506199096,-0.0074232341232932,0.));
#5046=CARTESIAN_POINT('',(0.0103310311252627,-0.00743220328057757,0.));
#5047=CARTESIAN_POINT('',(0.0103508560550425,-0.00744394000024894,0.));
#5048=CARTESIAN_POINT('',(0.0103751083661666,-0.00745761931870523,0.));
#5049=CARTESIAN_POINT('',(0.0104041679136649,-0.00747326408329535,0.));
#5050=CARTESIAN_POINT('',(0.0104380293832888,-0.00749062571897186,0.));
#5051=CARTESIAN_POINT('',(0.0104767987413103,-0.00750953571245441,0.));
#5052=CARTESIAN_POINT('',(0.0105205413640007,-0.00752979834931753,0.));
#5053=CARTESIAN_POINT('',(0.0105693273792304,-0.00755122299329984,0.));
#5054=CARTESIAN_POINT('',(0.0106232181779909,-0.00757361473661375,0.));
#5055=CARTESIAN_POINT('',(0.0106822702653393,-0.00759677731795108,0.));
#5056=CARTESIAN_POINT('',(0.0107465340700897,-0.00762051247195499,0.));
#5057=CARTESIAN_POINT('',(0.0108160542184251,-0.00764462031308558,0.));
#5058=CARTESIAN_POINT('',(0.0108908693937929,-0.00766889942520556,0.));
#5059=CARTESIAN_POINT('',(0.0109710123205302,-0.00769314703708926,0.));
#5060=CARTESIAN_POINT('',(0.0110565097178042,-0.00771715917517109,0.));
#5061=CARTESIAN_POINT('',(0.0111473822672019,-0.00774073082419344,0.));
#5062=CARTESIAN_POINT('',(0.0112436445818483,-0.0077636560866716,0.));
#5063=CARTESIAN_POINT('',(0.011345305179733,-0.00778572834450931,0.));
#5064=CARTESIAN_POINT('',(0.0114523664632202,-0.00780674041807038,0.));
#5065=CARTESIAN_POINT('',(0.0115648246936195,-0.00782648473787891,0.));
#5066=CARTESIAN_POINT('',(0.0116826700047616,-0.00784475347051966,0.));
#5067=CARTESIAN_POINT('',(0.0118058862858512,-0.00786133882341618,0.));
#5068=CARTESIAN_POINT('',(0.0119344515874428,-0.00787603266265693,0.));
#5069=CARTESIAN_POINT('',(0.0120683365353192,-0.00788862877406306,0.));
#5070=CARTESIAN_POINT('',(0.0122075104165249,-0.00789891497143423,0.));
#5071=CARTESIAN_POINT('',(0.0123519178450476,-0.00790670416426697,0.));
#5072=CARTESIAN_POINT('',(0.0125015682287703,-0.00791171607608669,0.));
#5073=CARTESIAN_POINT('',(0.0126324180212055,-0.00791367501923961,0.));
#5074=CARTESIAN_POINT('',(0.0127138418579402,-0.00791329001268514,0.));
#5075=CARTESIAN_POINT('',(0.0127429771390469,-0.00791306095223126,0.));
#5076=CARTESIAN_POINT('',(0.0127429771390469,-0.00791306095223126,0.));
#5077=CARTESIAN_POINT('',(0.,3.42288780361685E-18,0.));
#5078=CARTESIAN_POINT('',(0.0132244003758504,-0.00707921144614336,0.));
#5079=CARTESIAN_POINT('',(0.0105984874272577,-0.00477626310563611,0.));
#5080=CARTESIAN_POINT('',(0.011060147472743,-0.00498394887890019,0.));
#5081=CARTESIAN_POINT('',(0.0115608653821939,-0.00520920550924632,0.));
#5082=CARTESIAN_POINT('',(0.0115739984325827,-0.00521615064978778,0.));
#5083=CARTESIAN_POINT('',(0.0115869346389662,-0.00522269125208286,0.));
#5084=CARTESIAN_POINT('',(0.0116019924097016,-0.00523083376147646,0.));
#5085=CARTESIAN_POINT('',(0.011622069171984,-0.00524213429445831,0.));
#5086=CARTESIAN_POINT('',(0.0116460419648356,-0.00525629775276412,0.));
#5087=CARTESIAN_POINT('',(0.011674120502156,-0.00527364167682503,0.));
#5088=CARTESIAN_POINT('',(0.0117060868545151,-0.00529428575189062,0.));
#5089=CARTESIAN_POINT('',(0.0117418480682671,-0.00531840600408433,0.));
#5090=CARTESIAN_POINT('',(0.0117812673378835,-0.00534615690813085,0.));
#5091=CARTESIAN_POINT('',(0.0118242146314541,-0.00537769451467805,0.));
#5092=CARTESIAN_POINT('',(0.0118705518493791,-0.00541316944377784,0.));
#5093=CARTESIAN_POINT('',(0.0119201372769087,-0.00545272876089947,0.));
#5094=CARTESIAN_POINT('',(0.011972824425614,-0.00549651527135519,0.));
#5095=CARTESIAN_POINT('',(0.0120284625026312,-0.00554466756532323,0.));
#5096=CARTESIAN_POINT('',(0.0120868964181924,-0.00559731985172032,0.));
#5097=CARTESIAN_POINT('',(0.0121479669294334,-0.0056546018562666,0.));
#5098=CARTESIAN_POINT('',(0.0122115107496484,-0.00571663870522237,0.));
#5099=CARTESIAN_POINT('',(0.0122773606712097,-0.00578355081699632,0.));
#5100=CARTESIAN_POINT('',(0.0123453456882274,-0.00585545379566805,0.));
#5101=CARTESIAN_POINT('',(0.0124152911231761,-0.00593245832708133,0.));
#5102=CARTESIAN_POINT('',(0.0124870187544098,-0.00601467008156245,0.));
#5103=CARTESIAN_POINT('',(0.0125603469521441,-0.00610218960604859,0.));
#5104=CARTESIAN_POINT('',(0.012635090794277,-0.0061951122728942,0.));
#5105=CARTESIAN_POINT('',(0.0127110622717609,-0.00629352802602937,0.));
#5106=CARTESIAN_POINT('',(0.0127880701606183,-0.00639752192363251,0.));
#5107=CARTESIAN_POINT('',(0.0128659211870231,-0.0065071716339748,0.));
#5108=CARTESIAN_POINT('',(0.0129444162358577,-0.00662255665195662,0.));
#5109=CARTESIAN_POINT('',(0.0130233655889872,-0.00674372255713606,0.));
#5110=CARTESIAN_POINT('',(0.013102531223806,-0.00687081763521619,0.));
#5111=CARTESIAN_POINT('',(0.0131696526145586,-0.00698315740796852,0.));
#5112=CARTESIAN_POINT('',(0.0132100311074691,-0.00705386502233155,0.));
#5113=CARTESIAN_POINT('',(0.0132244003758504,-0.00707921144614336,0.));
#5114=CARTESIAN_POINT('',(0.0111510168392621,-0.00502488796686945,0.));
#5115=CARTESIAN_POINT('',(0.0114061560040919,-0.00445820669653333,0.));
#5116=CARTESIAN_POINT('',(0.0108273302362482,-0.0042319670314436,0.));
#5117=CARTESIAN_POINT('',(2.96218167887034E-16,-1.01641852347113E-16,0.));
#5118=CARTESIAN_POINT('',(0.0110144721337059,-0.00371779889394467,0.));
#5119=CARTESIAN_POINT('',(0.011603302450236,-0.00391655128742683,0.));
#5120=CARTESIAN_POINT('',(0.0117721102100096,-0.00331844795536788,0.));
#5121=CARTESIAN_POINT('',(0.0111890351440229,-0.00315374658871307,0.));
#5122=CARTESIAN_POINT('',(0.0116761850982394,-0.00329139941331455,0.));
#5123=CARTESIAN_POINT('',(0.0122045494413306,-0.00344069809150534,0.));
#5124=CARTESIAN_POINT('',(0.0122190741918897,-0.00344381956725418,0.));
#5125=CARTESIAN_POINT('',(0.01223318811902,-0.0034471244083911,0.));
#5126=CARTESIAN_POINT('',(0.0122499569447676,-0.00345056583277527,0.));
#5127=CARTESIAN_POINT('',(0.0122726004795334,-0.00345481421631797,0.));
#5128=CARTESIAN_POINT('',(0.0123000687997927,-0.00345937379200208,0.));
#5129=CARTESIAN_POINT('',(0.0123327266667676,-0.00346413611124103,0.));
#5130=CARTESIAN_POINT('',(0.0123704840690247,-0.003468869407477,0.));
#5131=CARTESIAN_POINT('',(0.0124133829473513,-0.00347337908742453,0.));
#5132=CARTESIAN_POINT('',(0.0124614177970714,-0.00347745887968044,0.));
#5133=CARTESIAN_POINT('',(0.0125145893153858,-0.00348090565961242,0.));
#5134=CARTESIAN_POINT('',(0.0125728885285668,-0.00348351527685507,0.));
#5135=CARTESIAN_POINT('',(0.0126363014086789,-0.0034850839802375,0.));
#5136=CARTESIAN_POINT('',(0.0127048075325608,-0.00348540821359682,0.));
#5137=CARTESIAN_POINT('',(0.0127783804702263,-0.00348428488291261,0.));
#5138=CARTESIAN_POINT('',(0.0128569876838493,-0.00348151148840876,0.));
#5139=CARTESIAN_POINT('',(0.0129405905724042,-0.00347688629507832,0.));
#5140=CARTESIAN_POINT('',(0.0130291444806273,-0.00347020849197351,0.));
#5141=CARTESIAN_POINT('',(0.0131225987235054,-0.00346127835425018,0.));
#5142=CARTESIAN_POINT('',(0.0132208966117969,-0.00344989740357828,0.));
#5143=CARTESIAN_POINT('',(0.0133239754822431,-0.00343586856913333,0.));
#5144=CARTESIAN_POINT('',(0.0134317667327188,-0.00341899634408317,0.));
#5145=CARTESIAN_POINT('',(0.0135441958570624,-0.00339908695563038,0.));
#5146=CARTESIAN_POINT('',(0.013661182500893,-0.00337594847867691,0.));
#5147=CARTESIAN_POINT('',(0.0137826404557684,-0.00334939116228858,0.));
#5148=CARTESIAN_POINT('',(0.0139084779099662,-0.00331922693171707,0.));
#5149=CARTESIAN_POINT('',(0.0140385967313485,-0.00328527205559415,0.));
#5150=CARTESIAN_POINT('',(0.0141728954872228,-0.00324733764856263,0.));
#5151=CARTESIAN_POINT('',(0.0143112581430412,-0.00320526684618882,0.));
#5152=CARTESIAN_POINT('',(0.0144535976791222,-0.00315879305705225,0.));
#5153=CARTESIAN_POINT('',(0.0145772262615229,-0.00311588059671477,0.));
#5154=CARTESIAN_POINT('',(0.0146536079600615,-0.00308767021658647,0.));
#5155=CARTESIAN_POINT('',(0.0146809078254328,-0.00307749011714827,0.));
#5156=CARTESIAN_POINT('',(0.0146809078254328,-0.00307749011714827,0.));
#5157=CARTESIAN_POINT('',(0.,3.42288780361685E-18,0.));
#5158=CARTESIAN_POINT('',(0.0148481043609477,-0.00212927144497966,0.));
#5159=CARTESIAN_POINT('',(0.011592898618837,-0.000863323006392264,0.));
#5160=CARTESIAN_POINT('',(0.0120977498748298,-0.000900586760046106,0.));
#5161=CARTESIAN_POINT('',(0.0126453131044321,-0.00094100314220936,0.));
#5162=CARTESIAN_POINT('',(0.0126600295129343,-0.000943037671750213,0.));
#5163=CARTESIAN_POINT('',(0.0126744225883483,-0.00094475938430099,0.));
#5164=CARTESIAN_POINT('',(0.0126913571666236,-0.000947260779387766,0.));
#5165=CARTESIAN_POINT('',(0.0127140881618998,-0.000951013149728422,0.));
#5166=CARTESIAN_POINT('',(0.0127414594064818,-0.000956123268936162,0.));
#5167=CARTESIAN_POINT('',(0.0127737765721974,-0.000962817801032968,0.));
#5168=CARTESIAN_POINT('',(0.0128108758071355,-0.0009712837496196,0.));
#5169=CARTESIAN_POINT('',(0.0128527299679209,-0.00098171831716456,0.));
#5170=CARTESIAN_POINT('',(0.0128992633328756,-0.000994313452673239,0.));
#5171=CARTESIAN_POINT('',(0.012950407084438,-0.00100926026932043,0.));
#5172=CARTESIAN_POINT('',(0.0130060829665251,-0.00102674753650236,0.));
#5173=CARTESIAN_POINT('',(0.013066208110185,-0.00104696191985435,0.));
#5174=CARTESIAN_POINT('',(0.0131306937036154,-0.00107008771446794,0.));
#5175=CARTESIAN_POINT('',(0.0131994454485076,-0.00109630672670784,0.));
#5176=CARTESIAN_POINT('',(0.013272363510304,-0.0011257981155274,0.));
#5177=CARTESIAN_POINT('',(0.0133493426184697,-0.00115873824749573,0.));
#5178=CARTESIAN_POINT('',(0.0134302721293936,-0.00119530055017888,0.));
#5179=CARTESIAN_POINT('',(0.0135150361048233,-0.00123565536824366,0.));
#5180=CARTESIAN_POINT('',(0.0136035133907097,-0.00127996982144963,0.));
#5181=CARTESIAN_POINT('',(0.0136955777006593,-0.00132840766369963,0.));
#5182=CARTESIAN_POINT('',(0.0137910977024867,-0.00138112914801246,0.));
#5183=CARTESIAN_POINT('',(0.0138899371091017,-0.00143829087864789,0.));
#5184=CARTESIAN_POINT('',(0.0139919547698359,-0.00150004572338744,0.));
#5185=CARTESIAN_POINT('',(0.0140970047766106,-0.00156654250475994,0.));
#5186=CARTESIAN_POINT('',(0.0142049365292754,-0.00163792655376016,0.));
#5187=CARTESIAN_POINT('',(0.0143155949739555,-0.00171433695823109,0.));
#5188=CARTESIAN_POINT('',(0.0144288201925014,-0.00179591652032508,0.));
#5189=CARTESIAN_POINT('',(0.0145444494973086,-0.00188277295824025,0.));
#5190=CARTESIAN_POINT('',(0.0146623099369886,-0.00197512702348317,0.));
#5191=CARTESIAN_POINT('',(0.0147638058777536,-0.00205773501127388,0.));
#5192=CARTESIAN_POINT('',(0.0148259326779788,-0.00211036817679165,0.));
#5193=CARTESIAN_POINT('',(0.0148481043609477,-0.00212927144497966,0.));
#5194=CARTESIAN_POINT('',(0.0121971411407381,-0.000907977765151753,0.));
#5195=CARTESIAN_POINT('',(0.0122430771219018,-0.000288208823356235,0.));
#5196=CARTESIAN_POINT('',(0.0116217802964584,-0.000273583151620843,0.));
#5197=CARTESIAN_POINT('',(3.13117587413814E-16,5.80048162279745E-18,0.));
#5198=CARTESIAN_POINT('',(0.0116217802964584,0.000273583151620852,0.));
#5199=CARTESIAN_POINT('',(0.0122430771219018,0.000288208823356244,0.));
#5200=CARTESIAN_POINT('',(0.0121971411407381,0.000907977765151762,0.));
#5201=CARTESIAN_POINT('',(0.011592898618837,0.000863323006392273,0.));
#5202=CARTESIAN_POINT('',(0.0120977498748298,0.000900586760046114,0.));
#5203=CARTESIAN_POINT('',(0.0126453131044321,0.000941003142209369,0.));
#5204=CARTESIAN_POINT('',(0.0126600295129343,0.000943037671750222,0.));
#5205=CARTESIAN_POINT('',(0.0126744225883483,0.000944759384300999,0.));
#5206=CARTESIAN_POINT('',(0.0126913571666236,0.000947260779387774,0.));
#5207=CARTESIAN_POINT('',(0.0127140881618998,0.000951013149728431,0.));
#5208=CARTESIAN_POINT('',(0.0127414594064818,0.00095612326893617,0.));
#5209=CARTESIAN_POINT('',(0.0127737765721974,0.000962817801032977,0.));
#5210=CARTESIAN_POINT('',(0.0128108758071355,0.000971283749619609,0.));
#5211=CARTESIAN_POINT('',(0.0128527299679209,0.000981718317164569,0.));
#5212=CARTESIAN_POINT('',(0.0128992633328756,0.000994313452673248,0.));
#5213=CARTESIAN_POINT('',(0.012950407084438,0.00100926026932044,0.));
#5214=CARTESIAN_POINT('',(0.0130060829665251,0.00102674753650237,0.));
#5215=CARTESIAN_POINT('',(0.013066208110185,0.00104696191985436,0.));
#5216=CARTESIAN_POINT('',(0.0131306937036154,0.00107008771446795,0.));
#5217=CARTESIAN_POINT('',(0.0131994454485076,0.00109630672670784,0.));
#5218=CARTESIAN_POINT('',(0.013272363510304,0.0011257981155274,0.));
#5219=CARTESIAN_POINT('',(0.0133493426184697,0.00115873824749574,0.));
#5220=CARTESIAN_POINT('',(0.0134302721293936,0.00119530055017889,0.));
#5221=CARTESIAN_POINT('',(0.0135150361048233,0.00123565536824367,0.));
#5222=CARTESIAN_POINT('',(0.0136035133907097,0.00127996982144964,0.));
#5223=CARTESIAN_POINT('',(0.0136955777006593,0.00132840766369964,0.));
#5224=CARTESIAN_POINT('',(0.0137910977024867,0.00138112914801247,0.));
#5225=CARTESIAN_POINT('',(0.0138899371091017,0.0014382908786479,0.));
#5226=CARTESIAN_POINT('',(0.0139919547698359,0.00150004572338745,0.));
#5227=CARTESIAN_POINT('',(0.0140970047766106,0.00156654250475995,0.));
#5228=CARTESIAN_POINT('',(0.0142049365292754,0.00163792655376017,0.));
#5229=CARTESIAN_POINT('',(0.0143155949739555,0.0017143369582311,0.));
#5230=CARTESIAN_POINT('',(0.0144288201925014,0.00179591652032509,0.));
#5231=CARTESIAN_POINT('',(0.0145444494973086,0.00188277295824026,0.));
#5232=CARTESIAN_POINT('',(0.0146623099369886,0.00197512702348318,0.));
#5233=CARTESIAN_POINT('',(0.0147638058777536,0.00205773501127389,0.));
#5234=CARTESIAN_POINT('',(0.0148259326779788,0.00211036817679166,0.));
#5235=CARTESIAN_POINT('',(0.0148481043609477,0.00212927144497967,0.));
#5236=CARTESIAN_POINT('',(0.0148481043609477,0.00212927144497967,0.));
#5237=CARTESIAN_POINT('',(0.,3.42288780361685E-18,0.));
#5238=CARTESIAN_POINT('',(0.0146809078254328,0.00307749011714828,0.));
#5239=CARTESIAN_POINT('',(0.0111890351440229,0.00315374658871308,0.));
#5240=CARTESIAN_POINT('',(0.0116761850982394,0.00329139941331456,0.));
#5241=CARTESIAN_POINT('',(0.0122045494413306,0.00344069809150534,0.));
#5242=CARTESIAN_POINT('',(0.0122190741918897,0.00344381956725418,0.));
#5243=CARTESIAN_POINT('',(0.01223318811902,0.0034471244083911,0.));
#5244=CARTESIAN_POINT('',(0.0122499569447676,0.00345056583277527,0.));
#5245=CARTESIAN_POINT('',(0.0122726004795334,0.00345481421631799,0.));
#5246=CARTESIAN_POINT('',(0.0123000687997927,0.00345937379200209,0.));
#5247=CARTESIAN_POINT('',(0.0123327266667676,0.00346413611124104,0.));
#5248=CARTESIAN_POINT('',(0.0123704840690247,0.00346886940747701,0.));
#5249=CARTESIAN_POINT('',(0.0124133829473512,0.00347337908742454,0.));
#5250=CARTESIAN_POINT('',(0.0124614177970714,0.00347745887968045,0.));
#5251=CARTESIAN_POINT('',(0.0125145893153858,0.00348090565961243,0.));
#5252=CARTESIAN_POINT('',(0.0125728885285668,0.00348351527685508,0.));
#5253=CARTESIAN_POINT('',(0.0126363014086789,0.0034850839802375,0.));
#5254=CARTESIAN_POINT('',(0.0127048075325608,0.00348540821359683,0.));
#5255=CARTESIAN_POINT('',(0.0127783804702263,0.00348428488291261,0.));
#5256=CARTESIAN_POINT('',(0.0128569876838493,0.00348151148840877,0.));
#5257=CARTESIAN_POINT('',(0.0129405905724042,0.00347688629507833,0.));
#5258=CARTESIAN_POINT('',(0.0130291444806273,0.00347020849197352,0.));
#5259=CARTESIAN_POINT('',(0.0131225987235054,0.00346127835425018,0.));
#5260=CARTESIAN_POINT('',(0.0132208966117969,0.00344989740357829,0.));
#5261=CARTESIAN_POINT('',(0.0133239754822431,0.00343586856913334,0.));
#5262=CARTESIAN_POINT('',(0.0134317667327188,0.00341899634408318,0.));
#5263=CARTESIAN_POINT('',(0.0135441958570624,0.00339908695563039,0.));
#5264=CARTESIAN_POINT('',(0.013661182500893,0.00337594847867692,0.));
#5265=CARTESIAN_POINT('',(0.0137826404557684,0.00334939116228859,0.));
#5266=CARTESIAN_POINT('',(0.0139084779099662,0.00331922693171707,0.));
#5267=CARTESIAN_POINT('',(0.0140385967313485,0.00328527205559416,0.));
#5268=CARTESIAN_POINT('',(0.0141728954872228,0.00324733764856264,0.));
#5269=CARTESIAN_POINT('',(0.0143112581430412,0.00320526684618883,0.));
#5270=CARTESIAN_POINT('',(0.0144535976791222,0.00315879305705225,0.));
#5271=CARTESIAN_POINT('',(0.0145772262615229,0.00311588059671478,0.));
#5272=CARTESIAN_POINT('',(0.0146536079600615,0.00308767021658648,0.));
#5273=CARTESIAN_POINT('',(0.0146809078254328,0.00307749011714828,0.));
#5274=CARTESIAN_POINT('',(0.0117721102100096,0.00331844795536789,0.));
#5275=CARTESIAN_POINT('',(0.011603302450236,0.00391655128742684,0.));
#5276=CARTESIAN_POINT('',(0.0110144721337059,0.00371779889394467,0.));
#5277=CARTESIAN_POINT('',(2.92250404775061E-16,1.12543191903007E-16,0.));
#5278=CARTESIAN_POINT('',(0.0108273302362482,0.00423196703144361,0.));
#5279=CARTESIAN_POINT('',(0.0114061560040919,0.00445820669653334,0.));
#5280=CARTESIAN_POINT('',(0.0111510168392621,0.00502488796686946,0.));
#5281=CARTESIAN_POINT('',(0.0105984874272577,0.00477626310563612,0.));
#5282=CARTESIAN_POINT('',(0.011060147472743,0.0049839488789002,0.));
#5283=CARTESIAN_POINT('',(0.0115608653821939,0.00520920550924633,0.));
#5284=CARTESIAN_POINT('',(0.0115739984325827,0.00521615064978779,0.));
#5285=CARTESIAN_POINT('',(0.0115869346389662,0.00522269125208287,0.));
#5286=CARTESIAN_POINT('',(0.0116019924097016,0.00523083376147646,0.));
#5287=CARTESIAN_POINT('',(0.011622069171984,0.00524213429445832,0.));
#5288=CARTESIAN_POINT('',(0.0116460419648356,0.00525629775276413,0.));
#5289=CARTESIAN_POINT('',(0.011674120502156,0.00527364167682504,0.));
#5290=CARTESIAN_POINT('',(0.0117060868545151,0.00529428575189063,0.));
#5291=CARTESIAN_POINT('',(0.0117418480682671,0.00531840600408434,0.));
#5292=CARTESIAN_POINT('',(0.0117812673378835,0.00534615690813086,0.));
#5293=CARTESIAN_POINT('',(0.0118242146314541,0.00537769451467805,0.));
#5294=CARTESIAN_POINT('',(0.0118705518493791,0.00541316944377784,0.));
#5295=CARTESIAN_POINT('',(0.0119201372769087,0.00545272876089947,0.));
#5296=CARTESIAN_POINT('',(0.011972824425614,0.00549651527135519,0.));
#5297=CARTESIAN_POINT('',(0.0120284625026312,0.00554466756532323,0.));
#5298=CARTESIAN_POINT('',(0.0120868964181924,0.00559731985172033,0.));
#5299=CARTESIAN_POINT('',(0.0121479669294334,0.00565460185626661,0.));
#5300=CARTESIAN_POINT('',(0.0122115107496484,0.00571663870522238,0.));
#5301=CARTESIAN_POINT('',(0.0122773606712097,0.00578355081699632,0.));
#5302=CARTESIAN_POINT('',(0.0123453456882274,0.00585545379566805,0.));
#5303=CARTESIAN_POINT('',(0.0124152911231761,0.00593245832708134,0.));
#5304=CARTESIAN_POINT('',(0.0124870187544098,0.00601467008156246,0.));
#5305=CARTESIAN_POINT('',(0.0125603469521441,0.0061021896060486,0.));
#5306=CARTESIAN_POINT('',(0.012635090794277,0.0061951122728942,0.));
#5307=CARTESIAN_POINT('',(0.0127110622717609,0.00629352802602938,0.));
#5308=CARTESIAN_POINT('',(0.0127880701606183,0.00639752192363252,0.));
#5309=CARTESIAN_POINT('',(0.0128659211870231,0.0065071716339748,0.));
#5310=CARTESIAN_POINT('',(0.0129444162358577,0.00662255665195662,0.));
#5311=CARTESIAN_POINT('',(0.0130233655889872,0.00674372255713607,0.));
#5312=CARTESIAN_POINT('',(0.013102531223806,0.00687081763521619,0.));
#5313=CARTESIAN_POINT('',(0.0131696526145586,0.00698315740796853,0.));
#5314=CARTESIAN_POINT('',(0.0132100311074691,0.00705386502233155,0.));
#5315=CARTESIAN_POINT('',(0.0132244003758504,0.00707921144614337,0.));
#5316=CARTESIAN_POINT('',(0.0132244003758504,0.00707921144614337,0.));
#5317=CARTESIAN_POINT('',(0.,3.42288780361685E-18,0.));
#5318=CARTESIAN_POINT('',(0.0127429771390469,0.00791306095223127,0.));
#5319=CARTESIAN_POINT('',(0.00943560889826807,0.00679042780087709,0.));
#5320=CARTESIAN_POINT('',(0.00984630007666206,0.00708639424154764,0.));
#5321=CARTESIAN_POINT('',(0.0102917369956381,0.00740740035608883,0.));
#5322=CARTESIAN_POINT('',(0.0103043181889743,0.00741530134108397,0.));
#5323=CARTESIAN_POINT('',(0.0103164506199096,0.00742323412329321,0.));
#5324=CARTESIAN_POINT('',(0.0103310311252627,0.00743220328057758,0.));
#5325=CARTESIAN_POINT('',(0.0103508560550425,0.00744394000024895,0.));
#5326=CARTESIAN_POINT('',(0.0103751083661666,0.00745761931870524,0.));
#5327=CARTESIAN_POINT('',(0.0104041679136649,0.00747326408329537,0.));
#5328=CARTESIAN_POINT('',(0.0104380293832888,0.00749062571897187,0.));
#5329=CARTESIAN_POINT('',(0.0104767987413103,0.00750953571245442,0.));
#5330=CARTESIAN_POINT('',(0.0105205413640007,0.00752979834931754,0.));
#5331=CARTESIAN_POINT('',(0.0105693273792304,0.00755122299329985,0.));
#5332=CARTESIAN_POINT('',(0.0106232181779908,0.00757361473661376,0.));
#5333=CARTESIAN_POINT('',(0.0106822702653393,0.00759677731795109,0.));
#5334=CARTESIAN_POINT('',(0.0107465340700897,0.00762051247195501,0.));
#5335=CARTESIAN_POINT('',(0.0108160542184251,0.00764462031308559,0.));
#5336=CARTESIAN_POINT('',(0.0108908693937929,0.00766889942520558,0.));
#5337=CARTESIAN_POINT('',(0.0109710123205302,0.00769314703708927,0.));
#5338=CARTESIAN_POINT('',(0.0110565097178042,0.0077171591751711,0.));
#5339=CARTESIAN_POINT('',(0.0111473822672019,0.00774073082419345,0.));
#5340=CARTESIAN_POINT('',(0.0112436445818482,0.00776365608667161,0.));
#5341=CARTESIAN_POINT('',(0.011345305179733,0.00778572834450932,0.));
#5342=CARTESIAN_POINT('',(0.0114523664632202,0.00780674041807039,0.));
#5343=CARTESIAN_POINT('',(0.0115648246936195,0.00782648473787892,0.));
#5344=CARTESIAN_POINT('',(0.0116826700047616,0.00784475347051967,0.));
#5345=CARTESIAN_POINT('',(0.0118058862858512,0.00786133882341619,0.));
#5346=CARTESIAN_POINT('',(0.0119344515874428,0.00787603266265695,0.));
#5347=CARTESIAN_POINT('',(0.0120683365353192,0.00788862877406307,0.));
#5348=CARTESIAN_POINT('',(0.0122075104165249,0.00789891497143424,0.));
#5349=CARTESIAN_POINT('',(0.0123519178450476,0.00790670416426698,0.));
#5350=CARTESIAN_POINT('',(0.0125015682287703,0.0079117160760867,0.));
#5351=CARTESIAN_POINT('',(0.0126324180212055,0.00791367501923963,0.));
#5352=CARTESIAN_POINT('',(0.0127138418579401,0.00791329001268515,0.));
#5353=CARTESIAN_POINT('',(0.0127429771390469,0.00791306095223127,0.));
#5354=CARTESIAN_POINT('',(0.00992718905011074,0.00714461987739433,0.));
#5355=CARTESIAN_POINT('',(0.00956399825656572,0.00764891751080534,0.));
#5356=CARTESIAN_POINT('',(0.00907865607533246,0.0072607595240325,0.));
#5357=CARTESIAN_POINT('',(2.36133510163824E-16,2.05711532279099E-16,0.));
#5358=CARTESIAN_POINT('',(0.00872694435517072,0.00767991323009276,0.));
#5359=CARTESIAN_POINT('',(0.00919348413525427,0.00809047904598516,0.));
#5360=CARTESIAN_POINT('',(0.0087599153354899,0.00853572252033452,0.));
#5361=CARTESIAN_POINT('',(0.0083257422349355,0.00811311538420422,0.));
#5362=CARTESIAN_POINT('',(0.00868852805505129,0.00846617320770733,0.));
#5363=CARTESIAN_POINT('',(0.00908200667466154,0.00884910081218279,0.));
#5364=CARTESIAN_POINT('',(0.00909197232723689,0.0088601188772762,0.));
#5365=CARTESIAN_POINT('',(0.00910189136718211,0.00887068947614978,0.));
#5366=CARTESIAN_POINT('',(0.00911325614099777,0.00888349099304669,0.));
#5367=CARTESIAN_POINT('',(0.00912825711645369,0.00890097667761402,0.));
#5368=CARTESIAN_POINT('',(0.00914593998495628,0.00892248515291584,0.));
#5369=CARTESIAN_POINT('',(0.00916639320788559,0.00894838653573005,0.));
#5370=CARTESIAN_POINT('',(0.00918937106379811,0.0089787187571476,0.));
#5371=CARTESIAN_POINT('',(0.00921472600035888,0.00901361543559848,0.));
#5372=CARTESIAN_POINT('',(0.00924227662895472,0.00905317493959511,0.));
#5373=CARTESIAN_POINT('',(0.00927184738709429,0.00909749943524721,0.));
#5374=CARTESIAN_POINT('',(0.00930325698851105,0.00914668322626123,0.));
#5375=CARTESIAN_POINT('',(0.00933632196554732,0.00920081603967429,0.));
#5376=CARTESIAN_POINT('',(0.00937085582181416,0.00925998196659112,0.));
#5377=CARTESIAN_POINT('',(0.00940666945773753,0.00932425966498258,0.));
#5378=CARTESIAN_POINT('',(0.00944357123445399,0.00939372220615274,0.));
#5379=CARTESIAN_POINT('',(0.00948136714380991,0.00946843702813633,0.));
#5380=CARTESIAN_POINT('',(0.00951986095079118,0.00954846586381428,0.));
#5381=CARTESIAN_POINT('',(0.00955885434610255,0.00963386468109985,0.));
#5382=CARTESIAN_POINT('',(0.00959814709784721,0.00972468362483458,0.));
#5383=CARTESIAN_POINT('',(0.0096375372060555,0.00982096696245686,0.));
#5384=CARTESIAN_POINT('',(0.00967682105578153,0.00992275303619958,0.));
#5385=CARTESIAN_POINT('',(0.0097157935817794,0.0100300742082328,0.));
#5386=CARTESIAN_POINT('',(0.00975424839484815,0.0101429568521703,0.));
#5387=CARTESIAN_POINT('',(0.00979197806163719,0.0102614211847783,0.));
#5388=CARTESIAN_POINT('',(0.00982877379877558,0.0103854817321469,0.));
#5389=CARTESIAN_POINT('',(0.00986442742416191,0.0105151453750359,0.));
#5390=CARTESIAN_POINT('',(0.00989872464193225,0.0106504187128354,0.));
#5391=CARTESIAN_POINT('',(0.00993147158622817,0.0107912796888962,0.));
#5392=CARTESIAN_POINT('',(0.00996239387226626,0.0109377862376735,0.));
#5393=CARTESIAN_POINT('',(0.00998704488267543,0.0110663079608351,0.));
#5394=CARTESIAN_POINT('',(0.0100008048261032,0.0111465616422179,0.));
#5395=CARTESIAN_POINT('',(0.0100056385340624,0.0111752940688684,0.));
#5396=CARTESIAN_POINT('',(0.0100056385340624,0.0111752940688684,0.));
#5397=CARTESIAN_POINT('',(0.,3.42288780361685E-18,0.));
#5398=CARTESIAN_POINT('',(0.00926805534337904,0.0117941998521334,0.));
#5399=CARTESIAN_POINT('',(0.00654410896462578,0.00960808320421428,0.));
#5400=CARTESIAN_POINT('',(0.00682880594992675,0.0100266653402096,0.));
#5401=CARTESIAN_POINT('',(0.00713758917841035,0.0104806608161418,0.));
#5402=CARTESIAN_POINT('',(0.00714670933692857,0.0104923883349867,0.));
#5403=CARTESIAN_POINT('',(0.00715539692144256,0.0105039922476585,0.));
#5404=CARTESIAN_POINT('',(0.00716603048227027,0.0105174073251039,0.));
#5405=CARTESIAN_POINT('',(0.00718064562794775,0.010535216759296,0.));
#5406=CARTESIAN_POINT('',(0.00719875674328906,0.0105563658928334,0.));
#5407=CARTESIAN_POINT('',(0.00722071296100914,0.010581006113273,0.));
#5408=CARTESIAN_POINT('',(0.00724659430502132,0.010608902018897,0.));
#5409=CARTESIAN_POINT('',(0.00727655798598548,0.0106399315016188,0.));
#5410=CARTESIAN_POINT('',(0.00731073237577744,0.0106739330100388,0.));
#5411=CARTESIAN_POINT('',(0.00734924857448082,0.0107107513898131,0.));
#5412=CARTESIAN_POINT('',(0.00739223093314669,0.0107502244844876,0.));
#5413=CARTESIAN_POINT('',(0.00743979967448129,0.0107921871946273,0.));
#5414=CARTESIAN_POINT('',(0.00749206999681458,0.0108364704594094,0.));
#5415=CARTESIAN_POINT('',(0.00754915219992256,0.0108829017109206,0.));
#5416=CARTESIAN_POINT('',(0.00761115152273137,0.0109313049104212,0.));
#5417=CARTESIAN_POINT('',(0.00767816806790282,0.0109815007076692,0.));
#5418=CARTESIAN_POINT('',(0.00775029670630924,0.0110333065687036,0.));
#5419=CARTESIAN_POINT('',(0.00782762699163328,0.011086536915719,0.));
#5420=CARTESIAN_POINT('',(0.00791024307680764,0.0111410032663515,0.));
#5421=CARTESIAN_POINT('',(0.00799822363367549,0.0111965143764248,0.));
#5422=CARTESIAN_POINT('',(0.00809164177932932,0.0112528763824205,0.));
#5423=CARTESIAN_POINT('',(0.00819056499349137,0.0113098929541263,0.));
#5424=CARTESIAN_POINT('',(0.00829505508820969,0.011367365417587,0.));
#5425=CARTESIAN_POINT('',(0.0084051679935355,0.0114250930014353,0.));
#5426=CARTESIAN_POINT('',(0.00852095426972709,0.011482872616618,0.));
#5427=CARTESIAN_POINT('',(0.00864245684345241,0.0115405004386187,0.));
#5428=CARTESIAN_POINT('',(0.00876971942592837,0.0115977665731815,0.));
#5429=CARTESIAN_POINT('',(0.00890275396004874,0.0116544762696089,0.));
#5430=CARTESIAN_POINT('',(0.00904166514653187,0.0117103693718516,0.));
#5431=CARTESIAN_POINT('',(0.00916395373289666,0.0117569634410397,0.));
#5432=CARTESIAN_POINT('',(0.00924059879142921,0.0117844502455316,0.));
#5433=CARTESIAN_POINT('',(0.00926805534337904,0.0117941998521334,0.));
#5434=CARTESIAN_POINT('',(0.00688490238106191,0.0101090451988477,0.));
#5435=CARTESIAN_POINT('',(0.00637113472357224,0.0104587113963809,0.));
#5436=CARTESIAN_POINT('',(0.00604782010758026,0.009927965398124,0.));
#5437=CARTESIAN_POINT('',(1.51535429267379E-16,2.74068025883456E-16,0.));
#5438=CARTESIAN_POINT('',(0.00557396018887814,0.0102015485497449,0.));
#5439=CARTESIAN_POINT('',(0.0058719423983296,0.0107469202197372,0.));
#5440=CARTESIAN_POINT('',(0.00531223875967623,0.0110170229639994,0.));
#5441=CARTESIAN_POINT('',(0.00504878965421126,0.0104714062106065,0.));
#5442=CARTESIAN_POINT('',(0.00526894392490305,0.0109272521002557,0.));
#5443=CARTESIAN_POINT('',(0.00550772392602177,0.0114216639583512,0.));
#5444=CARTESIAN_POINT('',(0.00551332017600573,0.0114354260067369,0.));
#5445=CARTESIAN_POINT('',(0.00551902566690574,0.0114487516319594,0.));
#5446=CARTESIAN_POINT('',(0.00552532668435335,0.0114646681044916,0.));
#5447=CARTESIAN_POINT('',(0.00553344253395201,0.0114862299090244,0.));
#5448=CARTESIAN_POINT('',(0.00554270266319278,0.0115124891617695,0.));
#5449=CARTESIAN_POINT('',(0.00555306361118829,0.011543823914306,0.));
#5450=CARTESIAN_POINT('',(0.00556428150211415,0.0115801857685166,0.));
#5451=CARTESIAN_POINT('',(0.00557617198193544,0.0116216498187834,0.));
#5452=CARTESIAN_POINT('',(0.00558853095709815,0.011668246462712,0.));
#5453=CARTESIAN_POINT('',(0.00560115850995718,0.0117200116591335,0.));
#5454=CARTESIAN_POINT('',(0.00561385203337841,0.01177697202099,0.));
#5455=CARTESIAN_POINT('',(0.0056264084357037,0.0118391491144816,0.));
#5456=CARTESIAN_POINT('',(0.00563862370680084,0.0119065581738773,0.));
#5457=CARTESIAN_POINT('',(0.00565029324858505,0.0119792084376284,0.));
#5458=CARTESIAN_POINT('',(0.00566121198757262,0.0120571030259486,0.));
#5459=CARTESIAN_POINT('',(0.00567117455056688,0.0121402389551649,0.));
#5460=CARTESIAN_POINT('',(0.00567997542308439,0.0122286071188825,0.));
#5461=CARTESIAN_POINT('',(0.00568740911319002,0.0123221922839627,0.));
#5462=CARTESIAN_POINT('',(0.00569327031390201,0.0124209730878012,0.));
#5463=CARTESIAN_POINT('',(0.00569735406698384,0.0125249220401245,0.));
#5464=CARTESIAN_POINT('',(0.00569945592315742,0.012634005530433,0.));
#5465=CARTESIAN_POINT('',(0.00569937211561033,0.0127481838327742,0.));
#5466=CARTESIAN_POINT('',(0.00569689968162623,0.0128674111409745,0.));
#5467=CARTESIAN_POINT('',(0.00569183678307506,0.0129916355061953,0.));
#5468=CARTESIAN_POINT('',(0.00568398225954829,0.0131207991703781,0.));
#5469=CARTESIAN_POINT('',(0.00567313813050307,0.0132548373968498,0.));
#5470=CARTESIAN_POINT('',(0.00565910076657301,0.0133936830935066,0.));
#5471=CARTESIAN_POINT('',(0.00564169553725987,0.0135372492278492,0.));
#5472=CARTESIAN_POINT('',(0.00562064479045674,0.0136854963953347,0.));
#5473=CARTESIAN_POINT('',(0.00559985214485698,0.0138146984523136,0.));
#5474=CARTESIAN_POINT('',(0.00558533388654956,0.0138948184223233,0.));
#5475=CARTESIAN_POINT('',(0.00558004901756865,0.0139234712971131,0.));
#5476=CARTESIAN_POINT('',(0.00558004901756865,0.0139234712971131,0.));
#5477=CARTESIAN_POINT('',(0.,3.42288780361685E-18,0.));
#5478=CARTESIAN_POINT('',(0.00467526929137045,0.0142527841860167,0.));
#5479=CARTESIAN_POINT('',(0.00286329290908743,0.0112668619729173,0.));
#5480=CARTESIAN_POINT('',(0.00298765704318807,0.0117575726210219,0.));
#5481=CARTESIAN_POINT('',(0.00312254276666902,0.0122897989036881,0.));
#5482=CARTESIAN_POINT('',(0.00312710186465278,0.0123039384445304,0.));
#5483=CARTESIAN_POINT('',(0.00313129675183791,0.0123178138845409,0.));
#5484=CARTESIAN_POINT('',(0.00313670080376978,0.0123340568258219,0.));
#5485=CARTESIAN_POINT('',(0.00314434336307969,0.012355790893932,0.));
#5486=CARTESIAN_POINT('',(0.00315412881483645,0.0123818589449179,0.));
#5487=CARTESIAN_POINT('',(0.00316633345888204,0.0124125226469711,0.));
#5488=CARTESIAN_POINT('',(0.00318111300522658,0.0124475881646246,0.));
#5489=CARTESIAN_POINT('',(0.00319865694699236,0.012486994523023,0.));
#5490=CARTESIAN_POINT('',(0.00321914116811664,0.0125306338192755,0.));
#5491=CARTESIAN_POINT('',(0.00324274192829151,0.0125784050948596,0.));
#5492=CARTESIAN_POINT('',(0.00326963154005569,0.0126301985031163,0.));
#5493=CARTESIAN_POINT('',(0.00329997944313159,0.0126859000199118,0.));
#5494=CARTESIAN_POINT('',(0.00333395171074659,0.0127453901801879,0.));
#5495=CARTESIAN_POINT('',(0.00337171101248871,0.0128085445478952,0.));
#5496=CARTESIAN_POINT('',(0.00341341644939526,0.0128752336945615,0.));
#5497=CARTESIAN_POINT('',(0.00345922342859432,0.0129453233232146,0.));
#5498=CARTESIAN_POINT('',(0.00350928352983608,0.0130186743557878,0.));
#5499=CARTESIAN_POINT('',(0.00356374437740284,0.01309514303535,0.));
#5500=CARTESIAN_POINT('',(0.00362274951394966,0.0131745810284129,0.));
#5501=CARTESIAN_POINT('',(0.00368643827618757,0.0132568355315902,0.));
#5502=CARTESIAN_POINT('',(0.00375494567693723,0.0133417493802827,0.));
#5503=CARTESIAN_POINT('',(0.00382840227528296,0.0134291611638632,0.));
#5504=CARTESIAN_POINT('',(0.00390693410604488,0.0135189053308473,0.));
#5505=CARTESIAN_POINT('',(0.00399066239413119,0.0136108123470669,0.));
#5506=CARTESIAN_POINT('',(0.00407970411119065,0.013704708663864,0.));
#5507=CARTESIAN_POINT('',(0.00417416930718657,0.0138004174306301,0.));
#5508=CARTESIAN_POINT('',(0.00427417084529052,0.0138977563613981,0.));
#5509=CARTESIAN_POINT('',(0.00437978655681306,0.013996546535085,0.));
#5510=CARTESIAN_POINT('',(0.00449120380685594,0.0140965792947258,0.));
#5511=CARTESIAN_POINT('',(0.00459018137884741,0.0141821885575498,0.));
#5512=CARTESIAN_POINT('',(0.00465280313395826,0.0142342318588044,0.));
#5513=CARTESIAN_POINT('',(0.00467526929137045,0.0142527841860167,0.));
#5514=CARTESIAN_POINT('',(0.00301219487451966,0.0118541704757024,0.));
#5515=CARTESIAN_POINT('',(0.00240981831498169,0.012007030333412,0.));
#5516=CARTESIAN_POINT('',(0.00228752777853515,0.0113977121240374,0.));
#5517=CARTESIAN_POINT('',(4.86599391765386E-17,3.09367870752991E-16,0.));
#5518=CARTESIAN_POINT('',(0.00174867416091571,0.0114927265554761,0.));
#5519=CARTESIAN_POINT('',(0.00184215774752618,0.0121071242073387,0.));
#5520=CARTESIAN_POINT('',(0.00122382778915137,0.0121695078442638,0.));
#5521=CARTESIAN_POINT('',(0.0011628785289896,0.0115666909065132,0.));
#5522=CARTESIAN_POINT('',(0.00121384739608097,0.0120703431204478,0.));
#5523=CARTESIAN_POINT('',(0.00126912838655575,0.0126166058653351,0.));
#5524=CARTESIAN_POINT('',(0.00126968024360839,0.0126314519908718,0.));
#5525=CARTESIAN_POINT('',(0.00127048401905659,0.0126459253753761,0.));
#5526=CARTESIAN_POINT('',(0.00127096128443886,0.012663037042054,0.));
#5527=CARTESIAN_POINT('',(0.00127121311694146,0.0126860742947073,0.));
#5528=CARTESIAN_POINT('',(0.00127093359866902,0.0127139170714694,0.));
#5529=CARTESIAN_POINT('',(0.00126995258849117,0.0127469057601204,0.));
#5530=CARTESIAN_POINT('',(0.00126805747122628,0.0127849114708625,0.));
#5531=CARTESIAN_POINT('',(0.00126504932695684,0.0128279417165387,0.));
#5532=CARTESIAN_POINT('',(0.00126072597388274,0.0128759552574484,0.));
#5533=CARTESIAN_POINT('',(0.0012548872522236,0.0129289175079779,0.));
#5534=CARTESIAN_POINT('',(0.00124733367138826,0.0129867841803916,0.));
#5535=CARTESIAN_POINT('',(0.00123786701156937,0.0130495060788505,0.));
#5536=CARTESIAN_POINT('',(0.0012262903555243,0.0131170277433102,0.));
#5537=CARTESIAN_POINT('',(0.00121240828420608,0.0131892878784088,0.));
#5538=CARTESIAN_POINT('',(0.00119602702439942,0.0132662192769259,0.));
#5539=CARTESIAN_POINT('',(0.00117695460890316,0.0133477488933559,0.));
#5540=CARTESIAN_POINT('',(0.00115500103184424,0.0134337978803935,0.));
#5541=CARTESIAN_POINT('',(0.00112997840400781,0.0135242816411898,0.));
#5542=CARTESIAN_POINT('',(0.00110170110637915,0.0136191098823397,0.));
#5543=CARTESIAN_POINT('',(0.00106998594344309,0.0137181866715906,0.));
#5544=CARTESIAN_POINT('',(0.00103465229118958,0.0138214104996328,0.));
#5545=CARTESIAN_POINT('',(0.000995522258524586,0.0139286743439275,0.));
#5546=CARTESIAN_POINT('',(0.000952420789515348,0.0140398657434139,0.));
#5547=CARTESIAN_POINT('',(0.000905175985909668,0.0141548668494456,0.));
#5548=CARTESIAN_POINT('',(0.000853618573175493,0.0142735545862895,0.));
#5549=CARTESIAN_POINT('',(0.00079758465170388,0.0143958004080379,0.));
#5550=CARTESIAN_POINT('',(0.000736905819332809,0.0145214716233909,0.));
#5551=CARTESIAN_POINT('',(0.000671447743939604,0.014650426721403,0.));
#5552=CARTESIAN_POINT('',(0.000600962995035637,0.0147825337113029,0.));
#5553=CARTESIAN_POINT('',(0.000537234593353043,0.0148968324272081,0.));
#5554=CARTESIAN_POINT('',(0.00049618924952893,0.0149671550350167,0.));
#5555=CARTESIAN_POINT('',(0.000481423236803473,0.0149922723983746,0.));
#5556=CARTESIAN_POINT('',(0.000481423236803473,0.0149922723983746,0.));
#5557=CARTESIAN_POINT('',(0.,3.42288780361685E-18,0.));
#5558=CARTESIAN_POINT('',(-0.000481423236803487,0.0149922723983746,0.));
#5559=CARTESIAN_POINT('',(-0.00116287852898962,0.0115666909065132,0.));
#5560=CARTESIAN_POINT('',(-0.00121384739608098,0.0120703431204478,0.));
#5561=CARTESIAN_POINT('',(-0.00126912838655577,0.0126166058653351,0.));
#5562=CARTESIAN_POINT('',(-0.0012696802436084,0.0126314519908717,0.));
#5563=CARTESIAN_POINT('',(-0.00127048401905661,0.0126459253753761,0.));
#5564=CARTESIAN_POINT('',(-0.00127096128443887,0.012663037042054,0.));
#5565=CARTESIAN_POINT('',(-0.00127121311694148,0.0126860742947072,0.));
#5566=CARTESIAN_POINT('',(-0.00127093359866903,0.0127139170714693,0.));
#5567=CARTESIAN_POINT('',(-0.00126995258849118,0.0127469057601204,0.));
#5568=CARTESIAN_POINT('',(-0.00126805747122629,0.0127849114708625,0.));
#5569=CARTESIAN_POINT('',(-0.00126504932695686,0.0128279417165387,0.));
#5570=CARTESIAN_POINT('',(-0.00126072597388276,0.0128759552574484,0.));
#5571=CARTESIAN_POINT('',(-0.00125488725222361,0.0129289175079779,0.));
#5572=CARTESIAN_POINT('',(-0.00124733367138828,0.0129867841803916,0.));
#5573=CARTESIAN_POINT('',(-0.00123786701156938,0.0130495060788505,0.));
#5574=CARTESIAN_POINT('',(-0.00122629035552431,0.0131170277433102,0.));
#5575=CARTESIAN_POINT('',(-0.00121240828420609,0.0131892878784088,0.));
#5576=CARTESIAN_POINT('',(-0.00119602702439944,0.0132662192769259,0.));
#5577=CARTESIAN_POINT('',(-0.00117695460890318,0.0133477488933559,0.));
#5578=CARTESIAN_POINT('',(-0.00115500103184425,0.0134337978803935,0.));
#5579=CARTESIAN_POINT('',(-0.00112997840400782,0.0135242816411898,0.));
#5580=CARTESIAN_POINT('',(-0.00110170110637916,0.0136191098823396,0.));
#5581=CARTESIAN_POINT('',(-0.00106998594344311,0.0137181866715906,0.));
#5582=CARTESIAN_POINT('',(-0.0010346522911896,0.0138214104996328,0.));
#5583=CARTESIAN_POINT('',(-0.0009955222585246,0.0139286743439275,0.));
#5584=CARTESIAN_POINT('',(-0.000952420789515362,0.0140398657434139,0.));
#5585=CARTESIAN_POINT('',(-0.000905175985909681,0.0141548668494456,0.));
#5586=CARTESIAN_POINT('',(-0.000853618573175507,0.0142735545862894,0.));
#5587=CARTESIAN_POINT('',(-0.000797584651703893,0.0143958004080379,0.));
#5588=CARTESIAN_POINT('',(-0.000736905819332822,0.0145214716233909,0.));
#5589=CARTESIAN_POINT('',(-0.000671447743939618,0.014650426721403,0.));
#5590=CARTESIAN_POINT('',(-0.000600962995035651,0.0147825337113029,0.));
#5591=CARTESIAN_POINT('',(-0.000537234593353057,0.0148968324272081,0.));
#5592=CARTESIAN_POINT('',(-0.000496189249528945,0.0149671550350167,0.));
#5593=CARTESIAN_POINT('',(-0.000481423236803487,0.0149922723983746,0.));
#5594=CARTESIAN_POINT('',(-0.00122382778915138,0.0121695078442638,0.));
#5595=CARTESIAN_POINT('',(-0.00184215774752619,0.0121071242073387,0.));
#5596=CARTESIAN_POINT('',(-0.00174867416091572,0.0114927265554761,0.));
#5597=CARTESIAN_POINT('',(-6.00846577232103E-17,3.07353384626212E-16,0.));
#5598=CARTESIAN_POINT('',(-0.00228752777853517,0.0113977121240374,0.));
#5599=CARTESIAN_POINT('',(-0.0024098183149817,0.012007030333412,0.));
#5600=CARTESIAN_POINT('',(-0.00301219487451968,0.0118541704757024,0.));
#5601=CARTESIAN_POINT('',(-0.00286329290908744,0.0112668619729173,0.));
#5602=CARTESIAN_POINT('',(-0.00298765704318809,0.0117575726210219,0.));
#5603=CARTESIAN_POINT('',(-0.00312254276666903,0.0122897989036881,0.));
#5604=CARTESIAN_POINT('',(-0.00312710186465279,0.0123039384445304,0.));
#5605=CARTESIAN_POINT('',(-0.00313129675183793,0.0123178138845409,0.));
#5606=CARTESIAN_POINT('',(-0.00313670080376979,0.0123340568258219,0.));
#5607=CARTESIAN_POINT('',(-0.0031443433630797,0.012355790893932,0.));
#5608=CARTESIAN_POINT('',(-0.00315412881483646,0.0123818589449179,0.));
#5609=CARTESIAN_POINT('',(-0.00316633345888205,0.0124125226469711,0.));
#5610=CARTESIAN_POINT('',(-0.0031811130052266,0.0124475881646246,0.));
#5611=CARTESIAN_POINT('',(-0.00319865694699238,0.012486994523023,0.));
#5612=CARTESIAN_POINT('',(-0.00321914116811665,0.0125306338192755,0.));
#5613=CARTESIAN_POINT('',(-0.00324274192829152,0.0125784050948596,0.));
#5614=CARTESIAN_POINT('',(-0.00326963154005571,0.0126301985031163,0.));
#5615=CARTESIAN_POINT('',(-0.0032999794431316,0.0126859000199118,0.));
#5616=CARTESIAN_POINT('',(-0.00333395171074661,0.0127453901801879,0.));
#5617=CARTESIAN_POINT('',(-0.00337171101248872,0.0128085445478952,0.));
#5618=CARTESIAN_POINT('',(-0.00341341644939527,0.0128752336945615,0.));
#5619=CARTESIAN_POINT('',(-0.00345922342859433,0.0129453233232146,0.));
#5620=CARTESIAN_POINT('',(-0.00350928352983609,0.0130186743557878,0.));
#5621=CARTESIAN_POINT('',(-0.00356374437740285,0.01309514303535,0.));
#5622=CARTESIAN_POINT('',(-0.00362274951394967,0.0131745810284129,0.));
#5623=CARTESIAN_POINT('',(-0.00368643827618759,0.0132568355315902,0.));
#5624=CARTESIAN_POINT('',(-0.00375494567693723,0.0133417493802827,0.));
#5625=CARTESIAN_POINT('',(-0.00382840227528297,0.0134291611638632,0.));
#5626=CARTESIAN_POINT('',(-0.00390693410604489,0.0135189053308473,0.));
#5627=CARTESIAN_POINT('',(-0.0039906623941312,0.0136108123470668,0.));
#5628=CARTESIAN_POINT('',(-0.00407970411119067,0.013704708663864,0.));
#5629=CARTESIAN_POINT('',(-0.00417416930718659,0.0138004174306301,0.));
#5630=CARTESIAN_POINT('',(-0.00427417084529054,0.0138977563613981,0.));
#5631=CARTESIAN_POINT('',(-0.00437978655681307,0.013996546535085,0.));
#5632=CARTESIAN_POINT('',(-0.00449120380685595,0.0140965792947258,0.));
#5633=CARTESIAN_POINT('',(-0.00459018137884742,0.0141821885575498,0.));
#5634=CARTESIAN_POINT('',(-0.00465280313395828,0.0142342318588044,0.));
#5635=CARTESIAN_POINT('',(-0.00467526929137046,0.0142527841860167,0.));
#5636=CARTESIAN_POINT('',(-0.00467526929137046,0.0142527841860167,0.));
#5637=CARTESIAN_POINT('',(0.,3.42288780361685E-18,0.));
#5638=CARTESIAN_POINT('',(-0.00558004901756867,0.013923471297113,0.));
#5639=CARTESIAN_POINT('',(-0.00504878965421127,0.0104714062106065,0.));
#5640=CARTESIAN_POINT('',(-0.00526894392490306,0.0109272521002557,0.));
#5641=CARTESIAN_POINT('',(-0.00550772392602178,0.0114216639583512,0.));
#5642=CARTESIAN_POINT('',(-0.00551332017600574,0.0114354260067369,0.));
#5643=CARTESIAN_POINT('',(-0.00551902566690576,0.0114487516319594,0.));
#5644=CARTESIAN_POINT('',(-0.00552532668435337,0.0114646681044916,0.));
#5645=CARTESIAN_POINT('',(-0.00553344253395202,0.0114862299090244,0.));
#5646=CARTESIAN_POINT('',(-0.00554270266319279,0.0115124891617695,0.));
#5647=CARTESIAN_POINT('',(-0.0055530636111883,0.011543823914306,0.));
#5648=CARTESIAN_POINT('',(-0.00556428150211416,0.0115801857685166,0.));
#5649=CARTESIAN_POINT('',(-0.00557617198193545,0.0116216498187833,0.));
#5650=CARTESIAN_POINT('',(-0.00558853095709816,0.011668246462712,0.));
#5651=CARTESIAN_POINT('',(-0.00560115850995719,0.0117200116591335,0.));
#5652=CARTESIAN_POINT('',(-0.00561385203337842,0.01177697202099,0.));
#5653=CARTESIAN_POINT('',(-0.00562640843570371,0.0118391491144816,0.));
#5654=CARTESIAN_POINT('',(-0.00563862370680086,0.0119065581738773,0.));
#5655=CARTESIAN_POINT('',(-0.00565029324858506,0.0119792084376284,0.));
#5656=CARTESIAN_POINT('',(-0.00566121198757263,0.0120571030259486,0.));
#5657=CARTESIAN_POINT('',(-0.0056711745505669,0.0121402389551649,0.));
#5658=CARTESIAN_POINT('',(-0.0056799754230844,0.0122286071188824,0.));
#5659=CARTESIAN_POINT('',(-0.00568740911319003,0.0123221922839627,0.));
#5660=CARTESIAN_POINT('',(-0.00569327031390202,0.0124209730878012,0.));
#5661=CARTESIAN_POINT('',(-0.00569735406698386,0.0125249220401245,0.));
#5662=CARTESIAN_POINT('',(-0.00569945592315743,0.0126340055304329,0.));
#5663=CARTESIAN_POINT('',(-0.00569937211561035,0.0127481838327742,0.));
#5664=CARTESIAN_POINT('',(-0.00569689968162624,0.0128674111409745,0.));
#5665=CARTESIAN_POINT('',(-0.00569183678307507,0.0129916355061953,0.));
#5666=CARTESIAN_POINT('',(-0.0056839822595483,0.0131207991703781,0.));
#5667=CARTESIAN_POINT('',(-0.00567313813050308,0.0132548373968498,0.));
#5668=CARTESIAN_POINT('',(-0.00565910076657303,0.0133936830935066,0.));
#5669=CARTESIAN_POINT('',(-0.00564169553725989,0.0135372492278492,0.));
#5670=CARTESIAN_POINT('',(-0.00562064479045675,0.0136854963953347,0.));
#5671=CARTESIAN_POINT('',(-0.00559985214485699,0.0138146984523136,0.));
#5672=CARTESIAN_POINT('',(-0.00558533388654957,0.0138948184223233,0.));
#5673=CARTESIAN_POINT('',(-0.00558004901756867,0.013923471297113,0.));
#5674=CARTESIAN_POINT('',(-0.00531223875967624,0.0110170229639994,0.));
#5675=CARTESIAN_POINT('',(-0.00587194239832961,0.0107469202197372,0.));
#5676=CARTESIAN_POINT('',(-0.00557396018887815,0.0102015485497448,0.));
#5677=CARTESIAN_POINT('',(-1.61582158146434E-16,2.68267544260658E-16,0.));
#5678=CARTESIAN_POINT('',(-0.00604782010758028,0.00992796539812401,0.));
#5679=CARTESIAN_POINT('',(-0.00637113472357226,0.0104587113963809,0.));
#5680=CARTESIAN_POINT('',(-0.00688490238106193,0.0101090451988477,0.));
#5681=CARTESIAN_POINT('',(-0.00654410896462579,0.00960808320421427,0.));
#5682=CARTESIAN_POINT('',(-0.00682880594992676,0.0100266653402096,0.));
#5683=CARTESIAN_POINT('',(-0.00713758917841037,0.0104806608161418,0.));
#5684=CARTESIAN_POINT('',(-0.00714670933692858,0.0104923883349867,0.));
#5685=CARTESIAN_POINT('',(-0.00715539692144257,0.0105039922476584,0.));
#5686=CARTESIAN_POINT('',(-0.00716603048227028,0.0105174073251039,0.));
#5687=CARTESIAN_POINT('',(-0.00718064562794776,0.010535216759296,0.));
#5688=CARTESIAN_POINT('',(-0.00719875674328907,0.0105563658928334,0.));
#5689=CARTESIAN_POINT('',(-0.00722071296100915,0.010581006113273,0.));
#5690=CARTESIAN_POINT('',(-0.00724659430502133,0.010608902018897,0.));
#5691=CARTESIAN_POINT('',(-0.00727655798598549,0.0106399315016188,0.));
#5692=CARTESIAN_POINT('',(-0.00731073237577745,0.0106739330100388,0.));
#5693=CARTESIAN_POINT('',(-0.00734924857448083,0.010710751389813,0.));
#5694=CARTESIAN_POINT('',(-0.0073922309331467,0.0107502244844876,0.));
#5695=CARTESIAN_POINT('',(-0.0074397996744813,0.0107921871946273,0.));
#5696=CARTESIAN_POINT('',(-0.00749206999681459,0.0108364704594094,0.));
#5697=CARTESIAN_POINT('',(-0.00754915219992257,0.0108829017109205,0.));
#5698=CARTESIAN_POINT('',(-0.00761115152273138,0.0109313049104212,0.));
#5699=CARTESIAN_POINT('',(-0.00767816806790283,0.0109815007076692,0.));
#5700=CARTESIAN_POINT('',(-0.00775029670630925,0.0110333065687036,0.));
#5701=CARTESIAN_POINT('',(-0.00782762699163329,0.011086536915719,0.));
#5702=CARTESIAN_POINT('',(-0.00791024307680766,0.0111410032663515,0.));
#5703=CARTESIAN_POINT('',(-0.0079982236336755,0.0111965143764248,0.));
#5704=CARTESIAN_POINT('',(-0.00809164177932933,0.0112528763824205,0.));
#5705=CARTESIAN_POINT('',(-0.00819056499349138,0.0113098929541263,0.));
#5706=CARTESIAN_POINT('',(-0.00829505508820971,0.011367365417587,0.));
#5707=CARTESIAN_POINT('',(-0.00840516799353551,0.0114250930014353,0.));
#5708=CARTESIAN_POINT('',(-0.0085209542697271,0.0114828726166179,0.));
#5709=CARTESIAN_POINT('',(-0.00864245684345243,0.0115405004386187,0.));
#5710=CARTESIAN_POINT('',(-0.00876971942592839,0.0115977665731815,0.));
#5711=CARTESIAN_POINT('',(-0.00890275396004875,0.0116544762696089,0.));
#5712=CARTESIAN_POINT('',(-0.00904166514653188,0.0117103693718516,0.));
#5713=CARTESIAN_POINT('',(-0.00916395373289667,0.0117569634410397,0.));
#5714=CARTESIAN_POINT('',(-0.00924059879142922,0.0117844502455316,0.));
#5715=CARTESIAN_POINT('',(-0.00926805534337906,0.0117941998521334,0.));
#5716=CARTESIAN_POINT('',(-0.00926805534337906,0.0117941998521334,0.));
#5717=CARTESIAN_POINT('',(0.,3.42288780361685E-18,0.));
#5718=CARTESIAN_POINT('',(-0.0100056385340624,0.0111752940688684,0.));
#5719=CARTESIAN_POINT('',(-0.00832574223493551,0.00811311538420421,0.));
#5720=CARTESIAN_POINT('',(-0.0086885280550513,0.00846617320770732,0.));
#5721=CARTESIAN_POINT('',(-0.00908200667466155,0.00884910081218278,0.));
#5722=CARTESIAN_POINT('',(-0.0090919723272369,0.00886011887727619,0.));
#5723=CARTESIAN_POINT('',(-0.00910189136718212,0.00887068947614977,0.));
#5724=CARTESIAN_POINT('',(-0.00911325614099777,0.00888349099304668,0.));
#5725=CARTESIAN_POINT('',(-0.0091282571164537,0.00890097667761401,0.));
#5726=CARTESIAN_POINT('',(-0.00914593998495629,0.00892248515291583,0.));
#5727=CARTESIAN_POINT('',(-0.0091663932078856,0.00894838653573004,0.));
#5728=CARTESIAN_POINT('',(-0.00918937106379812,0.00897871875714759,0.));
#5729=CARTESIAN_POINT('',(-0.00921472600035889,0.00901361543559847,0.));
#5730=CARTESIAN_POINT('',(-0.00924227662895473,0.0090531749395951,0.));
#5731=CARTESIAN_POINT('',(-0.0092718473870943,0.0090974994352472,0.));
#5732=CARTESIAN_POINT('',(-0.00930325698851106,0.00914668322626122,0.));
#5733=CARTESIAN_POINT('',(-0.00933632196554733,0.00920081603967429,0.));
#5734=CARTESIAN_POINT('',(-0.00937085582181417,0.00925998196659111,0.));
#5735=CARTESIAN_POINT('',(-0.00940666945773754,0.00932425966498257,0.));
#5736=CARTESIAN_POINT('',(-0.009443571234454,0.00939372220615273,0.));
#5737=CARTESIAN_POINT('',(-0.00948136714380992,0.00946843702813632,0.));
#5738=CARTESIAN_POINT('',(-0.00951986095079119,0.00954846586381427,0.));
#5739=CARTESIAN_POINT('',(-0.00955885434610256,0.00963386468109984,0.));
#5740=CARTESIAN_POINT('',(-0.00959814709784722,0.00972468362483457,0.));
#5741=CARTESIAN_POINT('',(-0.00963753720605551,0.00982096696245686,0.));
#5742=CARTESIAN_POINT('',(-0.00967682105578154,0.00992275303619957,0.));
#5743=CARTESIAN_POINT('',(-0.00971579358177941,0.0100300742082328,0.));
#5744=CARTESIAN_POINT('',(-0.00975424839484816,0.0101429568521703,0.));
#5745=CARTESIAN_POINT('',(-0.0097919780616372,0.0102614211847783,0.));
#5746=CARTESIAN_POINT('',(-0.00982877379877559,0.0103854817321469,0.));
#5747=CARTESIAN_POINT('',(-0.00986442742416192,0.0105151453750359,0.));
#5748=CARTESIAN_POINT('',(-0.00989872464193227,0.0106504187128354,0.));
#5749=CARTESIAN_POINT('',(-0.00993147158622818,0.0107912796888962,0.));
#5750=CARTESIAN_POINT('',(-0.00996239387226627,0.0109377862376735,0.));
#5751=CARTESIAN_POINT('',(-0.00998704488267544,0.0110663079608351,0.));
#5752=CARTESIAN_POINT('',(-0.0100008048261033,0.0111465616422179,0.));
#5753=CARTESIAN_POINT('',(-0.0100056385340624,0.0111752940688684,0.));
#5754=CARTESIAN_POINT('',(-0.00875991533548991,0.00853572252033451,0.));
#5755=CARTESIAN_POINT('',(-0.00919348413525427,0.00809047904598514,0.));
#5756=CARTESIAN_POINT('',(-0.00872694435517072,0.00767991323009274,0.));
#5757=CARTESIAN_POINT('',(-2.43590465598521E-16,1.96824678849983E-16,0.));
#5758=CARTESIAN_POINT('',(-0.00907865607533248,0.0072607595240325,0.));
#5759=CARTESIAN_POINT('',(-0.00956399825656574,0.00764891751080534,0.));
#5760=CARTESIAN_POINT('',(-0.00992718905011076,0.00714461987739433,0.));
#5761=CARTESIAN_POINT('',(-0.00943560889826808,0.00679042780087708,0.));
#5762=CARTESIAN_POINT('',(-0.00984630007666207,0.00708639424154763,0.));
#5763=CARTESIAN_POINT('',(-0.0102917369956381,0.00740740035608882,0.));
#5764=CARTESIAN_POINT('',(-0.0103043181889743,0.00741530134108396,0.));
#5765=CARTESIAN_POINT('',(-0.0103164506199096,0.0074232341232932,0.));
#5766=CARTESIAN_POINT('',(-0.0103310311252627,0.00743220328057757,0.));
#5767=CARTESIAN_POINT('',(-0.0103508560550425,0.00744394000024894,0.));
#5768=CARTESIAN_POINT('',(-0.0103751083661666,0.00745761931870523,0.));
#5769=CARTESIAN_POINT('',(-0.0104041679136649,0.00747326408329536,0.));
#5770=CARTESIAN_POINT('',(-0.0104380293832888,0.00749062571897186,0.));
#5771=CARTESIAN_POINT('',(-0.0104767987413103,0.00750953571245441,0.));
#5772=CARTESIAN_POINT('',(-0.0105205413640007,0.00752979834931754,0.));
#5773=CARTESIAN_POINT('',(-0.0105693273792304,0.00755122299329984,0.));
#5774=CARTESIAN_POINT('',(-0.0106232181779909,0.00757361473661375,0.));
#5775=CARTESIAN_POINT('',(-0.0106822702653393,0.00759677731795108,0.));
#5776=CARTESIAN_POINT('',(-0.0107465340700897,0.007620512471955,0.));
#5777=CARTESIAN_POINT('',(-0.0108160542184251,0.00764462031308558,0.));
#5778=CARTESIAN_POINT('',(-0.0108908693937929,0.00766889942520556,0.));
#5779=CARTESIAN_POINT('',(-0.0109710123205302,0.00769314703708926,0.));
#5780=CARTESIAN_POINT('',(-0.0110565097178042,0.00771715917517109,0.));
#5781=CARTESIAN_POINT('',(-0.0111473822672019,0.00774073082419344,0.));
#5782=CARTESIAN_POINT('',(-0.0112436445818483,0.0077636560866716,0.));
#5783=CARTESIAN_POINT('',(-0.011345305179733,0.00778572834450931,0.));
#5784=CARTESIAN_POINT('',(-0.0114523664632202,0.00780674041807038,0.));
#5785=CARTESIAN_POINT('',(-0.0115648246936195,0.00782648473787891,0.));
#5786=CARTESIAN_POINT('',(-0.0116826700047616,0.00784475347051966,0.));
#5787=CARTESIAN_POINT('',(-0.0118058862858512,0.00786133882341618,0.));
#5788=CARTESIAN_POINT('',(-0.0119344515874428,0.00787603266265694,0.));
#5789=CARTESIAN_POINT('',(-0.0120683365353192,0.00788862877406306,0.));
#5790=CARTESIAN_POINT('',(-0.0122075104165249,0.00789891497143423,0.));
#5791=CARTESIAN_POINT('',(-0.0123519178450476,0.00790670416426697,0.));
#5792=CARTESIAN_POINT('',(-0.0125015682287703,0.00791171607608669,0.));
#5793=CARTESIAN_POINT('',(-0.0126324180212055,0.00791367501923962,0.));
#5794=CARTESIAN_POINT('',(-0.0127138418579402,0.00791329001268514,0.));
#5795=CARTESIAN_POINT('',(-0.0127429771390469,0.00791306095223126,0.));
#5796=CARTESIAN_POINT('',(-0.0127429771390469,0.00791306095223126,0.));
#5797=CARTESIAN_POINT('',(0.,3.42288780361685E-18,0.));
#5798=CARTESIAN_POINT('',(-0.0132244003758504,0.00707921144614336,0.));
#5799=CARTESIAN_POINT('',(-0.0105984874272577,0.00477626310563611,0.));
#5800=CARTESIAN_POINT('',(-0.011060147472743,0.00498394887890019,0.));
#5801=CARTESIAN_POINT('',(-0.0115608653821939,0.00520920550924632,0.));
#5802=CARTESIAN_POINT('',(-0.0115739984325827,0.00521615064978778,0.));
#5803=CARTESIAN_POINT('',(-0.0115869346389662,0.00522269125208286,0.));
#5804=CARTESIAN_POINT('',(-0.0116019924097016,0.00523083376147646,0.));
#5805=CARTESIAN_POINT('',(-0.011622069171984,0.00524213429445831,0.));
#5806=CARTESIAN_POINT('',(-0.0116460419648356,0.00525629775276412,0.));
#5807=CARTESIAN_POINT('',(-0.011674120502156,0.00527364167682503,0.));
#5808=CARTESIAN_POINT('',(-0.0117060868545151,0.00529428575189062,0.));
#5809=CARTESIAN_POINT('',(-0.0117418480682671,0.00531840600408433,0.));
#5810=CARTESIAN_POINT('',(-0.0117812673378835,0.00534615690813085,0.));
#5811=CARTESIAN_POINT('',(-0.0118242146314541,0.00537769451467804,0.));
#5812=CARTESIAN_POINT('',(-0.0118705518493791,0.00541316944377784,0.));
#5813=CARTESIAN_POINT('',(-0.0119201372769087,0.00545272876089946,0.));
#5814=CARTESIAN_POINT('',(-0.011972824425614,0.00549651527135519,0.));
#5815=CARTESIAN_POINT('',(-0.0120284625026312,0.00554466756532323,0.));
#5816=CARTESIAN_POINT('',(-0.0120868964181924,0.00559731985172032,0.));
#5817=CARTESIAN_POINT('',(-0.0121479669294334,0.0056546018562666,0.));
#5818=CARTESIAN_POINT('',(-0.0122115107496484,0.00571663870522237,0.));
#5819=CARTESIAN_POINT('',(-0.0122773606712097,0.00578355081699632,0.));
#5820=CARTESIAN_POINT('',(-0.0123453456882274,0.00585545379566805,0.));
#5821=CARTESIAN_POINT('',(-0.0124152911231761,0.00593245832708133,0.));
#5822=CARTESIAN_POINT('',(-0.0124870187544098,0.00601467008156245,0.));
#5823=CARTESIAN_POINT('',(-0.0125603469521441,0.00610218960604859,0.));
#5824=CARTESIAN_POINT('',(-0.012635090794277,0.0061951122728942,0.));
#5825=CARTESIAN_POINT('',(-0.0127110622717609,0.00629352802602937,0.));
#5826=CARTESIAN_POINT('',(-0.0127880701606183,0.00639752192363251,0.));
#5827=CARTESIAN_POINT('',(-0.0128659211870231,0.0065071716339748,0.));
#5828=CARTESIAN_POINT('',(-0.0129444162358577,0.00662255665195662,0.));
#5829=CARTESIAN_POINT('',(-0.0130233655889872,0.00674372255713606,0.));
#5830=CARTESIAN_POINT('',(-0.013102531223806,0.00687081763521619,0.));
#5831=CARTESIAN_POINT('',(-0.0131696526145586,0.00698315740796852,0.));
#5832=CARTESIAN_POINT('',(-0.0132100311074691,0.00705386502233155,0.));
#5833=CARTESIAN_POINT('',(-0.0132244003758504,0.00707921144614336,0.));
#5834=CARTESIAN_POINT('',(-0.0111510168392621,0.00502488796686945,0.));
#5835=CARTESIAN_POINT('',(-0.0114061560040919,0.00445820669653333,0.));
#5836=CARTESIAN_POINT('',(-0.0108273302362482,0.0042319670314436,0.));
#5837=CARTESIAN_POINT('',(-2.96218167887034E-16,1.01641852347113E-16,0.));
#5838=CARTESIAN_POINT('',(-0.0110144721337059,0.00371779889394467,0.));
#5839=CARTESIAN_POINT('',(-0.011603302450236,0.00391655128742683,0.));
#5840=CARTESIAN_POINT('',(-0.0117721102100096,0.00331844795536788,0.));
#5841=CARTESIAN_POINT('',(-0.0111890351440229,0.00315374658871307,0.));
#5842=CARTESIAN_POINT('',(-0.0116761850982394,0.00329139941331455,0.));
#5843=CARTESIAN_POINT('',(-0.0122045494413306,0.00344069809150533,0.));
#5844=CARTESIAN_POINT('',(-0.0122190741918897,0.00344381956725417,0.));
#5845=CARTESIAN_POINT('',(-0.01223318811902,0.0034471244083911,0.));
#5846=CARTESIAN_POINT('',(-0.0122499569447676,0.00345056583277527,0.));
#5847=CARTESIAN_POINT('',(-0.0122726004795334,0.00345481421631797,0.));
#5848=CARTESIAN_POINT('',(-0.0123000687997927,0.00345937379200208,0.));
#5849=CARTESIAN_POINT('',(-0.0123327266667676,0.00346413611124103,0.));
#5850=CARTESIAN_POINT('',(-0.0123704840690247,0.003468869407477,0.));
#5851=CARTESIAN_POINT('',(-0.0124133829473513,0.00347337908742453,0.));
#5852=CARTESIAN_POINT('',(-0.0124614177970714,0.00347745887968044,0.));
#5853=CARTESIAN_POINT('',(-0.0125145893153858,0.00348090565961242,0.));
#5854=CARTESIAN_POINT('',(-0.0125728885285668,0.00348351527685507,0.));
#5855=CARTESIAN_POINT('',(-0.0126363014086789,0.0034850839802375,0.));
#5856=CARTESIAN_POINT('',(-0.0127048075325608,0.00348540821359682,0.));
#5857=CARTESIAN_POINT('',(-0.0127783804702263,0.00348428488291261,0.));
#5858=CARTESIAN_POINT('',(-0.0128569876838493,0.00348151148840876,0.));
#5859=CARTESIAN_POINT('',(-0.0129405905724042,0.00347688629507832,0.));
#5860=CARTESIAN_POINT('',(-0.0130291444806273,0.00347020849197351,0.));
#5861=CARTESIAN_POINT('',(-0.0131225987235054,0.00346127835425018,0.));
#5862=CARTESIAN_POINT('',(-0.0132208966117969,0.00344989740357828,0.));
#5863=CARTESIAN_POINT('',(-0.0133239754822431,0.00343586856913333,0.));
#5864=CARTESIAN_POINT('',(-0.0134317667327188,0.00341899634408317,0.));
#5865=CARTESIAN_POINT('',(-0.0135441958570624,0.00339908695563038,0.));
#5866=CARTESIAN_POINT('',(-0.013661182500893,0.00337594847867691,0.));
#5867=CARTESIAN_POINT('',(-0.0137826404557684,0.00334939116228858,0.));
#5868=CARTESIAN_POINT('',(-0.0139084779099662,0.00331922693171707,0.));
#5869=CARTESIAN_POINT('',(-0.0140385967313485,0.00328527205559415,0.));
#5870=CARTESIAN_POINT('',(-0.0141728954872228,0.00324733764856263,0.));
#5871=CARTESIAN_POINT('',(-0.0143112581430412,0.00320526684618882,0.));
#5872=CARTESIAN_POINT('',(-0.0144535976791222,0.00315879305705225,0.));
#5873=CARTESIAN_POINT('',(-0.0145772262615229,0.00311588059671477,0.));
#5874=CARTESIAN_POINT('',(-0.0146536079600615,0.00308767021658647,0.));
#5875=CARTESIAN_POINT('',(-0.0146809078254328,0.00307749011714827,0.));
#5876=CARTESIAN_POINT('',(-0.0146809078254328,0.00307749011714827,0.));
#5877=CARTESIAN_POINT('',(0.,3.42288780361685E-18,0.));
#5878=CARTESIAN_POINT('',(-0.0148481043609477,0.00212927144497966,0.));
#5879=CARTESIAN_POINT('',(-0.011592898618837,0.000863323006392263,0.));
#5880=CARTESIAN_POINT('',(-0.0120977498748298,0.000900586760046104,0.));
#5881=CARTESIAN_POINT('',(-0.0126453131044321,0.000941003142209359,0.));
#5882=CARTESIAN_POINT('',(-0.0126600295129343,0.000943037671750212,0.));
#5883=CARTESIAN_POINT('',(-0.0126744225883483,0.000944759384300989,0.));
#5884=CARTESIAN_POINT('',(-0.0126913571666236,0.000947260779387764,0.));
#5885=CARTESIAN_POINT('',(-0.0127140881618998,0.00095101314972842,0.));
#5886=CARTESIAN_POINT('',(-0.0127414594064818,0.00095612326893616,0.));
#5887=CARTESIAN_POINT('',(-0.0127737765721974,0.000962817801032966,0.));
#5888=CARTESIAN_POINT('',(-0.0128108758071355,0.000971283749619599,0.));
#5889=CARTESIAN_POINT('',(-0.0128527299679209,0.000981718317164559,0.));
#5890=CARTESIAN_POINT('',(-0.0128992633328756,0.000994313452673238,0.));
#5891=CARTESIAN_POINT('',(-0.012950407084438,0.00100926026932043,0.));
#5892=CARTESIAN_POINT('',(-0.0130060829665251,0.00102674753650236,0.));
#5893=CARTESIAN_POINT('',(-0.013066208110185,0.00104696191985435,0.));
#5894=CARTESIAN_POINT('',(-0.0131306937036154,0.00107008771446794,0.));
#5895=CARTESIAN_POINT('',(-0.0131994454485076,0.00109630672670783,0.));
#5896=CARTESIAN_POINT('',(-0.013272363510304,0.00112579811552739,0.));
#5897=CARTESIAN_POINT('',(-0.0133493426184697,0.00115873824749573,0.));
#5898=CARTESIAN_POINT('',(-0.0134302721293936,0.00119530055017888,0.));
#5899=CARTESIAN_POINT('',(-0.0135150361048233,0.00123565536824366,0.));
#5900=CARTESIAN_POINT('',(-0.0136035133907097,0.00127996982144963,0.));
#5901=CARTESIAN_POINT('',(-0.0136955777006593,0.00132840766369963,0.));
#5902=CARTESIAN_POINT('',(-0.0137910977024867,0.00138112914801246,0.));
#5903=CARTESIAN_POINT('',(-0.0138899371091017,0.00143829087864789,0.));
#5904=CARTESIAN_POINT('',(-0.0139919547698359,0.00150004572338744,0.));
#5905=CARTESIAN_POINT('',(-0.0140970047766106,0.00156654250475994,0.));
#5906=CARTESIAN_POINT('',(-0.0142049365292754,0.00163792655376016,0.));
#5907=CARTESIAN_POINT('',(-0.0143155949739555,0.00171433695823109,0.));
#5908=CARTESIAN_POINT('',(-0.0144288201925014,0.00179591652032508,0.));
#5909=CARTESIAN_POINT('',(-0.0145444494973086,0.00188277295824025,0.));
#5910=CARTESIAN_POINT('',(-0.0146623099369886,0.00197512702348317,0.));
#5911=CARTESIAN_POINT('',(-0.0147638058777536,0.00205773501127388,0.));
#5912=CARTESIAN_POINT('',(-0.0148259326779788,0.00211036817679165,0.));
#5913=CARTESIAN_POINT('',(-0.0148481043609477,0.00212927144497966,0.));
#5914=CARTESIAN_POINT('',(-0.0121971411407381,0.000907977765151751,0.));
#5915=CARTESIAN_POINT('',(-0.0122430771219018,0.000288208823356234,0.));
#5916=CARTESIAN_POINT('',(-0.0116217802964584,0.000273583151620842,0.));
#5917=CARTESIAN_POINT('',(-3.13117587413814E-16,-5.80048162279749E-18,0.));
#5918=CARTESIAN_POINT('',(-0.0116217802964584,-0.000273583151620854,0.));
#5919=CARTESIAN_POINT('',(-0.0122430771219018,-0.000288208823356246,0.));
#5920=CARTESIAN_POINT('',(-0.0121971411407381,-0.000907977765151763,0.));
#5921=CARTESIAN_POINT('',(-0.011592898618837,-0.000863323006392274,0.));
#5922=CARTESIAN_POINT('',(-0.0120977498748298,-0.000900586760046116,0.));
#5923=CARTESIAN_POINT('',(-0.0126453131044321,-0.00094100314220937,0.));
#5924=CARTESIAN_POINT('',(-0.0126600295129343,-0.000943037671750223,0.));
#5925=CARTESIAN_POINT('',(-0.0126744225883483,-0.000944759384301,0.));
#5926=CARTESIAN_POINT('',(-0.0126913571666236,-0.000947260779387776,0.));
#5927=CARTESIAN_POINT('',(-0.0127140881618998,-0.000951013149728432,0.));
#5928=CARTESIAN_POINT('',(-0.0127414594064818,-0.000956123268936172,0.));
#5929=CARTESIAN_POINT('',(-0.0127737765721974,-0.000962817801032978,0.));
#5930=CARTESIAN_POINT('',(-0.0128108758071355,-0.000971283749619611,0.));
#5931=CARTESIAN_POINT('',(-0.0128527299679209,-0.000981718317164571,0.));
#5932=CARTESIAN_POINT('',(-0.0128992633328756,-0.000994313452673249,0.));
#5933=CARTESIAN_POINT('',(-0.012950407084438,-0.00100926026932044,0.));
#5934=CARTESIAN_POINT('',(-0.0130060829665251,-0.00102674753650237,0.));
#5935=CARTESIAN_POINT('',(-0.013066208110185,-0.00104696191985436,0.));
#5936=CARTESIAN_POINT('',(-0.0131306937036154,-0.00107008771446795,0.));
#5937=CARTESIAN_POINT('',(-0.0131994454485076,-0.00109630672670785,0.));
#5938=CARTESIAN_POINT('',(-0.013272363510304,-0.00112579811552741,0.));
#5939=CARTESIAN_POINT('',(-0.0133493426184697,-0.00115873824749574,0.));
#5940=CARTESIAN_POINT('',(-0.0134302721293936,-0.00119530055017889,0.));
#5941=CARTESIAN_POINT('',(-0.0135150361048233,-0.00123565536824367,0.));
#5942=CARTESIAN_POINT('',(-0.0136035133907097,-0.00127996982144964,0.));
#5943=CARTESIAN_POINT('',(-0.0136955777006593,-0.00132840766369965,0.));
#5944=CARTESIAN_POINT('',(-0.0137910977024867,-0.00138112914801247,0.));
#5945=CARTESIAN_POINT('',(-0.0138899371091017,-0.0014382908786479,0.));
#5946=CARTESIAN_POINT('',(-0.0139919547698359,-0.00150004572338745,0.));
#5947=CARTESIAN_POINT('',(-0.0140970047766106,-0.00156654250475995,0.));
#5948=CARTESIAN_POINT('',(-0.0142049365292754,-0.00163792655376017,0.));
#5949=CARTESIAN_POINT('',(-0.0143155949739555,-0.0017143369582311,0.));
#5950=CARTESIAN_POINT('',(-0.0144288201925014,-0.00179591652032509,0.));
#5951=CARTESIAN_POINT('',(-0.0145444494973086,-0.00188277295824026,0.));
#5952=CARTESIAN_POINT('',(-0.0146623099369886,-0.00197512702348318,0.));
#5953=CARTESIAN_POINT('',(-0.0147638058777536,-0.00205773501127389,0.));
#5954=CARTESIAN_POINT('',(-0.0148259326779788,-0.00211036817679166,0.));
#5955=CARTESIAN_POINT('',(-0.0148481043609477,-0.00212927144497967,0.));
#5956=CARTESIAN_POINT('',(-0.0148481043609477,-0.00212927144497967,0.));
#5957=CARTESIAN_POINT('',(0.,3.42288780361685E-18,0.));
#5958=CARTESIAN_POINT('',(-0.0146809078254328,-0.00307749011714828,0.));
#5959=CARTESIAN_POINT('',(-0.0111890351440229,-0.00315374658871308,0.));
#5960=CARTESIAN_POINT('',(-0.0116761850982394,-0.00329139941331457,0.));
#5961=CARTESIAN_POINT('',(-0.0122045494413306,-0.00344069809150535,0.));
#5962=CARTESIAN_POINT('',(-0.0122190741918897,-0.00344381956725418,0.));
#5963=CARTESIAN_POINT('',(-0.01223318811902,-0.0034471244083911,0.));
#5964=CARTESIAN_POINT('',(-0.0122499569447676,-0.00345056583277528,0.));
#5965=CARTESIAN_POINT('',(-0.0122726004795334,-0.00345481421631799,0.));
#5966=CARTESIAN_POINT('',(-0.0123000687997927,-0.0034593737920021,0.));
#5967=CARTESIAN_POINT('',(-0.0123327266667676,-0.00346413611124104,0.));
#5968=CARTESIAN_POINT('',(-0.0123704840690247,-0.00346886940747702,0.));
#5969=CARTESIAN_POINT('',(-0.0124133829473513,-0.00347337908742454,0.));
#5970=CARTESIAN_POINT('',(-0.0124614177970714,-0.00347745887968045,0.));
#5971=CARTESIAN_POINT('',(-0.0125145893153858,-0.00348090565961243,0.));
#5972=CARTESIAN_POINT('',(-0.0125728885285668,-0.00348351527685508,0.));
#5973=CARTESIAN_POINT('',(-0.0126363014086789,-0.00348508398023751,0.));
#5974=CARTESIAN_POINT('',(-0.0127048075325608,-0.00348540821359683,0.));
#5975=CARTESIAN_POINT('',(-0.0127783804702263,-0.00348428488291262,0.));
#5976=CARTESIAN_POINT('',(-0.0128569876838493,-0.00348151148840877,0.));
#5977=CARTESIAN_POINT('',(-0.0129405905724042,-0.00347688629507833,0.));
#5978=CARTESIAN_POINT('',(-0.0130291444806273,-0.00347020849197352,0.));
#5979=CARTESIAN_POINT('',(-0.0131225987235054,-0.00346127835425019,0.));
#5980=CARTESIAN_POINT('',(-0.0132208966117969,-0.0034498974035783,0.));
#5981=CARTESIAN_POINT('',(-0.0133239754822431,-0.00343586856913334,0.));
#5982=CARTESIAN_POINT('',(-0.0134317667327188,-0.00341899634408318,0.));
#5983=CARTESIAN_POINT('',(-0.0135441958570624,-0.00339908695563039,0.));
#5984=CARTESIAN_POINT('',(-0.013661182500893,-0.00337594847867692,0.));
#5985=CARTESIAN_POINT('',(-0.0137826404557684,-0.00334939116228859,0.));
#5986=CARTESIAN_POINT('',(-0.0139084779099662,-0.00331922693171708,0.));
#5987=CARTESIAN_POINT('',(-0.0140385967313485,-0.00328527205559416,0.));
#5988=CARTESIAN_POINT('',(-0.0141728954872228,-0.00324733764856264,0.));
#5989=CARTESIAN_POINT('',(-0.0143112581430412,-0.00320526684618883,0.));
#5990=CARTESIAN_POINT('',(-0.0144535976791222,-0.00315879305705226,0.));
#5991=CARTESIAN_POINT('',(-0.0145772262615228,-0.00311588059671478,0.));
#5992=CARTESIAN_POINT('',(-0.0146536079600615,-0.00308767021658648,0.));
#5993=CARTESIAN_POINT('',(-0.0146809078254328,-0.00307749011714828,0.));
#5994=CARTESIAN_POINT('',(-0.0117721102100096,-0.00331844795536789,0.));
#5995=CARTESIAN_POINT('',(-0.011603302450236,-0.00391655128742684,0.));
#5996=CARTESIAN_POINT('',(-0.0110144721337059,-0.00371779889394468,0.));
#5997=CARTESIAN_POINT('',(-2.92250404775061E-16,-1.12543191903007E-16,0.));
#5998=CARTESIAN_POINT('',(-0.0108273302362482,-0.00423196703144361,0.));
#5999=CARTESIAN_POINT('',(-0.0114061560040919,-0.00445820669653334,0.));
#6000=CARTESIAN_POINT('',(-0.0111510168392621,-0.00502488796686946,0.));
#6001=CARTESIAN_POINT('',(-0.0105984874272577,-0.00477626310563612,0.));
#6002=CARTESIAN_POINT('',(-0.011060147472743,-0.0049839488789002,0.));
#6003=CARTESIAN_POINT('',(-0.0115608653821939,-0.00520920550924633,0.));
#6004=CARTESIAN_POINT('',(-0.0115739984325827,-0.00521615064978779,0.));
#6005=CARTESIAN_POINT('',(-0.0115869346389662,-0.00522269125208287,0.));
#6006=CARTESIAN_POINT('',(-0.0116019924097016,-0.00523083376147647,0.));
#6007=CARTESIAN_POINT('',(-0.011622069171984,-0.00524213429445832,0.));
#6008=CARTESIAN_POINT('',(-0.0116460419648356,-0.00525629775276413,0.));
#6009=CARTESIAN_POINT('',(-0.011674120502156,-0.00527364167682504,0.));
#6010=CARTESIAN_POINT('',(-0.0117060868545151,-0.00529428575189063,0.));
#6011=CARTESIAN_POINT('',(-0.0117418480682671,-0.00531840600408434,0.));
#6012=CARTESIAN_POINT('',(-0.0117812673378835,-0.00534615690813086,0.));
#6013=CARTESIAN_POINT('',(-0.0118242146314541,-0.00537769451467805,0.));
#6014=CARTESIAN_POINT('',(-0.0118705518493791,-0.00541316944377785,0.));
#6015=CARTESIAN_POINT('',(-0.0119201372769087,-0.00545272876089947,0.));
#6016=CARTESIAN_POINT('',(-0.011972824425614,-0.0054965152713552,0.));
#6017=CARTESIAN_POINT('',(-0.0120284625026312,-0.00554466756532324,0.));
#6018=CARTESIAN_POINT('',(-0.0120868964181924,-0.00559731985172033,0.));
#6019=CARTESIAN_POINT('',(-0.0121479669294334,-0.00565460185626661,0.));
#6020=CARTESIAN_POINT('',(-0.0122115107496484,-0.00571663870522238,0.));
#6021=CARTESIAN_POINT('',(-0.0122773606712097,-0.00578355081699633,0.));
#6022=CARTESIAN_POINT('',(-0.0123453456882274,-0.00585545379566806,0.));
#6023=CARTESIAN_POINT('',(-0.0124152911231761,-0.00593245832708134,0.));
#6024=CARTESIAN_POINT('',(-0.0124870187544098,-0.00601467008156246,0.));
#6025=CARTESIAN_POINT('',(-0.0125603469521441,-0.0061021896060486,0.));
#6026=CARTESIAN_POINT('',(-0.012635090794277,-0.00619511227289421,0.));
#6027=CARTESIAN_POINT('',(-0.0127110622717609,-0.00629352802602938,0.));
#6028=CARTESIAN_POINT('',(-0.0127880701606183,-0.00639752192363252,0.));
#6029=CARTESIAN_POINT('',(-0.0128659211870231,-0.00650717163397481,0.));
#6030=CARTESIAN_POINT('',(-0.0129444162358577,-0.00662255665195663,0.));
#6031=CARTESIAN_POINT('',(-0.0130233655889872,-0.00674372255713607,0.));
#6032=CARTESIAN_POINT('',(-0.013102531223806,-0.0068708176352162,0.));
#6033=CARTESIAN_POINT('',(-0.0131696526145586,-0.00698315740796853,0.));
#6034=CARTESIAN_POINT('',(-0.0132100311074691,-0.00705386502233156,0.));
#6035=CARTESIAN_POINT('',(-0.0132244003758504,-0.00707921144614337,0.));
#6036=CARTESIAN_POINT('',(-0.0132244003758504,-0.00707921144614337,0.));
#6037=CARTESIAN_POINT('',(0.,3.42288780361685E-18,0.));
#6038=CARTESIAN_POINT('',(-0.0127429771390469,-0.00791306095223127,0.));
#6039=CARTESIAN_POINT('',(-0.00943560889826807,-0.00679042780087708,0.));
#6040=CARTESIAN_POINT('',(-0.00984630007666206,-0.00708639424154764,0.));
#6041=CARTESIAN_POINT('',(-0.0102917369956381,-0.00740740035608883,0.));
#6042=CARTESIAN_POINT('',(-0.0103043181889743,-0.00741530134108397,0.));
#6043=CARTESIAN_POINT('',(-0.0103164506199096,-0.00742323412329321,0.));
#6044=CARTESIAN_POINT('',(-0.0103310311252627,-0.00743220328057758,0.));
#6045=CARTESIAN_POINT('',(-0.0103508560550425,-0.00744394000024895,0.));
#6046=CARTESIAN_POINT('',(-0.0103751083661666,-0.00745761931870524,0.));
#6047=CARTESIAN_POINT('',(-0.0104041679136649,-0.00747326408329537,0.));
#6048=CARTESIAN_POINT('',(-0.0104380293832888,-0.00749062571897187,0.));
#6049=CARTESIAN_POINT('',(-0.0104767987413103,-0.00750953571245442,0.));
#6050=CARTESIAN_POINT('',(-0.0105205413640007,-0.00752979834931754,0.));
#6051=CARTESIAN_POINT('',(-0.0105693273792304,-0.00755122299329985,0.));
#6052=CARTESIAN_POINT('',(-0.0106232181779908,-0.00757361473661376,0.));
#6053=CARTESIAN_POINT('',(-0.0106822702653393,-0.00759677731795109,0.));
#6054=CARTESIAN_POINT('',(-0.0107465340700897,-0.007620512471955,0.));
#6055=CARTESIAN_POINT('',(-0.0108160542184251,-0.00764462031308559,0.));
#6056=CARTESIAN_POINT('',(-0.0108908693937929,-0.00766889942520557,0.));
#6057=CARTESIAN_POINT('',(-0.0109710123205302,-0.00769314703708926,0.));
#6058=CARTESIAN_POINT('',(-0.0110565097178042,-0.0077171591751711,0.));
#6059=CARTESIAN_POINT('',(-0.0111473822672019,-0.00774073082419345,0.));
#6060=CARTESIAN_POINT('',(-0.0112436445818482,-0.00776365608667161,0.));
#6061=CARTESIAN_POINT('',(-0.011345305179733,-0.00778572834450932,0.));
#6062=CARTESIAN_POINT('',(-0.0114523664632202,-0.00780674041807039,0.));
#6063=CARTESIAN_POINT('',(-0.0115648246936195,-0.00782648473787892,0.));
#6064=CARTESIAN_POINT('',(-0.0116826700047616,-0.00784475347051967,0.));
#6065=CARTESIAN_POINT('',(-0.0118058862858512,-0.00786133882341619,0.));
#6066=CARTESIAN_POINT('',(-0.0119344515874428,-0.00787603266265695,0.));
#6067=CARTESIAN_POINT('',(-0.0120683365353192,-0.00788862877406307,0.));
#6068=CARTESIAN_POINT('',(-0.0122075104165249,-0.00789891497143424,0.));
#6069=CARTESIAN_POINT('',(-0.0123519178450476,-0.00790670416426698,0.));
#6070=CARTESIAN_POINT('',(-0.0125015682287703,-0.0079117160760867,0.));
#6071=CARTESIAN_POINT('',(-0.0126324180212055,-0.00791367501923962,0.));
#6072=CARTESIAN_POINT('',(-0.0127138418579401,-0.00791329001268515,0.));
#6073=CARTESIAN_POINT('',(-0.0127429771390469,-0.00791306095223127,0.));
#6074=CARTESIAN_POINT('',(-0.00992718905011074,-0.00714461987739433,0.));
#6075=CARTESIAN_POINT('',(-0.00956399825656572,-0.00764891751080534,0.));
#6076=CARTESIAN_POINT('',(-0.00907865607533246,-0.0072607595240325,0.));
#6077=CARTESIAN_POINT('',(-2.36133510163824E-16,-2.05711532279099E-16,0.));
#6078=CARTESIAN_POINT('',(-0.00872694435517073,-0.00767991323009276,0.));
#6079=CARTESIAN_POINT('',(-0.00919348413525427,-0.00809047904598516,0.));
#6080=CARTESIAN_POINT('',(-0.0087599153354899,-0.00853572252033452,0.));
#6081=CARTESIAN_POINT('',(-0.0083257422349355,-0.00811311538420422,0.));
#6082=CARTESIAN_POINT('',(-0.00868852805505129,-0.00846617320770733,0.));
#6083=CARTESIAN_POINT('',(-0.00908200667466154,-0.00884910081218279,0.));
#6084=CARTESIAN_POINT('',(-0.00909197232723689,-0.0088601188772762,0.));
#6085=CARTESIAN_POINT('',(-0.00910189136718211,-0.00887068947614978,0.));
#6086=CARTESIAN_POINT('',(-0.00911325614099777,-0.00888349099304669,0.));
#6087=CARTESIAN_POINT('',(-0.00912825711645369,-0.00890097667761402,0.));
#6088=CARTESIAN_POINT('',(-0.00914593998495628,-0.00892248515291584,0.));
#6089=CARTESIAN_POINT('',(-0.00916639320788559,-0.00894838653573005,0.));
#6090=CARTESIAN_POINT('',(-0.00918937106379811,-0.00897871875714759,0.));
#6091=CARTESIAN_POINT('',(-0.00921472600035888,-0.00901361543559848,0.));
#6092=CARTESIAN_POINT('',(-0.00924227662895472,-0.00905317493959511,0.));
#6093=CARTESIAN_POINT('',(-0.00927184738709429,-0.00909749943524721,0.));
#6094=CARTESIAN_POINT('',(-0.00930325698851105,-0.00914668322626123,0.));
#6095=CARTESIAN_POINT('',(-0.00933632196554732,-0.00920081603967429,0.));
#6096=CARTESIAN_POINT('',(-0.00937085582181417,-0.00925998196659111,0.));
#6097=CARTESIAN_POINT('',(-0.00940666945773753,-0.00932425966498258,0.));
#6098=CARTESIAN_POINT('',(-0.00944357123445399,-0.00939372220615274,0.));
#6099=CARTESIAN_POINT('',(-0.00948136714380991,-0.00946843702813633,0.));
#6100=CARTESIAN_POINT('',(-0.00951986095079118,-0.00954846586381428,0.));
#6101=CARTESIAN_POINT('',(-0.00955885434610255,-0.00963386468109984,0.));
#6102=CARTESIAN_POINT('',(-0.00959814709784721,-0.00972468362483458,0.));
#6103=CARTESIAN_POINT('',(-0.0096375372060555,-0.00982096696245686,0.));
#6104=CARTESIAN_POINT('',(-0.00967682105578153,-0.00992275303619958,0.));
#6105=CARTESIAN_POINT('',(-0.00971579358177941,-0.0100300742082328,0.));
#6106=CARTESIAN_POINT('',(-0.00975424839484815,-0.0101429568521703,0.));
#6107=CARTESIAN_POINT('',(-0.00979197806163719,-0.0102614211847783,0.));
#6108=CARTESIAN_POINT('',(-0.00982877379877558,-0.0103854817321469,0.));
#6109=CARTESIAN_POINT('',(-0.00986442742416191,-0.0105151453750359,0.));
#6110=CARTESIAN_POINT('',(-0.00989872464193226,-0.0106504187128354,0.));
#6111=CARTESIAN_POINT('',(-0.00993147158622817,-0.0107912796888962,0.));
#6112=CARTESIAN_POINT('',(-0.00996239387226626,-0.0109377862376735,0.));
#6113=CARTESIAN_POINT('',(-0.00998704488267543,-0.0110663079608351,0.));
#6114=CARTESIAN_POINT('',(-0.0100008048261032,-0.0111465616422179,0.));
#6115=CARTESIAN_POINT('',(-0.0100056385340624,-0.0111752940688684,0.));
#6116=CARTESIAN_POINT('',(-0.0100056385340624,-0.0111752940688684,0.));
#6117=CARTESIAN_POINT('',(0.,3.42288780361685E-18,0.));
#6118=CARTESIAN_POINT('',(-0.00926805534337904,-0.0117941998521334,0.));
#6119=CARTESIAN_POINT('',(-0.00654410896462578,-0.00960808320421428,0.));
#6120=CARTESIAN_POINT('',(-0.00682880594992674,-0.0100266653402096,0.));
#6121=CARTESIAN_POINT('',(-0.00713758917841035,-0.0104806608161418,0.));
#6122=CARTESIAN_POINT('',(-0.00714670933692856,-0.0104923883349867,0.));
#6123=CARTESIAN_POINT('',(-0.00715539692144255,-0.0105039922476585,0.));
#6124=CARTESIAN_POINT('',(-0.00716603048227026,-0.0105174073251039,0.));
#6125=CARTESIAN_POINT('',(-0.00718064562794775,-0.010535216759296,0.));
#6126=CARTESIAN_POINT('',(-0.00719875674328905,-0.0105563658928334,0.));
#6127=CARTESIAN_POINT('',(-0.00722071296100913,-0.010581006113273,0.));
#6128=CARTESIAN_POINT('',(-0.00724659430502131,-0.010608902018897,0.));
#6129=CARTESIAN_POINT('',(-0.00727655798598548,-0.0106399315016188,0.));
#6130=CARTESIAN_POINT('',(-0.00731073237577743,-0.0106739330100388,0.));
#6131=CARTESIAN_POINT('',(-0.00734924857448081,-0.0107107513898131,0.));
#6132=CARTESIAN_POINT('',(-0.00739223093314669,-0.0107502244844876,0.));
#6133=CARTESIAN_POINT('',(-0.00743979967448129,-0.0107921871946273,0.));
#6134=CARTESIAN_POINT('',(-0.00749206999681458,-0.0108364704594094,0.));
#6135=CARTESIAN_POINT('',(-0.00754915219992255,-0.0108829017109206,0.));
#6136=CARTESIAN_POINT('',(-0.00761115152273137,-0.0109313049104212,0.));
#6137=CARTESIAN_POINT('',(-0.00767816806790282,-0.0109815007076692,0.));
#6138=CARTESIAN_POINT('',(-0.00775029670630924,-0.0110333065687036,0.));
#6139=CARTESIAN_POINT('',(-0.00782762699163327,-0.011086536915719,0.));
#6140=CARTESIAN_POINT('',(-0.00791024307680764,-0.0111410032663515,0.));
#6141=CARTESIAN_POINT('',(-0.00799822363367548,-0.0111965143764248,0.));
#6142=CARTESIAN_POINT('',(-0.00809164177932932,-0.0112528763824205,0.));
#6143=CARTESIAN_POINT('',(-0.00819056499349136,-0.0113098929541263,0.));
#6144=CARTESIAN_POINT('',(-0.00829505508820969,-0.011367365417587,0.));
#6145=CARTESIAN_POINT('',(-0.00840516799353549,-0.0114250930014353,0.));
#6146=CARTESIAN_POINT('',(-0.00852095426972709,-0.011482872616618,0.));
#6147=CARTESIAN_POINT('',(-0.00864245684345241,-0.0115405004386187,0.));
#6148=CARTESIAN_POINT('',(-0.00876971942592837,-0.0115977665731815,0.));
#6149=CARTESIAN_POINT('',(-0.00890275396004874,-0.0116544762696089,0.));
#6150=CARTESIAN_POINT('',(-0.00904166514653187,-0.0117103693718516,0.));
#6151=CARTESIAN_POINT('',(-0.00916395373289665,-0.0117569634410397,0.));
#6152=CARTESIAN_POINT('',(-0.00924059879142921,-0.0117844502455316,0.));
#6153=CARTESIAN_POINT('',(-0.00926805534337904,-0.0117941998521334,0.));
#6154=CARTESIAN_POINT('',(-0.00688490238106191,-0.0101090451988477,0.));
#6155=CARTESIAN_POINT('',(-0.00637113472357224,-0.0104587113963809,0.));
#6156=CARTESIAN_POINT('',(-0.00604782010758026,-0.009927965398124,0.));
#6157=CARTESIAN_POINT('',(-1.51535429267379E-16,-2.74068025883456E-16,0.));
#6158=CARTESIAN_POINT('',(-0.00557396018887814,-0.0102015485497449,0.));
#6159=CARTESIAN_POINT('',(-0.0058719423983296,-0.0107469202197372,0.));
#6160=CARTESIAN_POINT('',(-0.00531223875967622,-0.0110170229639994,0.));
#6161=CARTESIAN_POINT('',(-0.00504878965421126,-0.0104714062106065,0.));
#6162=CARTESIAN_POINT('',(-0.00526894392490304,-0.0109272521002557,0.));
#6163=CARTESIAN_POINT('',(-0.00550772392602177,-0.0114216639583512,0.));
#6164=CARTESIAN_POINT('',(-0.00551332017600572,-0.0114354260067369,0.));
#6165=CARTESIAN_POINT('',(-0.00551902566690574,-0.0114487516319594,0.));
#6166=CARTESIAN_POINT('',(-0.00552532668435335,-0.0114646681044916,0.));
#6167=CARTESIAN_POINT('',(-0.00553344253395201,-0.0114862299090244,0.));
#6168=CARTESIAN_POINT('',(-0.00554270266319277,-0.0115124891617695,0.));
#6169=CARTESIAN_POINT('',(-0.00555306361118828,-0.011543823914306,0.));
#6170=CARTESIAN_POINT('',(-0.00556428150211415,-0.0115801857685166,0.));
#6171=CARTESIAN_POINT('',(-0.00557617198193543,-0.0116216498187834,0.));
#6172=CARTESIAN_POINT('',(-0.00558853095709814,-0.011668246462712,0.));
#6173=CARTESIAN_POINT('',(-0.00560115850995717,-0.0117200116591335,0.));
#6174=CARTESIAN_POINT('',(-0.00561385203337841,-0.01177697202099,0.));
#6175=CARTESIAN_POINT('',(-0.00562640843570369,-0.0118391491144816,0.));
#6176=CARTESIAN_POINT('',(-0.00563862370680084,-0.0119065581738773,0.));
#6177=CARTESIAN_POINT('',(-0.00565029324858505,-0.0119792084376284,0.));
#6178=CARTESIAN_POINT('',(-0.00566121198757261,-0.0120571030259486,0.));
#6179=CARTESIAN_POINT('',(-0.00567117455056688,-0.0121402389551649,0.));
#6180=CARTESIAN_POINT('',(-0.00567997542308438,-0.0122286071188825,0.));
#6181=CARTESIAN_POINT('',(-0.00568740911319001,-0.0123221922839627,0.));
#6182=CARTESIAN_POINT('',(-0.005693270313902,-0.0124209730878012,0.));
#6183=CARTESIAN_POINT('',(-0.00569735406698384,-0.0125249220401245,0.));
#6184=CARTESIAN_POINT('',(-0.00569945592315741,-0.012634005530433,0.));
#6185=CARTESIAN_POINT('',(-0.00569937211561033,-0.0127481838327742,0.));
#6186=CARTESIAN_POINT('',(-0.00569689968162622,-0.0128674111409745,0.));
#6187=CARTESIAN_POINT('',(-0.00569183678307505,-0.0129916355061953,0.));
#6188=CARTESIAN_POINT('',(-0.00568398225954829,-0.0131207991703781,0.));
#6189=CARTESIAN_POINT('',(-0.00567313813050307,-0.0132548373968498,0.));
#6190=CARTESIAN_POINT('',(-0.00565910076657301,-0.0133936830935066,0.));
#6191=CARTESIAN_POINT('',(-0.00564169553725987,-0.0135372492278492,0.));
#6192=CARTESIAN_POINT('',(-0.00562064479045673,-0.0136854963953347,0.));
#6193=CARTESIAN_POINT('',(-0.00559985214485697,-0.0138146984523136,0.));
#6194=CARTESIAN_POINT('',(-0.00558533388654955,-0.0138948184223233,0.));
#6195=CARTESIAN_POINT('',(-0.00558004901756865,-0.013923471297113,0.));
#6196=CARTESIAN_POINT('',(-0.00558004901756865,-0.013923471297113,0.));
#6197=CARTESIAN_POINT('',(0.,3.42288780361685E-18,0.));
#6198=CARTESIAN_POINT('',(-0.00467526929137045,-0.0142527841860167,0.));
#6199=CARTESIAN_POINT('',(-0.00286329290908743,-0.0112668619729173,0.));
#6200=CARTESIAN_POINT('',(-0.00298765704318808,-0.0117575726210219,0.));
#6201=CARTESIAN_POINT('',(-0.00312254276666902,-0.0122897989036881,0.));
#6202=CARTESIAN_POINT('',(-0.00312710186465279,-0.0123039384445304,0.));
#6203=CARTESIAN_POINT('',(-0.00313129675183791,-0.0123178138845409,0.));
#6204=CARTESIAN_POINT('',(-0.00313670080376978,-0.0123340568258219,0.));
#6205=CARTESIAN_POINT('',(-0.00314434336307969,-0.012355790893932,0.));
#6206=CARTESIAN_POINT('',(-0.00315412881483645,-0.0123818589449179,0.));
#6207=CARTESIAN_POINT('',(-0.00316633345888204,-0.0124125226469711,0.));
#6208=CARTESIAN_POINT('',(-0.00318111300522659,-0.0124475881646246,0.));
#6209=CARTESIAN_POINT('',(-0.00319865694699237,-0.012486994523023,0.));
#6210=CARTESIAN_POINT('',(-0.00321914116811664,-0.0125306338192755,0.));
#6211=CARTESIAN_POINT('',(-0.00324274192829151,-0.0125784050948596,0.));
#6212=CARTESIAN_POINT('',(-0.0032696315400557,-0.0126301985031163,0.));
#6213=CARTESIAN_POINT('',(-0.00329997944313159,-0.0126859000199118,0.));
#6214=CARTESIAN_POINT('',(-0.0033339517107466,-0.0127453901801879,0.));
#6215=CARTESIAN_POINT('',(-0.00337171101248872,-0.0128085445478952,0.));
#6216=CARTESIAN_POINT('',(-0.00341341644939526,-0.0128752336945615,0.));
#6217=CARTESIAN_POINT('',(-0.00345922342859433,-0.0129453233232146,0.));
#6218=CARTESIAN_POINT('',(-0.00350928352983608,-0.0130186743557878,0.));
#6219=CARTESIAN_POINT('',(-0.00356374437740284,-0.01309514303535,0.));
#6220=CARTESIAN_POINT('',(-0.00362274951394966,-0.0131745810284129,0.));
#6221=CARTESIAN_POINT('',(-0.00368643827618758,-0.0132568355315902,0.));
#6222=CARTESIAN_POINT('',(-0.00375494567693723,-0.0133417493802827,0.));
#6223=CARTESIAN_POINT('',(-0.00382840227528297,-0.0134291611638632,0.));
#6224=CARTESIAN_POINT('',(-0.00390693410604488,-0.0135189053308473,0.));
#6225=CARTESIAN_POINT('',(-0.00399066239413119,-0.0136108123470669,0.));
#6226=CARTESIAN_POINT('',(-0.00407970411119066,-0.013704708663864,0.));
#6227=CARTESIAN_POINT('',(-0.00417416930718658,-0.0138004174306301,0.));
#6228=CARTESIAN_POINT('',(-0.00427417084529052,-0.0138977563613981,0.));
#6229=CARTESIAN_POINT('',(-0.00437978655681306,-0.013996546535085,0.));
#6230=CARTESIAN_POINT('',(-0.00449120380685594,-0.0140965792947258,0.));
#6231=CARTESIAN_POINT('',(-0.00459018137884741,-0.0141821885575498,0.));
#6232=CARTESIAN_POINT('',(-0.00465280313395827,-0.0142342318588044,0.));
#6233=CARTESIAN_POINT('',(-0.00467526929137045,-0.0142527841860167,0.));
#6234=CARTESIAN_POINT('',(-0.00301219487451967,-0.0118541704757024,0.));
#6235=CARTESIAN_POINT('',(-0.00240981831498169,-0.012007030333412,0.));
#6236=CARTESIAN_POINT('',(-0.00228752777853516,-0.0113977121240374,0.));
#6237=CARTESIAN_POINT('',(-4.86599391765387E-17,-3.09367870752991E-16,0.));
#6238=CARTESIAN_POINT('',(-0.00174867416091571,-0.0114927265554761,0.));
#6239=CARTESIAN_POINT('',(-0.00184215774752619,-0.0121071242073387,0.));
#6240=CARTESIAN_POINT('',(-0.00122382778915137,-0.0121695078442638,0.));
#6241=CARTESIAN_POINT('',(-0.00116287852898961,-0.0115666909065132,0.));
#6242=CARTESIAN_POINT('',(-0.00121384739608097,-0.0120703431204478,0.));
#6243=CARTESIAN_POINT('',(-0.00126912838655576,-0.0126166058653351,0.));
#6244=CARTESIAN_POINT('',(-0.0012696802436084,-0.0126314519908718,0.));
#6245=CARTESIAN_POINT('',(-0.0012704840190566,-0.0126459253753761,0.));
#6246=CARTESIAN_POINT('',(-0.00127096128443886,-0.012663037042054,0.));
#6247=CARTESIAN_POINT('',(-0.00127121311694147,-0.0126860742947072,0.));
#6248=CARTESIAN_POINT('',(-0.00127093359866902,-0.0127139170714693,0.));
#6249=CARTESIAN_POINT('',(-0.00126995258849117,-0.0127469057601204,0.));
#6250=CARTESIAN_POINT('',(-0.00126805747122628,-0.0127849114708625,0.));
#6251=CARTESIAN_POINT('',(-0.00126504932695685,-0.0128279417165387,0.));
#6252=CARTESIAN_POINT('',(-0.00126072597388275,-0.0128759552574484,0.));
#6253=CARTESIAN_POINT('',(-0.00125488725222361,-0.0129289175079779,0.));
#6254=CARTESIAN_POINT('',(-0.00124733367138827,-0.0129867841803916,0.));
#6255=CARTESIAN_POINT('',(-0.00123786701156937,-0.0130495060788505,0.));
#6256=CARTESIAN_POINT('',(-0.00122629035552431,-0.0131170277433102,0.));
#6257=CARTESIAN_POINT('',(-0.00121240828420608,-0.0131892878784088,0.));
#6258=CARTESIAN_POINT('',(-0.00119602702439943,-0.0132662192769259,0.));
#6259=CARTESIAN_POINT('',(-0.00117695460890317,-0.0133477488933559,0.));
#6260=CARTESIAN_POINT('',(-0.00115500103184424,-0.0134337978803935,0.));
#6261=CARTESIAN_POINT('',(-0.00112997840400781,-0.0135242816411898,0.));
#6262=CARTESIAN_POINT('',(-0.00110170110637916,-0.0136191098823397,0.));
#6263=CARTESIAN_POINT('',(-0.0010699859434431,-0.0137181866715906,0.));
#6264=CARTESIAN_POINT('',(-0.00103465229118959,-0.0138214104996328,0.));
#6265=CARTESIAN_POINT('',(-0.000995522258524591,-0.0139286743439275,0.));
#6266=CARTESIAN_POINT('',(-0.000952420789515353,-0.0140398657434139,0.));
#6267=CARTESIAN_POINT('',(-0.000905175985909673,-0.0141548668494456,0.));
#6268=CARTESIAN_POINT('',(-0.000853618573175498,-0.0142735545862894,0.));
#6269=CARTESIAN_POINT('',(-0.000797584651703884,-0.0143958004080379,0.));
#6270=CARTESIAN_POINT('',(-0.000736905819332814,-0.0145214716233909,0.));
#6271=CARTESIAN_POINT('',(-0.000671447743939609,-0.014650426721403,0.));
#6272=CARTESIAN_POINT('',(-0.000600962995035642,-0.0147825337113029,0.));
#6273=CARTESIAN_POINT('',(-0.000537234593353048,-0.0148968324272081,0.));
#6274=CARTESIAN_POINT('',(-0.000496189249528936,-0.0149671550350167,0.));
#6275=CARTESIAN_POINT('',(-0.000481423236803478,-0.0149922723983746,0.));
#6276=CARTESIAN_POINT('',(-0.000481423236803478,-0.0149922723983746,0.));
#6277=CARTESIAN_POINT('',(0.,3.42288780361685E-18,0.));
#6278=CARTESIAN_POINT('',(0.000481423236803488,-0.0149922723983746,0.));
#6279=CARTESIAN_POINT('',(0.00116287852898962,-0.0115666909065132,0.));
#6280=CARTESIAN_POINT('',(0.00121384739608098,-0.0120703431204478,0.));
#6281=CARTESIAN_POINT('',(0.00126912838655577,-0.0126166058653351,0.));
#6282=CARTESIAN_POINT('',(0.00126968024360841,-0.0126314519908717,0.));
#6283=CARTESIAN_POINT('',(0.00127048401905661,-0.0126459253753761,0.));
#6284=CARTESIAN_POINT('',(0.00127096128443887,-0.012663037042054,0.));
#6285=CARTESIAN_POINT('',(0.00127121311694148,-0.0126860742947072,0.));
#6286=CARTESIAN_POINT('',(0.00127093359866903,-0.0127139170714693,0.));
#6287=CARTESIAN_POINT('',(0.00126995258849118,-0.0127469057601204,0.));
#6288=CARTESIAN_POINT('',(0.00126805747122629,-0.0127849114708625,0.));
#6289=CARTESIAN_POINT('',(0.00126504932695686,-0.0128279417165387,0.));
#6290=CARTESIAN_POINT('',(0.00126072597388276,-0.0128759552574484,0.));
#6291=CARTESIAN_POINT('',(0.00125488725222362,-0.0129289175079779,0.));
#6292=CARTESIAN_POINT('',(0.00124733367138828,-0.0129867841803916,0.));
#6293=CARTESIAN_POINT('',(0.00123786701156938,-0.0130495060788505,0.));
#6294=CARTESIAN_POINT('',(0.00122629035552432,-0.0131170277433102,0.));
#6295=CARTESIAN_POINT('',(0.00121240828420609,-0.0131892878784088,0.));
#6296=CARTESIAN_POINT('',(0.00119602702439944,-0.0132662192769259,0.));
#6297=CARTESIAN_POINT('',(0.00117695460890318,-0.0133477488933559,0.));
#6298=CARTESIAN_POINT('',(0.00115500103184425,-0.0134337978803935,0.));
#6299=CARTESIAN_POINT('',(0.00112997840400782,-0.0135242816411898,0.));
#6300=CARTESIAN_POINT('',(0.00110170110637917,-0.0136191098823396,0.));
#6301=CARTESIAN_POINT('',(0.00106998594344311,-0.0137181866715906,0.));
#6302=CARTESIAN_POINT('',(0.0010346522911896,-0.0138214104996328,0.));
#6303=CARTESIAN_POINT('',(0.000995522258524601,-0.0139286743439275,0.));
#6304=CARTESIAN_POINT('',(0.000952420789515363,-0.0140398657434139,0.));
#6305=CARTESIAN_POINT('',(0.000905175985909683,-0.0141548668494456,0.));
#6306=CARTESIAN_POINT('',(0.000853618573175509,-0.0142735545862894,0.));
#6307=CARTESIAN_POINT('',(0.000797584651703895,-0.0143958004080379,0.));
#6308=CARTESIAN_POINT('',(0.000736905819332824,-0.0145214716233909,0.));
#6309=CARTESIAN_POINT('',(0.000671447743939619,-0.014650426721403,0.));
#6310=CARTESIAN_POINT('',(0.000600962995035652,-0.0147825337113029,0.));
#6311=CARTESIAN_POINT('',(0.000537234593353059,-0.0148968324272081,0.));
#6312=CARTESIAN_POINT('',(0.000496189249528946,-0.0149671550350167,0.));
#6313=CARTESIAN_POINT('',(0.000481423236803488,-0.0149922723983746,0.));
#6314=CARTESIAN_POINT('',(0.00122382778915138,-0.0121695078442638,0.));
#6315=CARTESIAN_POINT('',(0.00184215774752619,-0.0121071242073387,0.));
#6316=CARTESIAN_POINT('',(0.00174867416091572,-0.0114927265554761,0.));
#6317=CARTESIAN_POINT('',(6.00846577232103E-17,-3.07353384626212E-16,0.));
#6318=CARTESIAN_POINT('',(0.,4.02908796919479E-18,0.));
#6319=CARTESIAN_POINT('',(0.0708,4.02908796919479E-18,0.));
#6320=CARTESIAN_POINT('',(0.,0.,0.003));
#6321=CARTESIAN_POINT('',(0.,-3.06161699786838E-19,0.003));
#6322=CARTESIAN_POINT('',(0.007,-3.06161699786838E-19,0.003));
#6323=CARTESIAN_POINT('',(0.004,0.027,0.003));
#6324=CARTESIAN_POINT('',(0.004,0.023,0.003));
#6325=CARTESIAN_POINT('',(0.008,0.027,0.003));
#6326=CARTESIAN_POINT('',(4.55984456542475E-18,0.023,0.003));
#6327=CARTESIAN_POINT('',(-0.053,0.023,0.003));
#6328=CARTESIAN_POINT('',(-0.053,0.027,0.003));
#6329=CARTESIAN_POINT('',(-0.057,0.027,0.003));
#6330=CARTESIAN_POINT('',(-0.057,1.13004843577918E-17,0.003));
#6331=CARTESIAN_POINT('',(-0.057,0.033,0.003));
#6332=CARTESIAN_POINT('',(-0.053,0.033,0.003));
#6333=CARTESIAN_POINT('',(-0.053,0.037,0.003));
#6334=CARTESIAN_POINT('',(0.006,0.037,0.003));
#6335=CARTESIAN_POINT('',(0.004,0.037,0.003));
#6336=CARTESIAN_POINT('',(0.004,0.033,0.003));
#6337=CARTESIAN_POINT('',(0.008,0.033,0.003));
#6338=CARTESIAN_POINT('',(0.008,0.025,0.003));
#6339=CARTESIAN_POINT('',(0.004,-0.033,0.003));
#6340=CARTESIAN_POINT('',(0.004,-0.037,0.003));
#6341=CARTESIAN_POINT('',(0.008,-0.033,0.003));
#6342=CARTESIAN_POINT('',(0.,-0.037,0.003));
#6343=CARTESIAN_POINT('',(-0.053,-0.037,0.003));
#6344=CARTESIAN_POINT('',(-0.053,-0.033,0.003));
#6345=CARTESIAN_POINT('',(-0.057,-0.033,0.003));
#6346=CARTESIAN_POINT('',(-0.057,1.13004843577918E-17,0.003));
#6347=CARTESIAN_POINT('',(-0.057,-0.027,0.003));
#6348=CARTESIAN_POINT('',(-0.053,-0.027,0.003));
#6349=CARTESIAN_POINT('',(-0.053,-0.023,0.003));
#6350=CARTESIAN_POINT('',(0.006,-0.023,0.003));
#6351=CARTESIAN_POINT('',(0.004,-0.023,0.003));
#6352=CARTESIAN_POINT('',(0.004,-0.027,0.003));
#6353=CARTESIAN_POINT('',(0.008,-0.027,0.003));
#6354=CARTESIAN_POINT('',(0.008,-0.035,0.003));
#6355=CARTESIAN_POINT('',(0.,4.02908796919479E-18,0.003));
#6356=CARTESIAN_POINT('',(0.0708,4.02908796919479E-18,0.003));
#6357=CARTESIAN_POINT('',(0.,-3.06161699786838E-19,0.24424579197218));
#6358=CARTESIAN_POINT('',(0.,-3.06161699786838E-19,0.0803));
#6359=CARTESIAN_POINT('',(0.005,-3.06161699786838E-19,0.0803));
#6360=CARTESIAN_POINT('',(0.,-3.06161699786838E-19,0.141));
#6361=CARTESIAN_POINT('',(0.005,-3.06161699786838E-19,0.141));
#6362=CARTESIAN_POINT('',(-6.93889390390723E-18,-0.035,0.143));
#6363=CARTESIAN_POINT('',(-6.93889390390723E-18,-0.035,0.005));
#6364=CARTESIAN_POINT('',(-0.053,-0.035,0.005));
#6365=CARTESIAN_POINT('',(0.004,-0.035,0.005));
#6366=CARTESIAN_POINT('',(0.004,-0.035,0.123));
#6367=CARTESIAN_POINT('',(0.004,-0.035,0.123));
#6368=CARTESIAN_POINT('',(-0.025,-0.035,0.123));
#6369=CARTESIAN_POINT('',(-0.053,-0.035,0.123));
#6370=CARTESIAN_POINT('',(-0.053,-0.035,0.143));
#6371=CARTESIAN_POINT('',(6.93889390390723E-18,0.035,0.143));
#6372=CARTESIAN_POINT('',(6.93889390390723E-18,0.035,0.123));
#6373=CARTESIAN_POINT('',(-0.053,0.035,0.123));
#6374=CARTESIAN_POINT('',(0.004,0.035,0.123));
#6375=CARTESIAN_POINT('',(0.004,0.035,0.143));
#6376=CARTESIAN_POINT('',(0.004,0.035,0.005));
#6377=CARTESIAN_POINT('',(-0.055,0.035,0.005));
#6378=CARTESIAN_POINT('',(-0.053,0.035,0.005));
#6379=CARTESIAN_POINT('',(-0.053,0.035,0.123));
#6380=CARTESIAN_POINT('',(-0.055,4.21289987022939E-18,0.0833));
#6381=CARTESIAN_POINT('',(-0.052,3.61813753560877E-18,0.0833));
#6382=CARTESIAN_POINT('',(-0.052,0.00671755640373176,0.0833));
#6383=CARTESIAN_POINT('',(-0.052,3.61813753560877E-18,0.0833));
#6384=CARTESIAN_POINT('',(-0.052,-0.00671755640373175,0.0833));
#6385=CARTESIAN_POINT('',(-0.052,-0.00671755640373175,0.0833));
#6386=CARTESIAN_POINT('',(-0.052,-0.00614397123435352,0.0833));
#6387=CARTESIAN_POINT('',(-0.0517320566265547,-0.00500793417339656,0.0833));
#6388=CARTESIAN_POINT('',(-0.052,-0.00386102681738794,0.0833));
#6389=CARTESIAN_POINT('',(-0.052,-0.00328244359626824,0.0833));
#6390=CARTESIAN_POINT('',(-0.052,-0.00328244359626824,0.0833));
#6391=CARTESIAN_POINT('',(-0.052,3.61813753560877E-18,0.0833));
#6392=CARTESIAN_POINT('',(-0.052,0.00328244359626825,0.0833));
#6393=CARTESIAN_POINT('',(-0.052,0.00328244359626825,0.0833));
#6394=CARTESIAN_POINT('',(-0.052,0.00385602876564648,0.0833));
#6395=CARTESIAN_POINT('',(-0.0517320566265547,0.00499206582660344,0.0833));
#6396=CARTESIAN_POINT('',(-0.052,0.00613897318261207,0.0833));
#6397=CARTESIAN_POINT('',(-0.052,0.00671755640373176,0.0833));
#6398=CARTESIAN_POINT('',(-0.055,0.005,0.1382));
#6399=CARTESIAN_POINT('',(-0.052,0.005,0.1382));
#6400=CARTESIAN_POINT('',(-0.052,-0.00671755640373174,0.1382));
#6401=CARTESIAN_POINT('',(-0.052,0.005,0.1382));
#6402=CARTESIAN_POINT('',(-0.052,0.00671755640373176,0.1382));
#6403=CARTESIAN_POINT('',(-0.052,0.00671755640373176,0.1382));
#6404=CARTESIAN_POINT('',(-0.052,0.00614397123435353,0.1382));
#6405=CARTESIAN_POINT('',(-0.0517320566265547,0.00500793417339657,0.1382));
#6406=CARTESIAN_POINT('',(-0.052,0.00386102681738794,0.1382));
#6407=CARTESIAN_POINT('',(-0.052,0.00328244359626825,0.1382));
#6408=CARTESIAN_POINT('',(-0.052,0.00328244359626825,0.1382));
#6409=CARTESIAN_POINT('',(-0.052,0.005,0.1382));
#6410=CARTESIAN_POINT('',(-0.052,-0.00328244359626823,0.1382));
#6411=CARTESIAN_POINT('',(-0.052,-0.00328244359626823,0.1382));
#6412=CARTESIAN_POINT('',(-0.052,-0.00385602876564646,0.1382));
#6413=CARTESIAN_POINT('',(-0.0517320566265547,-0.00499206582660342,0.1382));
#6414=CARTESIAN_POINT('',(-0.052,-0.00613897318261205,0.1382));
#6415=CARTESIAN_POINT('',(-0.052,-0.00671755640373174,0.1382));
#6416=CARTESIAN_POINT('',(-0.0422,2.47817639425258E-18,0.09065));
#6417=CARTESIAN_POINT('',(-0.0241,-1.11022302462516E-18,0.09065));
#6418=CARTESIAN_POINT('',(-0.052,4.42106668734661E-18,0.09065));
#6419=CARTESIAN_POINT('',(-0.0422,-0.005,0.13085));
#6420=CARTESIAN_POINT('',(-0.0371,5.10111754816942E-18,0.13085));
#6421=CARTESIAN_POINT('',(-0.052,-0.005,0.13085));
#6422=CARTESIAN_POINT('',(6.00846577232103E-17,-3.07353384626212E-16,-0.005));
#6423=CARTESIAN_POINT('',(0.00174867416091572,-0.0114927265554761,-0.005));
#6424=CARTESIAN_POINT('',(0.00174867416091572,-0.0114927265554761,-0.005));
#6425=CARTESIAN_POINT('',(6.00846577232103E-17,-3.07353384626212E-16,-0.005));
#6426=CARTESIAN_POINT('',(0.00228752777853518,-0.0113977121240374,-0.005));
#6427=CARTESIAN_POINT('',(0.00228752777853518,-0.0113977121240374,-0.005));
#6428=CARTESIAN_POINT('',(0.0024098183149817,-0.012007030333412,-0.0025));
#6429=CARTESIAN_POINT('',(0.0024098183149817,-0.012007030333412,-0.005));
#6430=CARTESIAN_POINT('',(0.00301219487451968,-0.0118541704757024,-0.005));
#6431=CARTESIAN_POINT('',(0.00301219487451968,-0.0118541704757024,-0.005));
#6432=CARTESIAN_POINT('',(0.00301219487127507,-0.0118541704629163,-0.005));
#6433=CARTESIAN_POINT('',(0.00301219487127507,-0.0118541704629163,-1.04083408558608E-17));
#6434=CARTESIAN_POINT('',(0.0030406213175179,-0.0119661908791688,-0.005));
#6435=CARTESIAN_POINT('',(0.0030406213175179,-0.0119661908791688,-1.04083408558608E-17));
#6436=CARTESIAN_POINT('',(0.00309099216575912,-0.0121644039014702,-0.005));
#6437=CARTESIAN_POINT('',(0.00309099216575912,-0.0121644039014702,-1.04083408558608E-17));
#6438=CARTESIAN_POINT('',(0.00312983920032231,-0.0123163628184917,-0.005));
#6439=CARTESIAN_POINT('',(0.00312983920032231,-0.0123163628184917,-8.67361737988404E-18));
#6440=CARTESIAN_POINT('',(0.00313027176350843,-0.0123140852235452,-0.005));
#6441=CARTESIAN_POINT('',(0.00313027176350843,-0.0123140852235452,-1.12757025938492E-17));
#6442=CARTESIAN_POINT('',(0.00315140161761287,-0.0123772974094273,-0.005));
#6443=CARTESIAN_POINT('',(0.00315140161761287,-0.0123772974094273,-9.54097911787244E-18));
#6444=CARTESIAN_POINT('',(0.00318311327520915,-0.0124540096904441,-0.005));
#6445=CARTESIAN_POINT('',(0.00318311327520915,-0.0124540096904441,-1.04083408558608E-17));
#6446=CARTESIAN_POINT('',(0.00325413897760357,-0.0126057702163976,-0.005));
#6447=CARTESIAN_POINT('',(0.00325413897760357,-0.0126057702163976,-1.38777878078145E-17));
#6448=CARTESIAN_POINT('',(0.00337215757859307,-0.0128167540042789,-0.005));
#6449=CARTESIAN_POINT('',(0.00337215757859307,-0.0128167540042789,-8.67361737988404E-18));
#6450=CARTESIAN_POINT('',(0.0035570426568135,-0.0130925625312553,-0.005));
#6451=CARTESIAN_POINT('',(0.0035570426568135,-0.0130925625312553,-1.12757025938492E-17));
#6452=CARTESIAN_POINT('',(0.00378153206816106,-0.0133797431338531,-0.005));
#6453=CARTESIAN_POINT('',(0.00378153206816106,-0.0133797431338531,-1.04083408558608E-17));
#6454=CARTESIAN_POINT('',(0.00413049500420822,-0.0137696613552301,-0.005));
#6455=CARTESIAN_POINT('',(0.00413049500420822,-0.0137696613552301,-1.12757025938492E-17));
#6456=CARTESIAN_POINT('',(0.00444465195228794,-0.0140623427029897,-0.005));
#6457=CARTESIAN_POINT('',(0.00444465195228794,-0.0140623427029897,-9.54097911787244E-18));
#6458=CARTESIAN_POINT('',(0.00467526929137046,-0.0142527841860167,-0.005));
#6459=CARTESIAN_POINT('',(0.00467526929137046,-0.0142527841860167,-1.04083408558608E-17));
#6460=CARTESIAN_POINT('',(0.00286329290908744,-0.0112668619729173,-0.005));
#6461=CARTESIAN_POINT('',(0.00298765704318809,-0.0117575726210219,-0.005));
#6462=CARTESIAN_POINT('',(0.00312254276666903,-0.0122897989036881,-0.005));
#6463=CARTESIAN_POINT('',(0.0031271018646528,-0.0123039384445304,-0.005));
#6464=CARTESIAN_POINT('',(0.00313129675183793,-0.0123178138845409,-0.005));
#6465=CARTESIAN_POINT('',(0.00313670080376979,-0.0123340568258219,-0.005));
#6466=CARTESIAN_POINT('',(0.0031443433630797,-0.012355790893932,-0.005));
#6467=CARTESIAN_POINT('',(0.00315412881483646,-0.0123818589449179,-0.005));
#6468=CARTESIAN_POINT('',(0.00316633345888205,-0.0124125226469711,-0.005));
#6469=CARTESIAN_POINT('',(0.0031811130052266,-0.0124475881646246,-0.005));
#6470=CARTESIAN_POINT('',(0.00319865694699238,-0.012486994523023,-0.005));
#6471=CARTESIAN_POINT('',(0.00321914116811665,-0.0125306338192755,-0.005));
#6472=CARTESIAN_POINT('',(0.00324274192829152,-0.0125784050948596,-0.005));
#6473=CARTESIAN_POINT('',(0.00326963154005571,-0.0126301985031163,-0.005));
#6474=CARTESIAN_POINT('',(0.0032999794431316,-0.0126859000199118,-0.005));
#6475=CARTESIAN_POINT('',(0.00333395171074661,-0.0127453901801879,-0.005));
#6476=CARTESIAN_POINT('',(0.00337171101248873,-0.0128085445478952,-0.005));
#6477=CARTESIAN_POINT('',(0.00341341644939527,-0.0128752336945615,-0.005));
#6478=CARTESIAN_POINT('',(0.00345922342859434,-0.0129453233232146,-0.005));
#6479=CARTESIAN_POINT('',(0.00350928352983609,-0.0130186743557878,-0.005));
#6480=CARTESIAN_POINT('',(0.00356374437740285,-0.01309514303535,-0.005));
#6481=CARTESIAN_POINT('',(0.00362274951394967,-0.0131745810284129,-0.005));
#6482=CARTESIAN_POINT('',(0.00368643827618759,-0.0132568355315902,-0.005));
#6483=CARTESIAN_POINT('',(0.00375494567693724,-0.0133417493802827,-0.005));
#6484=CARTESIAN_POINT('',(0.00382840227528298,-0.0134291611638632,-0.005));
#6485=CARTESIAN_POINT('',(0.00390693410604489,-0.0135189053308473,-0.005));
#6486=CARTESIAN_POINT('',(0.0039906623941312,-0.0136108123470668,-0.005));
#6487=CARTESIAN_POINT('',(0.00407970411119067,-0.013704708663864,-0.005));
#6488=CARTESIAN_POINT('',(0.00417416930718659,-0.0138004174306301,-0.005));
#6489=CARTESIAN_POINT('',(0.00427417084529054,-0.0138977563613981,-0.005));
#6490=CARTESIAN_POINT('',(0.00437978655681307,-0.013996546535085,-0.005));
#6491=CARTESIAN_POINT('',(0.00449120380685595,-0.0140965792947258,-0.005));
#6492=CARTESIAN_POINT('',(0.00459018137884742,-0.0141821885575498,-0.005));
#6493=CARTESIAN_POINT('',(0.00465280313395828,-0.0142342318588044,-0.005));
#6494=CARTESIAN_POINT('',(0.00467526929137046,-0.0142527841860167,-0.005));
#6495=CARTESIAN_POINT('',(0.00467526929137046,-0.0142527841860167,-0.005));
#6496=CARTESIAN_POINT('',(0.00467526929137046,-0.0142527841860167,-0.005));
#6497=CARTESIAN_POINT('',(0.,3.42288780361685E-18,-0.005));
#6498=CARTESIAN_POINT('',(0.,3.42288780361685E-18,-0.005));
#6499=CARTESIAN_POINT('',(0.00558004901756866,-0.013923471297113,-0.005));
#6500=CARTESIAN_POINT('',(0.00558004901756866,-0.013923471297113,-0.005));
#6501=CARTESIAN_POINT('',(0.00531223875394302,-0.0110170229521191,-0.005));
#6502=CARTESIAN_POINT('',(0.00531223875394302,-0.0110170229521191,7.80625564189563E-18));
#6503=CARTESIAN_POINT('',(0.00536246816836012,-0.0111211077369375,-0.005));
#6504=CARTESIAN_POINT('',(0.00536246816836012,-0.0111211077369375,6.93889390390723E-18));
#6505=CARTESIAN_POINT('',(0.00545129073478355,-0.0113053254783641,-0.005));
#6506=CARTESIAN_POINT('',(0.00545129073478355,-0.0113053254783641,1.04083408558608E-17));
#6507=CARTESIAN_POINT('',(0.00551920948886763,-0.0114467031548212,-0.005));
#6508=CARTESIAN_POINT('',(0.00551920948886763,-0.0114467031548212,5.20417042793042E-18));
#6509=CARTESIAN_POINT('',(0.00551741411643109,-0.0114452364621252,-0.005));
#6510=CARTESIAN_POINT('',(0.00551741411643109,-0.0114452364621252,8.67361737988404E-18));
#6511=CARTESIAN_POINT('',(0.00554185971897667,-0.0115072418142703,-0.005));
#6512=CARTESIAN_POINT('',(0.00554185971897667,-0.0115072418142703,5.20417042793042E-18));
#6513=CARTESIAN_POINT('',(0.00556687688364134,-0.0115863906914478,-0.005));
#6514=CARTESIAN_POINT('',(0.00556687688364134,-0.0115863906914478,1.04083408558608E-17));
#6515=CARTESIAN_POINT('',(0.00561001782472588,-0.0117483004405077,-0.005));
#6516=CARTESIAN_POINT('',(0.00561001782472588,-0.0117483004405077,5.20417042793042E-18));
#6517=CARTESIAN_POINT('',(0.00565522809594806,-0.0119857842932309,-0.005));
#6518=CARTESIAN_POINT('',(0.00565522809594806,-0.0119857842932309,6.07153216591882E-18));
#6519=CARTESIAN_POINT('',(0.00569088421294801,-0.0123159077201821,-0.005));
#6520=CARTESIAN_POINT('',(0.00569088421294801,-0.0123159077201821,8.67361737988404E-18));
#6521=CARTESIAN_POINT('',(0.00570351147993833,-0.0126801998370937,-0.005));
#6522=CARTESIAN_POINT('',(0.00570351147993833,-0.0126801998370937,7.80625564189563E-18));
#6523=CARTESIAN_POINT('',(0.00568682496341711,-0.0132032035753814,-0.005));
#6524=CARTESIAN_POINT('',(0.00568682496341711,-0.0132032035753814,7.80625564189563E-18));
#6525=CARTESIAN_POINT('',(0.00563429872299955,-0.0136293466891598,-0.005));
#6526=CARTESIAN_POINT('',(0.00563429872299955,-0.0136293466891598,6.93889390390723E-18));
#6527=CARTESIAN_POINT('',(0.00558004901756866,-0.013923471297113,-0.005));
#6528=CARTESIAN_POINT('',(0.00558004901756866,-0.013923471297113,6.93889390390723E-18));
#6529=CARTESIAN_POINT('',(0.00504878965421127,-0.0104714062106065,-0.005));
#6530=CARTESIAN_POINT('',(0.00526894392490305,-0.0109272521002557,-0.005));
#6531=CARTESIAN_POINT('',(0.00550772392602178,-0.0114216639583512,-0.005));
#6532=CARTESIAN_POINT('',(0.00551332017600574,-0.0114354260067369,-0.005));
#6533=CARTESIAN_POINT('',(0.00551902566690575,-0.0114487516319594,-0.005));
#6534=CARTESIAN_POINT('',(0.00552532668435336,-0.0114646681044916,-0.005));
#6535=CARTESIAN_POINT('',(0.00553344253395202,-0.0114862299090244,-0.005));
#6536=CARTESIAN_POINT('',(0.00554270266319278,-0.0115124891617695,-0.005));
#6537=CARTESIAN_POINT('',(0.0055530636111883,-0.011543823914306,-0.005));
#6538=CARTESIAN_POINT('',(0.00556428150211416,-0.0115801857685166,-0.005));
#6539=CARTESIAN_POINT('',(0.00557617198193545,-0.0116216498187833,-0.005));
#6540=CARTESIAN_POINT('',(0.00558853095709816,-0.011668246462712,-0.005));
#6541=CARTESIAN_POINT('',(0.00560115850995719,-0.0117200116591335,-0.005));
#6542=CARTESIAN_POINT('',(0.00561385203337842,-0.01177697202099,-0.005));
#6543=CARTESIAN_POINT('',(0.00562640843570371,-0.0118391491144816,-0.005));
#6544=CARTESIAN_POINT('',(0.00563862370680085,-0.0119065581738773,-0.005));
#6545=CARTESIAN_POINT('',(0.00565029324858506,-0.0119792084376284,-0.005));
#6546=CARTESIAN_POINT('',(0.00566121198757263,-0.0120571030259486,-0.005));
#6547=CARTESIAN_POINT('',(0.00567117455056689,-0.0121402389551649,-0.005));
#6548=CARTESIAN_POINT('',(0.00567997542308439,-0.0122286071188824,-0.005));
#6549=CARTESIAN_POINT('',(0.00568740911319002,-0.0123221922839627,-0.005));
#6550=CARTESIAN_POINT('',(0.00569327031390201,-0.0124209730878012,-0.005));
#6551=CARTESIAN_POINT('',(0.00569735406698385,-0.0125249220401245,-0.005));
#6552=CARTESIAN_POINT('',(0.00569945592315743,-0.012634005530433,-0.005));
#6553=CARTESIAN_POINT('',(0.00569937211561034,-0.0127481838327742,-0.005));
#6554=CARTESIAN_POINT('',(0.00569689968162623,-0.0128674111409745,-0.005));
#6555=CARTESIAN_POINT('',(0.00569183678307507,-0.0129916355061953,-0.005));
#6556=CARTESIAN_POINT('',(0.0056839822595483,-0.0131207991703781,-0.005));
#6557=CARTESIAN_POINT('',(0.00567313813050308,-0.0132548373968498,-0.005));
#6558=CARTESIAN_POINT('',(0.00565910076657302,-0.0133936830935066,-0.005));
#6559=CARTESIAN_POINT('',(0.00564169553725988,-0.0135372492278492,-0.005));
#6560=CARTESIAN_POINT('',(0.00562064479045674,-0.0136854963953347,-0.005));
#6561=CARTESIAN_POINT('',(0.00559985214485699,-0.0138146984523136,-0.005));
#6562=CARTESIAN_POINT('',(0.00558533388654956,-0.0138948184223233,-0.005));
#6563=CARTESIAN_POINT('',(0.00558004901756866,-0.013923471297113,-0.005));
#6564=CARTESIAN_POINT('',(0.00531223875967623,-0.0110170229639994,-0.005));
#6565=CARTESIAN_POINT('',(0.00531223875967623,-0.0110170229639994,0.));
#6566=CARTESIAN_POINT('',(0.0058719423983296,-0.0107469202197372,-0.0025));
#6567=CARTESIAN_POINT('',(0.0058719423983296,-0.0107469202197372,-0.005));
#6568=CARTESIAN_POINT('',(0.00557396018887815,-0.0102015485497449,-0.005));
#6569=CARTESIAN_POINT('',(0.00557396018887815,-0.0102015485497449,-0.005));
#6570=CARTESIAN_POINT('',(1.61582158146434E-16,-2.68267544260658E-16,-0.005));
#6571=CARTESIAN_POINT('',(1.61582158146434E-16,-2.68267544260658E-16,-0.005));
#6572=CARTESIAN_POINT('',(0.00604782010758028,-0.00992796539812401,-0.005));
#6573=CARTESIAN_POINT('',(0.00604782010758028,-0.00992796539812401,-0.005));
#6574=CARTESIAN_POINT('',(0.00637113472357226,-0.0104587113963809,-0.0025));
#6575=CARTESIAN_POINT('',(0.00637113472357226,-0.0104587113963809,-0.005));
#6576=CARTESIAN_POINT('',(0.00688490238106192,-0.0101090451988477,-0.005));
#6577=CARTESIAN_POINT('',(0.00688490238106192,-0.0101090451988477,-0.005));
#6578=CARTESIAN_POINT('',(0.00688490237363989,-0.0101090451879424,-0.005));
#6579=CARTESIAN_POINT('',(0.00688490237363989,-0.0101090451879424,2.60208521396521E-18));
#6580=CARTESIAN_POINT('',(0.00694992773423153,-0.010204587529254,-0.005));
#6581=CARTESIAN_POINT('',(0.00694992773423153,-0.010204587529254,3.46944695195361E-18));
#6582=CARTESIAN_POINT('',(0.00706505369492305,-0.0103736189989194,-0.005));
#6583=CARTESIAN_POINT('',(0.00706505369492305,-0.0103736189989194,2.60208521396521E-18));
#6584=CARTESIAN_POINT('',(0.00715353097722082,-0.0105031272035781,-0.005));
#6585=CARTESIAN_POINT('',(0.00715353097722082,-0.0105031272035781,4.33680868994202E-18));
#6586=CARTESIAN_POINT('',(0.00715315847030479,-0.0105008390190908,-0.005));
#6587=CARTESIAN_POINT('',(0.00715315847030479,-0.0105008390190908,1.73472347597681E-18));
#6588=CARTESIAN_POINT('',(0.00719463387916033,-0.0105530122079787,-0.005));
#6589=CARTESIAN_POINT('',(0.00719463387916033,-0.0105530122079787,1.73472347597681E-18));
#6590=CARTESIAN_POINT('',(0.00725067023514465,-0.0106142521466976,-0.005));
#6591=CARTESIAN_POINT('',(0.00725067023514465,-0.0106142521466976,3.46944695195361E-18));
#6592=CARTESIAN_POINT('',(0.0073693177204086,-0.0107325681721499,-0.005));
#6593=CARTESIAN_POINT('',(0.0073693177204086,-0.0107325681721499,8.67361737988404E-19));
#6594=CARTESIAN_POINT('',(0.0075523796342445,-0.010890463341902,-0.005));
#6595=CARTESIAN_POINT('',(0.0075523796342445,-0.010890463341902,4.33680868994202E-18));
#6596=CARTESIAN_POINT('',(0.00782044684986857,-0.0110864041584998,-0.005));
#6597=CARTESIAN_POINT('',(0.00782044684986857,-0.0110864041584998,1.73472347597681E-18));
#6598=CARTESIAN_POINT('',(0.00812961944401729,-0.0112794857509496,-0.005));
#6599=CARTESIAN_POINT('',(0.00812961944401729,-0.0112794857509496,2.60208521396521E-18));
#6600=CARTESIAN_POINT('',(0.00859089722590926,-0.0115265366728854,-0.005));
#6601=CARTESIAN_POINT('',(0.00859089722590926,-0.0115265366728854,1.73472347597681E-18));
#6602=CARTESIAN_POINT('',(0.00898621110829781,-0.0116941191712077,-0.005));
#6603=CARTESIAN_POINT('',(0.00898621110829781,-0.0116941191712077,3.46944695195361E-18));
#6604=CARTESIAN_POINT('',(0.00926805534337905,-0.0117941998521334,-0.005));
#6605=CARTESIAN_POINT('',(0.00926805534337905,-0.0117941998521334,2.60208521396521E-18));
#6606=CARTESIAN_POINT('',(0.00654410896462579,-0.00960808320421427,-0.005));
#6607=CARTESIAN_POINT('',(0.00682880594992676,-0.0100266653402096,-0.005));
#6608=CARTESIAN_POINT('',(0.00713758917841036,-0.0104806608161418,-0.005));
#6609=CARTESIAN_POINT('',(0.00714670933692857,-0.0104923883349867,-0.005));
#6610=CARTESIAN_POINT('',(0.00715539692144256,-0.0105039922476584,-0.005));
#6611=CARTESIAN_POINT('',(0.00716603048227027,-0.0105174073251039,-0.005));
#6612=CARTESIAN_POINT('',(0.00718064562794776,-0.010535216759296,-0.005));
#6613=CARTESIAN_POINT('',(0.00719875674328906,-0.0105563658928334,-0.005));
#6614=CARTESIAN_POINT('',(0.00722071296100915,-0.010581006113273,-0.005));
#6615=CARTESIAN_POINT('',(0.00724659430502132,-0.010608902018897,-0.005));
#6616=CARTESIAN_POINT('',(0.00727655798598549,-0.0106399315016188,-0.005));
#6617=CARTESIAN_POINT('',(0.00731073237577744,-0.0106739330100388,-0.005));
#6618=CARTESIAN_POINT('',(0.00734924857448082,-0.010710751389813,-0.005));
#6619=CARTESIAN_POINT('',(0.0073922309331467,-0.0107502244844876,-0.005));
#6620=CARTESIAN_POINT('',(0.0074397996744813,-0.0107921871946273,-0.005));
#6621=CARTESIAN_POINT('',(0.00749206999681459,-0.0108364704594094,-0.005));
#6622=CARTESIAN_POINT('',(0.00754915219992257,-0.0108829017109205,-0.005));
#6623=CARTESIAN_POINT('',(0.00761115152273138,-0.0109313049104212,-0.005));
#6624=CARTESIAN_POINT('',(0.00767816806790283,-0.0109815007076692,-0.005));
#6625=CARTESIAN_POINT('',(0.00775029670630925,-0.0110333065687036,-0.005));
#6626=CARTESIAN_POINT('',(0.00782762699163328,-0.011086536915719,-0.005));
#6627=CARTESIAN_POINT('',(0.00791024307680765,-0.0111410032663515,-0.005));
#6628=CARTESIAN_POINT('',(0.0079982236336755,-0.0111965143764248,-0.005));
#6629=CARTESIAN_POINT('',(0.00809164177932933,-0.0112528763824205,-0.005));
#6630=CARTESIAN_POINT('',(0.00819056499349138,-0.0113098929541263,-0.005));
#6631=CARTESIAN_POINT('',(0.0082950550882097,-0.011367365417587,-0.005));
#6632=CARTESIAN_POINT('',(0.0084051679935355,-0.0114250930014353,-0.005));
#6633=CARTESIAN_POINT('',(0.0085209542697271,-0.0114828726166179,-0.005));
#6634=CARTESIAN_POINT('',(0.00864245684345242,-0.0115405004386187,-0.005));
#6635=CARTESIAN_POINT('',(0.00876971942592838,-0.0115977665731815,-0.005));
#6636=CARTESIAN_POINT('',(0.00890275396004875,-0.0116544762696089,-0.005));
#6637=CARTESIAN_POINT('',(0.00904166514653188,-0.0117103693718516,-0.005));
#6638=CARTESIAN_POINT('',(0.00916395373289666,-0.0117569634410397,-0.005));
#6639=CARTESIAN_POINT('',(0.00924059879142922,-0.0117844502455316,-0.005));
#6640=CARTESIAN_POINT('',(0.00926805534337905,-0.0117941998521334,-0.005));
#6641=CARTESIAN_POINT('',(0.00926805534337905,-0.0117941998521334,-0.005));
#6642=CARTESIAN_POINT('',(0.00926805534337905,-0.0117941998521334,-0.005));
#6643=CARTESIAN_POINT('',(0.,3.42288780361685E-18,-0.005));
#6644=CARTESIAN_POINT('',(0.,3.42288780361685E-18,-0.005));
#6645=CARTESIAN_POINT('',(0.0100056385340624,-0.0111752940688684,-0.005));
#6646=CARTESIAN_POINT('',(0.0100056385340624,-0.0111752940688684,-0.005));
#6647=CARTESIAN_POINT('',(0.00875991532603914,-0.00853572251113155,-0.005));
#6648=CARTESIAN_POINT('',(0.00875991532603914,-0.00853572251113155,0.));
#6649=CARTESIAN_POINT('',(0.00884271462913491,-0.00861635074384341,-0.005));
#6650=CARTESIAN_POINT('',(0.00884271462913491,-0.00861635074384341,0.));
#6651=CARTESIAN_POINT('',(0.00898918671768814,-0.00875907968918115,-0.005));
#6652=CARTESIAN_POINT('',(0.00898918671768814,-0.00875907968918115,-1.73472347597681E-18));
#6653=CARTESIAN_POINT('',(0.0091013634828788,-0.00886870166648535,-0.005));
#6654=CARTESIAN_POINT('',(0.0091013634828788,-0.00886870166648535,1.73472347597681E-18));
#6655=CARTESIAN_POINT('',(0.00909917474620252,-0.00886793747972002,-0.005));
#6656=CARTESIAN_POINT('',(0.00909917474620252,-0.00886793747972002,-2.60208521396521E-18));
#6657=CARTESIAN_POINT('',(0.00914335317795292,-0.00891784256309374,-0.005));
#6658=CARTESIAN_POINT('',(0.00914335317795292,-0.00891784256309374,8.67361737988404E-19));
#6659=CARTESIAN_POINT('',(0.00919393213329757,-0.00898366180467664,-0.005));
#6660=CARTESIAN_POINT('',(0.00919393213329757,-0.00898366180467664,0.));
#6661=CARTESIAN_POINT('',(0.00928984775286777,-0.00912105213024857,-0.005));
#6662=CARTESIAN_POINT('',(0.00928984775286777,-0.00912105213024857,-2.60208521396521E-18));
#6663=CARTESIAN_POINT('',(0.00941355577246493,-0.00932875113076526,-0.005));
#6664=CARTESIAN_POINT('',(0.00941355577246493,-0.00932875113076526,8.67361737988404E-19));
#6665=CARTESIAN_POINT('',(0.00955997042429665,-0.00962677056877303,-0.005));
#6666=CARTESIAN_POINT('',(0.00955997042429665,-0.00962677056877303,-8.67361737988404E-19));
#6667=CARTESIAN_POINT('',(0.00969643141594666,-0.0099647744031795,-0.005));
#6668=CARTESIAN_POINT('',(0.00969643141594666,-0.0099647744031795,-3.46944695195361E-18));
#6669=CARTESIAN_POINT('',(0.00985962903303405,-0.0104619442814641,-0.005));
#6670=CARTESIAN_POINT('',(0.00985962903303405,-0.0104619442814641,-1.73472347597681E-18));
#6671=CARTESIAN_POINT('',(0.00995602004136788,-0.0108803528531562,-0.005));
#6672=CARTESIAN_POINT('',(0.00995602004136788,-0.0108803528531562,-8.67361737988404E-19));
#6673=CARTESIAN_POINT('',(0.0100056385340624,-0.0111752940688684,-0.005));
#6674=CARTESIAN_POINT('',(0.0100056385340624,-0.0111752940688684,-8.67361737988404E-19));
#6675=CARTESIAN_POINT('',(0.00832574223493551,-0.00811311538420421,-0.005));
#6676=CARTESIAN_POINT('',(0.0086885280550513,-0.00846617320770732,-0.005));
#6677=CARTESIAN_POINT('',(0.00908200667466155,-0.00884910081218278,-0.005));
#6678=CARTESIAN_POINT('',(0.0090919723272369,-0.00886011887727619,-0.005));
#6679=CARTESIAN_POINT('',(0.00910189136718211,-0.00887068947614977,-0.005));
#6680=CARTESIAN_POINT('',(0.00911325614099777,-0.00888349099304668,-0.005));
#6681=CARTESIAN_POINT('',(0.0091282571164537,-0.00890097667761401,-0.005));
#6682=CARTESIAN_POINT('',(0.00914593998495629,-0.00892248515291583,-0.005));
#6683=CARTESIAN_POINT('',(0.0091663932078856,-0.00894838653573004,-0.005));
#6684=CARTESIAN_POINT('',(0.00918937106379812,-0.00897871875714758,-0.005));
#6685=CARTESIAN_POINT('',(0.00921472600035888,-0.00901361543559847,-0.005));
#6686=CARTESIAN_POINT('',(0.00924227662895473,-0.0090531749395951,-0.005));
#6687=CARTESIAN_POINT('',(0.0092718473870943,-0.0090974994352472,-0.005));
#6688=CARTESIAN_POINT('',(0.00930325698851106,-0.00914668322626122,-0.005));
#6689=CARTESIAN_POINT('',(0.00933632196554733,-0.00920081603967429,-0.005));
#6690=CARTESIAN_POINT('',(0.00937085582181417,-0.0092599819665911,-0.005));
#6691=CARTESIAN_POINT('',(0.00940666945773754,-0.00932425966498257,-0.005));
#6692=CARTESIAN_POINT('',(0.009443571234454,-0.00939372220615273,-0.005));
#6693=CARTESIAN_POINT('',(0.00948136714380992,-0.00946843702813632,-0.005));
#6694=CARTESIAN_POINT('',(0.00951986095079119,-0.00954846586381427,-0.005));
#6695=CARTESIAN_POINT('',(0.00955885434610256,-0.00963386468109983,-0.005));
#6696=CARTESIAN_POINT('',(0.00959814709784722,-0.00972468362483457,-0.005));
#6697=CARTESIAN_POINT('',(0.00963753720605551,-0.00982096696245685,-0.005));
#6698=CARTESIAN_POINT('',(0.00967682105578154,-0.00992275303619957,-0.005));
#6699=CARTESIAN_POINT('',(0.00971579358177941,-0.0100300742082328,-0.005));
#6700=CARTESIAN_POINT('',(0.00975424839484816,-0.0101429568521703,-0.005));
#6701=CARTESIAN_POINT('',(0.0097919780616372,-0.0102614211847783,-0.005));
#6702=CARTESIAN_POINT('',(0.00982877379877559,-0.0103854817321469,-0.005));
#6703=CARTESIAN_POINT('',(0.00986442742416192,-0.0105151453750359,-0.005));
#6704=CARTESIAN_POINT('',(0.00989872464193226,-0.0106504187128354,-0.005));
#6705=CARTESIAN_POINT('',(0.00993147158622818,-0.0107912796888962,-0.005));
#6706=CARTESIAN_POINT('',(0.00996239387226627,-0.0109377862376735,-0.005));
#6707=CARTESIAN_POINT('',(0.00998704488267544,-0.0110663079608351,-0.005));
#6708=CARTESIAN_POINT('',(0.0100008048261033,-0.0111465616422179,-0.005));
#6709=CARTESIAN_POINT('',(0.0100056385340624,-0.0111752940688684,-0.005));
#6710=CARTESIAN_POINT('',(0.0087599153354899,-0.00853572252033451,-0.005));
#6711=CARTESIAN_POINT('',(0.00875991533548991,-0.00853572252033451,0.));
#6712=CARTESIAN_POINT('',(0.00919348413525427,-0.00809047904598514,-0.0025));
#6713=CARTESIAN_POINT('',(0.00919348413525427,-0.00809047904598514,-0.005));
#6714=CARTESIAN_POINT('',(0.00872694435517073,-0.00767991323009275,-0.005));
#6715=CARTESIAN_POINT('',(0.00872694435517073,-0.00767991323009275,-0.005));
#6716=CARTESIAN_POINT('',(2.43590465598521E-16,-1.96824678849983E-16,-0.005));
#6717=CARTESIAN_POINT('',(2.43590465598521E-16,-1.96824678849983E-16,-0.005));
#6718=CARTESIAN_POINT('',(0.00907865607533248,-0.0072607595240325,-0.005));
#6719=CARTESIAN_POINT('',(0.00907865607533248,-0.0072607595240325,-0.005));
#6720=CARTESIAN_POINT('',(0.00956399825656573,-0.00764891751080534,-0.0025));
#6721=CARTESIAN_POINT('',(0.00956399825656573,-0.00764891751080534,-0.005));
#6722=CARTESIAN_POINT('',(0.00992718905011076,-0.00714461987739433,-0.005));
#6723=CARTESIAN_POINT('',(0.00992718905011076,-0.00714461987739433,-0.005));
#6724=CARTESIAN_POINT('',(0.00992718903940651,-0.00714461986968523,-0.005));
#6725=CARTESIAN_POINT('',(0.00992718903940651,-0.00714461986968523,3.46944695195361E-18));
#6726=CARTESIAN_POINT('',(0.0100209702961875,-0.00721216031963902,-0.005));
#6727=CARTESIAN_POINT('',(0.0100209702961875,-0.00721216031963902,4.33680868994202E-18));
#6728=CARTESIAN_POINT('',(0.0101869654793917,-0.00733162254678791,-0.005));
#6729=CARTESIAN_POINT('',(0.0101869654793917,-0.00733162254678791,4.33680868994202E-18));
#6730=CARTESIAN_POINT('',(0.0103144013433933,-0.00742305943826438,-0.005));
#6731=CARTESIAN_POINT('',(0.0103144013433933,-0.00742305943826438,4.33680868994202E-18));
#6732=CARTESIAN_POINT('',(0.0103132686962068,-0.00742103665305547,-0.005));
#6733=CARTESIAN_POINT('',(0.0103132686962068,-0.00742103665305547,6.93889390390723E-18));
#6734=CARTESIAN_POINT('',(0.0103700871133936,-0.00745587798837503,-0.005));
#6735=CARTESIAN_POINT('',(0.0103700871133936,-0.00745587798837503,1.73472347597681E-18));
#6736=CARTESIAN_POINT('',(0.0104436893562258,-0.0074942591443814,-0.005));
#6737=CARTESIAN_POINT('',(0.0104436893562258,-0.0074942591443814,6.07153216591882E-18));
#6738=CARTESIAN_POINT('',(0.010595647986586,-0.00756486001050447,-0.005));
#6739=CARTESIAN_POINT('',(0.010595647986586,-0.00756486001050447,2.60208521396521E-18));
#6740=CARTESIAN_POINT('',(0.0108216732447536,-0.00765062207437057,-0.005));
#6741=CARTESIAN_POINT('',(0.0108216732447536,-0.00765062207437057,7.80625564189563E-18));
#6742=CARTESIAN_POINT('',(0.0111405897353263,-0.00774306182632967,-0.005));
#6743=CARTESIAN_POINT('',(0.0111405897353263,-0.00774306182632967,5.20417042793042E-18));
#6744=CARTESIAN_POINT('',(0.0114971547345203,-0.00781875591900121,-0.005));
#6745=CARTESIAN_POINT('',(0.0114971547345203,-0.00781875591900121,4.33680868994202E-18));
#6746=CARTESIAN_POINT('',(0.0120151104540259,-0.007893141554227,-0.005));
#6747=CARTESIAN_POINT('',(0.0120151104540259,-0.007893141554227,4.33680868994202E-18));
#6748=CARTESIAN_POINT('',(0.0124439005822957,-0.00791541228056008,-0.005));
#6749=CARTESIAN_POINT('',(0.0124439005822957,-0.00791541228056008,4.33680868994202E-18));
#6750=CARTESIAN_POINT('',(0.0127429771390469,-0.00791306095223126,-0.005));
#6751=CARTESIAN_POINT('',(0.0127429771390469,-0.00791306095223126,4.33680868994202E-18));
#6752=CARTESIAN_POINT('',(0.00943560889826808,-0.00679042780087708,-0.005));
#6753=CARTESIAN_POINT('',(0.00984630007666207,-0.00708639424154763,-0.005));
#6754=CARTESIAN_POINT('',(0.0102917369956381,-0.00740740035608882,-0.005));
#6755=CARTESIAN_POINT('',(0.0103043181889743,-0.00741530134108396,-0.005));
#6756=CARTESIAN_POINT('',(0.0103164506199096,-0.0074232341232932,-0.005));
#6757=CARTESIAN_POINT('',(0.0103310311252627,-0.00743220328057757,-0.005));
#6758=CARTESIAN_POINT('',(0.0103508560550425,-0.00744394000024894,-0.005));
#6759=CARTESIAN_POINT('',(0.0103751083661666,-0.00745761931870523,-0.005));
#6760=CARTESIAN_POINT('',(0.0104041679136649,-0.00747326408329535,-0.005));
#6761=CARTESIAN_POINT('',(0.0104380293832888,-0.00749062571897186,-0.005));
#6762=CARTESIAN_POINT('',(0.0104767987413103,-0.00750953571245441,-0.005));
#6763=CARTESIAN_POINT('',(0.0105205413640007,-0.00752979834931753,-0.005));
#6764=CARTESIAN_POINT('',(0.0105693273792304,-0.00755122299329984,-0.005));
#6765=CARTESIAN_POINT('',(0.0106232181779909,-0.00757361473661375,-0.005));
#6766=CARTESIAN_POINT('',(0.0106822702653393,-0.00759677731795108,-0.005));
#6767=CARTESIAN_POINT('',(0.0107465340700897,-0.00762051247195499,-0.005));
#6768=CARTESIAN_POINT('',(0.0108160542184251,-0.00764462031308558,-0.005));
#6769=CARTESIAN_POINT('',(0.0108908693937929,-0.00766889942520556,-0.005));
#6770=CARTESIAN_POINT('',(0.0109710123205302,-0.00769314703708926,-0.005));
#6771=CARTESIAN_POINT('',(0.0110565097178042,-0.00771715917517109,-0.005));
#6772=CARTESIAN_POINT('',(0.0111473822672019,-0.00774073082419344,-0.005));
#6773=CARTESIAN_POINT('',(0.0112436445818483,-0.0077636560866716,-0.005));
#6774=CARTESIAN_POINT('',(0.011345305179733,-0.00778572834450931,-0.005));
#6775=CARTESIAN_POINT('',(0.0114523664632202,-0.00780674041807038,-0.005));
#6776=CARTESIAN_POINT('',(0.0115648246936195,-0.00782648473787891,-0.005));
#6777=CARTESIAN_POINT('',(0.0116826700047616,-0.00784475347051966,-0.005));
#6778=CARTESIAN_POINT('',(0.0118058862858512,-0.00786133882341618,-0.005));
#6779=CARTESIAN_POINT('',(0.0119344515874428,-0.00787603266265693,-0.005));
#6780=CARTESIAN_POINT('',(0.0120683365353192,-0.00788862877406306,-0.005));
#6781=CARTESIAN_POINT('',(0.0122075104165249,-0.00789891497143423,-0.005));
#6782=CARTESIAN_POINT('',(0.0123519178450476,-0.00790670416426697,-0.005));
#6783=CARTESIAN_POINT('',(0.0125015682287703,-0.00791171607608669,-0.005));
#6784=CARTESIAN_POINT('',(0.0126324180212055,-0.00791367501923961,-0.005));
#6785=CARTESIAN_POINT('',(0.0127138418579402,-0.00791329001268514,-0.005));
#6786=CARTESIAN_POINT('',(0.0127429771390469,-0.00791306095223126,-0.005));
#6787=CARTESIAN_POINT('',(0.0127429771390469,-0.00791306095223126,-0.005));
#6788=CARTESIAN_POINT('',(0.0127429771390469,-0.00791306095223126,-0.005));
#6789=CARTESIAN_POINT('',(0.,3.42288780361685E-18,-0.005));
#6790=CARTESIAN_POINT('',(0.,3.42288780361685E-18,-0.005));
#6791=CARTESIAN_POINT('',(0.0132244003758504,-0.00707921144614336,-0.005));
#6792=CARTESIAN_POINT('',(0.0132244003758504,-0.00707921144614336,-0.005));
#6793=CARTESIAN_POINT('',(0.0111510168272337,-0.00502488796145385,-0.005));
#6794=CARTESIAN_POINT('',(0.0111510168272337,-0.00502488796145385,0.));
#6795=CARTESIAN_POINT('',(0.0112563992010672,-0.00507233468724812,-0.005));
#6796=CARTESIAN_POINT('',(0.0112563992010672,-0.00507233468724812,0.));
#6797=CARTESIAN_POINT('',(0.0114428541161729,-0.00515635961923435,-0.005));
#6798=CARTESIAN_POINT('',(0.0114428541161729,-0.00515635961923435,0.));
#6799=CARTESIAN_POINT('',(0.0115857587190354,-0.00522100386907476,-0.005));
#6800=CARTESIAN_POINT('',(0.0115857587190354,-0.00522100386907476,0.));
#6801=CARTESIAN_POINT('',(0.0115834406120649,-0.00522103436044219,-0.005));
#6802=CARTESIAN_POINT('',(0.0115834406120649,-0.00522103436044219,0.));
#6803=CARTESIAN_POINT('',(0.0116420233021468,-0.00525281988546902,-0.005));
#6804=CARTESIAN_POINT('',(0.0116420233021468,-0.00525281988546902,0.));
#6805=CARTESIAN_POINT('',(0.011712063479691,-0.00529737071953394,-0.005));
#6806=CARTESIAN_POINT('',(0.011712063479691,-0.00529737071953394,-1.73472347597681E-18));
#6807=CARTESIAN_POINT('',(0.0118491849384629,-0.00539367032068871,-0.005));
#6808=CARTESIAN_POINT('',(0.0118491849384629,-0.00539367032068871,1.73472347597681E-18));
#6809=CARTESIAN_POINT('',(0.0120364696935357,-0.00554653290422568,-0.005));
#6810=CARTESIAN_POINT('',(0.0120364696935357,-0.00554653290422568,-8.67361737988404E-19));
#6811=CARTESIAN_POINT('',(0.0122759831123382,-0.00577650281076789,-0.005));
#6812=CARTESIAN_POINT('',(0.0122759831123382,-0.00577650281076789,1.73472347597681E-18));
#6813=CARTESIAN_POINT('',(0.0125198186191051,-0.00604745011183449,-0.005));
#6814=CARTESIAN_POINT('',(0.0125198186191051,-0.00604745011183449,-2.60208521396521E-18));
#6815=CARTESIAN_POINT('',(0.0128432163286401,-0.00645882010534892,-0.005));
#6816=CARTESIAN_POINT('',(0.0128432163286401,-0.00645882010534892,-8.67361737988404E-19));
#6817=CARTESIAN_POINT('',(0.0130768984075402,-0.006819027886156,-0.005));
#6818=CARTESIAN_POINT('',(0.0130768984075402,-0.006819027886156,0.));
#6819=CARTESIAN_POINT('',(0.0132244003758504,-0.00707921144614336,-0.005));
#6820=CARTESIAN_POINT('',(0.0132244003758504,-0.00707921144614336,0.));
#6821=CARTESIAN_POINT('',(0.0105984874272577,-0.00477626310563611,-0.005));
#6822=CARTESIAN_POINT('',(0.011060147472743,-0.00498394887890019,-0.005));
#6823=CARTESIAN_POINT('',(0.0115608653821939,-0.00520920550924632,-0.005));
#6824=CARTESIAN_POINT('',(0.0115739984325827,-0.00521615064978778,-0.005));
#6825=CARTESIAN_POINT('',(0.0115869346389662,-0.00522269125208286,-0.005));
#6826=CARTESIAN_POINT('',(0.0116019924097016,-0.00523083376147646,-0.005));
#6827=CARTESIAN_POINT('',(0.011622069171984,-0.00524213429445831,-0.005));
#6828=CARTESIAN_POINT('',(0.0116460419648356,-0.00525629775276412,-0.005));
#6829=CARTESIAN_POINT('',(0.011674120502156,-0.00527364167682503,-0.005));
#6830=CARTESIAN_POINT('',(0.0117060868545151,-0.00529428575189062,-0.005));
#6831=CARTESIAN_POINT('',(0.0117418480682671,-0.00531840600408433,-0.005));
#6832=CARTESIAN_POINT('',(0.0117812673378835,-0.00534615690813085,-0.005));
#6833=CARTESIAN_POINT('',(0.0118242146314541,-0.00537769451467805,-0.005));
#6834=CARTESIAN_POINT('',(0.0118705518493791,-0.00541316944377784,-0.005));
#6835=CARTESIAN_POINT('',(0.0119201372769087,-0.00545272876089947,-0.005));
#6836=CARTESIAN_POINT('',(0.011972824425614,-0.00549651527135519,-0.005));
#6837=CARTESIAN_POINT('',(0.0120284625026312,-0.00554466756532323,-0.005));
#6838=CARTESIAN_POINT('',(0.0120868964181924,-0.00559731985172032,-0.005));
#6839=CARTESIAN_POINT('',(0.0121479669294334,-0.0056546018562666,-0.005));
#6840=CARTESIAN_POINT('',(0.0122115107496484,-0.00571663870522237,-0.005));
#6841=CARTESIAN_POINT('',(0.0122773606712097,-0.00578355081699632,-0.005));
#6842=CARTESIAN_POINT('',(0.0123453456882274,-0.00585545379566805,-0.005));
#6843=CARTESIAN_POINT('',(0.0124152911231761,-0.00593245832708133,-0.005));
#6844=CARTESIAN_POINT('',(0.0124870187544098,-0.00601467008156245,-0.005));
#6845=CARTESIAN_POINT('',(0.0125603469521441,-0.00610218960604859,-0.005));
#6846=CARTESIAN_POINT('',(0.012635090794277,-0.0061951122728942,-0.005));
#6847=CARTESIAN_POINT('',(0.0127110622717609,-0.00629352802602937,-0.005));
#6848=CARTESIAN_POINT('',(0.0127880701606183,-0.00639752192363251,-0.005));
#6849=CARTESIAN_POINT('',(0.0128659211870231,-0.0065071716339748,-0.005));
#6850=CARTESIAN_POINT('',(0.0129444162358577,-0.00662255665195662,-0.005));
#6851=CARTESIAN_POINT('',(0.0130233655889872,-0.00674372255713606,-0.005));
#6852=CARTESIAN_POINT('',(0.013102531223806,-0.00687081763521619,-0.005));
#6853=CARTESIAN_POINT('',(0.0131696526145586,-0.00698315740796852,-0.005));
#6854=CARTESIAN_POINT('',(0.0132100311074691,-0.00705386502233155,-0.005));
#6855=CARTESIAN_POINT('',(0.0132244003758504,-0.00707921144614336,-0.005));
#6856=CARTESIAN_POINT('',(0.0111510168392621,-0.00502488796686945,-0.005));
#6857=CARTESIAN_POINT('',(0.0111510168392621,-0.00502488796686945,0.));
#6858=CARTESIAN_POINT('',(0.0114061560040919,-0.00445820669653333,-0.0025));
#6859=CARTESIAN_POINT('',(0.0114061560040919,-0.00445820669653333,-0.005));
#6860=CARTESIAN_POINT('',(0.0108273302362482,-0.0042319670314436,-0.005));
#6861=CARTESIAN_POINT('',(0.0108273302362482,-0.0042319670314436,-0.005));
#6862=CARTESIAN_POINT('',(2.96218167887034E-16,-1.01641852347113E-16,-0.005));
#6863=CARTESIAN_POINT('',(2.96218167887034E-16,-1.01641852347113E-16,-0.005));
#6864=CARTESIAN_POINT('',(0.0110144721337059,-0.00371779889394467,-0.005));
#6865=CARTESIAN_POINT('',(0.0110144721337059,-0.00371779889394467,-0.005));
#6866=CARTESIAN_POINT('',(0.011603302450236,-0.00391655128742683,-0.0025));
#6867=CARTESIAN_POINT('',(0.011603302450236,-0.00391655128742683,-0.005));
#6868=CARTESIAN_POINT('',(0.0117721102100096,-0.00331844795536788,-0.005));
#6869=CARTESIAN_POINT('',(0.0117721102100096,-0.00331844795536788,-0.005));
#6870=CARTESIAN_POINT('',(0.0117721101973142,-0.00331844795178476,-0.005));
#6871=CARTESIAN_POINT('',(0.0117721101973142,-0.00331844795178476,2.08166817117217E-17));
#6872=CARTESIAN_POINT('',(0.0118833359466528,-0.00334984013532541,-0.005));
#6873=CARTESIAN_POINT('',(0.0118833359466528,-0.00334984013532541,2.16840434497101E-17));
#6874=CARTESIAN_POINT('',(0.0120801788834473,-0.00340532421228901,-0.005));
#6875=CARTESIAN_POINT('',(0.0120801788834473,-0.00340532421228901,1.99493199737333E-17));
#6876=CARTESIAN_POINT('',(0.0122312026832011,-0.00344766115200638,-0.005));
#6877=CARTESIAN_POINT('',(0.0122312026832011,-0.00344766115200638,1.90819582357449E-17));
#6878=CARTESIAN_POINT('',(0.012229446509711,-0.00344614774382519,-0.005));
#6879=CARTESIAN_POINT('',(0.012229446509711,-0.00344614774382519,1.99493199737333E-17));
#6880=CARTESIAN_POINT('',(0.0122947547955658,-0.00345945484633352,-0.005));
#6881=CARTESIAN_POINT('',(0.0122947547955658,-0.00345945484633352,1.90819582357449E-17));
#6882=CARTESIAN_POINT('',(0.0123770454085067,-0.00347034788576743,-0.005));
#6883=CARTESIAN_POINT('',(0.0123770454085067,-0.00347034788576743,2.08166817117217E-17));
#6884=CARTESIAN_POINT('',(0.0125439867304713,-0.00348471808614897,-0.005));
#6885=CARTESIAN_POINT('',(0.0125439867304713,-0.00348471808614897,2.08166817117217E-17));
#6886=CARTESIAN_POINT('',(0.012785713351058,-0.00348800287351364,-0.005));
#6887=CARTESIAN_POINT('',(0.012785713351058,-0.00348800287351364,1.99493199737333E-17));
#6888=CARTESIAN_POINT('',(0.0131170130811101,-0.00346579196248228,-0.005));
#6889=CARTESIAN_POINT('',(0.0131170130811101,-0.00346579196248228,1.99493199737333E-17));
#6890=CARTESIAN_POINT('',(0.0134779634841077,-0.00341496873067356,-0.005));
#6891=CARTESIAN_POINT('',(0.0134779634841077,-0.00341496873067356,2.25514051876985E-17));
#6892=CARTESIAN_POINT('',(0.0139901240372423,-0.00330771707376604,-0.005));
#6893=CARTESIAN_POINT('',(0.0139901240372423,-0.00330771707376604,1.73472347597681E-17));
#6894=CARTESIAN_POINT('',(0.0144006719936556,-0.00318198984983337,-0.005));
#6895=CARTESIAN_POINT('',(0.0144006719936556,-0.00318198984983337,1.99493199737333E-17));
#6896=CARTESIAN_POINT('',(0.0146809078254328,-0.00307749011714827,-0.005));
#6897=CARTESIAN_POINT('',(0.0146809078254328,-0.00307749011714827,1.99493199737333E-17));
#6898=CARTESIAN_POINT('',(0.0111890351440229,-0.00315374658871307,-0.005));
#6899=CARTESIAN_POINT('',(0.0116761850982394,-0.00329139941331455,-0.005));
#6900=CARTESIAN_POINT('',(0.0122045494413306,-0.00344069809150534,-0.005));
#6901=CARTESIAN_POINT('',(0.0122190741918897,-0.00344381956725418,-0.005));
#6902=CARTESIAN_POINT('',(0.01223318811902,-0.0034471244083911,-0.005));
#6903=CARTESIAN_POINT('',(0.0122499569447676,-0.00345056583277527,-0.005));
#6904=CARTESIAN_POINT('',(0.0122726004795334,-0.00345481421631797,-0.005));
#6905=CARTESIAN_POINT('',(0.0123000687997927,-0.00345937379200208,-0.005));
#6906=CARTESIAN_POINT('',(0.0123327266667676,-0.00346413611124103,-0.005));
#6907=CARTESIAN_POINT('',(0.0123704840690247,-0.003468869407477,-0.005));
#6908=CARTESIAN_POINT('',(0.0124133829473513,-0.00347337908742453,-0.005));
#6909=CARTESIAN_POINT('',(0.0124614177970714,-0.00347745887968044,-0.005));
#6910=CARTESIAN_POINT('',(0.0125145893153858,-0.00348090565961242,-0.005));
#6911=CARTESIAN_POINT('',(0.0125728885285668,-0.00348351527685507,-0.005));
#6912=CARTESIAN_POINT('',(0.0126363014086789,-0.0034850839802375,-0.005));
#6913=CARTESIAN_POINT('',(0.0127048075325608,-0.00348540821359682,-0.005));
#6914=CARTESIAN_POINT('',(0.0127783804702263,-0.00348428488291261,-0.005));
#6915=CARTESIAN_POINT('',(0.0128569876838493,-0.00348151148840876,-0.005));
#6916=CARTESIAN_POINT('',(0.0129405905724042,-0.00347688629507832,-0.005));
#6917=CARTESIAN_POINT('',(0.0130291444806273,-0.00347020849197351,-0.005));
#6918=CARTESIAN_POINT('',(0.0131225987235054,-0.00346127835425018,-0.005));
#6919=CARTESIAN_POINT('',(0.0132208966117969,-0.00344989740357828,-0.005));
#6920=CARTESIAN_POINT('',(0.0133239754822431,-0.00343586856913333,-0.005));
#6921=CARTESIAN_POINT('',(0.0134317667327188,-0.00341899634408317,-0.005));
#6922=CARTESIAN_POINT('',(0.0135441958570624,-0.00339908695563038,-0.005));
#6923=CARTESIAN_POINT('',(0.013661182500893,-0.00337594847867691,-0.005));
#6924=CARTESIAN_POINT('',(0.0137826404557684,-0.00334939116228858,-0.005));
#6925=CARTESIAN_POINT('',(0.0139084779099662,-0.00331922693171707,-0.005));
#6926=CARTESIAN_POINT('',(0.0140385967313485,-0.00328527205559415,-0.005));
#6927=CARTESIAN_POINT('',(0.0141728954872228,-0.00324733764856263,-0.005));
#6928=CARTESIAN_POINT('',(0.0143112581430412,-0.00320526684618882,-0.005));
#6929=CARTESIAN_POINT('',(0.0144535976791222,-0.00315879305705225,-0.005));
#6930=CARTESIAN_POINT('',(0.0145772262615229,-0.00311588059671477,-0.005));
#6931=CARTESIAN_POINT('',(0.0146536079600615,-0.00308767021658647,-0.005));
#6932=CARTESIAN_POINT('',(0.0146809078254328,-0.00307749011714827,-0.005));
#6933=CARTESIAN_POINT('',(0.0146809078254328,-0.00307749011714827,-0.005));
#6934=CARTESIAN_POINT('',(0.0146809078254328,-0.00307749011714827,-0.005));
#6935=CARTESIAN_POINT('',(0.,3.42288780361685E-18,-0.005));
#6936=CARTESIAN_POINT('',(0.,3.42288780361685E-18,-0.005));
#6937=CARTESIAN_POINT('',(0.0148481043609477,-0.00212927144497966,-0.005));
#6938=CARTESIAN_POINT('',(0.0148481043609477,-0.00212927144497966,-0.005));
#6939=CARTESIAN_POINT('',(0.0121971411275829,-0.000907977764176714,-0.005));
#6940=CARTESIAN_POINT('',(0.0121971411275829,-0.000907977764176714,-1.12757025938492E-17));
#6941=CARTESIAN_POINT('',(0.0123123959025916,-0.000916520207683501,-0.005));
#6942=CARTESIAN_POINT('',(0.0123123959025916,-0.000916520207683501,-1.12757025938492E-17));
#6943=CARTESIAN_POINT('',(0.0125163444297066,-0.000931706479444776,-0.005));
#6944=CARTESIAN_POINT('',(0.0125163444297066,-0.000931706479444776,-1.04083408558608E-17));
#6945=CARTESIAN_POINT('',(0.0126727404660884,-0.000943575951243103,-0.005));
#6946=CARTESIAN_POINT('',(0.0126727404660884,-0.000943575951243103,-1.04083408558608E-17));
#6947=CARTESIAN_POINT('',(0.0126705725867359,-0.000944397443034389,-0.005));
#6948=CARTESIAN_POINT('',(0.0126705725867359,-0.000944397443034389,-1.12757025938492E-17));
#6949=CARTESIAN_POINT('',(0.012736493598137,-0.000954229606291692,-0.005));
#6950=CARTESIAN_POINT('',(0.012736493598137,-0.000954229606291692,-1.21430643318376E-17));
#6951=CARTESIAN_POINT('',(0.012817547118786,-0.000972138544750138,-0.005));
#6952=CARTESIAN_POINT('',(0.012817547118786,-0.000972138544750138,-6.93889390390723E-18));
#6953=CARTESIAN_POINT('',(0.0129793355451345,-0.0010157322683577,-0.005));
#6954=CARTESIAN_POINT('',(0.0129793355451345,-0.0010157322683577,-1.38777878078145E-17));
#6955=CARTESIAN_POINT('',(0.0132076077301925,-0.00109532095132895,-0.005));
#6956=CARTESIAN_POINT('',(0.0132076077301925,-0.00109532095132895,-7.80625564189563E-18));
#6957=CARTESIAN_POINT('',(0.0135113310628166,-0.00122950356168225,-0.005));
#6958=CARTESIAN_POINT('',(0.0135113310628166,-0.00122950356168225,-1.04083408558608E-17));
#6959=CARTESIAN_POINT('',(0.0138331309239556,-0.00140071408614407,-0.005));
#6960=CARTESIAN_POINT('',(0.0138331309239556,-0.00140071408614407,-1.12757025938492E-17));
#6961=CARTESIAN_POINT('',(0.0142777221893264,-0.00167666690249598,-0.005));
#6962=CARTESIAN_POINT('',(0.0142777221893264,-0.00167666690249598,-1.04083408558608E-17));
#6963=CARTESIAN_POINT('',(0.0146205098312973,-0.00193522751795195,-0.005));
#6964=CARTESIAN_POINT('',(0.0146205098312973,-0.00193522751795195,-1.04083408558608E-17));
#6965=CARTESIAN_POINT('',(0.0148481043609477,-0.00212927144497966,-0.005));
#6966=CARTESIAN_POINT('',(0.0148481043609477,-0.00212927144497966,-1.04083408558608E-17));
#6967=CARTESIAN_POINT('',(0.011592898618837,-0.000863323006392264,-0.005));
#6968=CARTESIAN_POINT('',(0.0120977498748298,-0.000900586760046106,-0.005));
#6969=CARTESIAN_POINT('',(0.0126453131044321,-0.00094100314220936,-0.005));
#6970=CARTESIAN_POINT('',(0.0126600295129343,-0.000943037671750213,-0.005));
#6971=CARTESIAN_POINT('',(0.0126744225883483,-0.00094475938430099,-0.005));
#6972=CARTESIAN_POINT('',(0.0126913571666236,-0.000947260779387766,-0.005));
#6973=CARTESIAN_POINT('',(0.0127140881618998,-0.000951013149728422,-0.005));
#6974=CARTESIAN_POINT('',(0.0127414594064818,-0.000956123268936162,-0.005));
#6975=CARTESIAN_POINT('',(0.0127737765721974,-0.000962817801032968,-0.005));
#6976=CARTESIAN_POINT('',(0.0128108758071355,-0.0009712837496196,-0.005));
#6977=CARTESIAN_POINT('',(0.0128527299679209,-0.00098171831716456,-0.005));
#6978=CARTESIAN_POINT('',(0.0128992633328756,-0.000994313452673239,-0.005));
#6979=CARTESIAN_POINT('',(0.012950407084438,-0.00100926026932043,-0.005));
#6980=CARTESIAN_POINT('',(0.0130060829665251,-0.00102674753650236,-0.005));
#6981=CARTESIAN_POINT('',(0.013066208110185,-0.00104696191985435,-0.005));
#6982=CARTESIAN_POINT('',(0.0131306937036154,-0.00107008771446794,-0.005));
#6983=CARTESIAN_POINT('',(0.0131994454485076,-0.00109630672670784,-0.005));
#6984=CARTESIAN_POINT('',(0.013272363510304,-0.0011257981155274,-0.005));
#6985=CARTESIAN_POINT('',(0.0133493426184697,-0.00115873824749573,-0.005));
#6986=CARTESIAN_POINT('',(0.0134302721293936,-0.00119530055017888,-0.005));
#6987=CARTESIAN_POINT('',(0.0135150361048233,-0.00123565536824366,-0.005));
#6988=CARTESIAN_POINT('',(0.0136035133907097,-0.00127996982144963,-0.005));
#6989=CARTESIAN_POINT('',(0.0136955777006593,-0.00132840766369963,-0.005));
#6990=CARTESIAN_POINT('',(0.0137910977024867,-0.00138112914801246,-0.005));
#6991=CARTESIAN_POINT('',(0.0138899371091017,-0.00143829087864789,-0.005));
#6992=CARTESIAN_POINT('',(0.0139919547698359,-0.00150004572338744,-0.005));
#6993=CARTESIAN_POINT('',(0.0140970047766106,-0.00156654250475994,-0.005));
#6994=CARTESIAN_POINT('',(0.0142049365292754,-0.00163792655376016,-0.005));
#6995=CARTESIAN_POINT('',(0.0143155949739555,-0.00171433695823109,-0.005));
#6996=CARTESIAN_POINT('',(0.0144288201925014,-0.00179591652032508,-0.005));
#6997=CARTESIAN_POINT('',(0.0145444494973086,-0.00188277295824025,-0.005));
#6998=CARTESIAN_POINT('',(0.0146623099369886,-0.00197512702348317,-0.005));
#6999=CARTESIAN_POINT('',(0.0147638058777536,-0.00205773501127388,-0.005));
#7000=CARTESIAN_POINT('',(0.0148259326779788,-0.00211036817679165,-0.005));
#7001=CARTESIAN_POINT('',(0.0148481043609477,-0.00212927144497966,-0.005));
#7002=CARTESIAN_POINT('',(0.0121971411407381,-0.000907977765151753,-0.005));
#7003=CARTESIAN_POINT('',(0.0121971411407381,-0.000907977765151753,0.));
#7004=CARTESIAN_POINT('',(0.0122430771219018,-0.000288208823356235,-0.0025));
#7005=CARTESIAN_POINT('',(0.0122430771219018,-0.000288208823356235,-0.005));
#7006=CARTESIAN_POINT('',(0.0116217802964584,-0.000273583151620843,-0.005));
#7007=CARTESIAN_POINT('',(0.0116217802964584,-0.000273583151620843,-0.005));
#7008=CARTESIAN_POINT('',(3.13117587413814E-16,5.80048162279745E-18,-0.005));
#7009=CARTESIAN_POINT('',(3.13117587413814E-16,5.80048162279745E-18,-0.005));
#7010=CARTESIAN_POINT('',(0.0116217802964584,0.000273583151620852,-0.005));
#7011=CARTESIAN_POINT('',(0.0116217802964584,0.000273583151620852,-0.005));
#7012=CARTESIAN_POINT('',(0.0122430771219018,0.000288208823356244,-0.0025));
#7013=CARTESIAN_POINT('',(0.0122430771219018,0.000288208823356244,-0.005));
#7014=CARTESIAN_POINT('',(0.0121971411407381,0.000907977765151762,-0.005));
#7015=CARTESIAN_POINT('',(0.0121971411407381,0.000907977765151762,-0.005));
#7016=CARTESIAN_POINT('',(0.0121971411275829,0.000907977764176722,-0.005));
#7017=CARTESIAN_POINT('',(0.0121971411275829,0.000907977764176722,6.93889390390723E-18));
#7018=CARTESIAN_POINT('',(0.0123123959025916,0.000916520207683509,-0.005));
#7019=CARTESIAN_POINT('',(0.0123123959025916,0.000916520207683509,7.80625564189563E-18));
#7020=CARTESIAN_POINT('',(0.0125163444297066,0.000931706479444784,-0.005));
#7021=CARTESIAN_POINT('',(0.0125163444297066,0.000931706479444784,7.80625564189563E-18));
#7022=CARTESIAN_POINT('',(0.0126727404660884,0.000943575951243112,-0.005));
#7023=CARTESIAN_POINT('',(0.0126727404660884,0.000943575951243112,6.07153216591882E-18));
#7024=CARTESIAN_POINT('',(0.0126705725867359,0.000944397443034397,-0.005));
#7025=CARTESIAN_POINT('',(0.0126705725867359,0.000944397443034397,9.54097911787244E-18));
#7026=CARTESIAN_POINT('',(0.012736493598137,0.0009542296062917,-0.005));
#7027=CARTESIAN_POINT('',(0.012736493598137,0.0009542296062917,3.46944695195361E-18));
#7028=CARTESIAN_POINT('',(0.012817547118786,0.000972138544750148,-0.005));
#7029=CARTESIAN_POINT('',(0.012817547118786,0.000972138544750148,7.80625564189563E-18));
#7030=CARTESIAN_POINT('',(0.0129793355451345,0.00101573226835771,-0.005));
#7031=CARTESIAN_POINT('',(0.0129793355451345,0.00101573226835771,4.33680868994202E-18));
#7032=CARTESIAN_POINT('',(0.0132076077301925,0.00109532095132896,-0.005));
#7033=CARTESIAN_POINT('',(0.0132076077301925,0.00109532095132896,9.54097911787244E-18));
#7034=CARTESIAN_POINT('',(0.0135113310628166,0.00122950356168226,-0.005));
#7035=CARTESIAN_POINT('',(0.0135113310628166,0.00122950356168226,6.93889390390723E-18));
#7036=CARTESIAN_POINT('',(0.0138331309239556,0.00140071408614408,-0.005));
#7037=CARTESIAN_POINT('',(0.0138331309239556,0.00140071408614408,6.07153216591882E-18));
#7038=CARTESIAN_POINT('',(0.0142777221893264,0.00167666690249599,-0.005));
#7039=CARTESIAN_POINT('',(0.0142777221893264,0.00167666690249599,6.93889390390723E-18));
#7040=CARTESIAN_POINT('',(0.0146205098312973,0.00193522751795196,-0.005));
#7041=CARTESIAN_POINT('',(0.0146205098312973,0.00193522751795196,6.93889390390723E-18));
#7042=CARTESIAN_POINT('',(0.0148481043609477,0.00212927144497967,-0.005));
#7043=CARTESIAN_POINT('',(0.0148481043609477,0.00212927144497967,6.93889390390723E-18));
#7044=CARTESIAN_POINT('',(0.011592898618837,0.000863323006392273,-0.005));
#7045=CARTESIAN_POINT('',(0.0120977498748298,0.000900586760046114,-0.005));
#7046=CARTESIAN_POINT('',(0.0126453131044321,0.000941003142209369,-0.005));
#7047=CARTESIAN_POINT('',(0.0126600295129343,0.000943037671750222,-0.005));
#7048=CARTESIAN_POINT('',(0.0126744225883483,0.000944759384300999,-0.005));
#7049=CARTESIAN_POINT('',(0.0126913571666236,0.000947260779387774,-0.005));
#7050=CARTESIAN_POINT('',(0.0127140881618998,0.000951013149728431,-0.005));
#7051=CARTESIAN_POINT('',(0.0127414594064818,0.00095612326893617,-0.005));
#7052=CARTESIAN_POINT('',(0.0127737765721974,0.000962817801032977,-0.005));
#7053=CARTESIAN_POINT('',(0.0128108758071355,0.000971283749619609,-0.005));
#7054=CARTESIAN_POINT('',(0.0128527299679209,0.000981718317164569,-0.005));
#7055=CARTESIAN_POINT('',(0.0128992633328756,0.000994313452673248,-0.005));
#7056=CARTESIAN_POINT('',(0.012950407084438,0.00100926026932044,-0.005));
#7057=CARTESIAN_POINT('',(0.0130060829665251,0.00102674753650237,-0.005));
#7058=CARTESIAN_POINT('',(0.013066208110185,0.00104696191985436,-0.005));
#7059=CARTESIAN_POINT('',(0.0131306937036154,0.00107008771446795,-0.005));
#7060=CARTESIAN_POINT('',(0.0131994454485076,0.00109630672670784,-0.005));
#7061=CARTESIAN_POINT('',(0.013272363510304,0.0011257981155274,-0.005));
#7062=CARTESIAN_POINT('',(0.0133493426184697,0.00115873824749574,-0.005));
#7063=CARTESIAN_POINT('',(0.0134302721293936,0.00119530055017889,-0.005));
#7064=CARTESIAN_POINT('',(0.0135150361048233,0.00123565536824367,-0.005));
#7065=CARTESIAN_POINT('',(0.0136035133907097,0.00127996982144964,-0.005));
#7066=CARTESIAN_POINT('',(0.0136955777006593,0.00132840766369964,-0.005));
#7067=CARTESIAN_POINT('',(0.0137910977024867,0.00138112914801247,-0.005));
#7068=CARTESIAN_POINT('',(0.0138899371091017,0.0014382908786479,-0.005));
#7069=CARTESIAN_POINT('',(0.0139919547698359,0.00150004572338745,-0.005));
#7070=CARTESIAN_POINT('',(0.0140970047766106,0.00156654250475995,-0.005));
#7071=CARTESIAN_POINT('',(0.0142049365292754,0.00163792655376017,-0.005));
#7072=CARTESIAN_POINT('',(0.0143155949739555,0.0017143369582311,-0.005));
#7073=CARTESIAN_POINT('',(0.0144288201925014,0.00179591652032509,-0.005));
#7074=CARTESIAN_POINT('',(0.0145444494973086,0.00188277295824026,-0.005));
#7075=CARTESIAN_POINT('',(0.0146623099369886,0.00197512702348318,-0.005));
#7076=CARTESIAN_POINT('',(0.0147638058777536,0.00205773501127389,-0.005));
#7077=CARTESIAN_POINT('',(0.0148259326779788,0.00211036817679166,-0.005));
#7078=CARTESIAN_POINT('',(0.0148481043609477,0.00212927144497967,-0.005));
#7079=CARTESIAN_POINT('',(0.0148481043609477,0.00212927144497967,-0.005));
#7080=CARTESIAN_POINT('',(0.0148481043609477,0.00212927144497967,-0.005));
#7081=CARTESIAN_POINT('',(0.,3.42288780361685E-18,-0.005));
#7082=CARTESIAN_POINT('',(0.,3.42288780361685E-18,-0.005));
#7083=CARTESIAN_POINT('',(0.0146809078254328,0.00307749011714828,-0.005));
#7084=CARTESIAN_POINT('',(0.0146809078254328,0.00307749011714828,-0.005));
#7085=CARTESIAN_POINT('',(0.0117721101973142,0.00331844795178476,-0.005));
#7086=CARTESIAN_POINT('',(0.0117721101973142,0.00331844795178476,-1.73472347597681E-18));
#7087=CARTESIAN_POINT('',(0.0118833359466528,0.00334984013532541,-0.005));
#7088=CARTESIAN_POINT('',(0.0118833359466528,0.00334984013532541,-1.73472347597681E-18));
#7089=CARTESIAN_POINT('',(0.0120801788834472,0.00340532421228901,-0.005));
#7090=CARTESIAN_POINT('',(0.0120801788834472,0.00340532421228901,-1.73472347597681E-18));
#7091=CARTESIAN_POINT('',(0.0122312026832011,0.00344766115200638,-0.005));
#7092=CARTESIAN_POINT('',(0.0122312026832011,0.00344766115200638,-8.67361737988404E-19));
#7093=CARTESIAN_POINT('',(0.0122294465097109,0.0034461477438252,-0.005));
#7094=CARTESIAN_POINT('',(0.0122294465097109,0.0034461477438252,-8.67361737988404E-19));
#7095=CARTESIAN_POINT('',(0.0122947547955658,0.00345945484633353,-0.005));
#7096=CARTESIAN_POINT('',(0.0122947547955658,0.00345945484633353,-2.60208521396521E-18));
#7097=CARTESIAN_POINT('',(0.0123770454085067,0.00347034788576743,-0.005));
#7098=CARTESIAN_POINT('',(0.0123770454085067,0.00347034788576743,8.67361737988404E-19));
#7099=CARTESIAN_POINT('',(0.0125439867304713,0.00348471808614898,-0.005));
#7100=CARTESIAN_POINT('',(0.0125439867304713,0.00348471808614898,-3.46944695195361E-18));
#7101=CARTESIAN_POINT('',(0.012785713351058,0.00348800287351364,-0.005));
#7102=CARTESIAN_POINT('',(0.012785713351058,0.00348800287351364,-2.60208521396521E-18));
#7103=CARTESIAN_POINT('',(0.0131170130811101,0.00346579196248228,-0.005));
#7104=CARTESIAN_POINT('',(0.0131170130811101,0.00346579196248228,0.));
#7105=CARTESIAN_POINT('',(0.0134779634841077,0.00341496873067357,-0.005));
#7106=CARTESIAN_POINT('',(0.0134779634841077,0.00341496873067357,-8.67361737988404E-19));
#7107=CARTESIAN_POINT('',(0.0139901240372423,0.00330771707376604,-0.005));
#7108=CARTESIAN_POINT('',(0.0139901240372423,0.00330771707376604,-8.67361737988404E-19));
#7109=CARTESIAN_POINT('',(0.0144006719936556,0.00318198984983338,-0.005));
#7110=CARTESIAN_POINT('',(0.0144006719936556,0.00318198984983338,-1.73472347597681E-18));
#7111=CARTESIAN_POINT('',(0.0146809078254328,0.00307749011714828,-0.005));
#7112=CARTESIAN_POINT('',(0.0146809078254328,0.00307749011714828,-1.73472347597681E-18));
#7113=CARTESIAN_POINT('',(0.0111890351440229,0.00315374658871308,-0.005));
#7114=CARTESIAN_POINT('',(0.0116761850982394,0.00329139941331456,-0.005));
#7115=CARTESIAN_POINT('',(0.0122045494413306,0.00344069809150534,-0.005));
#7116=CARTESIAN_POINT('',(0.0122190741918897,0.00344381956725418,-0.005));
#7117=CARTESIAN_POINT('',(0.01223318811902,0.0034471244083911,-0.005));
#7118=CARTESIAN_POINT('',(0.0122499569447676,0.00345056583277527,-0.005));
#7119=CARTESIAN_POINT('',(0.0122726004795334,0.00345481421631799,-0.005));
#7120=CARTESIAN_POINT('',(0.0123000687997927,0.00345937379200209,-0.005));
#7121=CARTESIAN_POINT('',(0.0123327266667676,0.00346413611124104,-0.005));
#7122=CARTESIAN_POINT('',(0.0123704840690247,0.00346886940747701,-0.005));
#7123=CARTESIAN_POINT('',(0.0124133829473512,0.00347337908742454,-0.005));
#7124=CARTESIAN_POINT('',(0.0124614177970714,0.00347745887968045,-0.005));
#7125=CARTESIAN_POINT('',(0.0125145893153858,0.00348090565961243,-0.005));
#7126=CARTESIAN_POINT('',(0.0125728885285668,0.00348351527685508,-0.005));
#7127=CARTESIAN_POINT('',(0.0126363014086789,0.0034850839802375,-0.005));
#7128=CARTESIAN_POINT('',(0.0127048075325608,0.00348540821359683,-0.005));
#7129=CARTESIAN_POINT('',(0.0127783804702263,0.00348428488291261,-0.005));
#7130=CARTESIAN_POINT('',(0.0128569876838493,0.00348151148840877,-0.005));
#7131=CARTESIAN_POINT('',(0.0129405905724042,0.00347688629507833,-0.005));
#7132=CARTESIAN_POINT('',(0.0130291444806273,0.00347020849197352,-0.005));
#7133=CARTESIAN_POINT('',(0.0131225987235054,0.00346127835425018,-0.005));
#7134=CARTESIAN_POINT('',(0.0132208966117969,0.00344989740357829,-0.005));
#7135=CARTESIAN_POINT('',(0.0133239754822431,0.00343586856913334,-0.005));
#7136=CARTESIAN_POINT('',(0.0134317667327188,0.00341899634408318,-0.005));
#7137=CARTESIAN_POINT('',(0.0135441958570624,0.00339908695563039,-0.005));
#7138=CARTESIAN_POINT('',(0.013661182500893,0.00337594847867692,-0.005));
#7139=CARTESIAN_POINT('',(0.0137826404557684,0.00334939116228859,-0.005));
#7140=CARTESIAN_POINT('',(0.0139084779099662,0.00331922693171707,-0.005));
#7141=CARTESIAN_POINT('',(0.0140385967313485,0.00328527205559416,-0.005));
#7142=CARTESIAN_POINT('',(0.0141728954872228,0.00324733764856264,-0.005));
#7143=CARTESIAN_POINT('',(0.0143112581430412,0.00320526684618883,-0.005));
#7144=CARTESIAN_POINT('',(0.0144535976791222,0.00315879305705225,-0.005));
#7145=CARTESIAN_POINT('',(0.0145772262615229,0.00311588059671478,-0.005));
#7146=CARTESIAN_POINT('',(0.0146536079600615,0.00308767021658648,-0.005));
#7147=CARTESIAN_POINT('',(0.0146809078254328,0.00307749011714828,-0.005));
#7148=CARTESIAN_POINT('',(0.0117721102100096,0.00331844795536789,-0.005));
#7149=CARTESIAN_POINT('',(0.0117721102100096,0.00331844795536789,0.));
#7150=CARTESIAN_POINT('',(0.011603302450236,0.00391655128742684,-0.0025));
#7151=CARTESIAN_POINT('',(0.011603302450236,0.00391655128742684,-0.005));
#7152=CARTESIAN_POINT('',(0.0110144721337059,0.00371779889394468,-0.005));
#7153=CARTESIAN_POINT('',(0.0110144721337059,0.00371779889394468,-0.005));
#7154=CARTESIAN_POINT('',(2.92250404775061E-16,1.12543191903007E-16,-0.005));
#7155=CARTESIAN_POINT('',(2.92250404775061E-16,1.12543191903007E-16,-0.005));
#7156=CARTESIAN_POINT('',(0.0108273302362482,0.00423196703144361,-0.005));
#7157=CARTESIAN_POINT('',(0.0108273302362482,0.00423196703144361,-0.005));
#7158=CARTESIAN_POINT('',(0.0114061560040919,0.00445820669653334,-0.0025));
#7159=CARTESIAN_POINT('',(0.0114061560040919,0.00445820669653334,-0.005));
#7160=CARTESIAN_POINT('',(0.0111510168392621,0.00502488796686946,-0.005));
#7161=CARTESIAN_POINT('',(0.0111510168392621,0.00502488796686946,-0.005));
#7162=CARTESIAN_POINT('',(0.0111510168272337,0.00502488796145386,-0.005));
#7163=CARTESIAN_POINT('',(0.0111510168272337,0.00502488796145386,-8.67361737988404E-19));
#7164=CARTESIAN_POINT('',(0.0112563992010672,0.00507233468724813,-0.005));
#7165=CARTESIAN_POINT('',(0.0112563992010672,0.00507233468724813,-8.67361737988404E-19));
#7166=CARTESIAN_POINT('',(0.0114428541161729,0.00515635961923436,-0.005));
#7167=CARTESIAN_POINT('',(0.0114428541161729,0.00515635961923436,-8.67361737988404E-19));
#7168=CARTESIAN_POINT('',(0.0115857587190355,0.00522100386907477,-0.005));
#7169=CARTESIAN_POINT('',(0.0115857587190355,0.00522100386907477,-8.67361737988404E-19));
#7170=CARTESIAN_POINT('',(0.0115834406120649,0.0052210343604422,-0.005));
#7171=CARTESIAN_POINT('',(0.0115834406120649,0.0052210343604422,-8.67361737988404E-19));
#7172=CARTESIAN_POINT('',(0.0116420233021468,0.00525281988546903,-0.005));
#7173=CARTESIAN_POINT('',(0.0116420233021468,0.00525281988546903,-8.67361737988404E-19));
#7174=CARTESIAN_POINT('',(0.011712063479691,0.00529737071953396,-0.005));
#7175=CARTESIAN_POINT('',(0.011712063479691,0.00529737071953396,-2.60208521396521E-18));
#7176=CARTESIAN_POINT('',(0.0118491849384629,0.00539367032068871,-0.005));
#7177=CARTESIAN_POINT('',(0.0118491849384629,0.00539367032068871,8.67361737988404E-19));
#7178=CARTESIAN_POINT('',(0.0120364696935357,0.00554653290422568,-0.005));
#7179=CARTESIAN_POINT('',(0.0120364696935357,0.00554653290422568,-1.73472347597681E-18));
#7180=CARTESIAN_POINT('',(0.0122759831123382,0.00577650281076789,-0.005));
#7181=CARTESIAN_POINT('',(0.0122759831123382,0.00577650281076789,8.67361737988404E-19));
#7182=CARTESIAN_POINT('',(0.0125198186191051,0.0060474501118345,-0.005));
#7183=CARTESIAN_POINT('',(0.0125198186191051,0.0060474501118345,-3.46944695195361E-18));
#7184=CARTESIAN_POINT('',(0.0128432163286401,0.00645882010534895,-0.005));
#7185=CARTESIAN_POINT('',(0.0128432163286401,0.00645882010534895,-1.73472347597681E-18));
#7186=CARTESIAN_POINT('',(0.0130768984075402,0.00681902788615591,-0.005));
#7187=CARTESIAN_POINT('',(0.0130768984075402,0.00681902788615591,-8.67361737988404E-19));
#7188=CARTESIAN_POINT('',(0.0132244003758504,0.00707921144614337,-0.005));
#7189=CARTESIAN_POINT('',(0.0132244003758504,0.00707921144614337,-8.67361737988404E-19));
#7190=CARTESIAN_POINT('',(0.0105984874272577,0.00477626310563612,-0.005));
#7191=CARTESIAN_POINT('',(0.011060147472743,0.0049839488789002,-0.005));
#7192=CARTESIAN_POINT('',(0.0115608653821939,0.00520920550924633,-0.005));
#7193=CARTESIAN_POINT('',(0.0115739984325827,0.00521615064978779,-0.005));
#7194=CARTESIAN_POINT('',(0.0115869346389662,0.00522269125208287,-0.005));
#7195=CARTESIAN_POINT('',(0.0116019924097016,0.00523083376147646,-0.005));
#7196=CARTESIAN_POINT('',(0.011622069171984,0.00524213429445832,-0.005));
#7197=CARTESIAN_POINT('',(0.0116460419648356,0.00525629775276413,-0.005));
#7198=CARTESIAN_POINT('',(0.011674120502156,0.00527364167682504,-0.005));
#7199=CARTESIAN_POINT('',(0.0117060868545151,0.00529428575189063,-0.005));
#7200=CARTESIAN_POINT('',(0.0117418480682671,0.00531840600408434,-0.005));
#7201=CARTESIAN_POINT('',(0.0117812673378835,0.00534615690813086,-0.005));
#7202=CARTESIAN_POINT('',(0.0118242146314541,0.00537769451467805,-0.005));
#7203=CARTESIAN_POINT('',(0.0118705518493791,0.00541316944377784,-0.005));
#7204=CARTESIAN_POINT('',(0.0119201372769087,0.00545272876089947,-0.005));
#7205=CARTESIAN_POINT('',(0.011972824425614,0.00549651527135519,-0.005));
#7206=CARTESIAN_POINT('',(0.0120284625026312,0.00554466756532323,-0.005));
#7207=CARTESIAN_POINT('',(0.0120868964181924,0.00559731985172033,-0.005));
#7208=CARTESIAN_POINT('',(0.0121479669294334,0.00565460185626661,-0.005));
#7209=CARTESIAN_POINT('',(0.0122115107496484,0.00571663870522238,-0.005));
#7210=CARTESIAN_POINT('',(0.0122773606712097,0.00578355081699632,-0.005));
#7211=CARTESIAN_POINT('',(0.0123453456882274,0.00585545379566805,-0.005));
#7212=CARTESIAN_POINT('',(0.0124152911231761,0.00593245832708134,-0.005));
#7213=CARTESIAN_POINT('',(0.0124870187544098,0.00601467008156246,-0.005));
#7214=CARTESIAN_POINT('',(0.0125603469521441,0.0061021896060486,-0.005));
#7215=CARTESIAN_POINT('',(0.012635090794277,0.0061951122728942,-0.005));
#7216=CARTESIAN_POINT('',(0.0127110622717609,0.00629352802602938,-0.005));
#7217=CARTESIAN_POINT('',(0.0127880701606183,0.00639752192363252,-0.005));
#7218=CARTESIAN_POINT('',(0.0128659211870231,0.0065071716339748,-0.005));
#7219=CARTESIAN_POINT('',(0.0129444162358577,0.00662255665195662,-0.005));
#7220=CARTESIAN_POINT('',(0.0130233655889872,0.00674372255713607,-0.005));
#7221=CARTESIAN_POINT('',(0.013102531223806,0.00687081763521619,-0.005));
#7222=CARTESIAN_POINT('',(0.0131696526145586,0.00698315740796853,-0.005));
#7223=CARTESIAN_POINT('',(0.0132100311074691,0.00705386502233155,-0.005));
#7224=CARTESIAN_POINT('',(0.0132244003758504,0.00707921144614337,-0.005));
#7225=CARTESIAN_POINT('',(0.0132244003758504,0.00707921144614337,-0.005));
#7226=CARTESIAN_POINT('',(0.0132244003758504,0.00707921144614337,-0.005));
#7227=CARTESIAN_POINT('',(0.,3.42288780361685E-18,-0.005));
#7228=CARTESIAN_POINT('',(0.,3.42288780361685E-18,-0.005));
#7229=CARTESIAN_POINT('',(0.0127429771390469,0.00791306095223127,-0.005));
#7230=CARTESIAN_POINT('',(0.0127429771390469,0.00791306095223127,-0.005));
#7231=CARTESIAN_POINT('',(0.00992718903940649,0.00714461986968523,-0.005));
#7232=CARTESIAN_POINT('',(0.00992718903940649,0.00714461986968523,8.67361737988404E-19));
#7233=CARTESIAN_POINT('',(0.0100209702961875,0.00721216031963902,-0.005));
#7234=CARTESIAN_POINT('',(0.0100209702961875,0.00721216031963902,8.67361737988404E-19));
#7235=CARTESIAN_POINT('',(0.0101869654793917,0.00733162254678792,-0.005));
#7236=CARTESIAN_POINT('',(0.0101869654793917,0.00733162254678792,8.67361737988404E-19));
#7237=CARTESIAN_POINT('',(0.0103144013433933,0.00742305943826439,-0.005));
#7238=CARTESIAN_POINT('',(0.0103144013433933,0.00742305943826439,8.67361737988404E-19));
#7239=CARTESIAN_POINT('',(0.0103132686962068,0.00742103665305549,-0.005));
#7240=CARTESIAN_POINT('',(0.0103132686962068,0.00742103665305549,8.67361737988404E-19));
#7241=CARTESIAN_POINT('',(0.0103700871133937,0.00745587798837503,-0.005));
#7242=CARTESIAN_POINT('',(0.0103700871133937,0.00745587798837503,2.60208521396521E-18));
#7243=CARTESIAN_POINT('',(0.0104436893562257,0.00749425914438142,-0.005));
#7244=CARTESIAN_POINT('',(0.0104436893562257,0.00749425914438142,2.60208521396521E-18));
#7245=CARTESIAN_POINT('',(0.010595647986586,0.00756486001050447,-0.005));
#7246=CARTESIAN_POINT('',(0.010595647986586,0.00756486001050447,8.67361737988404E-19));
#7247=CARTESIAN_POINT('',(0.0108216732447536,0.0076506220743706,-0.005));
#7248=CARTESIAN_POINT('',(0.0108216732447536,0.0076506220743706,8.67361737988404E-19));
#7249=CARTESIAN_POINT('',(0.0111405897353263,0.00774306182632967,-0.005));
#7250=CARTESIAN_POINT('',(0.0111405897353263,0.00774306182632967,2.60208521396521E-18));
#7251=CARTESIAN_POINT('',(0.0114971547345203,0.00781875591900122,-0.005));
#7252=CARTESIAN_POINT('',(0.0114971547345203,0.00781875591900122,8.67361737988404E-19));
#7253=CARTESIAN_POINT('',(0.0120151104540259,0.00789314155422702,-0.005));
#7254=CARTESIAN_POINT('',(0.0120151104540259,0.00789314155422702,2.60208521396521E-18));
#7255=CARTESIAN_POINT('',(0.0124439005822957,0.00791541228056009,-0.005));
#7256=CARTESIAN_POINT('',(0.0124439005822957,0.00791541228056009,8.67361737988404E-19));
#7257=CARTESIAN_POINT('',(0.0127429771390469,0.00791306095223127,-0.005));
#7258=CARTESIAN_POINT('',(0.0127429771390469,0.00791306095223127,8.67361737988404E-19));
#7259=CARTESIAN_POINT('',(0.00943560889826807,0.00679042780087709,-0.005));
#7260=CARTESIAN_POINT('',(0.00984630007666206,0.00708639424154764,-0.005));
#7261=CARTESIAN_POINT('',(0.0102917369956381,0.00740740035608883,-0.005));
#7262=CARTESIAN_POINT('',(0.0103043181889743,0.00741530134108397,-0.005));
#7263=CARTESIAN_POINT('',(0.0103164506199096,0.00742323412329321,-0.005));
#7264=CARTESIAN_POINT('',(0.0103310311252627,0.00743220328057758,-0.005));
#7265=CARTESIAN_POINT('',(0.0103508560550425,0.00744394000024895,-0.005));
#7266=CARTESIAN_POINT('',(0.0103751083661666,0.00745761931870524,-0.005));
#7267=CARTESIAN_POINT('',(0.0104041679136649,0.00747326408329537,-0.005));
#7268=CARTESIAN_POINT('',(0.0104380293832888,0.00749062571897187,-0.005));
#7269=CARTESIAN_POINT('',(0.0104767987413103,0.00750953571245442,-0.005));
#7270=CARTESIAN_POINT('',(0.0105205413640007,0.00752979834931754,-0.005));
#7271=CARTESIAN_POINT('',(0.0105693273792304,0.00755122299329985,-0.005));
#7272=CARTESIAN_POINT('',(0.0106232181779908,0.00757361473661376,-0.005));
#7273=CARTESIAN_POINT('',(0.0106822702653393,0.00759677731795109,-0.005));
#7274=CARTESIAN_POINT('',(0.0107465340700897,0.00762051247195501,-0.005));
#7275=CARTESIAN_POINT('',(0.0108160542184251,0.00764462031308559,-0.005));
#7276=CARTESIAN_POINT('',(0.0108908693937929,0.00766889942520558,-0.005));
#7277=CARTESIAN_POINT('',(0.0109710123205302,0.00769314703708927,-0.005));
#7278=CARTESIAN_POINT('',(0.0110565097178042,0.0077171591751711,-0.005));
#7279=CARTESIAN_POINT('',(0.0111473822672019,0.00774073082419345,-0.005));
#7280=CARTESIAN_POINT('',(0.0112436445818482,0.00776365608667161,-0.005));
#7281=CARTESIAN_POINT('',(0.011345305179733,0.00778572834450932,-0.005));
#7282=CARTESIAN_POINT('',(0.0114523664632202,0.00780674041807039,-0.005));
#7283=CARTESIAN_POINT('',(0.0115648246936195,0.00782648473787892,-0.005));
#7284=CARTESIAN_POINT('',(0.0116826700047616,0.00784475347051967,-0.005));
#7285=CARTESIAN_POINT('',(0.0118058862858512,0.00786133882341619,-0.005));
#7286=CARTESIAN_POINT('',(0.0119344515874428,0.00787603266265695,-0.005));
#7287=CARTESIAN_POINT('',(0.0120683365353192,0.00788862877406307,-0.005));
#7288=CARTESIAN_POINT('',(0.0122075104165249,0.00789891497143424,-0.005));
#7289=CARTESIAN_POINT('',(0.0123519178450476,0.00790670416426698,-0.005));
#7290=CARTESIAN_POINT('',(0.0125015682287703,0.0079117160760867,-0.005));
#7291=CARTESIAN_POINT('',(0.0126324180212055,0.00791367501923963,-0.005));
#7292=CARTESIAN_POINT('',(0.0127138418579401,0.00791329001268515,-0.005));
#7293=CARTESIAN_POINT('',(0.0127429771390469,0.00791306095223127,-0.005));
#7294=CARTESIAN_POINT('',(0.00992718905011074,0.00714461987739433,-0.005));
#7295=CARTESIAN_POINT('',(0.00992718905011074,0.00714461987739434,0.));
#7296=CARTESIAN_POINT('',(0.00956399825656572,0.00764891751080534,-0.0025));
#7297=CARTESIAN_POINT('',(0.00956399825656572,0.00764891751080534,-0.005));
#7298=CARTESIAN_POINT('',(0.00907865607533247,0.00726075952403251,-0.005));
#7299=CARTESIAN_POINT('',(0.00907865607533247,0.00726075952403251,-0.005));
#7300=CARTESIAN_POINT('',(2.36133510163824E-16,2.05711532279099E-16,-0.005));
#7301=CARTESIAN_POINT('',(2.36133510163824E-16,2.05711532279099E-16,-0.005));
#7302=CARTESIAN_POINT('',(0.00872694435517072,0.00767991323009276,-0.005));
#7303=CARTESIAN_POINT('',(0.00872694435517072,0.00767991323009276,-0.005));
#7304=CARTESIAN_POINT('',(0.00919348413525427,0.00809047904598516,-0.0025));
#7305=CARTESIAN_POINT('',(0.00919348413525427,0.00809047904598516,-0.005));
#7306=CARTESIAN_POINT('',(0.0087599153354899,0.00853572252033452,-0.005));
#7307=CARTESIAN_POINT('',(0.0087599153354899,0.00853572252033452,-0.005));
#7308=CARTESIAN_POINT('',(0.00875991532603914,0.00853572251113157,-0.005));
#7309=CARTESIAN_POINT('',(0.00875991532603914,0.00853572251113157,4.33680868994202E-18));
#7310=CARTESIAN_POINT('',(0.0088427146291349,0.00861635074384343,-0.005));
#7311=CARTESIAN_POINT('',(0.0088427146291349,0.00861635074384343,3.46944695195361E-18));
#7312=CARTESIAN_POINT('',(0.00898918671768813,0.00875907968918115,-0.00499999999999999));
#7313=CARTESIAN_POINT('',(0.00898918671768813,0.00875907968918115,1.04083408558608E-17));
#7314=CARTESIAN_POINT('',(0.00910136348287879,0.00886870166648537,-0.005));
#7315=CARTESIAN_POINT('',(0.00910136348287879,0.00886870166648537,3.46944695195361E-18));
#7316=CARTESIAN_POINT('',(0.00909917474620252,0.00886793747972003,-0.005));
#7317=CARTESIAN_POINT('',(0.00909917474620252,0.00886793747972003,5.20417042793042E-18));
#7318=CARTESIAN_POINT('',(0.0091433531779529,0.00891784256309375,-0.005));
#7319=CARTESIAN_POINT('',(0.0091433531779529,0.00891784256309375,6.07153216591882E-18));
#7320=CARTESIAN_POINT('',(0.00919393213329757,0.00898366180467666,-0.005));
#7321=CARTESIAN_POINT('',(0.00919393213329757,0.00898366180467666,6.07153216591882E-18));
#7322=CARTESIAN_POINT('',(0.00928984775286775,0.00912105213024858,-0.005));
#7323=CARTESIAN_POINT('',(0.00928984775286775,0.00912105213024858,3.46944695195361E-18));
#7324=CARTESIAN_POINT('',(0.00941355577246492,0.00932875113076527,-0.005));
#7325=CARTESIAN_POINT('',(0.00941355577246492,0.00932875113076527,4.33680868994202E-18));
#7326=CARTESIAN_POINT('',(0.00955997042429665,0.00962677056877305,-0.005));
#7327=CARTESIAN_POINT('',(0.00955997042429665,0.00962677056877305,4.33680868994202E-18));
#7328=CARTESIAN_POINT('',(0.00969643141594664,0.00996477440317951,-0.005));
#7329=CARTESIAN_POINT('',(0.00969643141594664,0.00996477440317951,6.93889390390723E-18));
#7330=CARTESIAN_POINT('',(0.00985962903303408,0.0104619442814641,-0.005));
#7331=CARTESIAN_POINT('',(0.00985962903303408,0.0104619442814641,2.60208521396521E-18));
#7332=CARTESIAN_POINT('',(0.00995602004136767,0.0108803528531562,-0.005));
#7333=CARTESIAN_POINT('',(0.00995602004136767,0.0108803528531562,5.20417042793042E-18));
#7334=CARTESIAN_POINT('',(0.0100056385340624,0.0111752940688684,-0.005));
#7335=CARTESIAN_POINT('',(0.0100056385340624,0.0111752940688684,5.20417042793042E-18));
#7336=CARTESIAN_POINT('',(0.0083257422349355,0.00811311538420422,-0.005));
#7337=CARTESIAN_POINT('',(0.00868852805505129,0.00846617320770733,-0.005));
#7338=CARTESIAN_POINT('',(0.00908200667466154,0.00884910081218279,-0.005));
#7339=CARTESIAN_POINT('',(0.00909197232723689,0.0088601188772762,-0.005));
#7340=CARTESIAN_POINT('',(0.00910189136718211,0.00887068947614978,-0.005));
#7341=CARTESIAN_POINT('',(0.00911325614099777,0.00888349099304669,-0.005));
#7342=CARTESIAN_POINT('',(0.00912825711645369,0.00890097667761402,-0.005));
#7343=CARTESIAN_POINT('',(0.00914593998495628,0.00892248515291584,-0.005));
#7344=CARTESIAN_POINT('',(0.00916639320788559,0.00894838653573005,-0.005));
#7345=CARTESIAN_POINT('',(0.00918937106379811,0.0089787187571476,-0.005));
#7346=CARTESIAN_POINT('',(0.00921472600035888,0.00901361543559848,-0.005));
#7347=CARTESIAN_POINT('',(0.00924227662895472,0.00905317493959511,-0.005));
#7348=CARTESIAN_POINT('',(0.00927184738709429,0.00909749943524721,-0.005));
#7349=CARTESIAN_POINT('',(0.00930325698851105,0.00914668322626123,-0.005));
#7350=CARTESIAN_POINT('',(0.00933632196554732,0.00920081603967429,-0.005));
#7351=CARTESIAN_POINT('',(0.00937085582181416,0.00925998196659112,-0.005));
#7352=CARTESIAN_POINT('',(0.00940666945773753,0.00932425966498258,-0.005));
#7353=CARTESIAN_POINT('',(0.00944357123445399,0.00939372220615274,-0.005));
#7354=CARTESIAN_POINT('',(0.00948136714380991,0.00946843702813633,-0.005));
#7355=CARTESIAN_POINT('',(0.00951986095079118,0.00954846586381428,-0.005));
#7356=CARTESIAN_POINT('',(0.00955885434610255,0.00963386468109985,-0.005));
#7357=CARTESIAN_POINT('',(0.00959814709784721,0.00972468362483458,-0.005));
#7358=CARTESIAN_POINT('',(0.0096375372060555,0.00982096696245686,-0.005));
#7359=CARTESIAN_POINT('',(0.00967682105578153,0.00992275303619958,-0.005));
#7360=CARTESIAN_POINT('',(0.0097157935817794,0.0100300742082328,-0.005));
#7361=CARTESIAN_POINT('',(0.00975424839484815,0.0101429568521703,-0.005));
#7362=CARTESIAN_POINT('',(0.00979197806163719,0.0102614211847783,-0.005));
#7363=CARTESIAN_POINT('',(0.00982877379877558,0.0103854817321469,-0.005));
#7364=CARTESIAN_POINT('',(0.00986442742416191,0.0105151453750359,-0.005));
#7365=CARTESIAN_POINT('',(0.00989872464193225,0.0106504187128354,-0.005));
#7366=CARTESIAN_POINT('',(0.00993147158622817,0.0107912796888962,-0.005));
#7367=CARTESIAN_POINT('',(0.00996239387226626,0.0109377862376735,-0.005));
#7368=CARTESIAN_POINT('',(0.00998704488267543,0.0110663079608351,-0.005));
#7369=CARTESIAN_POINT('',(0.0100008048261032,0.0111465616422179,-0.005));
#7370=CARTESIAN_POINT('',(0.0100056385340624,0.0111752940688684,-0.005));
#7371=CARTESIAN_POINT('',(0.0100056385340624,0.0111752940688684,-0.005));
#7372=CARTESIAN_POINT('',(0.0100056385340624,0.0111752940688684,-0.005));
#7373=CARTESIAN_POINT('',(0.,3.42288780361685E-18,-0.005));
#7374=CARTESIAN_POINT('',(0.,3.42288780361685E-18,-0.005));
#7375=CARTESIAN_POINT('',(0.00926805534337904,0.0117941998521334,-0.005));
#7376=CARTESIAN_POINT('',(0.00926805534337904,0.0117941998521334,-0.005));
#7377=CARTESIAN_POINT('',(0.00688490237363988,0.0101090451879424,-0.005));
#7378=CARTESIAN_POINT('',(0.00688490237363988,0.0101090451879424,-5.20417042793042E-18));
#7379=CARTESIAN_POINT('',(0.00694992773423152,0.010204587529254,-0.005));
#7380=CARTESIAN_POINT('',(0.00694992773423152,0.010204587529254,-5.20417042793042E-18));
#7381=CARTESIAN_POINT('',(0.00706505369492303,0.0103736189989194,-0.005));
#7382=CARTESIAN_POINT('',(0.00706505369492303,0.0103736189989194,-6.07153216591882E-18));
#7383=CARTESIAN_POINT('',(0.00715353097722082,0.0105031272035781,-0.005));
#7384=CARTESIAN_POINT('',(0.00715353097722082,0.0105031272035781,-5.20417042793042E-18));
#7385=CARTESIAN_POINT('',(0.0071531584703048,0.0105008390190908,-0.005));
#7386=CARTESIAN_POINT('',(0.0071531584703048,0.0105008390190908,-5.20417042793042E-18));
#7387=CARTESIAN_POINT('',(0.00719463387916032,0.0105530122079787,-0.005));
#7388=CARTESIAN_POINT('',(0.00719463387916032,0.0105530122079787,-6.07153216591882E-18));
#7389=CARTESIAN_POINT('',(0.00725067023514465,0.0106142521466976,-0.005));
#7390=CARTESIAN_POINT('',(0.00725067023514465,0.0106142521466976,-1.73472347597681E-18));
#7391=CARTESIAN_POINT('',(0.0073693177204086,0.0107325681721499,-0.005));
#7392=CARTESIAN_POINT('',(0.0073693177204086,0.0107325681721499,-6.07153216591882E-18));
#7393=CARTESIAN_POINT('',(0.00755237963424449,0.010890463341902,-0.005));
#7394=CARTESIAN_POINT('',(0.00755237963424449,0.010890463341902,-6.93889390390723E-18));
#7395=CARTESIAN_POINT('',(0.00782044684986857,0.0110864041584998,-0.005));
#7396=CARTESIAN_POINT('',(0.00782044684986857,0.0110864041584998,-6.07153216591882E-18));
#7397=CARTESIAN_POINT('',(0.00812961944401727,0.0112794857509496,-0.005));
#7398=CARTESIAN_POINT('',(0.00812961944401727,0.0112794857509496,-3.46944695195361E-18));
#7399=CARTESIAN_POINT('',(0.00859089722590927,0.0115265366728854,-0.005));
#7400=CARTESIAN_POINT('',(0.00859089722590927,0.0115265366728854,-7.80625564189563E-18));
#7401=CARTESIAN_POINT('',(0.0089862111082978,0.0116941191712077,-0.005));
#7402=CARTESIAN_POINT('',(0.0089862111082978,0.0116941191712077,-5.20417042793042E-18));
#7403=CARTESIAN_POINT('',(0.00926805534337904,0.0117941998521334,-0.005));
#7404=CARTESIAN_POINT('',(0.00926805534337904,0.0117941998521334,-5.20417042793042E-18));
#7405=CARTESIAN_POINT('',(0.00654410896462578,0.00960808320421428,-0.005));
#7406=CARTESIAN_POINT('',(0.00682880594992675,0.0100266653402096,-0.005));
#7407=CARTESIAN_POINT('',(0.00713758917841035,0.0104806608161418,-0.005));
#7408=CARTESIAN_POINT('',(0.00714670933692857,0.0104923883349867,-0.005));
#7409=CARTESIAN_POINT('',(0.00715539692144256,0.0105039922476585,-0.005));
#7410=CARTESIAN_POINT('',(0.00716603048227027,0.0105174073251039,-0.005));
#7411=CARTESIAN_POINT('',(0.00718064562794775,0.010535216759296,-0.005));
#7412=CARTESIAN_POINT('',(0.00719875674328906,0.0105563658928334,-0.005));
#7413=CARTESIAN_POINT('',(0.00722071296100914,0.010581006113273,-0.005));
#7414=CARTESIAN_POINT('',(0.00724659430502132,0.010608902018897,-0.005));
#7415=CARTESIAN_POINT('',(0.00727655798598548,0.0106399315016188,-0.005));
#7416=CARTESIAN_POINT('',(0.00731073237577744,0.0106739330100388,-0.005));
#7417=CARTESIAN_POINT('',(0.00734924857448082,0.0107107513898131,-0.005));
#7418=CARTESIAN_POINT('',(0.00739223093314669,0.0107502244844876,-0.005));
#7419=CARTESIAN_POINT('',(0.00743979967448129,0.0107921871946273,-0.005));
#7420=CARTESIAN_POINT('',(0.00749206999681458,0.0108364704594094,-0.005));
#7421=CARTESIAN_POINT('',(0.00754915219992256,0.0108829017109206,-0.005));
#7422=CARTESIAN_POINT('',(0.00761115152273137,0.0109313049104212,-0.005));
#7423=CARTESIAN_POINT('',(0.00767816806790282,0.0109815007076692,-0.005));
#7424=CARTESIAN_POINT('',(0.00775029670630924,0.0110333065687036,-0.005));
#7425=CARTESIAN_POINT('',(0.00782762699163328,0.011086536915719,-0.005));
#7426=CARTESIAN_POINT('',(0.00791024307680764,0.0111410032663515,-0.005));
#7427=CARTESIAN_POINT('',(0.00799822363367549,0.0111965143764248,-0.005));
#7428=CARTESIAN_POINT('',(0.00809164177932932,0.0112528763824205,-0.005));
#7429=CARTESIAN_POINT('',(0.00819056499349137,0.0113098929541263,-0.005));
#7430=CARTESIAN_POINT('',(0.00829505508820969,0.011367365417587,-0.005));
#7431=CARTESIAN_POINT('',(0.0084051679935355,0.0114250930014353,-0.005));
#7432=CARTESIAN_POINT('',(0.00852095426972709,0.011482872616618,-0.005));
#7433=CARTESIAN_POINT('',(0.00864245684345241,0.0115405004386187,-0.005));
#7434=CARTESIAN_POINT('',(0.00876971942592837,0.0115977665731815,-0.005));
#7435=CARTESIAN_POINT('',(0.00890275396004874,0.0116544762696089,-0.005));
#7436=CARTESIAN_POINT('',(0.00904166514653187,0.0117103693718516,-0.005));
#7437=CARTESIAN_POINT('',(0.00916395373289666,0.0117569634410397,-0.005));
#7438=CARTESIAN_POINT('',(0.00924059879142921,0.0117844502455316,-0.005));
#7439=CARTESIAN_POINT('',(0.00926805534337904,0.0117941998521334,-0.005));
#7440=CARTESIAN_POINT('',(0.00688490238106191,0.0101090451988477,-0.005));
#7441=CARTESIAN_POINT('',(0.00688490238106191,0.0101090451988477,0.));
#7442=CARTESIAN_POINT('',(0.00637113472357224,0.0104587113963809,-0.0025));
#7443=CARTESIAN_POINT('',(0.00637113472357224,0.0104587113963809,-0.005));
#7444=CARTESIAN_POINT('',(0.00604782010758027,0.00992796539812402,-0.005));
#7445=CARTESIAN_POINT('',(0.00604782010758027,0.00992796539812402,-0.005));
#7446=CARTESIAN_POINT('',(1.51535429267379E-16,2.74068025883456E-16,-0.005));
#7447=CARTESIAN_POINT('',(1.51535429267379E-16,2.74068025883456E-16,-0.005));
#7448=CARTESIAN_POINT('',(0.00557396018887814,0.0102015485497449,-0.005));
#7449=CARTESIAN_POINT('',(0.00557396018887814,0.0102015485497449,-0.005));
#7450=CARTESIAN_POINT('',(0.0058719423983296,0.0107469202197372,-0.0025));
#7451=CARTESIAN_POINT('',(0.0058719423983296,0.0107469202197372,-0.005));
#7452=CARTESIAN_POINT('',(0.00531223875967623,0.0110170229639994,-0.005));
#7453=CARTESIAN_POINT('',(0.00531223875967623,0.0110170229639994,-0.005));
#7454=CARTESIAN_POINT('',(0.00531223875394302,0.0110170229521191,-0.005));
#7455=CARTESIAN_POINT('',(0.00531223875394302,0.0110170229521191,0.));
#7456=CARTESIAN_POINT('',(0.00536246816836011,0.0111211077369375,-0.005));
#7457=CARTESIAN_POINT('',(0.00536246816836011,0.0111211077369375,0.));
#7458=CARTESIAN_POINT('',(0.00545129073478355,0.0113053254783641,-0.005));
#7459=CARTESIAN_POINT('',(0.00545129073478355,0.0113053254783641,0.));
#7460=CARTESIAN_POINT('',(0.00551920948886762,0.0114467031548212,-0.005));
#7461=CARTESIAN_POINT('',(0.00551920948886762,0.0114467031548212,-8.67361737988404E-19));
#7462=CARTESIAN_POINT('',(0.00551741411643108,0.0114452364621252,-0.005));
#7463=CARTESIAN_POINT('',(0.00551741411643108,0.0114452364621252,8.67361737988404E-19));
#7464=CARTESIAN_POINT('',(0.00554185971897667,0.0115072418142703,-0.005));
#7465=CARTESIAN_POINT('',(0.00554185971897667,0.0115072418142703,1.73472347597681E-18));
#7466=CARTESIAN_POINT('',(0.00556687688364132,0.0115863906914478,-0.005));
#7467=CARTESIAN_POINT('',(0.00556687688364132,0.0115863906914478,8.67361737988404E-19));
#7468=CARTESIAN_POINT('',(0.00561001782472588,0.0117483004405077,-0.005));
#7469=CARTESIAN_POINT('',(0.00561001782472588,0.0117483004405077,-2.60208521396521E-18));
#7470=CARTESIAN_POINT('',(0.00565522809594805,0.0119857842932309,-0.005));
#7471=CARTESIAN_POINT('',(0.00565522809594805,0.0119857842932309,2.60208521396521E-18));
#7472=CARTESIAN_POINT('',(0.00569088421294801,0.0123159077201821,-0.005));
#7473=CARTESIAN_POINT('',(0.00569088421294801,0.0123159077201821,0.));
#7474=CARTESIAN_POINT('',(0.00570351147993832,0.0126801998370937,-0.005));
#7475=CARTESIAN_POINT('',(0.00570351147993832,0.0126801998370937,8.67361737988404E-19));
#7476=CARTESIAN_POINT('',(0.00568682496341708,0.0132032035753814,-0.005));
#7477=CARTESIAN_POINT('',(0.00568682496341708,0.0132032035753814,0.));
#7478=CARTESIAN_POINT('',(0.00563429872299965,0.0136293466891596,-0.005));
#7479=CARTESIAN_POINT('',(0.00563429872299965,0.0136293466891596,1.73472347597681E-18));
#7480=CARTESIAN_POINT('',(0.00558004901756865,0.0139234712971131,-0.005));
#7481=CARTESIAN_POINT('',(0.00558004901756865,0.0139234712971131,8.67361737988404E-19));
#7482=CARTESIAN_POINT('',(0.00504878965421126,0.0104714062106065,-0.005));
#7483=CARTESIAN_POINT('',(0.00526894392490305,0.0109272521002557,-0.005));
#7484=CARTESIAN_POINT('',(0.00550772392602177,0.0114216639583512,-0.005));
#7485=CARTESIAN_POINT('',(0.00551332017600573,0.0114354260067369,-0.005));
#7486=CARTESIAN_POINT('',(0.00551902566690574,0.0114487516319594,-0.005));
#7487=CARTESIAN_POINT('',(0.00552532668435335,0.0114646681044916,-0.005));
#7488=CARTESIAN_POINT('',(0.00553344253395201,0.0114862299090244,-0.005));
#7489=CARTESIAN_POINT('',(0.00554270266319278,0.0115124891617695,-0.005));
#7490=CARTESIAN_POINT('',(0.00555306361118829,0.011543823914306,-0.005));
#7491=CARTESIAN_POINT('',(0.00556428150211415,0.0115801857685166,-0.005));
#7492=CARTESIAN_POINT('',(0.00557617198193544,0.0116216498187834,-0.005));
#7493=CARTESIAN_POINT('',(0.00558853095709815,0.011668246462712,-0.005));
#7494=CARTESIAN_POINT('',(0.00560115850995718,0.0117200116591335,-0.005));
#7495=CARTESIAN_POINT('',(0.00561385203337841,0.01177697202099,-0.005));
#7496=CARTESIAN_POINT('',(0.0056264084357037,0.0118391491144816,-0.005));
#7497=CARTESIAN_POINT('',(0.00563862370680084,0.0119065581738773,-0.005));
#7498=CARTESIAN_POINT('',(0.00565029324858505,0.0119792084376284,-0.005));
#7499=CARTESIAN_POINT('',(0.00566121198757262,0.0120571030259486,-0.005));
#7500=CARTESIAN_POINT('',(0.00567117455056688,0.0121402389551649,-0.005));
#7501=CARTESIAN_POINT('',(0.00567997542308439,0.0122286071188825,-0.005));
#7502=CARTESIAN_POINT('',(0.00568740911319002,0.0123221922839627,-0.005));
#7503=CARTESIAN_POINT('',(0.00569327031390201,0.0124209730878012,-0.005));
#7504=CARTESIAN_POINT('',(0.00569735406698384,0.0125249220401245,-0.005));
#7505=CARTESIAN_POINT('',(0.00569945592315742,0.012634005530433,-0.005));
#7506=CARTESIAN_POINT('',(0.00569937211561033,0.0127481838327742,-0.005));
#7507=CARTESIAN_POINT('',(0.00569689968162623,0.0128674111409745,-0.005));
#7508=CARTESIAN_POINT('',(0.00569183678307506,0.0129916355061953,-0.005));
#7509=CARTESIAN_POINT('',(0.00568398225954829,0.0131207991703781,-0.005));
#7510=CARTESIAN_POINT('',(0.00567313813050307,0.0132548373968498,-0.005));
#7511=CARTESIAN_POINT('',(0.00565910076657301,0.0133936830935066,-0.005));
#7512=CARTESIAN_POINT('',(0.00564169553725987,0.0135372492278492,-0.005));
#7513=CARTESIAN_POINT('',(0.00562064479045674,0.0136854963953347,-0.005));
#7514=CARTESIAN_POINT('',(0.00559985214485698,0.0138146984523136,-0.005));
#7515=CARTESIAN_POINT('',(0.00558533388654956,0.0138948184223233,-0.005));
#7516=CARTESIAN_POINT('',(0.00558004901756865,0.0139234712971131,-0.005));
#7517=CARTESIAN_POINT('',(0.00558004901756865,0.0139234712971131,-0.005));
#7518=CARTESIAN_POINT('',(0.00558004901756865,0.0139234712971131,-0.005));
#7519=CARTESIAN_POINT('',(0.,3.42288780361685E-18,-0.005));
#7520=CARTESIAN_POINT('',(0.,3.42288780361685E-18,-0.005));
#7521=CARTESIAN_POINT('',(0.00467526929137045,0.0142527841860167,-0.005));
#7522=CARTESIAN_POINT('',(0.00467526929137045,0.0142527841860167,-0.005));
#7523=CARTESIAN_POINT('',(0.00301219487127505,0.0118541704629163,-0.005));
#7524=CARTESIAN_POINT('',(0.00301219487127505,0.0118541704629163,-8.67361737988404E-19));
#7525=CARTESIAN_POINT('',(0.00304062131751788,0.0119661908791688,-0.005));
#7526=CARTESIAN_POINT('',(0.00304062131751788,0.0119661908791688,-8.67361737988404E-19));
#7527=CARTESIAN_POINT('',(0.0030909921657591,0.0121644039014702,-0.005));
#7528=CARTESIAN_POINT('',(0.0030909921657591,0.0121644039014702,2.60208521396521E-18));
#7529=CARTESIAN_POINT('',(0.0031298392003223,0.0123163628184917,-0.005));
#7530=CARTESIAN_POINT('',(0.0031298392003223,0.0123163628184917,-8.67361737988404E-19));
#7531=CARTESIAN_POINT('',(0.00313027176350842,0.0123140852235452,-0.005));
#7532=CARTESIAN_POINT('',(0.00313027176350842,0.0123140852235452,0.));
#7533=CARTESIAN_POINT('',(0.00315140161761285,0.0123772974094273,-0.005));
#7534=CARTESIAN_POINT('',(0.00315140161761285,0.0123772974094273,-8.67361737988404E-19));
#7535=CARTESIAN_POINT('',(0.00318311327520914,0.0124540096904441,-0.005));
#7536=CARTESIAN_POINT('',(0.00318311327520914,0.0124540096904441,8.67361737988404E-19));
#7537=CARTESIAN_POINT('',(0.00325413897760355,0.0126057702163975,-0.005));
#7538=CARTESIAN_POINT('',(0.00325413897760355,0.0126057702163975,1.73472347597681E-18));
#7539=CARTESIAN_POINT('',(0.00337215757859305,0.0128167540042789,-0.005));
#7540=CARTESIAN_POINT('',(0.00337215757859305,0.0128167540042789,0.));
#7541=CARTESIAN_POINT('',(0.00355704265681349,0.0130925625312553,-0.005));
#7542=CARTESIAN_POINT('',(0.00355704265681349,0.0130925625312553,8.67361737988404E-19));
#7543=CARTESIAN_POINT('',(0.00378153206816104,0.0133797431338531,-0.005));
#7544=CARTESIAN_POINT('',(0.00378153206816104,0.0133797431338531,-1.73472347597681E-18));
#7545=CARTESIAN_POINT('',(0.00413049500420823,0.0137696613552301,-0.005));
#7546=CARTESIAN_POINT('',(0.00413049500420823,0.0137696613552301,0.));
#7547=CARTESIAN_POINT('',(0.00444465195228783,0.0140623427029897,-0.005));
#7548=CARTESIAN_POINT('',(0.00444465195228783,0.0140623427029897,-8.67361737988404E-19));
#7549=CARTESIAN_POINT('',(0.00467526929137045,0.0142527841860167,-0.005));
#7550=CARTESIAN_POINT('',(0.00467526929137045,0.0142527841860167,0.));
#7551=CARTESIAN_POINT('',(0.00286329290908743,0.0112668619729173,-0.005));
#7552=CARTESIAN_POINT('',(0.00298765704318807,0.0117575726210219,-0.005));
#7553=CARTESIAN_POINT('',(0.00312254276666902,0.0122897989036881,-0.005));
#7554=CARTESIAN_POINT('',(0.00312710186465278,0.0123039384445304,-0.005));
#7555=CARTESIAN_POINT('',(0.00313129675183791,0.0123178138845409,-0.005));
#7556=CARTESIAN_POINT('',(0.00313670080376978,0.0123340568258219,-0.005));
#7557=CARTESIAN_POINT('',(0.00314434336307969,0.012355790893932,-0.005));
#7558=CARTESIAN_POINT('',(0.00315412881483645,0.0123818589449179,-0.005));
#7559=CARTESIAN_POINT('',(0.00316633345888204,0.0124125226469711,-0.005));
#7560=CARTESIAN_POINT('',(0.00318111300522658,0.0124475881646246,-0.005));
#7561=CARTESIAN_POINT('',(0.00319865694699236,0.012486994523023,-0.005));
#7562=CARTESIAN_POINT('',(0.00321914116811664,0.0125306338192755,-0.005));
#7563=CARTESIAN_POINT('',(0.00324274192829151,0.0125784050948596,-0.005));
#7564=CARTESIAN_POINT('',(0.00326963154005569,0.0126301985031163,-0.005));
#7565=CARTESIAN_POINT('',(0.00329997944313159,0.0126859000199118,-0.005));
#7566=CARTESIAN_POINT('',(0.00333395171074659,0.0127453901801879,-0.005));
#7567=CARTESIAN_POINT('',(0.00337171101248871,0.0128085445478952,-0.005));
#7568=CARTESIAN_POINT('',(0.00341341644939526,0.0128752336945615,-0.005));
#7569=CARTESIAN_POINT('',(0.00345922342859432,0.0129453233232146,-0.005));
#7570=CARTESIAN_POINT('',(0.00350928352983608,0.0130186743557878,-0.005));
#7571=CARTESIAN_POINT('',(0.00356374437740284,0.01309514303535,-0.005));
#7572=CARTESIAN_POINT('',(0.00362274951394966,0.0131745810284129,-0.005));
#7573=CARTESIAN_POINT('',(0.00368643827618757,0.0132568355315902,-0.005));
#7574=CARTESIAN_POINT('',(0.00375494567693723,0.0133417493802827,-0.005));
#7575=CARTESIAN_POINT('',(0.00382840227528296,0.0134291611638632,-0.005));
#7576=CARTESIAN_POINT('',(0.00390693410604488,0.0135189053308473,-0.005));
#7577=CARTESIAN_POINT('',(0.00399066239413119,0.0136108123470669,-0.005));
#7578=CARTESIAN_POINT('',(0.00407970411119065,0.013704708663864,-0.005));
#7579=CARTESIAN_POINT('',(0.00417416930718657,0.0138004174306301,-0.005));
#7580=CARTESIAN_POINT('',(0.00427417084529052,0.0138977563613981,-0.005));
#7581=CARTESIAN_POINT('',(0.00437978655681306,0.013996546535085,-0.005));
#7582=CARTESIAN_POINT('',(0.00449120380685594,0.0140965792947258,-0.005));
#7583=CARTESIAN_POINT('',(0.00459018137884741,0.0141821885575498,-0.005));
#7584=CARTESIAN_POINT('',(0.00465280313395826,0.0142342318588044,-0.005));
#7585=CARTESIAN_POINT('',(0.00467526929137045,0.0142527841860167,-0.005));
#7586=CARTESIAN_POINT('',(0.00301219487451966,0.0118541704757024,-0.005));
#7587=CARTESIAN_POINT('',(0.00301219487451966,0.0118541704757024,0.));
#7588=CARTESIAN_POINT('',(0.00240981831498169,0.012007030333412,-0.0025));
#7589=CARTESIAN_POINT('',(0.00240981831498169,0.012007030333412,-0.005));
#7590=CARTESIAN_POINT('',(0.00228752777853516,0.0113977121240374,-0.005));
#7591=CARTESIAN_POINT('',(0.00228752777853516,0.0113977121240374,-0.005));
#7592=CARTESIAN_POINT('',(4.86599391765386E-17,3.09367870752991E-16,-0.005));
#7593=CARTESIAN_POINT('',(4.86599391765386E-17,3.09367870752991E-16,-0.005));
#7594=CARTESIAN_POINT('',(0.00174867416091571,0.0114927265554761,-0.005));
#7595=CARTESIAN_POINT('',(0.00174867416091571,0.0114927265554761,-0.005));
#7596=CARTESIAN_POINT('',(0.00184215774752618,0.0121071242073387,-0.0025));
#7597=CARTESIAN_POINT('',(0.00184215774752618,0.0121071242073387,-0.005));
#7598=CARTESIAN_POINT('',(0.00122382778915137,0.0121695078442638,-0.005));
#7599=CARTESIAN_POINT('',(0.00122382778915137,0.0121695078442638,-0.005));
#7600=CARTESIAN_POINT('',(0.00122382778782721,0.0121695078311391,-0.005));
#7601=CARTESIAN_POINT('',(0.00122382778782721,0.0121695078311391,-8.67361737988404E-19));
#7602=CARTESIAN_POINT('',(0.00123542890487974,0.0122844950068872,-0.005));
#7603=CARTESIAN_POINT('',(0.00123542890487974,0.0122844950068872,0.));
#7604=CARTESIAN_POINT('',(0.00125588863678125,0.0124879821660223,-0.005));
#7605=CARTESIAN_POINT('',(0.00125588863678125,0.0124879821660223,-1.73472347597681E-18));
#7606=CARTESIAN_POINT('',(0.00127135737564213,0.0126440633073392,-0.005));
#7607=CARTESIAN_POINT('',(0.00127135737564213,0.0126440633073392,-8.67361737988404E-19));
#7608=CARTESIAN_POINT('',(0.00127017191585806,0.0126420710134977,-0.005));
#7609=CARTESIAN_POINT('',(0.00127017191585806,0.0126420710134977,0.));
#7610=CARTESIAN_POINT('',(0.00127193618875316,0.0127086978738441,-0.005));
#7611=CARTESIAN_POINT('',(0.00127193618875316,0.0127086978738441,-2.60208521396521E-18));
#7612=CARTESIAN_POINT('',(0.00126837412346524,0.0127916298639154,-0.005));
#7613=CARTESIAN_POINT('',(0.00126837412346524,0.0127916298639154,0.));
#7614=CARTESIAN_POINT('',(0.00125353695187686,0.0129585303311932,-0.005));
#7615=CARTESIAN_POINT('',(0.00125353695187686,0.0129585303311932,-2.60208521396521E-18));
#7616=CARTESIAN_POINT('',(0.00121479644878212,0.0131971549785963,-0.005));
#7617=CARTESIAN_POINT('',(0.00121479644878212,0.0131971549785963,-3.46944695195361E-18));
#7618=CARTESIAN_POINT('',(0.00113539337701187,0.0135195646370976,-0.005));
#7619=CARTESIAN_POINT('',(0.00113539337701187,0.0135195646370976,0.));
#7620=CARTESIAN_POINT('',(0.00102266388458484,0.0138662060308357,-0.005));
#7621=CARTESIAN_POINT('',(0.00102266388458484,0.0138662060308357,-8.67361737988404E-19));
#7622=CARTESIAN_POINT('',(0.000828105874614202,0.0143519616595759,-0.005));
#7623=CARTESIAN_POINT('',(0.000828105874614202,0.0143519616595759,-4.33680868994202E-18));
#7624=CARTESIAN_POINT('',(0.000632997825244544,0.0147344401667162,-0.005));
#7625=CARTESIAN_POINT('',(0.000632997825244544,0.0147344401667162,-1.73472347597681E-18));
#7626=CARTESIAN_POINT('',(0.000481423236803473,0.0149922723983746,-0.005));
#7627=CARTESIAN_POINT('',(0.000481423236803473,0.0149922723983746,-8.67361737988404E-19));
#7628=CARTESIAN_POINT('',(0.0011628785289896,0.0115666909065132,-0.005));
#7629=CARTESIAN_POINT('',(0.00121384739608097,0.0120703431204478,-0.005));
#7630=CARTESIAN_POINT('',(0.00126912838655575,0.0126166058653351,-0.005));
#7631=CARTESIAN_POINT('',(0.00126968024360839,0.0126314519908718,-0.005));
#7632=CARTESIAN_POINT('',(0.00127048401905659,0.0126459253753761,-0.005));
#7633=CARTESIAN_POINT('',(0.00127096128443886,0.012663037042054,-0.005));
#7634=CARTESIAN_POINT('',(0.00127121311694146,0.0126860742947073,-0.005));
#7635=CARTESIAN_POINT('',(0.00127093359866902,0.0127139170714694,-0.005));
#7636=CARTESIAN_POINT('',(0.00126995258849117,0.0127469057601204,-0.005));
#7637=CARTESIAN_POINT('',(0.00126805747122628,0.0127849114708625,-0.005));
#7638=CARTESIAN_POINT('',(0.00126504932695684,0.0128279417165387,-0.005));
#7639=CARTESIAN_POINT('',(0.00126072597388274,0.0128759552574484,-0.005));
#7640=CARTESIAN_POINT('',(0.0012548872522236,0.0129289175079779,-0.005));
#7641=CARTESIAN_POINT('',(0.00124733367138826,0.0129867841803916,-0.005));
#7642=CARTESIAN_POINT('',(0.00123786701156937,0.0130495060788505,-0.005));
#7643=CARTESIAN_POINT('',(0.0012262903555243,0.0131170277433102,-0.005));
#7644=CARTESIAN_POINT('',(0.00121240828420608,0.0131892878784088,-0.005));
#7645=CARTESIAN_POINT('',(0.00119602702439942,0.0132662192769259,-0.005));
#7646=CARTESIAN_POINT('',(0.00117695460890316,0.0133477488933559,-0.005));
#7647=CARTESIAN_POINT('',(0.00115500103184424,0.0134337978803935,-0.005));
#7648=CARTESIAN_POINT('',(0.00112997840400781,0.0135242816411898,-0.005));
#7649=CARTESIAN_POINT('',(0.00110170110637915,0.0136191098823397,-0.005));
#7650=CARTESIAN_POINT('',(0.00106998594344309,0.0137181866715906,-0.005));
#7651=CARTESIAN_POINT('',(0.00103465229118958,0.0138214104996328,-0.005));
#7652=CARTESIAN_POINT('',(0.000995522258524586,0.0139286743439275,-0.005));
#7653=CARTESIAN_POINT('',(0.000952420789515348,0.0140398657434139,-0.005));
#7654=CARTESIAN_POINT('',(0.000905175985909668,0.0141548668494456,-0.005));
#7655=CARTESIAN_POINT('',(0.000853618573175493,0.0142735545862895,-0.005));
#7656=CARTESIAN_POINT('',(0.00079758465170388,0.0143958004080379,-0.005));
#7657=CARTESIAN_POINT('',(0.000736905819332809,0.0145214716233909,-0.005));
#7658=CARTESIAN_POINT('',(0.000671447743939604,0.014650426721403,-0.005));
#7659=CARTESIAN_POINT('',(0.000600962995035637,0.0147825337113029,-0.005));
#7660=CARTESIAN_POINT('',(0.000537234593353043,0.0148968324272081,-0.005));
#7661=CARTESIAN_POINT('',(0.00049618924952893,0.0149671550350167,-0.005));
#7662=CARTESIAN_POINT('',(0.000481423236803473,0.0149922723983746,-0.005));
#7663=CARTESIAN_POINT('',(0.000481423236803473,0.0149922723983746,-0.005));
#7664=CARTESIAN_POINT('',(0.000481423236803473,0.0149922723983746,-0.005));
#7665=CARTESIAN_POINT('',(0.,3.42288780361685E-18,-0.005));
#7666=CARTESIAN_POINT('',(0.,3.42288780361685E-18,-0.005));
#7667=CARTESIAN_POINT('',(-0.000481423236803487,0.0149922723983746,-0.005));
#7668=CARTESIAN_POINT('',(-0.000481423236803487,0.0149922723983746,-0.005));
#7669=CARTESIAN_POINT('',(-0.00122382778782722,0.0121695078311391,-0.005));
#7670=CARTESIAN_POINT('',(-0.00122382778782722,0.0121695078311391,3.46944695195361E-18));
#7671=CARTESIAN_POINT('',(-0.00123542890487975,0.0122844950068871,-0.005));
#7672=CARTESIAN_POINT('',(-0.00123542890487975,0.0122844950068871,3.46944695195361E-18));
#7673=CARTESIAN_POINT('',(-0.00125588863678126,0.0124879821660223,-0.005));
#7674=CARTESIAN_POINT('',(-0.00125588863678126,0.0124879821660223,5.20417042793042E-18));
#7675=CARTESIAN_POINT('',(-0.00127135737564215,0.0126440633073391,-0.005));
#7676=CARTESIAN_POINT('',(-0.00127135737564215,0.0126440633073391,2.60208521396521E-18));
#7677=CARTESIAN_POINT('',(-0.00127017191585808,0.0126420710134977,-0.005));
#7678=CARTESIAN_POINT('',(-0.00127017191585808,0.0126420710134977,6.07153216591882E-18));
#7679=CARTESIAN_POINT('',(-0.00127193618875317,0.012708697873844,-0.005));
#7680=CARTESIAN_POINT('',(-0.00127193618875317,0.012708697873844,4.33680868994202E-18));
#7681=CARTESIAN_POINT('',(-0.00126837412346526,0.0127916298639154,-0.005));
#7682=CARTESIAN_POINT('',(-0.00126837412346526,0.0127916298639154,5.20417042793042E-18));
#7683=CARTESIAN_POINT('',(-0.00125353695187687,0.0129585303311932,-0.005));
#7684=CARTESIAN_POINT('',(-0.00125353695187687,0.0129585303311932,4.33680868994202E-18));
#7685=CARTESIAN_POINT('',(-0.00121479644878214,0.0131971549785963,-0.005));
#7686=CARTESIAN_POINT('',(-0.00121479644878214,0.0131971549785963,6.07153216591882E-18));
#7687=CARTESIAN_POINT('',(-0.00113539337701188,0.0135195646370976,-0.005));
#7688=CARTESIAN_POINT('',(-0.00113539337701188,0.0135195646370976,4.33680868994202E-18));
#7689=CARTESIAN_POINT('',(-0.00102266388458485,0.0138662060308357,-0.005));
#7690=CARTESIAN_POINT('',(-0.00102266388458485,0.0138662060308357,3.46944695195361E-18));
#7691=CARTESIAN_POINT('',(-0.000828105874614211,0.0143519616595759,-0.005));
#7692=CARTESIAN_POINT('',(-0.000828105874614211,0.0143519616595759,4.33680868994202E-18));
#7693=CARTESIAN_POINT('',(-0.000632997825244569,0.0147344401667162,-0.005));
#7694=CARTESIAN_POINT('',(-0.000632997825244569,0.0147344401667162,4.33680868994202E-18));
#7695=CARTESIAN_POINT('',(-0.000481423236803487,0.0149922723983746,-0.005));
#7696=CARTESIAN_POINT('',(-0.000481423236803487,0.0149922723983746,4.33680868994202E-18));
#7697=CARTESIAN_POINT('',(-0.00116287852898962,0.0115666909065132,-0.005));
#7698=CARTESIAN_POINT('',(-0.00121384739608098,0.0120703431204478,-0.005));
#7699=CARTESIAN_POINT('',(-0.00126912838655577,0.0126166058653351,-0.005));
#7700=CARTESIAN_POINT('',(-0.0012696802436084,0.0126314519908717,-0.005));
#7701=CARTESIAN_POINT('',(-0.00127048401905661,0.0126459253753761,-0.005));
#7702=CARTESIAN_POINT('',(-0.00127096128443887,0.012663037042054,-0.005));
#7703=CARTESIAN_POINT('',(-0.00127121311694148,0.0126860742947072,-0.005));
#7704=CARTESIAN_POINT('',(-0.00127093359866903,0.0127139170714693,-0.005));
#7705=CARTESIAN_POINT('',(-0.00126995258849118,0.0127469057601204,-0.005));
#7706=CARTESIAN_POINT('',(-0.00126805747122629,0.0127849114708625,-0.005));
#7707=CARTESIAN_POINT('',(-0.00126504932695686,0.0128279417165387,-0.005));
#7708=CARTESIAN_POINT('',(-0.00126072597388276,0.0128759552574484,-0.005));
#7709=CARTESIAN_POINT('',(-0.00125488725222361,0.0129289175079779,-0.005));
#7710=CARTESIAN_POINT('',(-0.00124733367138828,0.0129867841803916,-0.005));
#7711=CARTESIAN_POINT('',(-0.00123786701156938,0.0130495060788505,-0.005));
#7712=CARTESIAN_POINT('',(-0.00122629035552431,0.0131170277433102,-0.005));
#7713=CARTESIAN_POINT('',(-0.00121240828420609,0.0131892878784088,-0.005));
#7714=CARTESIAN_POINT('',(-0.00119602702439944,0.0132662192769259,-0.005));
#7715=CARTESIAN_POINT('',(-0.00117695460890318,0.0133477488933559,-0.005));
#7716=CARTESIAN_POINT('',(-0.00115500103184425,0.0134337978803935,-0.005));
#7717=CARTESIAN_POINT('',(-0.00112997840400782,0.0135242816411898,-0.005));
#7718=CARTESIAN_POINT('',(-0.00110170110637916,0.0136191098823396,-0.005));
#7719=CARTESIAN_POINT('',(-0.00106998594344311,0.0137181866715906,-0.005));
#7720=CARTESIAN_POINT('',(-0.0010346522911896,0.0138214104996328,-0.005));
#7721=CARTESIAN_POINT('',(-0.0009955222585246,0.0139286743439275,-0.005));
#7722=CARTESIAN_POINT('',(-0.000952420789515362,0.0140398657434139,-0.005));
#7723=CARTESIAN_POINT('',(-0.000905175985909681,0.0141548668494456,-0.005));
#7724=CARTESIAN_POINT('',(-0.000853618573175507,0.0142735545862894,-0.005));
#7725=CARTESIAN_POINT('',(-0.000797584651703893,0.0143958004080379,-0.005));
#7726=CARTESIAN_POINT('',(-0.000736905819332822,0.0145214716233909,-0.005));
#7727=CARTESIAN_POINT('',(-0.000671447743939618,0.014650426721403,-0.005));
#7728=CARTESIAN_POINT('',(-0.000600962995035651,0.0147825337113029,-0.005));
#7729=CARTESIAN_POINT('',(-0.000537234593353057,0.0148968324272081,-0.005));
#7730=CARTESIAN_POINT('',(-0.000496189249528945,0.0149671550350167,-0.005));
#7731=CARTESIAN_POINT('',(-0.000481423236803487,0.0149922723983746,-0.005));
#7732=CARTESIAN_POINT('',(-0.00122382778915138,0.0121695078442638,-0.005));
#7733=CARTESIAN_POINT('',(-0.00122382778915138,0.0121695078442638,0.));
#7734=CARTESIAN_POINT('',(-0.00184215774752619,0.0121071242073387,-0.0025));
#7735=CARTESIAN_POINT('',(-0.00184215774752619,0.0121071242073387,-0.005));
#7736=CARTESIAN_POINT('',(-0.00174867416091572,0.0114927265554761,-0.005));
#7737=CARTESIAN_POINT('',(-0.00174867416091572,0.0114927265554761,-0.005));
#7738=CARTESIAN_POINT('',(-6.00846577232103E-17,3.07353384626212E-16,-0.005));
#7739=CARTESIAN_POINT('',(-6.00846577232103E-17,3.07353384626212E-16,-0.005));
#7740=CARTESIAN_POINT('',(-0.00228752777853517,0.0113977121240374,-0.005));
#7741=CARTESIAN_POINT('',(-0.00228752777853517,0.0113977121240374,-0.005));
#7742=CARTESIAN_POINT('',(-0.0024098183149817,0.012007030333412,-0.0025));
#7743=CARTESIAN_POINT('',(-0.0024098183149817,0.012007030333412,-0.005));
#7744=CARTESIAN_POINT('',(-0.00301219487451968,0.0118541704757024,-0.005));
#7745=CARTESIAN_POINT('',(-0.00301219487451968,0.0118541704757024,-0.005));
#7746=CARTESIAN_POINT('',(-0.00301219487127507,0.0118541704629163,-0.005));
#7747=CARTESIAN_POINT('',(-0.00301219487127507,0.0118541704629163,-1.04083408558608E-17));
#7748=CARTESIAN_POINT('',(-0.0030406213175179,0.0119661908791688,-0.005));
#7749=CARTESIAN_POINT('',(-0.0030406213175179,0.0119661908791688,-9.54097911787244E-18));
#7750=CARTESIAN_POINT('',(-0.00309099216575912,0.0121644039014702,-0.005));
#7751=CARTESIAN_POINT('',(-0.00309099216575912,0.0121644039014702,-1.30104260698261E-17));
#7752=CARTESIAN_POINT('',(-0.00312983920032231,0.0123163628184917,-0.005));
#7753=CARTESIAN_POINT('',(-0.00312983920032231,0.0123163628184917,-8.67361737988404E-18));
#7754=CARTESIAN_POINT('',(-0.00313027176350843,0.0123140852235452,-0.005));
#7755=CARTESIAN_POINT('',(-0.00313027176350843,0.0123140852235452,-1.21430643318376E-17));
#7756=CARTESIAN_POINT('',(-0.00315140161761287,0.0123772974094273,-0.005));
#7757=CARTESIAN_POINT('',(-0.00315140161761287,0.0123772974094273,-1.21430643318376E-17));
#7758=CARTESIAN_POINT('',(-0.00318311327520915,0.0124540096904441,-0.005));
#7759=CARTESIAN_POINT('',(-0.00318311327520915,0.0124540096904441,-1.04083408558608E-17));
#7760=CARTESIAN_POINT('',(-0.00325413897760356,0.0126057702163976,-0.005));
#7761=CARTESIAN_POINT('',(-0.00325413897760356,0.0126057702163976,-1.04083408558608E-17));
#7762=CARTESIAN_POINT('',(-0.00337215757859306,0.0128167540042789,-0.005));
#7763=CARTESIAN_POINT('',(-0.00337215757859306,0.0128167540042789,-1.04083408558608E-17));
#7764=CARTESIAN_POINT('',(-0.0035570426568135,0.0130925625312553,-0.005));
#7765=CARTESIAN_POINT('',(-0.0035570426568135,0.0130925625312553,-1.04083408558608E-17));
#7766=CARTESIAN_POINT('',(-0.00378153206816105,0.0133797431338531,-0.005));
#7767=CARTESIAN_POINT('',(-0.00378153206816105,0.0133797431338531,-1.04083408558608E-17));
#7768=CARTESIAN_POINT('',(-0.00413049500420822,0.0137696613552301,-0.005));
#7769=CARTESIAN_POINT('',(-0.00413049500420822,0.0137696613552301,-1.12757025938492E-17));
#7770=CARTESIAN_POINT('',(-0.00444465195228794,0.0140623427029897,-0.005));
#7771=CARTESIAN_POINT('',(-0.00444465195228794,0.0140623427029897,-9.54097911787244E-18));
#7772=CARTESIAN_POINT('',(-0.00467526929137046,0.0142527841860167,-0.005));
#7773=CARTESIAN_POINT('',(-0.00467526929137046,0.0142527841860167,-1.04083408558608E-17));
#7774=CARTESIAN_POINT('',(-0.00286329290908744,0.0112668619729173,-0.005));
#7775=CARTESIAN_POINT('',(-0.00298765704318809,0.0117575726210219,-0.005));
#7776=CARTESIAN_POINT('',(-0.00312254276666903,0.0122897989036881,-0.005));
#7777=CARTESIAN_POINT('',(-0.00312710186465279,0.0123039384445304,-0.005));
#7778=CARTESIAN_POINT('',(-0.00313129675183793,0.0123178138845409,-0.005));
#7779=CARTESIAN_POINT('',(-0.00313670080376979,0.0123340568258219,-0.005));
#7780=CARTESIAN_POINT('',(-0.0031443433630797,0.012355790893932,-0.005));
#7781=CARTESIAN_POINT('',(-0.00315412881483646,0.0123818589449179,-0.005));
#7782=CARTESIAN_POINT('',(-0.00316633345888205,0.0124125226469711,-0.005));
#7783=CARTESIAN_POINT('',(-0.0031811130052266,0.0124475881646246,-0.005));
#7784=CARTESIAN_POINT('',(-0.00319865694699238,0.012486994523023,-0.005));
#7785=CARTESIAN_POINT('',(-0.00321914116811665,0.0125306338192755,-0.005));
#7786=CARTESIAN_POINT('',(-0.00324274192829152,0.0125784050948596,-0.005));
#7787=CARTESIAN_POINT('',(-0.00326963154005571,0.0126301985031163,-0.005));
#7788=CARTESIAN_POINT('',(-0.0032999794431316,0.0126859000199118,-0.005));
#7789=CARTESIAN_POINT('',(-0.00333395171074661,0.0127453901801879,-0.005));
#7790=CARTESIAN_POINT('',(-0.00337171101248872,0.0128085445478952,-0.005));
#7791=CARTESIAN_POINT('',(-0.00341341644939527,0.0128752336945615,-0.005));
#7792=CARTESIAN_POINT('',(-0.00345922342859433,0.0129453233232146,-0.005));
#7793=CARTESIAN_POINT('',(-0.00350928352983609,0.0130186743557878,-0.005));
#7794=CARTESIAN_POINT('',(-0.00356374437740285,0.01309514303535,-0.005));
#7795=CARTESIAN_POINT('',(-0.00362274951394967,0.0131745810284129,-0.005));
#7796=CARTESIAN_POINT('',(-0.00368643827618759,0.0132568355315902,-0.005));
#7797=CARTESIAN_POINT('',(-0.00375494567693723,0.0133417493802827,-0.005));
#7798=CARTESIAN_POINT('',(-0.00382840227528297,0.0134291611638632,-0.005));
#7799=CARTESIAN_POINT('',(-0.00390693410604489,0.0135189053308473,-0.005));
#7800=CARTESIAN_POINT('',(-0.0039906623941312,0.0136108123470668,-0.005));
#7801=CARTESIAN_POINT('',(-0.00407970411119067,0.013704708663864,-0.005));
#7802=CARTESIAN_POINT('',(-0.00417416930718659,0.0138004174306301,-0.005));
#7803=CARTESIAN_POINT('',(-0.00427417084529054,0.0138977563613981,-0.005));
#7804=CARTESIAN_POINT('',(-0.00437978655681307,0.013996546535085,-0.005));
#7805=CARTESIAN_POINT('',(-0.00449120380685595,0.0140965792947258,-0.005));
#7806=CARTESIAN_POINT('',(-0.00459018137884742,0.0141821885575498,-0.005));
#7807=CARTESIAN_POINT('',(-0.00465280313395828,0.0142342318588044,-0.005));
#7808=CARTESIAN_POINT('',(-0.00467526929137046,0.0142527841860167,-0.005));
#7809=CARTESIAN_POINT('',(-0.00467526929137046,0.0142527841860167,-0.005));
#7810=CARTESIAN_POINT('',(-0.00467526929137046,0.0142527841860167,-0.005));
#7811=CARTESIAN_POINT('',(0.,3.42288780361685E-18,-0.005));
#7812=CARTESIAN_POINT('',(0.,3.42288780361685E-18,-0.005));
#7813=CARTESIAN_POINT('',(-0.00558004901756867,0.013923471297113,-0.005));
#7814=CARTESIAN_POINT('',(-0.00558004901756867,0.013923471297113,-0.005));
#7815=CARTESIAN_POINT('',(-0.00531223875394302,0.0110170229521191,-0.005));
#7816=CARTESIAN_POINT('',(-0.00531223875394302,0.0110170229521191,1.73472347597681E-18));
#7817=CARTESIAN_POINT('',(-0.00536246816836012,0.0111211077369375,-0.005));
#7818=CARTESIAN_POINT('',(-0.00536246816836012,0.0111211077369375,1.73472347597681E-18));
#7819=CARTESIAN_POINT('',(-0.00545129073478356,0.0113053254783641,-0.005));
#7820=CARTESIAN_POINT('',(-0.00545129073478356,0.0113053254783641,0.));
#7821=CARTESIAN_POINT('',(-0.00551920948886763,0.0114467031548212,-0.005));
#7822=CARTESIAN_POINT('',(-0.00551920948886763,0.0114467031548212,3.46944695195361E-18));
#7823=CARTESIAN_POINT('',(-0.00551741411643111,0.0114452364621252,-0.005));
#7824=CARTESIAN_POINT('',(-0.00551741411643111,0.0114452364621252,8.67361737988404E-19));
#7825=CARTESIAN_POINT('',(-0.00554185971897667,0.0115072418142703,-0.005));
#7826=CARTESIAN_POINT('',(-0.00554185971897667,0.0115072418142703,2.60208521396521E-18));
#7827=CARTESIAN_POINT('',(-0.00556687688364134,0.0115863906914478,-0.005));
#7828=CARTESIAN_POINT('',(-0.00556687688364134,0.0115863906914478,3.46944695195361E-18));
#7829=CARTESIAN_POINT('',(-0.00561001782472588,0.0117483004405076,-0.005));
#7830=CARTESIAN_POINT('',(-0.00561001782472588,0.0117483004405076,8.67361737988404E-19));
#7831=CARTESIAN_POINT('',(-0.00565522809594806,0.0119857842932309,-0.005));
#7832=CARTESIAN_POINT('',(-0.00565522809594806,0.0119857842932309,4.33680868994202E-18));
#7833=CARTESIAN_POINT('',(-0.00569088421294802,0.0123159077201821,-0.005));
#7834=CARTESIAN_POINT('',(-0.00569088421294802,0.0123159077201821,8.67361737988404E-19));
#7835=CARTESIAN_POINT('',(-0.00570351147993833,0.0126801998370937,-0.005));
#7836=CARTESIAN_POINT('',(-0.00570351147993833,0.0126801998370937,3.46944695195361E-18));
#7837=CARTESIAN_POINT('',(-0.00568682496341711,0.0132032035753814,-0.005));
#7838=CARTESIAN_POINT('',(-0.00568682496341711,0.0132032035753814,1.73472347597681E-18));
#7839=CARTESIAN_POINT('',(-0.00563429872299956,0.0136293466891598,-0.005));
#7840=CARTESIAN_POINT('',(-0.00563429872299956,0.0136293466891598,1.73472347597681E-18));
#7841=CARTESIAN_POINT('',(-0.00558004901756867,0.013923471297113,-0.005));
#7842=CARTESIAN_POINT('',(-0.00558004901756867,0.013923471297113,2.60208521396521E-18));
#7843=CARTESIAN_POINT('',(-0.00504878965421127,0.0104714062106065,-0.005));
#7844=CARTESIAN_POINT('',(-0.00526894392490306,0.0109272521002557,-0.005));
#7845=CARTESIAN_POINT('',(-0.00550772392602178,0.0114216639583512,-0.005));
#7846=CARTESIAN_POINT('',(-0.00551332017600574,0.0114354260067369,-0.005));
#7847=CARTESIAN_POINT('',(-0.00551902566690576,0.0114487516319594,-0.005));
#7848=CARTESIAN_POINT('',(-0.00552532668435337,0.0114646681044916,-0.005));
#7849=CARTESIAN_POINT('',(-0.00553344253395202,0.0114862299090244,-0.005));
#7850=CARTESIAN_POINT('',(-0.00554270266319279,0.0115124891617695,-0.005));
#7851=CARTESIAN_POINT('',(-0.0055530636111883,0.011543823914306,-0.005));
#7852=CARTESIAN_POINT('',(-0.00556428150211416,0.0115801857685166,-0.005));
#7853=CARTESIAN_POINT('',(-0.00557617198193545,0.0116216498187833,-0.005));
#7854=CARTESIAN_POINT('',(-0.00558853095709816,0.011668246462712,-0.005));
#7855=CARTESIAN_POINT('',(-0.00560115850995719,0.0117200116591335,-0.005));
#7856=CARTESIAN_POINT('',(-0.00561385203337842,0.01177697202099,-0.005));
#7857=CARTESIAN_POINT('',(-0.00562640843570371,0.0118391491144816,-0.005));
#7858=CARTESIAN_POINT('',(-0.00563862370680086,0.0119065581738773,-0.005));
#7859=CARTESIAN_POINT('',(-0.00565029324858506,0.0119792084376284,-0.005));
#7860=CARTESIAN_POINT('',(-0.00566121198757263,0.0120571030259486,-0.005));
#7861=CARTESIAN_POINT('',(-0.0056711745505669,0.0121402389551649,-0.005));
#7862=CARTESIAN_POINT('',(-0.0056799754230844,0.0122286071188824,-0.005));
#7863=CARTESIAN_POINT('',(-0.00568740911319003,0.0123221922839627,-0.005));
#7864=CARTESIAN_POINT('',(-0.00569327031390202,0.0124209730878012,-0.005));
#7865=CARTESIAN_POINT('',(-0.00569735406698386,0.0125249220401245,-0.005));
#7866=CARTESIAN_POINT('',(-0.00569945592315743,0.0126340055304329,-0.005));
#7867=CARTESIAN_POINT('',(-0.00569937211561035,0.0127481838327742,-0.005));
#7868=CARTESIAN_POINT('',(-0.00569689968162624,0.0128674111409745,-0.005));
#7869=CARTESIAN_POINT('',(-0.00569183678307507,0.0129916355061953,-0.005));
#7870=CARTESIAN_POINT('',(-0.0056839822595483,0.0131207991703781,-0.005));
#7871=CARTESIAN_POINT('',(-0.00567313813050308,0.0132548373968498,-0.005));
#7872=CARTESIAN_POINT('',(-0.00565910076657303,0.0133936830935066,-0.005));
#7873=CARTESIAN_POINT('',(-0.00564169553725989,0.0135372492278492,-0.005));
#7874=CARTESIAN_POINT('',(-0.00562064479045675,0.0136854963953347,-0.005));
#7875=CARTESIAN_POINT('',(-0.00559985214485699,0.0138146984523136,-0.005));
#7876=CARTESIAN_POINT('',(-0.00558533388654957,0.0138948184223233,-0.005));
#7877=CARTESIAN_POINT('',(-0.00558004901756867,0.013923471297113,-0.005));
#7878=CARTESIAN_POINT('',(-0.00531223875967624,0.0110170229639994,-0.005));
#7879=CARTESIAN_POINT('',(-0.00531223875967624,0.0110170229639994,0.));
#7880=CARTESIAN_POINT('',(-0.00587194239832961,0.0107469202197372,-0.0025));
#7881=CARTESIAN_POINT('',(-0.00587194239832961,0.0107469202197372,-0.005));
#7882=CARTESIAN_POINT('',(-0.00557396018887816,0.0102015485497449,-0.005));
#7883=CARTESIAN_POINT('',(-0.00557396018887816,0.0102015485497449,-0.005));
#7884=CARTESIAN_POINT('',(-1.61582158146434E-16,2.68267544260658E-16,-0.005));
#7885=CARTESIAN_POINT('',(-1.61582158146434E-16,2.68267544260658E-16,-0.005));
#7886=CARTESIAN_POINT('',(-0.00604782010758028,0.00992796539812401,-0.005));
#7887=CARTESIAN_POINT('',(-0.00604782010758028,0.00992796539812401,-0.005));
#7888=CARTESIAN_POINT('',(-0.00637113472357226,0.0104587113963809,-0.0025));
#7889=CARTESIAN_POINT('',(-0.00637113472357226,0.0104587113963809,-0.005));
#7890=CARTESIAN_POINT('',(-0.00688490238106193,0.0101090451988477,-0.005));
#7891=CARTESIAN_POINT('',(-0.00688490238106193,0.0101090451988477,-0.005));
#7892=CARTESIAN_POINT('',(-0.0068849023736399,0.0101090451879424,-0.005));
#7893=CARTESIAN_POINT('',(-0.0068849023736399,0.0101090451879424,-6.93889390390723E-18));
#7894=CARTESIAN_POINT('',(-0.00694992773423154,0.010204587529254,-0.005));
#7895=CARTESIAN_POINT('',(-0.00694992773423154,0.010204587529254,-6.07153216591882E-18));
#7896=CARTESIAN_POINT('',(-0.00706505369492306,0.0103736189989194,-0.005));
#7897=CARTESIAN_POINT('',(-0.00706505369492306,0.0103736189989194,-5.20417042793042E-18));
#7898=CARTESIAN_POINT('',(-0.00715353097722083,0.0105031272035781,-0.005));
#7899=CARTESIAN_POINT('',(-0.00715353097722083,0.0105031272035781,-5.20417042793042E-18));
#7900=CARTESIAN_POINT('',(-0.00715315847030481,0.0105008390190908,-0.005));
#7901=CARTESIAN_POINT('',(-0.00715315847030481,0.0105008390190908,-6.07153216591882E-18));
#7902=CARTESIAN_POINT('',(-0.00719463387916033,0.0105530122079787,-0.005));
#7903=CARTESIAN_POINT('',(-0.00719463387916033,0.0105530122079787,-6.93889390390723E-18));
#7904=CARTESIAN_POINT('',(-0.00725067023514466,0.0106142521466976,-0.005));
#7905=CARTESIAN_POINT('',(-0.00725067023514466,0.0106142521466976,-6.07153216591882E-18));
#7906=CARTESIAN_POINT('',(-0.00736931772040862,0.0107325681721499,-0.005));
#7907=CARTESIAN_POINT('',(-0.00736931772040862,0.0107325681721499,-6.93889390390723E-18));
#7908=CARTESIAN_POINT('',(-0.00755237963424449,0.010890463341902,-0.005));
#7909=CARTESIAN_POINT('',(-0.00755237963424449,0.010890463341902,-6.07153216591882E-18));
#7910=CARTESIAN_POINT('',(-0.00782044684986859,0.0110864041584998,-0.005));
#7911=CARTESIAN_POINT('',(-0.00782044684986859,0.0110864041584998,-8.67361737988404E-18));
#7912=CARTESIAN_POINT('',(-0.00812961944401727,0.0112794857509496,-0.005));
#7913=CARTESIAN_POINT('',(-0.00812961944401727,0.0112794857509496,-4.33680868994202E-18));
#7914=CARTESIAN_POINT('',(-0.00859089722590929,0.0115265366728854,-0.005));
#7915=CARTESIAN_POINT('',(-0.00859089722590929,0.0115265366728854,-6.93889390390723E-18));
#7916=CARTESIAN_POINT('',(-0.00898621110829773,0.0116941191712075,-0.005));
#7917=CARTESIAN_POINT('',(-0.00898621110829773,0.0116941191712075,-6.07153216591882E-18));
#7918=CARTESIAN_POINT('',(-0.00926805534337906,0.0117941998521334,-0.005));
#7919=CARTESIAN_POINT('',(-0.00926805534337906,0.0117941998521334,-6.07153216591882E-18));
#7920=CARTESIAN_POINT('',(-0.00654410896462579,0.00960808320421427,-0.005));
#7921=CARTESIAN_POINT('',(-0.00682880594992676,0.0100266653402096,-0.005));
#7922=CARTESIAN_POINT('',(-0.00713758917841037,0.0104806608161418,-0.005));
#7923=CARTESIAN_POINT('',(-0.00714670933692858,0.0104923883349867,-0.005));
#7924=CARTESIAN_POINT('',(-0.00715539692144257,0.0105039922476584,-0.005));
#7925=CARTESIAN_POINT('',(-0.00716603048227028,0.0105174073251039,-0.005));
#7926=CARTESIAN_POINT('',(-0.00718064562794776,0.010535216759296,-0.005));
#7927=CARTESIAN_POINT('',(-0.00719875674328907,0.0105563658928334,-0.005));
#7928=CARTESIAN_POINT('',(-0.00722071296100915,0.010581006113273,-0.005));
#7929=CARTESIAN_POINT('',(-0.00724659430502133,0.010608902018897,-0.005));
#7930=CARTESIAN_POINT('',(-0.00727655798598549,0.0106399315016188,-0.005));
#7931=CARTESIAN_POINT('',(-0.00731073237577745,0.0106739330100388,-0.005));
#7932=CARTESIAN_POINT('',(-0.00734924857448083,0.010710751389813,-0.005));
#7933=CARTESIAN_POINT('',(-0.0073922309331467,0.0107502244844876,-0.005));
#7934=CARTESIAN_POINT('',(-0.0074397996744813,0.0107921871946273,-0.005));
#7935=CARTESIAN_POINT('',(-0.00749206999681459,0.0108364704594094,-0.005));
#7936=CARTESIAN_POINT('',(-0.00754915219992257,0.0108829017109205,-0.005));
#7937=CARTESIAN_POINT('',(-0.00761115152273138,0.0109313049104212,-0.005));
#7938=CARTESIAN_POINT('',(-0.00767816806790283,0.0109815007076692,-0.005));
#7939=CARTESIAN_POINT('',(-0.00775029670630925,0.0110333065687036,-0.005));
#7940=CARTESIAN_POINT('',(-0.00782762699163329,0.011086536915719,-0.005));
#7941=CARTESIAN_POINT('',(-0.00791024307680766,0.0111410032663515,-0.005));
#7942=CARTESIAN_POINT('',(-0.0079982236336755,0.0111965143764248,-0.005));
#7943=CARTESIAN_POINT('',(-0.00809164177932933,0.0112528763824205,-0.005));
#7944=CARTESIAN_POINT('',(-0.00819056499349138,0.0113098929541263,-0.005));
#7945=CARTESIAN_POINT('',(-0.00829505508820971,0.011367365417587,-0.005));
#7946=CARTESIAN_POINT('',(-0.00840516799353551,0.0114250930014353,-0.005));
#7947=CARTESIAN_POINT('',(-0.0085209542697271,0.0114828726166179,-0.005));
#7948=CARTESIAN_POINT('',(-0.00864245684345243,0.0115405004386187,-0.005));
#7949=CARTESIAN_POINT('',(-0.00876971942592839,0.0115977665731815,-0.005));
#7950=CARTESIAN_POINT('',(-0.00890275396004875,0.0116544762696089,-0.005));
#7951=CARTESIAN_POINT('',(-0.00904166514653188,0.0117103693718516,-0.005));
#7952=CARTESIAN_POINT('',(-0.00916395373289667,0.0117569634410397,-0.005));
#7953=CARTESIAN_POINT('',(-0.00924059879142922,0.0117844502455316,-0.005));
#7954=CARTESIAN_POINT('',(-0.00926805534337906,0.0117941998521334,-0.005));
#7955=CARTESIAN_POINT('',(-0.00926805534337906,0.0117941998521334,-0.005));
#7956=CARTESIAN_POINT('',(-0.00926805534337906,0.0117941998521334,-0.005));
#7957=CARTESIAN_POINT('',(0.,3.42288780361685E-18,-0.005));
#7958=CARTESIAN_POINT('',(0.,3.42288780361685E-18,-0.005));
#7959=CARTESIAN_POINT('',(-0.0100056385340624,0.0111752940688684,-0.005));
#7960=CARTESIAN_POINT('',(-0.0100056385340624,0.0111752940688684,-0.005));
#7961=CARTESIAN_POINT('',(-0.00875991532603915,0.00853572251113156,-0.005));
#7962=CARTESIAN_POINT('',(-0.00875991532603915,0.00853572251113156,4.33680868994202E-18));
#7963=CARTESIAN_POINT('',(-0.00884271462913491,0.00861635074384342,-0.005));
#7964=CARTESIAN_POINT('',(-0.00884271462913491,0.00861635074384342,5.20417042793042E-18));
#7965=CARTESIAN_POINT('',(-0.00898918671768815,0.00875907968918115,-0.005));
#7966=CARTESIAN_POINT('',(-0.00898918671768815,0.00875907968918115,1.73472347597681E-18));
#7967=CARTESIAN_POINT('',(-0.0091013634828788,0.00886870166648535,-0.005));
#7968=CARTESIAN_POINT('',(-0.0091013634828788,0.00886870166648535,6.07153216591882E-18));
#7969=CARTESIAN_POINT('',(-0.00909917474620252,0.00886793747972001,-0.005));
#7970=CARTESIAN_POINT('',(-0.00909917474620252,0.00886793747972001,3.46944695195361E-18));
#7971=CARTESIAN_POINT('',(-0.00914335317795292,0.00891784256309375,-0.005));
#7972=CARTESIAN_POINT('',(-0.00914335317795292,0.00891784256309375,2.60208521396521E-18));
#7973=CARTESIAN_POINT('',(-0.00919393213329757,0.00898366180467665,-0.005));
#7974=CARTESIAN_POINT('',(-0.00919393213329757,0.00898366180467665,4.33680868994202E-18));
#7975=CARTESIAN_POINT('',(-0.00928984775286776,0.00912105213024856,-0.005));
#7976=CARTESIAN_POINT('',(-0.00928984775286776,0.00912105213024856,6.07153216591882E-18));
#7977=CARTESIAN_POINT('',(-0.00941355577246493,0.00932875113076526,-0.005));
#7978=CARTESIAN_POINT('',(-0.00941355577246493,0.00932875113076526,5.20417042793042E-18));
#7979=CARTESIAN_POINT('',(-0.00955997042429665,0.00962677056877305,-0.005));
#7980=CARTESIAN_POINT('',(-0.00955997042429665,0.00962677056877305,3.46944695195361E-18));
#7981=CARTESIAN_POINT('',(-0.00969643141594666,0.00996477440317949,-0.005));
#7982=CARTESIAN_POINT('',(-0.00969643141594666,0.00996477440317949,5.20417042793042E-18));
#7983=CARTESIAN_POINT('',(-0.00985962903303405,0.0104619442814641,-0.005));
#7984=CARTESIAN_POINT('',(-0.00985962903303405,0.0104619442814641,2.60208521396521E-18));
#7985=CARTESIAN_POINT('',(-0.00995602004136788,0.0108803528531562,-0.005));
#7986=CARTESIAN_POINT('',(-0.00995602004136788,0.0108803528531562,5.20417042793042E-18));
#7987=CARTESIAN_POINT('',(-0.0100056385340624,0.0111752940688684,-0.005));
#7988=CARTESIAN_POINT('',(-0.0100056385340624,0.0111752940688684,4.33680868994202E-18));
#7989=CARTESIAN_POINT('',(-0.00832574223493551,0.00811311538420421,-0.005));
#7990=CARTESIAN_POINT('',(-0.0086885280550513,0.00846617320770732,-0.005));
#7991=CARTESIAN_POINT('',(-0.00908200667466155,0.00884910081218278,-0.005));
#7992=CARTESIAN_POINT('',(-0.0090919723272369,0.00886011887727619,-0.005));
#7993=CARTESIAN_POINT('',(-0.00910189136718212,0.00887068947614977,-0.005));
#7994=CARTESIAN_POINT('',(-0.00911325614099777,0.00888349099304668,-0.005));
#7995=CARTESIAN_POINT('',(-0.0091282571164537,0.00890097667761401,-0.005));
#7996=CARTESIAN_POINT('',(-0.00914593998495629,0.00892248515291583,-0.005));
#7997=CARTESIAN_POINT('',(-0.0091663932078856,0.00894838653573004,-0.005));
#7998=CARTESIAN_POINT('',(-0.00918937106379812,0.00897871875714759,-0.005));
#7999=CARTESIAN_POINT('',(-0.00921472600035889,0.00901361543559847,-0.005));
#8000=CARTESIAN_POINT('',(-0.00924227662895473,0.0090531749395951,-0.005));
#8001=CARTESIAN_POINT('',(-0.0092718473870943,0.0090974994352472,-0.005));
#8002=CARTESIAN_POINT('',(-0.00930325698851106,0.00914668322626122,-0.005));
#8003=CARTESIAN_POINT('',(-0.00933632196554733,0.00920081603967429,-0.005));
#8004=CARTESIAN_POINT('',(-0.00937085582181417,0.00925998196659111,-0.005));
#8005=CARTESIAN_POINT('',(-0.00940666945773754,0.00932425966498257,-0.005));
#8006=CARTESIAN_POINT('',(-0.009443571234454,0.00939372220615273,-0.005));
#8007=CARTESIAN_POINT('',(-0.00948136714380992,0.00946843702813632,-0.005));
#8008=CARTESIAN_POINT('',(-0.00951986095079119,0.00954846586381427,-0.005));
#8009=CARTESIAN_POINT('',(-0.00955885434610256,0.00963386468109984,-0.005));
#8010=CARTESIAN_POINT('',(-0.00959814709784722,0.00972468362483457,-0.005));
#8011=CARTESIAN_POINT('',(-0.00963753720605551,0.00982096696245686,-0.005));
#8012=CARTESIAN_POINT('',(-0.00967682105578154,0.00992275303619957,-0.005));
#8013=CARTESIAN_POINT('',(-0.00971579358177941,0.0100300742082328,-0.005));
#8014=CARTESIAN_POINT('',(-0.00975424839484816,0.0101429568521703,-0.005));
#8015=CARTESIAN_POINT('',(-0.0097919780616372,0.0102614211847783,-0.005));
#8016=CARTESIAN_POINT('',(-0.00982877379877559,0.0103854817321469,-0.005));
#8017=CARTESIAN_POINT('',(-0.00986442742416192,0.0105151453750359,-0.005));
#8018=CARTESIAN_POINT('',(-0.00989872464193227,0.0106504187128354,-0.005));
#8019=CARTESIAN_POINT('',(-0.00993147158622818,0.0107912796888962,-0.005));
#8020=CARTESIAN_POINT('',(-0.00996239387226627,0.0109377862376735,-0.005));
#8021=CARTESIAN_POINT('',(-0.00998704488267544,0.0110663079608351,-0.005));
#8022=CARTESIAN_POINT('',(-0.0100008048261033,0.0111465616422179,-0.005));
#8023=CARTESIAN_POINT('',(-0.0100056385340624,0.0111752940688684,-0.005));
#8024=CARTESIAN_POINT('',(-0.00875991533548991,0.00853572252033451,-0.005));
#8025=CARTESIAN_POINT('',(-0.00875991533548991,0.00853572252033451,0.));
#8026=CARTESIAN_POINT('',(-0.00919348413525427,0.00809047904598514,-0.0025));
#8027=CARTESIAN_POINT('',(-0.00919348413525427,0.00809047904598514,-0.005));
#8028=CARTESIAN_POINT('',(-0.00872694435517073,0.00767991323009275,-0.005));
#8029=CARTESIAN_POINT('',(-0.00872694435517073,0.00767991323009275,-0.005));
#8030=CARTESIAN_POINT('',(-2.43590465598521E-16,1.96824678849983E-16,-0.005));
#8031=CARTESIAN_POINT('',(-2.43590465598521E-16,1.96824678849983E-16,-0.005));
#8032=CARTESIAN_POINT('',(-0.00907865607533248,0.0072607595240325,-0.005));
#8033=CARTESIAN_POINT('',(-0.00907865607533248,0.0072607595240325,-0.005));
#8034=CARTESIAN_POINT('',(-0.00956399825656574,0.00764891751080534,-0.0025));
#8035=CARTESIAN_POINT('',(-0.00956399825656574,0.00764891751080534,-0.005));
#8036=CARTESIAN_POINT('',(-0.00992718905011076,0.00714461987739433,-0.005));
#8037=CARTESIAN_POINT('',(-0.00992718905011076,0.00714461987739433,-0.005));
#8038=CARTESIAN_POINT('',(-0.00992718903940651,0.00714461986968523,-0.005));
#8039=CARTESIAN_POINT('',(-0.00992718903940651,0.00714461986968523,3.46944695195361E-18));
#8040=CARTESIAN_POINT('',(-0.0100209702961875,0.00721216031963902,-0.005));
#8041=CARTESIAN_POINT('',(-0.0100209702961875,0.00721216031963902,4.33680868994202E-18));
#8042=CARTESIAN_POINT('',(-0.0101869654793917,0.00733162254678791,-0.005));
#8043=CARTESIAN_POINT('',(-0.0101869654793917,0.00733162254678791,4.33680868994202E-18));
#8044=CARTESIAN_POINT('',(-0.0103144013433933,0.00742305943826438,-0.005));
#8045=CARTESIAN_POINT('',(-0.0103144013433933,0.00742305943826438,4.33680868994202E-18));
#8046=CARTESIAN_POINT('',(-0.0103132686962068,0.00742103665305547,-0.005));
#8047=CARTESIAN_POINT('',(-0.0103132686962068,0.00742103665305547,6.93889390390723E-18));
#8048=CARTESIAN_POINT('',(-0.0103700871133936,0.00745587798837503,-0.005));
#8049=CARTESIAN_POINT('',(-0.0103700871133936,0.00745587798837503,1.73472347597681E-18));
#8050=CARTESIAN_POINT('',(-0.0104436893562258,0.00749425914438141,-0.005));
#8051=CARTESIAN_POINT('',(-0.0104436893562258,0.00749425914438141,6.07153216591882E-18));
#8052=CARTESIAN_POINT('',(-0.010595647986586,0.00756486001050447,-0.005));
#8053=CARTESIAN_POINT('',(-0.010595647986586,0.00756486001050447,2.60208521396521E-18));
#8054=CARTESIAN_POINT('',(-0.0108216732447536,0.00765062207437058,-0.005));
#8055=CARTESIAN_POINT('',(-0.0108216732447536,0.00765062207437058,7.80625564189563E-18));
#8056=CARTESIAN_POINT('',(-0.0111405897353263,0.00774306182632967,-0.005));
#8057=CARTESIAN_POINT('',(-0.0111405897353263,0.00774306182632967,5.20417042793042E-18));
#8058=CARTESIAN_POINT('',(-0.0114971547345203,0.00781875591900121,-0.005));
#8059=CARTESIAN_POINT('',(-0.0114971547345203,0.00781875591900121,4.33680868994202E-18));
#8060=CARTESIAN_POINT('',(-0.0120151104540259,0.00789314155422702,-0.005));
#8061=CARTESIAN_POINT('',(-0.0120151104540259,0.00789314155422702,4.33680868994202E-18));
#8062=CARTESIAN_POINT('',(-0.0124439005822957,0.00791541228056008,-0.005));
#8063=CARTESIAN_POINT('',(-0.0124439005822957,0.00791541228056008,4.33680868994202E-18));
#8064=CARTESIAN_POINT('',(-0.0127429771390469,0.00791306095223126,-0.005));
#8065=CARTESIAN_POINT('',(-0.0127429771390469,0.00791306095223126,4.33680868994202E-18));
#8066=CARTESIAN_POINT('',(-0.00943560889826808,0.00679042780087708,-0.005));
#8067=CARTESIAN_POINT('',(-0.00984630007666207,0.00708639424154763,-0.005));
#8068=CARTESIAN_POINT('',(-0.0102917369956381,0.00740740035608882,-0.005));
#8069=CARTESIAN_POINT('',(-0.0103043181889743,0.00741530134108396,-0.005));
#8070=CARTESIAN_POINT('',(-0.0103164506199096,0.0074232341232932,-0.005));
#8071=CARTESIAN_POINT('',(-0.0103310311252627,0.00743220328057757,-0.005));
#8072=CARTESIAN_POINT('',(-0.0103508560550425,0.00744394000024894,-0.005));
#8073=CARTESIAN_POINT('',(-0.0103751083661666,0.00745761931870523,-0.005));
#8074=CARTESIAN_POINT('',(-0.0104041679136649,0.00747326408329536,-0.005));
#8075=CARTESIAN_POINT('',(-0.0104380293832888,0.00749062571897186,-0.005));
#8076=CARTESIAN_POINT('',(-0.0104767987413103,0.00750953571245441,-0.005));
#8077=CARTESIAN_POINT('',(-0.0105205413640007,0.00752979834931754,-0.005));
#8078=CARTESIAN_POINT('',(-0.0105693273792304,0.00755122299329984,-0.005));
#8079=CARTESIAN_POINT('',(-0.0106232181779909,0.00757361473661375,-0.005));
#8080=CARTESIAN_POINT('',(-0.0106822702653393,0.00759677731795108,-0.005));
#8081=CARTESIAN_POINT('',(-0.0107465340700897,0.007620512471955,-0.005));
#8082=CARTESIAN_POINT('',(-0.0108160542184251,0.00764462031308558,-0.005));
#8083=CARTESIAN_POINT('',(-0.0108908693937929,0.00766889942520556,-0.005));
#8084=CARTESIAN_POINT('',(-0.0109710123205302,0.00769314703708926,-0.005));
#8085=CARTESIAN_POINT('',(-0.0110565097178042,0.00771715917517109,-0.005));
#8086=CARTESIAN_POINT('',(-0.0111473822672019,0.00774073082419344,-0.005));
#8087=CARTESIAN_POINT('',(-0.0112436445818483,0.0077636560866716,-0.005));
#8088=CARTESIAN_POINT('',(-0.011345305179733,0.00778572834450931,-0.005));
#8089=CARTESIAN_POINT('',(-0.0114523664632202,0.00780674041807038,-0.005));
#8090=CARTESIAN_POINT('',(-0.0115648246936195,0.00782648473787891,-0.005));
#8091=CARTESIAN_POINT('',(-0.0116826700047616,0.00784475347051966,-0.005));
#8092=CARTESIAN_POINT('',(-0.0118058862858512,0.00786133882341618,-0.005));
#8093=CARTESIAN_POINT('',(-0.0119344515874428,0.00787603266265694,-0.005));
#8094=CARTESIAN_POINT('',(-0.0120683365353192,0.00788862877406306,-0.005));
#8095=CARTESIAN_POINT('',(-0.0122075104165249,0.00789891497143423,-0.005));
#8096=CARTESIAN_POINT('',(-0.0123519178450476,0.00790670416426697,-0.005));
#8097=CARTESIAN_POINT('',(-0.0125015682287703,0.00791171607608669,-0.005));
#8098=CARTESIAN_POINT('',(-0.0126324180212055,0.00791367501923962,-0.005));
#8099=CARTESIAN_POINT('',(-0.0127138418579402,0.00791329001268514,-0.005));
#8100=CARTESIAN_POINT('',(-0.0127429771390469,0.00791306095223126,-0.005));
#8101=CARTESIAN_POINT('',(-0.0127429771390469,0.00791306095223126,-0.005));
#8102=CARTESIAN_POINT('',(-0.0127429771390469,0.00791306095223126,-0.005));
#8103=CARTESIAN_POINT('',(0.,3.42288780361685E-18,-0.005));
#8104=CARTESIAN_POINT('',(0.,3.42288780361685E-18,-0.005));
#8105=CARTESIAN_POINT('',(-0.0132244003758504,0.00707921144614336,-0.005));
#8106=CARTESIAN_POINT('',(-0.0132244003758504,0.00707921144614336,-0.005));
#8107=CARTESIAN_POINT('',(-0.0111510168272337,0.00502488796145385,-0.005));
#8108=CARTESIAN_POINT('',(-0.0111510168272337,0.00502488796145385,0.));
#8109=CARTESIAN_POINT('',(-0.0112563992010672,0.00507233468724812,-0.005));
#8110=CARTESIAN_POINT('',(-0.0112563992010672,0.00507233468724812,0.));
#8111=CARTESIAN_POINT('',(-0.0114428541161729,0.00515635961923435,-0.005));
#8112=CARTESIAN_POINT('',(-0.0114428541161729,0.00515635961923435,0.));
#8113=CARTESIAN_POINT('',(-0.0115857587190354,0.00522100386907476,-0.005));
#8114=CARTESIAN_POINT('',(-0.0115857587190354,0.00522100386907476,0.));
#8115=CARTESIAN_POINT('',(-0.0115834406120649,0.00522103436044219,-0.005));
#8116=CARTESIAN_POINT('',(-0.0115834406120649,0.00522103436044219,0.));
#8117=CARTESIAN_POINT('',(-0.0116420233021468,0.00525281988546902,-0.005));
#8118=CARTESIAN_POINT('',(-0.0116420233021468,0.00525281988546902,0.));
#8119=CARTESIAN_POINT('',(-0.011712063479691,0.00529737071953395,-0.005));
#8120=CARTESIAN_POINT('',(-0.011712063479691,0.00529737071953395,-1.73472347597681E-18));
#8121=CARTESIAN_POINT('',(-0.0118491849384629,0.0053936703206887,-0.005));
#8122=CARTESIAN_POINT('',(-0.0118491849384629,0.0053936703206887,1.73472347597681E-18));
#8123=CARTESIAN_POINT('',(-0.0120364696935357,0.00554653290422568,-0.005));
#8124=CARTESIAN_POINT('',(-0.0120364696935357,0.00554653290422568,-8.67361737988404E-19));
#8125=CARTESIAN_POINT('',(-0.0122759831123382,0.00577650281076789,-0.005));
#8126=CARTESIAN_POINT('',(-0.0122759831123382,0.00577650281076789,1.73472347597681E-18));
#8127=CARTESIAN_POINT('',(-0.0125198186191051,0.00604745011183449,-0.005));
#8128=CARTESIAN_POINT('',(-0.0125198186191051,0.00604745011183449,-2.60208521396521E-18));
#8129=CARTESIAN_POINT('',(-0.0128432163286401,0.00645882010534892,-0.005));
#8130=CARTESIAN_POINT('',(-0.0128432163286401,0.00645882010534892,-8.67361737988404E-19));
#8131=CARTESIAN_POINT('',(-0.0130768984075402,0.006819027886156,-0.005));
#8132=CARTESIAN_POINT('',(-0.0130768984075402,0.006819027886156,0.));
#8133=CARTESIAN_POINT('',(-0.0132244003758504,0.00707921144614336,-0.005));
#8134=CARTESIAN_POINT('',(-0.0132244003758504,0.00707921144614336,0.));
#8135=CARTESIAN_POINT('',(-0.0105984874272577,0.00477626310563611,-0.005));
#8136=CARTESIAN_POINT('',(-0.011060147472743,0.00498394887890019,-0.005));
#8137=CARTESIAN_POINT('',(-0.0115608653821939,0.00520920550924632,-0.005));
#8138=CARTESIAN_POINT('',(-0.0115739984325827,0.00521615064978778,-0.005));
#8139=CARTESIAN_POINT('',(-0.0115869346389662,0.00522269125208286,-0.005));
#8140=CARTESIAN_POINT('',(-0.0116019924097016,0.00523083376147646,-0.005));
#8141=CARTESIAN_POINT('',(-0.011622069171984,0.00524213429445831,-0.005));
#8142=CARTESIAN_POINT('',(-0.0116460419648356,0.00525629775276412,-0.005));
#8143=CARTESIAN_POINT('',(-0.011674120502156,0.00527364167682503,-0.005));
#8144=CARTESIAN_POINT('',(-0.0117060868545151,0.00529428575189062,-0.005));
#8145=CARTESIAN_POINT('',(-0.0117418480682671,0.00531840600408433,-0.005));
#8146=CARTESIAN_POINT('',(-0.0117812673378835,0.00534615690813085,-0.005));
#8147=CARTESIAN_POINT('',(-0.0118242146314541,0.00537769451467804,-0.005));
#8148=CARTESIAN_POINT('',(-0.0118705518493791,0.00541316944377784,-0.005));
#8149=CARTESIAN_POINT('',(-0.0119201372769087,0.00545272876089946,-0.005));
#8150=CARTESIAN_POINT('',(-0.011972824425614,0.00549651527135519,-0.005));
#8151=CARTESIAN_POINT('',(-0.0120284625026312,0.00554466756532323,-0.005));
#8152=CARTESIAN_POINT('',(-0.0120868964181924,0.00559731985172032,-0.005));
#8153=CARTESIAN_POINT('',(-0.0121479669294334,0.0056546018562666,-0.005));
#8154=CARTESIAN_POINT('',(-0.0122115107496484,0.00571663870522237,-0.005));
#8155=CARTESIAN_POINT('',(-0.0122773606712097,0.00578355081699632,-0.005));
#8156=CARTESIAN_POINT('',(-0.0123453456882274,0.00585545379566805,-0.005));
#8157=CARTESIAN_POINT('',(-0.0124152911231761,0.00593245832708133,-0.005));
#8158=CARTESIAN_POINT('',(-0.0124870187544098,0.00601467008156245,-0.005));
#8159=CARTESIAN_POINT('',(-0.0125603469521441,0.00610218960604859,-0.005));
#8160=CARTESIAN_POINT('',(-0.012635090794277,0.0061951122728942,-0.005));
#8161=CARTESIAN_POINT('',(-0.0127110622717609,0.00629352802602937,-0.005));
#8162=CARTESIAN_POINT('',(-0.0127880701606183,0.00639752192363251,-0.005));
#8163=CARTESIAN_POINT('',(-0.0128659211870231,0.0065071716339748,-0.005));
#8164=CARTESIAN_POINT('',(-0.0129444162358577,0.00662255665195662,-0.005));
#8165=CARTESIAN_POINT('',(-0.0130233655889872,0.00674372255713606,-0.005));
#8166=CARTESIAN_POINT('',(-0.013102531223806,0.00687081763521619,-0.005));
#8167=CARTESIAN_POINT('',(-0.0131696526145586,0.00698315740796852,-0.005));
#8168=CARTESIAN_POINT('',(-0.0132100311074691,0.00705386502233155,-0.005));
#8169=CARTESIAN_POINT('',(-0.0132244003758504,0.00707921144614336,-0.005));
#8170=CARTESIAN_POINT('',(-0.0111510168392621,0.00502488796686945,-0.005));
#8171=CARTESIAN_POINT('',(-0.0111510168392621,0.00502488796686945,0.));
#8172=CARTESIAN_POINT('',(-0.0114061560040919,0.00445820669653333,-0.0025));
#8173=CARTESIAN_POINT('',(-0.0114061560040919,0.00445820669653333,-0.005));
#8174=CARTESIAN_POINT('',(-0.0108273302362482,0.0042319670314436,-0.005));
#8175=CARTESIAN_POINT('',(-0.0108273302362482,0.0042319670314436,-0.005));
#8176=CARTESIAN_POINT('',(-2.96218167887034E-16,1.01641852347113E-16,-0.005));
#8177=CARTESIAN_POINT('',(-2.96218167887034E-16,1.01641852347113E-16,-0.005));
#8178=CARTESIAN_POINT('',(-0.0110144721337059,0.00371779889394467,-0.005));
#8179=CARTESIAN_POINT('',(-0.0110144721337059,0.00371779889394467,-0.005));
#8180=CARTESIAN_POINT('',(-0.011603302450236,0.00391655128742683,-0.0025));
#8181=CARTESIAN_POINT('',(-0.011603302450236,0.00391655128742683,-0.005));
#8182=CARTESIAN_POINT('',(-0.0117721102100096,0.00331844795536788,-0.005));
#8183=CARTESIAN_POINT('',(-0.0117721102100096,0.00331844795536788,-0.005));
#8184=CARTESIAN_POINT('',(-0.0117721101973142,0.00331844795178476,-0.005));
#8185=CARTESIAN_POINT('',(-0.0117721101973142,0.00331844795178476,0.));
#8186=CARTESIAN_POINT('',(-0.0118833359466528,0.00334984013532541,-0.005));
#8187=CARTESIAN_POINT('',(-0.0118833359466528,0.00334984013532541,8.67361737988404E-19));
#8188=CARTESIAN_POINT('',(-0.0120801788834473,0.003405324212289,-0.005));
#8189=CARTESIAN_POINT('',(-0.0120801788834473,0.003405324212289,-3.46944695195361E-18));
#8190=CARTESIAN_POINT('',(-0.0122312026832011,0.00344766115200637,-0.005));
#8191=CARTESIAN_POINT('',(-0.0122312026832011,0.00344766115200637,8.67361737988404E-19));
#8192=CARTESIAN_POINT('',(-0.012229446509711,0.00344614774382519,-0.005));
#8193=CARTESIAN_POINT('',(-0.012229446509711,0.00344614774382519,-3.46944695195361E-18));
#8194=CARTESIAN_POINT('',(-0.0122947547955658,0.00345945484633352,-0.005));
#8195=CARTESIAN_POINT('',(-0.0122947547955658,0.00345945484633352,-8.67361737988404E-19));
#8196=CARTESIAN_POINT('',(-0.0123770454085067,0.00347034788576743,-0.005));
#8197=CARTESIAN_POINT('',(-0.0123770454085067,0.00347034788576743,-3.46944695195361E-18));
#8198=CARTESIAN_POINT('',(-0.0125439867304713,0.00348471808614897,-0.005));
#8199=CARTESIAN_POINT('',(-0.0125439867304713,0.00348471808614897,-1.73472347597681E-18));
#8200=CARTESIAN_POINT('',(-0.012785713351058,0.00348800287351364,-0.005));
#8201=CARTESIAN_POINT('',(-0.012785713351058,0.00348800287351364,-1.73472347597681E-18));
#8202=CARTESIAN_POINT('',(-0.0131170130811101,0.00346579196248227,-0.005));
#8203=CARTESIAN_POINT('',(-0.0131170130811101,0.00346579196248227,-1.73472347597681E-18));
#8204=CARTESIAN_POINT('',(-0.0134779634841077,0.00341496873067356,-0.005));
#8205=CARTESIAN_POINT('',(-0.0134779634841077,0.00341496873067356,8.67361737988404E-19));
#8206=CARTESIAN_POINT('',(-0.0139901240372423,0.00330771707376604,-0.005));
#8207=CARTESIAN_POINT('',(-0.0139901240372423,0.00330771707376604,-4.33680868994202E-18));
#8208=CARTESIAN_POINT('',(-0.0144006719936556,0.00318198984983337,-0.005));
#8209=CARTESIAN_POINT('',(-0.0144006719936556,0.00318198984983337,-1.73472347597681E-18));
#8210=CARTESIAN_POINT('',(-0.0146809078254328,0.00307749011714827,-0.005));
#8211=CARTESIAN_POINT('',(-0.0146809078254328,0.00307749011714827,-1.73472347597681E-18));
#8212=CARTESIAN_POINT('',(-0.0111890351440229,0.00315374658871307,-0.005));
#8213=CARTESIAN_POINT('',(-0.0116761850982394,0.00329139941331455,-0.005));
#8214=CARTESIAN_POINT('',(-0.0122045494413306,0.00344069809150533,-0.005));
#8215=CARTESIAN_POINT('',(-0.0122190741918897,0.00344381956725417,-0.005));
#8216=CARTESIAN_POINT('',(-0.01223318811902,0.0034471244083911,-0.005));
#8217=CARTESIAN_POINT('',(-0.0122499569447676,0.00345056583277527,-0.005));
#8218=CARTESIAN_POINT('',(-0.0122726004795334,0.00345481421631797,-0.005));
#8219=CARTESIAN_POINT('',(-0.0123000687997927,0.00345937379200208,-0.005));
#8220=CARTESIAN_POINT('',(-0.0123327266667676,0.00346413611124103,-0.005));
#8221=CARTESIAN_POINT('',(-0.0123704840690247,0.003468869407477,-0.005));
#8222=CARTESIAN_POINT('',(-0.0124133829473513,0.00347337908742453,-0.005));
#8223=CARTESIAN_POINT('',(-0.0124614177970714,0.00347745887968044,-0.005));
#8224=CARTESIAN_POINT('',(-0.0125145893153858,0.00348090565961242,-0.005));
#8225=CARTESIAN_POINT('',(-0.0125728885285668,0.00348351527685507,-0.005));
#8226=CARTESIAN_POINT('',(-0.0126363014086789,0.0034850839802375,-0.005));
#8227=CARTESIAN_POINT('',(-0.0127048075325608,0.00348540821359682,-0.005));
#8228=CARTESIAN_POINT('',(-0.0127783804702263,0.00348428488291261,-0.005));
#8229=CARTESIAN_POINT('',(-0.0128569876838493,0.00348151148840876,-0.005));
#8230=CARTESIAN_POINT('',(-0.0129405905724042,0.00347688629507832,-0.005));
#8231=CARTESIAN_POINT('',(-0.0130291444806273,0.00347020849197351,-0.005));
#8232=CARTESIAN_POINT('',(-0.0131225987235054,0.00346127835425018,-0.005));
#8233=CARTESIAN_POINT('',(-0.0132208966117969,0.00344989740357828,-0.005));
#8234=CARTESIAN_POINT('',(-0.0133239754822431,0.00343586856913333,-0.005));
#8235=CARTESIAN_POINT('',(-0.0134317667327188,0.00341899634408317,-0.005));
#8236=CARTESIAN_POINT('',(-0.0135441958570624,0.00339908695563038,-0.005));
#8237=CARTESIAN_POINT('',(-0.013661182500893,0.00337594847867691,-0.005));
#8238=CARTESIAN_POINT('',(-0.0137826404557684,0.00334939116228858,-0.005));
#8239=CARTESIAN_POINT('',(-0.0139084779099662,0.00331922693171707,-0.005));
#8240=CARTESIAN_POINT('',(-0.0140385967313485,0.00328527205559415,-0.005));
#8241=CARTESIAN_POINT('',(-0.0141728954872228,0.00324733764856263,-0.005));
#8242=CARTESIAN_POINT('',(-0.0143112581430412,0.00320526684618882,-0.005));
#8243=CARTESIAN_POINT('',(-0.0144535976791222,0.00315879305705225,-0.005));
#8244=CARTESIAN_POINT('',(-0.0145772262615229,0.00311588059671477,-0.005));
#8245=CARTESIAN_POINT('',(-0.0146536079600615,0.00308767021658647,-0.005));
#8246=CARTESIAN_POINT('',(-0.0146809078254328,0.00307749011714827,-0.005));
#8247=CARTESIAN_POINT('',(-0.0146809078254328,0.00307749011714827,-0.005));
#8248=CARTESIAN_POINT('',(-0.0146809078254328,0.00307749011714827,-0.005));
#8249=CARTESIAN_POINT('',(0.,3.42288780361685E-18,-0.005));
#8250=CARTESIAN_POINT('',(0.,3.42288780361685E-18,-0.005));
#8251=CARTESIAN_POINT('',(-0.0148481043609477,0.00212927144497966,-0.005));
#8252=CARTESIAN_POINT('',(-0.0148481043609477,0.00212927144497966,-0.005));
#8253=CARTESIAN_POINT('',(-0.0121971411275829,0.000907977764176712,-0.005));
#8254=CARTESIAN_POINT('',(-0.0121971411275829,0.000907977764176712,0.));
#8255=CARTESIAN_POINT('',(-0.0123123959025916,0.000916520207683499,-0.005));
#8256=CARTESIAN_POINT('',(-0.0123123959025916,0.000916520207683499,0.));
#8257=CARTESIAN_POINT('',(-0.0125163444297066,0.000931706479444775,-0.005));
#8258=CARTESIAN_POINT('',(-0.0125163444297066,0.000931706479444775,-8.67361737988404E-19));
#8259=CARTESIAN_POINT('',(-0.0126727404660884,0.000943575951243102,-0.005));
#8260=CARTESIAN_POINT('',(-0.0126727404660884,0.000943575951243102,-8.67361737988404E-19));
#8261=CARTESIAN_POINT('',(-0.0126705725867359,0.000944397443034388,-0.005));
#8262=CARTESIAN_POINT('',(-0.0126705725867359,0.000944397443034388,-8.67361737988404E-19));
#8263=CARTESIAN_POINT('',(-0.012736493598137,0.000954229606291689,-0.005));
#8264=CARTESIAN_POINT('',(-0.012736493598137,0.000954229606291689,-1.73472347597681E-18));
#8265=CARTESIAN_POINT('',(-0.012817547118786,0.000972138544750138,-0.005));
#8266=CARTESIAN_POINT('',(-0.012817547118786,0.000972138544750138,3.46944695195361E-18));
#8267=CARTESIAN_POINT('',(-0.0129793355451345,0.0010157322683577,-0.005));
#8268=CARTESIAN_POINT('',(-0.0129793355451345,0.0010157322683577,-3.46944695195361E-18));
#8269=CARTESIAN_POINT('',(-0.0132076077301925,0.00109532095132895,-0.005));
#8270=CARTESIAN_POINT('',(-0.0132076077301925,0.00109532095132895,2.60208521396521E-18));
#8271=CARTESIAN_POINT('',(-0.0135113310628166,0.00122950356168225,-0.005));
#8272=CARTESIAN_POINT('',(-0.0135113310628166,0.00122950356168225,0.));
#8273=CARTESIAN_POINT('',(-0.0138331309239556,0.00140071408614407,-0.005));
#8274=CARTESIAN_POINT('',(-0.0138331309239556,0.00140071408614407,-8.67361737988404E-19));
#8275=CARTESIAN_POINT('',(-0.0142777221893264,0.00167666690249598,-0.005));
#8276=CARTESIAN_POINT('',(-0.0142777221893264,0.00167666690249598,0.));
#8277=CARTESIAN_POINT('',(-0.0146205098312973,0.00193522751795195,-0.005));
#8278=CARTESIAN_POINT('',(-0.0146205098312973,0.00193522751795195,0.));
#8279=CARTESIAN_POINT('',(-0.0148481043609477,0.00212927144497966,-0.005));
#8280=CARTESIAN_POINT('',(-0.0148481043609477,0.00212927144497966,0.));
#8281=CARTESIAN_POINT('',(-0.011592898618837,0.000863323006392263,-0.005));
#8282=CARTESIAN_POINT('',(-0.0120977498748298,0.000900586760046104,-0.005));
#8283=CARTESIAN_POINT('',(-0.0126453131044321,0.000941003142209359,-0.005));
#8284=CARTESIAN_POINT('',(-0.0126600295129343,0.000943037671750212,-0.005));
#8285=CARTESIAN_POINT('',(-0.0126744225883483,0.000944759384300989,-0.005));
#8286=CARTESIAN_POINT('',(-0.0126913571666236,0.000947260779387764,-0.005));
#8287=CARTESIAN_POINT('',(-0.0127140881618998,0.00095101314972842,-0.005));
#8288=CARTESIAN_POINT('',(-0.0127414594064818,0.00095612326893616,-0.005));
#8289=CARTESIAN_POINT('',(-0.0127737765721974,0.000962817801032966,-0.005));
#8290=CARTESIAN_POINT('',(-0.0128108758071355,0.000971283749619599,-0.005));
#8291=CARTESIAN_POINT('',(-0.0128527299679209,0.000981718317164559,-0.005));
#8292=CARTESIAN_POINT('',(-0.0128992633328756,0.000994313452673238,-0.005));
#8293=CARTESIAN_POINT('',(-0.012950407084438,0.00100926026932043,-0.005));
#8294=CARTESIAN_POINT('',(-0.0130060829665251,0.00102674753650236,-0.005));
#8295=CARTESIAN_POINT('',(-0.013066208110185,0.00104696191985435,-0.005));
#8296=CARTESIAN_POINT('',(-0.0131306937036154,0.00107008771446794,-0.005));
#8297=CARTESIAN_POINT('',(-0.0131994454485076,0.00109630672670783,-0.005));
#8298=CARTESIAN_POINT('',(-0.013272363510304,0.00112579811552739,-0.005));
#8299=CARTESIAN_POINT('',(-0.0133493426184697,0.00115873824749573,-0.005));
#8300=CARTESIAN_POINT('',(-0.0134302721293936,0.00119530055017888,-0.005));
#8301=CARTESIAN_POINT('',(-0.0135150361048233,0.00123565536824366,-0.005));
#8302=CARTESIAN_POINT('',(-0.0136035133907097,0.00127996982144963,-0.005));
#8303=CARTESIAN_POINT('',(-0.0136955777006593,0.00132840766369963,-0.005));
#8304=CARTESIAN_POINT('',(-0.0137910977024867,0.00138112914801246,-0.005));
#8305=CARTESIAN_POINT('',(-0.0138899371091017,0.00143829087864789,-0.005));
#8306=CARTESIAN_POINT('',(-0.0139919547698359,0.00150004572338744,-0.005));
#8307=CARTESIAN_POINT('',(-0.0140970047766106,0.00156654250475994,-0.005));
#8308=CARTESIAN_POINT('',(-0.0142049365292754,0.00163792655376016,-0.005));
#8309=CARTESIAN_POINT('',(-0.0143155949739555,0.00171433695823109,-0.005));
#8310=CARTESIAN_POINT('',(-0.0144288201925014,0.00179591652032508,-0.005));
#8311=CARTESIAN_POINT('',(-0.0145444494973086,0.00188277295824025,-0.005));
#8312=CARTESIAN_POINT('',(-0.0146623099369886,0.00197512702348317,-0.005));
#8313=CARTESIAN_POINT('',(-0.0147638058777536,0.00205773501127388,-0.005));
#8314=CARTESIAN_POINT('',(-0.0148259326779788,0.00211036817679165,-0.005));
#8315=CARTESIAN_POINT('',(-0.0148481043609477,0.00212927144497966,-0.005));
#8316=CARTESIAN_POINT('',(-0.0121971411407381,0.000907977765151751,-0.005));
#8317=CARTESIAN_POINT('',(-0.0121971411407381,0.000907977765151751,0.));
#8318=CARTESIAN_POINT('',(-0.0122430771219018,0.000288208823356234,-0.0025));
#8319=CARTESIAN_POINT('',(-0.0122430771219018,0.000288208823356234,-0.005));
#8320=CARTESIAN_POINT('',(-0.0116217802964584,0.000273583151620842,-0.005));
#8321=CARTESIAN_POINT('',(-0.0116217802964584,0.000273583151620842,-0.005));
#8322=CARTESIAN_POINT('',(-3.13117587413814E-16,-5.80048162279749E-18,-0.005));
#8323=CARTESIAN_POINT('',(-3.13117587413814E-16,-5.80048162279749E-18,-0.005));
#8324=CARTESIAN_POINT('',(-0.0116217802964584,-0.000273583151620854,-0.005));
#8325=CARTESIAN_POINT('',(-0.0116217802964584,-0.000273583151620853,-0.005));
#8326=CARTESIAN_POINT('',(-0.0122430771219018,-0.000288208823356246,-0.0025));
#8327=CARTESIAN_POINT('',(-0.0122430771219018,-0.000288208823356246,-0.005));
#8328=CARTESIAN_POINT('',(-0.0121971411407381,-0.000907977765151763,-0.005));
#8329=CARTESIAN_POINT('',(-0.0121971411407381,-0.000907977765151764,-0.005));
#8330=CARTESIAN_POINT('',(-0.0121971411275829,-0.000907977764176724,-0.005));
#8331=CARTESIAN_POINT('',(-0.0121971411275829,-0.000907977764176724,-1.12757025938492E-17));
#8332=CARTESIAN_POINT('',(-0.0123123959025916,-0.000916520207683511,-0.005));
#8333=CARTESIAN_POINT('',(-0.0123123959025916,-0.000916520207683511,-1.04083408558608E-17));
#8334=CARTESIAN_POINT('',(-0.0125163444297066,-0.000931706479444785,-0.005));
#8335=CARTESIAN_POINT('',(-0.0125163444297066,-0.000931706479444785,-1.04083408558608E-17));
#8336=CARTESIAN_POINT('',(-0.0126727404660884,-0.000943575951243113,-0.005));
#8337=CARTESIAN_POINT('',(-0.0126727404660884,-0.000943575951243113,-1.21430643318376E-17));
#8338=CARTESIAN_POINT('',(-0.0126705725867359,-0.000944397443034399,-0.005));
#8339=CARTESIAN_POINT('',(-0.0126705725867359,-0.000944397443034399,-8.67361737988404E-18));
#8340=CARTESIAN_POINT('',(-0.012736493598137,-0.000954229606291701,-0.005));
#8341=CARTESIAN_POINT('',(-0.012736493598137,-0.000954229606291701,-1.47451495458029E-17));
#8342=CARTESIAN_POINT('',(-0.012817547118786,-0.000972138544750149,-0.005));
#8343=CARTESIAN_POINT('',(-0.012817547118786,-0.000972138544750149,-1.04083408558608E-17));
#8344=CARTESIAN_POINT('',(-0.0129793355451345,-0.00101573226835771,-0.005));
#8345=CARTESIAN_POINT('',(-0.0129793355451345,-0.00101573226835771,-1.38777878078145E-17));
#8346=CARTESIAN_POINT('',(-0.0132076077301925,-0.00109532095132896,-0.005));
#8347=CARTESIAN_POINT('',(-0.0132076077301925,-0.00109532095132896,-8.67361737988404E-18));
#8348=CARTESIAN_POINT('',(-0.0135113310628166,-0.00122950356168226,-0.005));
#8349=CARTESIAN_POINT('',(-0.0135113310628166,-0.00122950356168226,-1.12757025938492E-17));
#8350=CARTESIAN_POINT('',(-0.0138331309239556,-0.00140071408614408,-0.005));
#8351=CARTESIAN_POINT('',(-0.0138331309239556,-0.00140071408614408,-1.21430643318376E-17));
#8352=CARTESIAN_POINT('',(-0.0142777221893264,-0.00167666690249599,-0.005));
#8353=CARTESIAN_POINT('',(-0.0142777221893264,-0.00167666690249599,-1.12757025938492E-17));
#8354=CARTESIAN_POINT('',(-0.0146205098312973,-0.00193522751795196,-0.005));
#8355=CARTESIAN_POINT('',(-0.0146205098312973,-0.00193522751795196,-1.12757025938492E-17));
#8356=CARTESIAN_POINT('',(-0.0148481043609477,-0.00212927144497967,-0.005));
#8357=CARTESIAN_POINT('',(-0.0148481043609477,-0.00212927144497967,-1.12757025938492E-17));
#8358=CARTESIAN_POINT('',(-0.011592898618837,-0.000863323006392274,-0.005));
#8359=CARTESIAN_POINT('',(-0.0120977498748298,-0.000900586760046116,-0.005));
#8360=CARTESIAN_POINT('',(-0.0126453131044321,-0.00094100314220937,-0.005));
#8361=CARTESIAN_POINT('',(-0.0126600295129343,-0.000943037671750223,-0.005));
#8362=CARTESIAN_POINT('',(-0.0126744225883483,-0.000944759384301,-0.005));
#8363=CARTESIAN_POINT('',(-0.0126913571666236,-0.000947260779387776,-0.005));
#8364=CARTESIAN_POINT('',(-0.0127140881618998,-0.000951013149728432,-0.005));
#8365=CARTESIAN_POINT('',(-0.0127414594064818,-0.000956123268936172,-0.005));
#8366=CARTESIAN_POINT('',(-0.0127737765721974,-0.000962817801032978,-0.005));
#8367=CARTESIAN_POINT('',(-0.0128108758071355,-0.000971283749619611,-0.005));
#8368=CARTESIAN_POINT('',(-0.0128527299679209,-0.000981718317164571,-0.005));
#8369=CARTESIAN_POINT('',(-0.0128992633328756,-0.000994313452673249,-0.005));
#8370=CARTESIAN_POINT('',(-0.012950407084438,-0.00100926026932044,-0.005));
#8371=CARTESIAN_POINT('',(-0.0130060829665251,-0.00102674753650237,-0.005));
#8372=CARTESIAN_POINT('',(-0.013066208110185,-0.00104696191985436,-0.005));
#8373=CARTESIAN_POINT('',(-0.0131306937036154,-0.00107008771446795,-0.005));
#8374=CARTESIAN_POINT('',(-0.0131994454485076,-0.00109630672670785,-0.005));
#8375=CARTESIAN_POINT('',(-0.013272363510304,-0.00112579811552741,-0.005));
#8376=CARTESIAN_POINT('',(-0.0133493426184697,-0.00115873824749574,-0.005));
#8377=CARTESIAN_POINT('',(-0.0134302721293936,-0.00119530055017889,-0.005));
#8378=CARTESIAN_POINT('',(-0.0135150361048233,-0.00123565536824367,-0.005));
#8379=CARTESIAN_POINT('',(-0.0136035133907097,-0.00127996982144964,-0.005));
#8380=CARTESIAN_POINT('',(-0.0136955777006593,-0.00132840766369965,-0.005));
#8381=CARTESIAN_POINT('',(-0.0137910977024867,-0.00138112914801247,-0.005));
#8382=CARTESIAN_POINT('',(-0.0138899371091017,-0.0014382908786479,-0.005));
#8383=CARTESIAN_POINT('',(-0.0139919547698359,-0.00150004572338745,-0.005));
#8384=CARTESIAN_POINT('',(-0.0140970047766106,-0.00156654250475995,-0.005));
#8385=CARTESIAN_POINT('',(-0.0142049365292754,-0.00163792655376017,-0.005));
#8386=CARTESIAN_POINT('',(-0.0143155949739555,-0.0017143369582311,-0.005));
#8387=CARTESIAN_POINT('',(-0.0144288201925014,-0.00179591652032509,-0.005));
#8388=CARTESIAN_POINT('',(-0.0145444494973086,-0.00188277295824026,-0.005));
#8389=CARTESIAN_POINT('',(-0.0146623099369886,-0.00197512702348318,-0.005));
#8390=CARTESIAN_POINT('',(-0.0147638058777536,-0.00205773501127389,-0.005));
#8391=CARTESIAN_POINT('',(-0.0148259326779788,-0.00211036817679166,-0.005));
#8392=CARTESIAN_POINT('',(-0.0148481043609477,-0.00212927144497967,-0.005));
#8393=CARTESIAN_POINT('',(-0.0148481043609477,-0.00212927144497967,-0.005));
#8394=CARTESIAN_POINT('',(-0.0148481043609477,-0.00212927144497967,-0.005));
#8395=CARTESIAN_POINT('',(0.,3.42288780361685E-18,-0.005));
#8396=CARTESIAN_POINT('',(0.,3.42288780361685E-18,-0.005));
#8397=CARTESIAN_POINT('',(-0.0146809078254328,-0.00307749011714828,-0.005));
#8398=CARTESIAN_POINT('',(-0.0146809078254328,-0.00307749011714828,-0.005));
#8399=CARTESIAN_POINT('',(-0.0117721101973142,-0.00331844795178477,-0.005));
#8400=CARTESIAN_POINT('',(-0.0117721101973142,-0.00331844795178477,-1.73472347597681E-18));
#8401=CARTESIAN_POINT('',(-0.0118833359466528,-0.00334984013532541,-0.005));
#8402=CARTESIAN_POINT('',(-0.0118833359466528,-0.00334984013532541,-1.73472347597681E-18));
#8403=CARTESIAN_POINT('',(-0.0120801788834472,-0.00340532421228901,-0.005));
#8404=CARTESIAN_POINT('',(-0.0120801788834472,-0.00340532421228901,-2.60208521396521E-18));
#8405=CARTESIAN_POINT('',(-0.0122312026832011,-0.00344766115200638,-0.005));
#8406=CARTESIAN_POINT('',(-0.0122312026832011,-0.00344766115200638,-8.67361737988404E-19));
#8407=CARTESIAN_POINT('',(-0.0122294465097109,-0.0034461477438252,-0.005));
#8408=CARTESIAN_POINT('',(-0.0122294465097109,-0.0034461477438252,-1.73472347597681E-18));
#8409=CARTESIAN_POINT('',(-0.0122947547955658,-0.00345945484633353,-0.005));
#8410=CARTESIAN_POINT('',(-0.0122947547955658,-0.00345945484633353,0.));
#8411=CARTESIAN_POINT('',(-0.0123770454085067,-0.00347034788576744,-0.005));
#8412=CARTESIAN_POINT('',(-0.0123770454085067,-0.00347034788576744,-1.73472347597681E-18));
#8413=CARTESIAN_POINT('',(-0.0125439867304713,-0.00348471808614898,-0.005));
#8414=CARTESIAN_POINT('',(-0.0125439867304713,-0.00348471808614898,-1.73472347597681E-18));
#8415=CARTESIAN_POINT('',(-0.012785713351058,-0.00348800287351365,-0.005));
#8416=CARTESIAN_POINT('',(-0.012785713351058,-0.00348800287351365,-3.46944695195361E-18));
#8417=CARTESIAN_POINT('',(-0.0131170130811101,-0.00346579196248228,-0.005));
#8418=CARTESIAN_POINT('',(-0.0131170130811101,-0.00346579196248228,0.));
#8419=CARTESIAN_POINT('',(-0.0134779634841077,-0.00341496873067357,-0.005));
#8420=CARTESIAN_POINT('',(-0.0134779634841077,-0.00341496873067357,-8.67361737988404E-19));
#8421=CARTESIAN_POINT('',(-0.0139901240372423,-0.00330771707376605,-0.005));
#8422=CARTESIAN_POINT('',(-0.0139901240372423,-0.00330771707376605,-8.67361737988404E-19));
#8423=CARTESIAN_POINT('',(-0.0144006719936556,-0.00318198984983338,-0.005));
#8424=CARTESIAN_POINT('',(-0.0144006719936556,-0.00318198984983338,-1.73472347597681E-18));
#8425=CARTESIAN_POINT('',(-0.0146809078254328,-0.00307749011714828,-0.005));
#8426=CARTESIAN_POINT('',(-0.0146809078254328,-0.00307749011714828,-1.73472347597681E-18));
#8427=CARTESIAN_POINT('',(-0.0111890351440229,-0.00315374658871308,-0.005));
#8428=CARTESIAN_POINT('',(-0.0116761850982394,-0.00329139941331457,-0.005));
#8429=CARTESIAN_POINT('',(-0.0122045494413306,-0.00344069809150535,-0.005));
#8430=CARTESIAN_POINT('',(-0.0122190741918897,-0.00344381956725418,-0.005));
#8431=CARTESIAN_POINT('',(-0.01223318811902,-0.0034471244083911,-0.005));
#8432=CARTESIAN_POINT('',(-0.0122499569447676,-0.00345056583277528,-0.005));
#8433=CARTESIAN_POINT('',(-0.0122726004795334,-0.00345481421631799,-0.005));
#8434=CARTESIAN_POINT('',(-0.0123000687997927,-0.0034593737920021,-0.005));
#8435=CARTESIAN_POINT('',(-0.0123327266667676,-0.00346413611124104,-0.005));
#8436=CARTESIAN_POINT('',(-0.0123704840690247,-0.00346886940747702,-0.005));
#8437=CARTESIAN_POINT('',(-0.0124133829473513,-0.00347337908742454,-0.005));
#8438=CARTESIAN_POINT('',(-0.0124614177970714,-0.00347745887968045,-0.005));
#8439=CARTESIAN_POINT('',(-0.0125145893153858,-0.00348090565961243,-0.005));
#8440=CARTESIAN_POINT('',(-0.0125728885285668,-0.00348351527685508,-0.005));
#8441=CARTESIAN_POINT('',(-0.0126363014086789,-0.00348508398023751,-0.005));
#8442=CARTESIAN_POINT('',(-0.0127048075325608,-0.00348540821359683,-0.005));
#8443=CARTESIAN_POINT('',(-0.0127783804702263,-0.00348428488291262,-0.005));
#8444=CARTESIAN_POINT('',(-0.0128569876838493,-0.00348151148840877,-0.005));
#8445=CARTESIAN_POINT('',(-0.0129405905724042,-0.00347688629507833,-0.005));
#8446=CARTESIAN_POINT('',(-0.0130291444806273,-0.00347020849197352,-0.005));
#8447=CARTESIAN_POINT('',(-0.0131225987235054,-0.00346127835425019,-0.005));
#8448=CARTESIAN_POINT('',(-0.0132208966117969,-0.0034498974035783,-0.005));
#8449=CARTESIAN_POINT('',(-0.0133239754822431,-0.00343586856913334,-0.005));
#8450=CARTESIAN_POINT('',(-0.0134317667327188,-0.00341899634408318,-0.005));
#8451=CARTESIAN_POINT('',(-0.0135441958570624,-0.00339908695563039,-0.005));
#8452=CARTESIAN_POINT('',(-0.013661182500893,-0.00337594847867692,-0.005));
#8453=CARTESIAN_POINT('',(-0.0137826404557684,-0.00334939116228859,-0.005));
#8454=CARTESIAN_POINT('',(-0.0139084779099662,-0.00331922693171708,-0.005));
#8455=CARTESIAN_POINT('',(-0.0140385967313485,-0.00328527205559416,-0.005));
#8456=CARTESIAN_POINT('',(-0.0141728954872228,-0.00324733764856264,-0.005));
#8457=CARTESIAN_POINT('',(-0.0143112581430412,-0.00320526684618883,-0.005));
#8458=CARTESIAN_POINT('',(-0.0144535976791222,-0.00315879305705226,-0.005));
#8459=CARTESIAN_POINT('',(-0.0145772262615228,-0.00311588059671478,-0.005));
#8460=CARTESIAN_POINT('',(-0.0146536079600615,-0.00308767021658648,-0.005));
#8461=CARTESIAN_POINT('',(-0.0146809078254328,-0.00307749011714828,-0.005));
#8462=CARTESIAN_POINT('',(-0.0117721102100096,-0.00331844795536789,-0.005));
#8463=CARTESIAN_POINT('',(-0.0117721102100096,-0.00331844795536789,0.));
#8464=CARTESIAN_POINT('',(-0.011603302450236,-0.00391655128742684,-0.0025));
#8465=CARTESIAN_POINT('',(-0.011603302450236,-0.00391655128742684,-0.005));
#8466=CARTESIAN_POINT('',(-0.0110144721337059,-0.00371779889394468,-0.005));
#8467=CARTESIAN_POINT('',(-0.0110144721337059,-0.00371779889394468,-0.005));
#8468=CARTESIAN_POINT('',(-2.92250404775061E-16,-1.12543191903007E-16,-0.005));
#8469=CARTESIAN_POINT('',(-2.92250404775061E-16,-1.12543191903007E-16,-0.005));
#8470=CARTESIAN_POINT('',(-0.0108273302362482,-0.00423196703144361,-0.005));
#8471=CARTESIAN_POINT('',(-0.0108273302362482,-0.00423196703144361,-0.005));
#8472=CARTESIAN_POINT('',(-0.0114061560040919,-0.00445820669653334,-0.0025));
#8473=CARTESIAN_POINT('',(-0.0114061560040919,-0.00445820669653334,-0.005));
#8474=CARTESIAN_POINT('',(-0.0111510168392621,-0.00502488796686946,-0.005));
#8475=CARTESIAN_POINT('',(-0.0111510168392621,-0.00502488796686947,-0.005));
#8476=CARTESIAN_POINT('',(-0.0111510168272337,-0.00502488796145386,-0.005));
#8477=CARTESIAN_POINT('',(-0.0111510168272337,-0.00502488796145386,-6.07153216591882E-18));
#8478=CARTESIAN_POINT('',(-0.0112563992010672,-0.00507233468724813,-0.005));
#8479=CARTESIAN_POINT('',(-0.0112563992010672,-0.00507233468724813,-6.07153216591882E-18));
#8480=CARTESIAN_POINT('',(-0.0114428541161729,-0.00515635961923436,-0.005));
#8481=CARTESIAN_POINT('',(-0.0114428541161729,-0.00515635961923436,-4.33680868994202E-18));
#8482=CARTESIAN_POINT('',(-0.0115857587190355,-0.00522100386907477,-0.005));
#8483=CARTESIAN_POINT('',(-0.0115857587190355,-0.00522100386907477,-6.93889390390723E-18));
#8484=CARTESIAN_POINT('',(-0.0115834406120649,-0.0052210343604422,-0.005));
#8485=CARTESIAN_POINT('',(-0.0115834406120649,-0.0052210343604422,-3.46944695195361E-18));
#8486=CARTESIAN_POINT('',(-0.0116420233021468,-0.00525281988546903,-0.005));
#8487=CARTESIAN_POINT('',(-0.0116420233021468,-0.00525281988546903,-5.20417042793042E-18));
#8488=CARTESIAN_POINT('',(-0.011712063479691,-0.00529737071953396,-0.005));
#8489=CARTESIAN_POINT('',(-0.011712063479691,-0.00529737071953396,-4.33680868994202E-18));
#8490=CARTESIAN_POINT('',(-0.0118491849384629,-0.00539367032068871,-0.005));
#8491=CARTESIAN_POINT('',(-0.0118491849384629,-0.00539367032068871,-5.20417042793042E-18));
#8492=CARTESIAN_POINT('',(-0.0120364696935357,-0.00554653290422569,-0.005));
#8493=CARTESIAN_POINT('',(-0.0120364696935357,-0.00554653290422569,-3.46944695195361E-18));
#8494=CARTESIAN_POINT('',(-0.0122759831123382,-0.00577650281076791,-0.005));
#8495=CARTESIAN_POINT('',(-0.0122759831123382,-0.00577650281076791,-5.20417042793042E-18));
#8496=CARTESIAN_POINT('',(-0.0125198186191051,-0.0060474501118345,-0.005));
#8497=CARTESIAN_POINT('',(-0.0125198186191051,-0.0060474501118345,-6.07153216591882E-18));
#8498=CARTESIAN_POINT('',(-0.0128432163286401,-0.00645882010534892,-0.005));
#8499=CARTESIAN_POINT('',(-0.0128432163286401,-0.00645882010534892,-5.20417042793042E-18));
#8500=CARTESIAN_POINT('',(-0.0130768984075402,-0.00681902788615602,-0.005));
#8501=CARTESIAN_POINT('',(-0.0130768984075402,-0.00681902788615602,-5.20417042793042E-18));
#8502=CARTESIAN_POINT('',(-0.0132244003758504,-0.00707921144614337,-0.005));
#8503=CARTESIAN_POINT('',(-0.0132244003758504,-0.00707921144614337,-5.20417042793042E-18));
#8504=CARTESIAN_POINT('',(-0.0105984874272577,-0.00477626310563612,-0.005));
#8505=CARTESIAN_POINT('',(-0.011060147472743,-0.0049839488789002,-0.005));
#8506=CARTESIAN_POINT('',(-0.0115608653821939,-0.00520920550924633,-0.005));
#8507=CARTESIAN_POINT('',(-0.0115739984325827,-0.00521615064978779,-0.005));
#8508=CARTESIAN_POINT('',(-0.0115869346389662,-0.00522269125208287,-0.005));
#8509=CARTESIAN_POINT('',(-0.0116019924097016,-0.00523083376147647,-0.005));
#8510=CARTESIAN_POINT('',(-0.011622069171984,-0.00524213429445832,-0.005));
#8511=CARTESIAN_POINT('',(-0.0116460419648356,-0.00525629775276413,-0.005));
#8512=CARTESIAN_POINT('',(-0.011674120502156,-0.00527364167682504,-0.005));
#8513=CARTESIAN_POINT('',(-0.0117060868545151,-0.00529428575189063,-0.005));
#8514=CARTESIAN_POINT('',(-0.0117418480682671,-0.00531840600408434,-0.005));
#8515=CARTESIAN_POINT('',(-0.0117812673378835,-0.00534615690813086,-0.005));
#8516=CARTESIAN_POINT('',(-0.0118242146314541,-0.00537769451467805,-0.005));
#8517=CARTESIAN_POINT('',(-0.0118705518493791,-0.00541316944377785,-0.005));
#8518=CARTESIAN_POINT('',(-0.0119201372769087,-0.00545272876089947,-0.005));
#8519=CARTESIAN_POINT('',(-0.011972824425614,-0.0054965152713552,-0.005));
#8520=CARTESIAN_POINT('',(-0.0120284625026312,-0.00554466756532324,-0.005));
#8521=CARTESIAN_POINT('',(-0.0120868964181924,-0.00559731985172033,-0.005));
#8522=CARTESIAN_POINT('',(-0.0121479669294334,-0.00565460185626661,-0.005));
#8523=CARTESIAN_POINT('',(-0.0122115107496484,-0.00571663870522238,-0.005));
#8524=CARTESIAN_POINT('',(-0.0122773606712097,-0.00578355081699633,-0.005));
#8525=CARTESIAN_POINT('',(-0.0123453456882274,-0.00585545379566806,-0.005));
#8526=CARTESIAN_POINT('',(-0.0124152911231761,-0.00593245832708134,-0.005));
#8527=CARTESIAN_POINT('',(-0.0124870187544098,-0.00601467008156246,-0.005));
#8528=CARTESIAN_POINT('',(-0.0125603469521441,-0.0061021896060486,-0.005));
#8529=CARTESIAN_POINT('',(-0.012635090794277,-0.00619511227289421,-0.005));
#8530=CARTESIAN_POINT('',(-0.0127110622717609,-0.00629352802602938,-0.005));
#8531=CARTESIAN_POINT('',(-0.0127880701606183,-0.00639752192363252,-0.005));
#8532=CARTESIAN_POINT('',(-0.0128659211870231,-0.00650717163397481,-0.005));
#8533=CARTESIAN_POINT('',(-0.0129444162358577,-0.00662255665195663,-0.005));
#8534=CARTESIAN_POINT('',(-0.0130233655889872,-0.00674372255713607,-0.005));
#8535=CARTESIAN_POINT('',(-0.013102531223806,-0.0068708176352162,-0.005));
#8536=CARTESIAN_POINT('',(-0.0131696526145586,-0.00698315740796853,-0.005));
#8537=CARTESIAN_POINT('',(-0.0132100311074691,-0.00705386502233156,-0.005));
#8538=CARTESIAN_POINT('',(-0.0132244003758504,-0.00707921144614337,-0.005));
#8539=CARTESIAN_POINT('',(-0.0132244003758504,-0.00707921144614337,-0.005));
#8540=CARTESIAN_POINT('',(-0.0132244003758504,-0.00707921144614337,-0.005));
#8541=CARTESIAN_POINT('',(0.,3.42288780361685E-18,-0.005));
#8542=CARTESIAN_POINT('',(0.,3.42288780361685E-18,-0.005));
#8543=CARTESIAN_POINT('',(-0.0127429771390469,-0.00791306095223127,-0.005));
#8544=CARTESIAN_POINT('',(-0.0127429771390469,-0.00791306095223127,-0.005));
#8545=CARTESIAN_POINT('',(-0.00992718903940649,-0.00714461986968523,-0.005));
#8546=CARTESIAN_POINT('',(-0.00992718903940649,-0.00714461986968523,6.07153216591882E-18));
#8547=CARTESIAN_POINT('',(-0.0100209702961875,-0.00721216031963902,-0.005));
#8548=CARTESIAN_POINT('',(-0.0100209702961875,-0.00721216031963902,6.07153216591882E-18));
#8549=CARTESIAN_POINT('',(-0.0101869654793917,-0.00733162254678792,-0.005));
#8550=CARTESIAN_POINT('',(-0.0101869654793917,-0.00733162254678792,4.33680868994202E-18));
#8551=CARTESIAN_POINT('',(-0.0103144013433933,-0.00742305943826439,-0.005));
#8552=CARTESIAN_POINT('',(-0.0103144013433933,-0.00742305943826439,7.80625564189563E-18));
#8553=CARTESIAN_POINT('',(-0.0103132686962068,-0.00742103665305548,-0.005));
#8554=CARTESIAN_POINT('',(-0.0103132686962068,-0.00742103665305548,5.20417042793042E-18));
#8555=CARTESIAN_POINT('',(-0.0103700871133937,-0.00745587798837503,-0.005));
#8556=CARTESIAN_POINT('',(-0.0103700871133937,-0.00745587798837503,5.20417042793042E-18));
#8557=CARTESIAN_POINT('',(-0.0104436893562258,-0.00749425914438142,-0.005));
#8558=CARTESIAN_POINT('',(-0.0104436893562258,-0.00749425914438142,5.20417042793042E-18));
#8559=CARTESIAN_POINT('',(-0.010595647986586,-0.00756486001050447,-0.005));
#8560=CARTESIAN_POINT('',(-0.010595647986586,-0.00756486001050447,5.20417042793042E-18));
#8561=CARTESIAN_POINT('',(-0.0108216732447536,-0.00765062207437059,-0.005));
#8562=CARTESIAN_POINT('',(-0.0108216732447536,-0.00765062207437059,5.20417042793042E-18));
#8563=CARTESIAN_POINT('',(-0.0111405897353263,-0.00774306182632968,-0.005));
#8564=CARTESIAN_POINT('',(-0.0111405897353263,-0.00774306182632968,6.93889390390723E-18));
#8565=CARTESIAN_POINT('',(-0.0114971547345203,-0.00781875591900122,-0.005));
#8566=CARTESIAN_POINT('',(-0.0114971547345203,-0.00781875591900122,6.07153216591882E-18));
#8567=CARTESIAN_POINT('',(-0.0120151104540259,-0.00789314155422702,-0.005));
#8568=CARTESIAN_POINT('',(-0.0120151104540259,-0.00789314155422702,6.07153216591882E-18));
#8569=CARTESIAN_POINT('',(-0.0124439005822957,-0.00791541228056009,-0.005));
#8570=CARTESIAN_POINT('',(-0.0124439005822957,-0.00791541228056009,5.20417042793042E-18));
#8571=CARTESIAN_POINT('',(-0.0127429771390469,-0.00791306095223127,-0.005));
#8572=CARTESIAN_POINT('',(-0.0127429771390469,-0.00791306095223127,5.20417042793042E-18));
#8573=CARTESIAN_POINT('',(-0.00943560889826807,-0.00679042780087708,-0.005));
#8574=CARTESIAN_POINT('',(-0.00984630007666206,-0.00708639424154764,-0.005));
#8575=CARTESIAN_POINT('',(-0.0102917369956381,-0.00740740035608883,-0.005));
#8576=CARTESIAN_POINT('',(-0.0103043181889743,-0.00741530134108397,-0.005));
#8577=CARTESIAN_POINT('',(-0.0103164506199096,-0.00742323412329321,-0.005));
#8578=CARTESIAN_POINT('',(-0.0103310311252627,-0.00743220328057758,-0.005));
#8579=CARTESIAN_POINT('',(-0.0103508560550425,-0.00744394000024895,-0.005));
#8580=CARTESIAN_POINT('',(-0.0103751083661666,-0.00745761931870524,-0.005));
#8581=CARTESIAN_POINT('',(-0.0104041679136649,-0.00747326408329537,-0.005));
#8582=CARTESIAN_POINT('',(-0.0104380293832888,-0.00749062571897187,-0.005));
#8583=CARTESIAN_POINT('',(-0.0104767987413103,-0.00750953571245442,-0.005));
#8584=CARTESIAN_POINT('',(-0.0105205413640007,-0.00752979834931754,-0.005));
#8585=CARTESIAN_POINT('',(-0.0105693273792304,-0.00755122299329985,-0.005));
#8586=CARTESIAN_POINT('',(-0.0106232181779908,-0.00757361473661376,-0.005));
#8587=CARTESIAN_POINT('',(-0.0106822702653393,-0.00759677731795109,-0.005));
#8588=CARTESIAN_POINT('',(-0.0107465340700897,-0.007620512471955,-0.005));
#8589=CARTESIAN_POINT('',(-0.0108160542184251,-0.00764462031308559,-0.005));
#8590=CARTESIAN_POINT('',(-0.0108908693937929,-0.00766889942520557,-0.005));
#8591=CARTESIAN_POINT('',(-0.0109710123205302,-0.00769314703708926,-0.005));
#8592=CARTESIAN_POINT('',(-0.0110565097178042,-0.0077171591751711,-0.005));
#8593=CARTESIAN_POINT('',(-0.0111473822672019,-0.00774073082419345,-0.005));
#8594=CARTESIAN_POINT('',(-0.0112436445818482,-0.00776365608667161,-0.005));
#8595=CARTESIAN_POINT('',(-0.011345305179733,-0.00778572834450932,-0.005));
#8596=CARTESIAN_POINT('',(-0.0114523664632202,-0.00780674041807039,-0.005));
#8597=CARTESIAN_POINT('',(-0.0115648246936195,-0.00782648473787892,-0.005));
#8598=CARTESIAN_POINT('',(-0.0116826700047616,-0.00784475347051967,-0.005));
#8599=CARTESIAN_POINT('',(-0.0118058862858512,-0.00786133882341619,-0.005));
#8600=CARTESIAN_POINT('',(-0.0119344515874428,-0.00787603266265695,-0.005));
#8601=CARTESIAN_POINT('',(-0.0120683365353192,-0.00788862877406307,-0.005));
#8602=CARTESIAN_POINT('',(-0.0122075104165249,-0.00789891497143424,-0.005));
#8603=CARTESIAN_POINT('',(-0.0123519178450476,-0.00790670416426698,-0.005));
#8604=CARTESIAN_POINT('',(-0.0125015682287703,-0.0079117160760867,-0.005));
#8605=CARTESIAN_POINT('',(-0.0126324180212055,-0.00791367501923962,-0.005));
#8606=CARTESIAN_POINT('',(-0.0127138418579401,-0.00791329001268515,-0.005));
#8607=CARTESIAN_POINT('',(-0.0127429771390469,-0.00791306095223127,-0.005));
#8608=CARTESIAN_POINT('',(-0.00992718905011074,-0.00714461987739433,-0.005));
#8609=CARTESIAN_POINT('',(-0.00992718905011074,-0.00714461987739433,0.));
#8610=CARTESIAN_POINT('',(-0.00956399825656572,-0.00764891751080534,-0.0025));
#8611=CARTESIAN_POINT('',(-0.00956399825656572,-0.00764891751080534,-0.005));
#8612=CARTESIAN_POINT('',(-0.00907865607533247,-0.00726075952403251,-0.005));
#8613=CARTESIAN_POINT('',(-0.00907865607533247,-0.00726075952403251,-0.005));
#8614=CARTESIAN_POINT('',(-2.36133510163824E-16,-2.05711532279099E-16,-0.005));
#8615=CARTESIAN_POINT('',(-2.36133510163824E-16,-2.05711532279099E-16,-0.005));
#8616=CARTESIAN_POINT('',(-0.00872694435517073,-0.00767991323009276,-0.005));
#8617=CARTESIAN_POINT('',(-0.00872694435517073,-0.00767991323009276,-0.005));
#8618=CARTESIAN_POINT('',(-0.00919348413525427,-0.00809047904598516,-0.0025));
#8619=CARTESIAN_POINT('',(-0.00919348413525427,-0.00809047904598516,-0.005));
#8620=CARTESIAN_POINT('',(-0.0087599153354899,-0.00853572252033452,-0.005));
#8621=CARTESIAN_POINT('',(-0.0087599153354899,-0.00853572252033452,-0.005));
#8622=CARTESIAN_POINT('',(-0.00875991532603914,-0.00853572251113157,-0.005));
#8623=CARTESIAN_POINT('',(-0.00875991532603914,-0.00853572251113157,4.33680868994202E-18));
#8624=CARTESIAN_POINT('',(-0.0088427146291349,-0.00861635074384343,-0.005));
#8625=CARTESIAN_POINT('',(-0.0088427146291349,-0.00861635074384343,3.46944695195361E-18));
#8626=CARTESIAN_POINT('',(-0.00898918671768813,-0.00875907968918115,-0.00499999999999999));
#8627=CARTESIAN_POINT('',(-0.00898918671768813,-0.00875907968918115,1.04083408558608E-17));
#8628=CARTESIAN_POINT('',(-0.00910136348287879,-0.00886870166648537,-0.005));
#8629=CARTESIAN_POINT('',(-0.00910136348287879,-0.00886870166648537,3.46944695195361E-18));
#8630=CARTESIAN_POINT('',(-0.00909917474620252,-0.00886793747972003,-0.005));
#8631=CARTESIAN_POINT('',(-0.00909917474620252,-0.00886793747972003,5.20417042793042E-18));
#8632=CARTESIAN_POINT('',(-0.0091433531779529,-0.00891784256309375,-0.005));
#8633=CARTESIAN_POINT('',(-0.0091433531779529,-0.00891784256309375,6.07153216591882E-18));
#8634=CARTESIAN_POINT('',(-0.00919393213329757,-0.00898366180467665,-0.005));
#8635=CARTESIAN_POINT('',(-0.00919393213329757,-0.00898366180467665,6.07153216591882E-18));
#8636=CARTESIAN_POINT('',(-0.00928984775286775,-0.00912105213024859,-0.005));
#8637=CARTESIAN_POINT('',(-0.00928984775286775,-0.00912105213024859,3.46944695195361E-18));
#8638=CARTESIAN_POINT('',(-0.00941355577246492,-0.00932875113076526,-0.005));
#8639=CARTESIAN_POINT('',(-0.00941355577246492,-0.00932875113076526,4.33680868994202E-18));
#8640=CARTESIAN_POINT('',(-0.00955997042429665,-0.00962677056877304,-0.005));
#8641=CARTESIAN_POINT('',(-0.00955997042429665,-0.00962677056877304,4.33680868994202E-18));
#8642=CARTESIAN_POINT('',(-0.00969643141594665,-0.00996477440317952,-0.005));
#8643=CARTESIAN_POINT('',(-0.00969643141594665,-0.00996477440317952,6.93889390390723E-18));
#8644=CARTESIAN_POINT('',(-0.00985962903303408,-0.0104619442814641,-0.005));
#8645=CARTESIAN_POINT('',(-0.00985962903303408,-0.0104619442814641,2.60208521396521E-18));
#8646=CARTESIAN_POINT('',(-0.00995602004136767,-0.0108803528531562,-0.005));
#8647=CARTESIAN_POINT('',(-0.00995602004136767,-0.0108803528531562,5.20417042793042E-18));
#8648=CARTESIAN_POINT('',(-0.0100056385340624,-0.0111752940688684,-0.005));
#8649=CARTESIAN_POINT('',(-0.0100056385340624,-0.0111752940688684,5.20417042793042E-18));
#8650=CARTESIAN_POINT('',(-0.0083257422349355,-0.00811311538420422,-0.005));
#8651=CARTESIAN_POINT('',(-0.00868852805505129,-0.00846617320770733,-0.005));
#8652=CARTESIAN_POINT('',(-0.00908200667466154,-0.00884910081218279,-0.005));
#8653=CARTESIAN_POINT('',(-0.00909197232723689,-0.0088601188772762,-0.005));
#8654=CARTESIAN_POINT('',(-0.00910189136718211,-0.00887068947614978,-0.005));
#8655=CARTESIAN_POINT('',(-0.00911325614099777,-0.00888349099304669,-0.005));
#8656=CARTESIAN_POINT('',(-0.00912825711645369,-0.00890097667761402,-0.005));
#8657=CARTESIAN_POINT('',(-0.00914593998495628,-0.00892248515291584,-0.005));
#8658=CARTESIAN_POINT('',(-0.00916639320788559,-0.00894838653573005,-0.005));
#8659=CARTESIAN_POINT('',(-0.00918937106379811,-0.00897871875714759,-0.005));
#8660=CARTESIAN_POINT('',(-0.00921472600035888,-0.00901361543559848,-0.005));
#8661=CARTESIAN_POINT('',(-0.00924227662895472,-0.00905317493959511,-0.005));
#8662=CARTESIAN_POINT('',(-0.00927184738709429,-0.00909749943524721,-0.005));
#8663=CARTESIAN_POINT('',(-0.00930325698851105,-0.00914668322626123,-0.005));
#8664=CARTESIAN_POINT('',(-0.00933632196554732,-0.00920081603967429,-0.005));
#8665=CARTESIAN_POINT('',(-0.00937085582181417,-0.00925998196659111,-0.005));
#8666=CARTESIAN_POINT('',(-0.00940666945773753,-0.00932425966498258,-0.005));
#8667=CARTESIAN_POINT('',(-0.00944357123445399,-0.00939372220615274,-0.005));
#8668=CARTESIAN_POINT('',(-0.00948136714380991,-0.00946843702813633,-0.005));
#8669=CARTESIAN_POINT('',(-0.00951986095079118,-0.00954846586381428,-0.005));
#8670=CARTESIAN_POINT('',(-0.00955885434610255,-0.00963386468109984,-0.005));
#8671=CARTESIAN_POINT('',(-0.00959814709784721,-0.00972468362483458,-0.005));
#8672=CARTESIAN_POINT('',(-0.0096375372060555,-0.00982096696245686,-0.005));
#8673=CARTESIAN_POINT('',(-0.00967682105578153,-0.00992275303619958,-0.005));
#8674=CARTESIAN_POINT('',(-0.00971579358177941,-0.0100300742082328,-0.005));
#8675=CARTESIAN_POINT('',(-0.00975424839484815,-0.0101429568521703,-0.005));
#8676=CARTESIAN_POINT('',(-0.00979197806163719,-0.0102614211847783,-0.005));
#8677=CARTESIAN_POINT('',(-0.00982877379877558,-0.0103854817321469,-0.005));
#8678=CARTESIAN_POINT('',(-0.00986442742416191,-0.0105151453750359,-0.005));
#8679=CARTESIAN_POINT('',(-0.00989872464193226,-0.0106504187128354,-0.005));
#8680=CARTESIAN_POINT('',(-0.00993147158622817,-0.0107912796888962,-0.005));
#8681=CARTESIAN_POINT('',(-0.00996239387226626,-0.0109377862376735,-0.005));
#8682=CARTESIAN_POINT('',(-0.00998704488267543,-0.0110663079608351,-0.005));
#8683=CARTESIAN_POINT('',(-0.0100008048261032,-0.0111465616422179,-0.005));
#8684=CARTESIAN_POINT('',(-0.0100056385340624,-0.0111752940688684,-0.005));
#8685=CARTESIAN_POINT('',(-0.0100056385340624,-0.0111752940688684,-0.005));
#8686=CARTESIAN_POINT('',(-0.0100056385340624,-0.0111752940688684,-0.005));
#8687=CARTESIAN_POINT('',(0.,3.42288780361685E-18,-0.005));
#8688=CARTESIAN_POINT('',(0.,3.42288780361685E-18,-0.005));
#8689=CARTESIAN_POINT('',(-0.00926805534337904,-0.0117941998521334,-0.005));
#8690=CARTESIAN_POINT('',(-0.00926805534337904,-0.0117941998521334,-0.005));
#8691=CARTESIAN_POINT('',(-0.00688490237363988,-0.0101090451879424,-0.005));
#8692=CARTESIAN_POINT('',(-0.00688490237363988,-0.0101090451879424,-2.60208521396521E-18));
#8693=CARTESIAN_POINT('',(-0.00694992773423152,-0.010204587529254,-0.005));
#8694=CARTESIAN_POINT('',(-0.00694992773423152,-0.010204587529254,-1.73472347597681E-18));
#8695=CARTESIAN_POINT('',(-0.00706505369492304,-0.0103736189989194,-0.005));
#8696=CARTESIAN_POINT('',(-0.00706505369492304,-0.0103736189989194,-2.60208521396521E-18));
#8697=CARTESIAN_POINT('',(-0.00715353097722082,-0.0105031272035781,-0.005));
#8698=CARTESIAN_POINT('',(-0.00715353097722082,-0.0105031272035781,-5.20417042793042E-18));
#8699=CARTESIAN_POINT('',(-0.00715315847030478,-0.0105008390190908,-0.005));
#8700=CARTESIAN_POINT('',(-0.00715315847030478,-0.0105008390190908,-2.60208521396521E-18));
#8701=CARTESIAN_POINT('',(-0.00719463387916032,-0.0105530122079787,-0.005));
#8702=CARTESIAN_POINT('',(-0.00719463387916032,-0.0105530122079787,-1.73472347597681E-18));
#8703=CARTESIAN_POINT('',(-0.00725067023514464,-0.0106142521466976,-0.005));
#8704=CARTESIAN_POINT('',(-0.00725067023514464,-0.0106142521466976,-3.46944695195361E-18));
#8705=CARTESIAN_POINT('',(-0.00736931772040859,-0.0107325681721499,-0.005));
#8706=CARTESIAN_POINT('',(-0.00736931772040859,-0.0107325681721499,-2.60208521396521E-18));
#8707=CARTESIAN_POINT('',(-0.00755237963424448,-0.010890463341902,-0.005));
#8708=CARTESIAN_POINT('',(-0.00755237963424448,-0.010890463341902,-1.73472347597681E-18));
#8709=CARTESIAN_POINT('',(-0.00782044684986856,-0.0110864041584998,-0.005));
#8710=CARTESIAN_POINT('',(-0.00782044684986856,-0.0110864041584998,-2.60208521396521E-18));
#8711=CARTESIAN_POINT('',(-0.00812961944401726,-0.0112794857509496,-0.005));
#8712=CARTESIAN_POINT('',(-0.00812961944401726,-0.0112794857509496,-1.73472347597681E-18));
#8713=CARTESIAN_POINT('',(-0.00859089722590926,-0.0115265366728854,-0.005));
#8714=CARTESIAN_POINT('',(-0.00859089722590926,-0.0115265366728854,-4.33680868994202E-18));
#8715=CARTESIAN_POINT('',(-0.00898621110829779,-0.0116941191712077,-0.005));
#8716=CARTESIAN_POINT('',(-0.00898621110829779,-0.0116941191712077,-1.73472347597681E-18));
#8717=CARTESIAN_POINT('',(-0.00926805534337904,-0.0117941998521334,-0.005));
#8718=CARTESIAN_POINT('',(-0.00926805534337904,-0.0117941998521334,-2.60208521396521E-18));
#8719=CARTESIAN_POINT('',(-0.00654410896462578,-0.00960808320421428,-0.005));
#8720=CARTESIAN_POINT('',(-0.00682880594992674,-0.0100266653402096,-0.005));
#8721=CARTESIAN_POINT('',(-0.00713758917841035,-0.0104806608161418,-0.005));
#8722=CARTESIAN_POINT('',(-0.00714670933692856,-0.0104923883349867,-0.005));
#8723=CARTESIAN_POINT('',(-0.00715539692144255,-0.0105039922476585,-0.005));
#8724=CARTESIAN_POINT('',(-0.00716603048227026,-0.0105174073251039,-0.005));
#8725=CARTESIAN_POINT('',(-0.00718064562794775,-0.010535216759296,-0.005));
#8726=CARTESIAN_POINT('',(-0.00719875674328905,-0.0105563658928334,-0.005));
#8727=CARTESIAN_POINT('',(-0.00722071296100913,-0.010581006113273,-0.005));
#8728=CARTESIAN_POINT('',(-0.00724659430502131,-0.010608902018897,-0.005));
#8729=CARTESIAN_POINT('',(-0.00727655798598548,-0.0106399315016188,-0.005));
#8730=CARTESIAN_POINT('',(-0.00731073237577743,-0.0106739330100388,-0.005));
#8731=CARTESIAN_POINT('',(-0.00734924857448081,-0.0107107513898131,-0.005));
#8732=CARTESIAN_POINT('',(-0.00739223093314669,-0.0107502244844876,-0.005));
#8733=CARTESIAN_POINT('',(-0.00743979967448129,-0.0107921871946273,-0.005));
#8734=CARTESIAN_POINT('',(-0.00749206999681458,-0.0108364704594094,-0.005));
#8735=CARTESIAN_POINT('',(-0.00754915219992255,-0.0108829017109206,-0.005));
#8736=CARTESIAN_POINT('',(-0.00761115152273137,-0.0109313049104212,-0.005));
#8737=CARTESIAN_POINT('',(-0.00767816806790282,-0.0109815007076692,-0.005));
#8738=CARTESIAN_POINT('',(-0.00775029670630924,-0.0110333065687036,-0.005));
#8739=CARTESIAN_POINT('',(-0.00782762699163327,-0.011086536915719,-0.005));
#8740=CARTESIAN_POINT('',(-0.00791024307680764,-0.0111410032663515,-0.005));
#8741=CARTESIAN_POINT('',(-0.00799822363367548,-0.0111965143764248,-0.005));
#8742=CARTESIAN_POINT('',(-0.00809164177932932,-0.0112528763824205,-0.005));
#8743=CARTESIAN_POINT('',(-0.00819056499349136,-0.0113098929541263,-0.005));
#8744=CARTESIAN_POINT('',(-0.00829505508820969,-0.011367365417587,-0.005));
#8745=CARTESIAN_POINT('',(-0.00840516799353549,-0.0114250930014353,-0.005));
#8746=CARTESIAN_POINT('',(-0.00852095426972709,-0.011482872616618,-0.005));
#8747=CARTESIAN_POINT('',(-0.00864245684345241,-0.0115405004386187,-0.005));
#8748=CARTESIAN_POINT('',(-0.00876971942592837,-0.0115977665731815,-0.005));
#8749=CARTESIAN_POINT('',(-0.00890275396004874,-0.0116544762696089,-0.005));
#8750=CARTESIAN_POINT('',(-0.00904166514653187,-0.0117103693718516,-0.005));
#8751=CARTESIAN_POINT('',(-0.00916395373289665,-0.0117569634410397,-0.005));
#8752=CARTESIAN_POINT('',(-0.00924059879142921,-0.0117844502455316,-0.005));
#8753=CARTESIAN_POINT('',(-0.00926805534337904,-0.0117941998521334,-0.005));
#8754=CARTESIAN_POINT('',(-0.00688490238106191,-0.0101090451988477,-0.005));
#8755=CARTESIAN_POINT('',(-0.00688490238106191,-0.0101090451988477,0.));
#8756=CARTESIAN_POINT('',(-0.00637113472357224,-0.0104587113963809,-0.0025));
#8757=CARTESIAN_POINT('',(-0.00637113472357224,-0.0104587113963809,-0.005));
#8758=CARTESIAN_POINT('',(-0.00604782010758027,-0.00992796539812402,-0.005));
#8759=CARTESIAN_POINT('',(-0.00604782010758027,-0.00992796539812402,-0.005));
#8760=CARTESIAN_POINT('',(-1.51535429267379E-16,-2.74068025883456E-16,-0.005));
#8761=CARTESIAN_POINT('',(-1.51535429267379E-16,-2.74068025883456E-16,-0.005));
#8762=CARTESIAN_POINT('',(-0.00557396018887814,-0.0102015485497449,-0.005));
#8763=CARTESIAN_POINT('',(-0.00557396018887814,-0.0102015485497449,-0.005));
#8764=CARTESIAN_POINT('',(-0.0058719423983296,-0.0107469202197372,-0.0025));
#8765=CARTESIAN_POINT('',(-0.0058719423983296,-0.0107469202197372,-0.005));
#8766=CARTESIAN_POINT('',(-0.00531223875967622,-0.0110170229639994,-0.005));
#8767=CARTESIAN_POINT('',(-0.00531223875967622,-0.0110170229639994,-0.005));
#8768=CARTESIAN_POINT('',(-0.00531223875394301,-0.0110170229521191,-0.005));
#8769=CARTESIAN_POINT('',(-0.00531223875394301,-0.0110170229521191,-8.67361737988404E-19));
#8770=CARTESIAN_POINT('',(-0.0053624681683601,-0.0111211077369375,-0.005));
#8771=CARTESIAN_POINT('',(-0.0053624681683601,-0.0111211077369375,-1.73472347597681E-18));
#8772=CARTESIAN_POINT('',(-0.00545129073478354,-0.0113053254783642,-0.005));
#8773=CARTESIAN_POINT('',(-0.00545129073478354,-0.0113053254783642,0.));
#8774=CARTESIAN_POINT('',(-0.00551920948886761,-0.0114467031548212,-0.005));
#8775=CARTESIAN_POINT('',(-0.00551920948886761,-0.0114467031548212,-1.73472347597681E-18));
#8776=CARTESIAN_POINT('',(-0.00551741411643108,-0.0114452364621252,-0.005));
#8777=CARTESIAN_POINT('',(-0.00551741411643108,-0.0114452364621252,8.67361737988404E-19));
#8778=CARTESIAN_POINT('',(-0.00554185971897666,-0.0115072418142704,-0.005));
#8779=CARTESIAN_POINT('',(-0.00554185971897666,-0.0115072418142704,8.67361737988404E-19));
#8780=CARTESIAN_POINT('',(-0.00556687688364132,-0.0115863906914478,-0.005));
#8781=CARTESIAN_POINT('',(-0.00556687688364132,-0.0115863906914478,-3.46944695195361E-18));
#8782=CARTESIAN_POINT('',(-0.00561001782472586,-0.0117483004405077,-0.005));
#8783=CARTESIAN_POINT('',(-0.00561001782472586,-0.0117483004405077,8.67361737988404E-19));
#8784=CARTESIAN_POINT('',(-0.00565522809594806,-0.0119857842932309,-0.005));
#8785=CARTESIAN_POINT('',(-0.00565522809594806,-0.0119857842932309,-8.67361737988404E-19));
#8786=CARTESIAN_POINT('',(-0.00569088421294799,-0.0123159077201821,-0.005));
#8787=CARTESIAN_POINT('',(-0.00569088421294799,-0.0123159077201821,-8.67361737988404E-19));
#8788=CARTESIAN_POINT('',(-0.00570351147993831,-0.0126801998370937,-0.005));
#8789=CARTESIAN_POINT('',(-0.00570351147993831,-0.0126801998370937,-3.46944695195361E-18));
#8790=CARTESIAN_POINT('',(-0.0056868249634171,-0.0132032035753814,-0.005));
#8791=CARTESIAN_POINT('',(-0.0056868249634171,-0.0132032035753814,-1.73472347597681E-18));
#8792=CARTESIAN_POINT('',(-0.00563429872299954,-0.0136293466891598,-0.005));
#8793=CARTESIAN_POINT('',(-0.00563429872299954,-0.0136293466891598,-8.67361737988404E-19));
#8794=CARTESIAN_POINT('',(-0.00558004901756865,-0.013923471297113,-0.005));
#8795=CARTESIAN_POINT('',(-0.00558004901756865,-0.013923471297113,-8.67361737988404E-19));
#8796=CARTESIAN_POINT('',(-0.00504878965421126,-0.0104714062106065,-0.005));
#8797=CARTESIAN_POINT('',(-0.00526894392490304,-0.0109272521002557,-0.005));
#8798=CARTESIAN_POINT('',(-0.00550772392602177,-0.0114216639583512,-0.005));
#8799=CARTESIAN_POINT('',(-0.00551332017600572,-0.0114354260067369,-0.005));
#8800=CARTESIAN_POINT('',(-0.00551902566690574,-0.0114487516319594,-0.005));
#8801=CARTESIAN_POINT('',(-0.00552532668435335,-0.0114646681044916,-0.005));
#8802=CARTESIAN_POINT('',(-0.00553344253395201,-0.0114862299090244,-0.005));
#8803=CARTESIAN_POINT('',(-0.00554270266319277,-0.0115124891617695,-0.005));
#8804=CARTESIAN_POINT('',(-0.00555306361118828,-0.011543823914306,-0.005));
#8805=CARTESIAN_POINT('',(-0.00556428150211415,-0.0115801857685166,-0.005));
#8806=CARTESIAN_POINT('',(-0.00557617198193543,-0.0116216498187834,-0.005));
#8807=CARTESIAN_POINT('',(-0.00558853095709814,-0.011668246462712,-0.005));
#8808=CARTESIAN_POINT('',(-0.00560115850995717,-0.0117200116591335,-0.005));
#8809=CARTESIAN_POINT('',(-0.00561385203337841,-0.01177697202099,-0.005));
#8810=CARTESIAN_POINT('',(-0.00562640843570369,-0.0118391491144816,-0.005));
#8811=CARTESIAN_POINT('',(-0.00563862370680084,-0.0119065581738773,-0.005));
#8812=CARTESIAN_POINT('',(-0.00565029324858505,-0.0119792084376284,-0.005));
#8813=CARTESIAN_POINT('',(-0.00566121198757261,-0.0120571030259486,-0.005));
#8814=CARTESIAN_POINT('',(-0.00567117455056688,-0.0121402389551649,-0.005));
#8815=CARTESIAN_POINT('',(-0.00567997542308438,-0.0122286071188825,-0.005));
#8816=CARTESIAN_POINT('',(-0.00568740911319001,-0.0123221922839627,-0.005));
#8817=CARTESIAN_POINT('',(-0.005693270313902,-0.0124209730878012,-0.005));
#8818=CARTESIAN_POINT('',(-0.00569735406698384,-0.0125249220401245,-0.005));
#8819=CARTESIAN_POINT('',(-0.00569945592315741,-0.012634005530433,-0.005));
#8820=CARTESIAN_POINT('',(-0.00569937211561033,-0.0127481838327742,-0.005));
#8821=CARTESIAN_POINT('',(-0.00569689968162622,-0.0128674111409745,-0.005));
#8822=CARTESIAN_POINT('',(-0.00569183678307505,-0.0129916355061953,-0.005));
#8823=CARTESIAN_POINT('',(-0.00568398225954829,-0.0131207991703781,-0.005));
#8824=CARTESIAN_POINT('',(-0.00567313813050307,-0.0132548373968498,-0.005));
#8825=CARTESIAN_POINT('',(-0.00565910076657301,-0.0133936830935066,-0.005));
#8826=CARTESIAN_POINT('',(-0.00564169553725987,-0.0135372492278492,-0.005));
#8827=CARTESIAN_POINT('',(-0.00562064479045673,-0.0136854963953347,-0.005));
#8828=CARTESIAN_POINT('',(-0.00559985214485697,-0.0138146984523136,-0.005));
#8829=CARTESIAN_POINT('',(-0.00558533388654955,-0.0138948184223233,-0.005));
#8830=CARTESIAN_POINT('',(-0.00558004901756865,-0.013923471297113,-0.005));
#8831=CARTESIAN_POINT('',(-0.00558004901756865,-0.013923471297113,-0.005));
#8832=CARTESIAN_POINT('',(-0.00558004901756865,-0.013923471297113,-0.005));
#8833=CARTESIAN_POINT('',(0.,3.42288780361685E-18,-0.005));
#8834=CARTESIAN_POINT('',(0.,3.42288780361685E-18,-0.005));
#8835=CARTESIAN_POINT('',(-0.00467526929137045,-0.0142527841860167,-0.005));
#8836=CARTESIAN_POINT('',(-0.00467526929137045,-0.0142527841860167,-0.005));
#8837=CARTESIAN_POINT('',(-0.00301219487127505,-0.0118541704629163,-0.005));
#8838=CARTESIAN_POINT('',(-0.00301219487127505,-0.0118541704629163,7.80625564189563E-18));
#8839=CARTESIAN_POINT('',(-0.00304062131751789,-0.0119661908791688,-0.005));
#8840=CARTESIAN_POINT('',(-0.00304062131751789,-0.0119661908791688,6.93889390390723E-18));
#8841=CARTESIAN_POINT('',(-0.00309099216575911,-0.0121644039014702,-0.005));
#8842=CARTESIAN_POINT('',(-0.00309099216575911,-0.0121644039014702,5.20417042793042E-18));
#8843=CARTESIAN_POINT('',(-0.0031298392003223,-0.0123163628184917,-0.005));
#8844=CARTESIAN_POINT('',(-0.0031298392003223,-0.0123163628184917,6.93889390390723E-18));
#8845=CARTESIAN_POINT('',(-0.00313027176350842,-0.0123140852235452,-0.005));
#8846=CARTESIAN_POINT('',(-0.00313027176350842,-0.0123140852235452,9.54097911787244E-18));
#8847=CARTESIAN_POINT('',(-0.00315140161761285,-0.0123772974094273,-0.005));
#8848=CARTESIAN_POINT('',(-0.00315140161761285,-0.0123772974094273,4.33680868994202E-18));
#8849=CARTESIAN_POINT('',(-0.00318311327520914,-0.0124540096904441,-0.005));
#8850=CARTESIAN_POINT('',(-0.00318311327520914,-0.0124540096904441,1.04083408558608E-17));
#8851=CARTESIAN_POINT('',(-0.00325413897760355,-0.0126057702163975,-0.005));
#8852=CARTESIAN_POINT('',(-0.00325413897760355,-0.0126057702163975,6.07153216591882E-18));
#8853=CARTESIAN_POINT('',(-0.00337215757859306,-0.0128167540042789,-0.005));
#8854=CARTESIAN_POINT('',(-0.00337215757859306,-0.0128167540042789,7.80625564189563E-18));
#8855=CARTESIAN_POINT('',(-0.00355704265681349,-0.0130925625312553,-0.005));
#8856=CARTESIAN_POINT('',(-0.00355704265681349,-0.0130925625312553,7.80625564189563E-18));
#8857=CARTESIAN_POINT('',(-0.00378153206816105,-0.0133797431338531,-0.005));
#8858=CARTESIAN_POINT('',(-0.00378153206816105,-0.0133797431338531,5.20417042793042E-18));
#8859=CARTESIAN_POINT('',(-0.00413049500420821,-0.0137696613552302,-0.005));
#8860=CARTESIAN_POINT('',(-0.00413049500420821,-0.0137696613552302,6.93889390390723E-18));
#8861=CARTESIAN_POINT('',(-0.00444465195228794,-0.0140623427029897,-0.005));
#8862=CARTESIAN_POINT('',(-0.00444465195228794,-0.0140623427029897,7.80625564189563E-18));
#8863=CARTESIAN_POINT('',(-0.00467526929137045,-0.0142527841860167,-0.005));
#8864=CARTESIAN_POINT('',(-0.00467526929137045,-0.0142527841860167,7.80625564189563E-18));
#8865=CARTESIAN_POINT('',(-0.00286329290908743,-0.0112668619729173,-0.005));
#8866=CARTESIAN_POINT('',(-0.00298765704318808,-0.0117575726210219,-0.005));
#8867=CARTESIAN_POINT('',(-0.00312254276666902,-0.0122897989036881,-0.005));
#8868=CARTESIAN_POINT('',(-0.00312710186465279,-0.0123039384445304,-0.005));
#8869=CARTESIAN_POINT('',(-0.00313129675183791,-0.0123178138845409,-0.005));
#8870=CARTESIAN_POINT('',(-0.00313670080376978,-0.0123340568258219,-0.005));
#8871=CARTESIAN_POINT('',(-0.00314434336307969,-0.012355790893932,-0.005));
#8872=CARTESIAN_POINT('',(-0.00315412881483645,-0.0123818589449179,-0.005));
#8873=CARTESIAN_POINT('',(-0.00316633345888204,-0.0124125226469711,-0.005));
#8874=CARTESIAN_POINT('',(-0.00318111300522659,-0.0124475881646246,-0.005));
#8875=CARTESIAN_POINT('',(-0.00319865694699237,-0.012486994523023,-0.005));
#8876=CARTESIAN_POINT('',(-0.00321914116811664,-0.0125306338192755,-0.005));
#8877=CARTESIAN_POINT('',(-0.00324274192829151,-0.0125784050948596,-0.005));
#8878=CARTESIAN_POINT('',(-0.0032696315400557,-0.0126301985031163,-0.005));
#8879=CARTESIAN_POINT('',(-0.00329997944313159,-0.0126859000199118,-0.005));
#8880=CARTESIAN_POINT('',(-0.0033339517107466,-0.0127453901801879,-0.005));
#8881=CARTESIAN_POINT('',(-0.00337171101248872,-0.0128085445478952,-0.005));
#8882=CARTESIAN_POINT('',(-0.00341341644939526,-0.0128752336945615,-0.005));
#8883=CARTESIAN_POINT('',(-0.00345922342859433,-0.0129453233232146,-0.005));
#8884=CARTESIAN_POINT('',(-0.00350928352983608,-0.0130186743557878,-0.005));
#8885=CARTESIAN_POINT('',(-0.00356374437740284,-0.01309514303535,-0.005));
#8886=CARTESIAN_POINT('',(-0.00362274951394966,-0.0131745810284129,-0.005));
#8887=CARTESIAN_POINT('',(-0.00368643827618758,-0.0132568355315902,-0.005));
#8888=CARTESIAN_POINT('',(-0.00375494567693723,-0.0133417493802827,-0.005));
#8889=CARTESIAN_POINT('',(-0.00382840227528297,-0.0134291611638632,-0.005));
#8890=CARTESIAN_POINT('',(-0.00390693410604488,-0.0135189053308473,-0.005));
#8891=CARTESIAN_POINT('',(-0.00399066239413119,-0.0136108123470669,-0.005));
#8892=CARTESIAN_POINT('',(-0.00407970411119066,-0.013704708663864,-0.005));
#8893=CARTESIAN_POINT('',(-0.00417416930718658,-0.0138004174306301,-0.005));
#8894=CARTESIAN_POINT('',(-0.00427417084529052,-0.0138977563613981,-0.005));
#8895=CARTESIAN_POINT('',(-0.00437978655681306,-0.013996546535085,-0.005));
#8896=CARTESIAN_POINT('',(-0.00449120380685594,-0.0140965792947258,-0.005));
#8897=CARTESIAN_POINT('',(-0.00459018137884741,-0.0141821885575498,-0.005));
#8898=CARTESIAN_POINT('',(-0.00465280313395827,-0.0142342318588044,-0.005));
#8899=CARTESIAN_POINT('',(-0.00467526929137045,-0.0142527841860167,-0.005));
#8900=CARTESIAN_POINT('',(-0.00301219487451967,-0.0118541704757024,-0.005));
#8901=CARTESIAN_POINT('',(-0.00301219487451967,-0.0118541704757024,0.));
#8902=CARTESIAN_POINT('',(-0.00240981831498169,-0.012007030333412,-0.0025));
#8903=CARTESIAN_POINT('',(-0.00240981831498169,-0.012007030333412,-0.005));
#8904=CARTESIAN_POINT('',(-0.00228752777853517,-0.0113977121240374,-0.005));
#8905=CARTESIAN_POINT('',(-0.00228752777853517,-0.0113977121240374,-0.005));
#8906=CARTESIAN_POINT('',(-4.86599391765387E-17,-3.09367870752991E-16,-0.005));
#8907=CARTESIAN_POINT('',(-4.86599391765387E-17,-3.09367870752991E-16,-0.005));
#8908=CARTESIAN_POINT('',(-0.00174867416091571,-0.0114927265554761,-0.005));
#8909=CARTESIAN_POINT('',(-0.00174867416091571,-0.0114927265554761,-0.005));
#8910=CARTESIAN_POINT('',(-0.00184215774752619,-0.0121071242073387,-0.0025));
#8911=CARTESIAN_POINT('',(-0.00184215774752619,-0.0121071242073387,-0.005));
#8912=CARTESIAN_POINT('',(-0.00122382778915137,-0.0121695078442638,-0.005));
#8913=CARTESIAN_POINT('',(-0.00122382778915137,-0.0121695078442638,-0.005));
#8914=CARTESIAN_POINT('',(-0.00122382778782721,-0.0121695078311391,-0.005));
#8915=CARTESIAN_POINT('',(-0.00122382778782721,-0.0121695078311391,-6.07153216591882E-18));
#8916=CARTESIAN_POINT('',(-0.00123542890487974,-0.0122844950068872,-0.005));
#8917=CARTESIAN_POINT('',(-0.00123542890487974,-0.0122844950068872,-6.07153216591882E-18));
#8918=CARTESIAN_POINT('',(-0.00125588863678125,-0.0124879821660223,-0.005));
#8919=CARTESIAN_POINT('',(-0.00125588863678125,-0.0124879821660223,-9.54097911787244E-18));
#8920=CARTESIAN_POINT('',(-0.00127135737564214,-0.0126440633073392,-0.005));
#8921=CARTESIAN_POINT('',(-0.00127135737564214,-0.0126440633073392,-4.33680868994202E-18));
#8922=CARTESIAN_POINT('',(-0.00127017191585807,-0.0126420710134977,-0.005));
#8923=CARTESIAN_POINT('',(-0.00127017191585807,-0.0126420710134977,-7.80625564189563E-18));
#8924=CARTESIAN_POINT('',(-0.00127193618875316,-0.012708697873844,-0.005));
#8925=CARTESIAN_POINT('',(-0.00127193618875316,-0.012708697873844,-8.67361737988404E-18));
#8926=CARTESIAN_POINT('',(-0.00126837412346525,-0.0127916298639154,-0.005));
#8927=CARTESIAN_POINT('',(-0.00126837412346525,-0.0127916298639154,-4.33680868994202E-18));
#8928=CARTESIAN_POINT('',(-0.00125353695187687,-0.0129585303311932,-0.005));
#8929=CARTESIAN_POINT('',(-0.00125353695187687,-0.0129585303311932,-1.04083408558608E-17));
#8930=CARTESIAN_POINT('',(-0.00121479644878213,-0.0131971549785963,-0.005));
#8931=CARTESIAN_POINT('',(-0.00121479644878213,-0.0131971549785963,-4.33680868994202E-18));
#8932=CARTESIAN_POINT('',(-0.00113539337701187,-0.0135195646370976,-0.005));
#8933=CARTESIAN_POINT('',(-0.00113539337701187,-0.0135195646370976,-7.80625564189563E-18));
#8934=CARTESIAN_POINT('',(-0.00102266388458485,-0.0138662060308357,-0.005));
#8935=CARTESIAN_POINT('',(-0.00102266388458485,-0.0138662060308357,-6.07153216591882E-18));
#8936=CARTESIAN_POINT('',(-0.000828105874614203,-0.0143519616595759,-0.005));
#8937=CARTESIAN_POINT('',(-0.000828105874614203,-0.0143519616595759,-1.12757025938492E-17));
#8938=CARTESIAN_POINT('',(-0.00063299782524456,-0.0147344401667162,-0.005));
#8939=CARTESIAN_POINT('',(-0.00063299782524456,-0.0147344401667162,-6.07153216591882E-18));
#8940=CARTESIAN_POINT('',(-0.000481423236803478,-0.0149922723983746,-0.005));
#8941=CARTESIAN_POINT('',(-0.000481423236803478,-0.0149922723983746,-6.93889390390723E-18));
#8942=CARTESIAN_POINT('',(-0.00116287852898961,-0.0115666909065132,-0.005));
#8943=CARTESIAN_POINT('',(-0.00121384739608097,-0.0120703431204478,-0.005));
#8944=CARTESIAN_POINT('',(-0.00126912838655576,-0.0126166058653351,-0.005));
#8945=CARTESIAN_POINT('',(-0.0012696802436084,-0.0126314519908718,-0.005));
#8946=CARTESIAN_POINT('',(-0.0012704840190566,-0.0126459253753761,-0.005));
#8947=CARTESIAN_POINT('',(-0.00127096128443886,-0.012663037042054,-0.005));
#8948=CARTESIAN_POINT('',(-0.00127121311694147,-0.0126860742947072,-0.005));
#8949=CARTESIAN_POINT('',(-0.00127093359866902,-0.0127139170714693,-0.005));
#8950=CARTESIAN_POINT('',(-0.00126995258849117,-0.0127469057601204,-0.005));
#8951=CARTESIAN_POINT('',(-0.00126805747122628,-0.0127849114708625,-0.005));
#8952=CARTESIAN_POINT('',(-0.00126504932695685,-0.0128279417165387,-0.005));
#8953=CARTESIAN_POINT('',(-0.00126072597388275,-0.0128759552574484,-0.005));
#8954=CARTESIAN_POINT('',(-0.00125488725222361,-0.0129289175079779,-0.005));
#8955=CARTESIAN_POINT('',(-0.00124733367138827,-0.0129867841803916,-0.005));
#8956=CARTESIAN_POINT('',(-0.00123786701156937,-0.0130495060788505,-0.005));
#8957=CARTESIAN_POINT('',(-0.00122629035552431,-0.0131170277433102,-0.005));
#8958=CARTESIAN_POINT('',(-0.00121240828420608,-0.0131892878784088,-0.005));
#8959=CARTESIAN_POINT('',(-0.00119602702439943,-0.0132662192769259,-0.005));
#8960=CARTESIAN_POINT('',(-0.00117695460890317,-0.0133477488933559,-0.005));
#8961=CARTESIAN_POINT('',(-0.00115500103184424,-0.0134337978803935,-0.005));
#8962=CARTESIAN_POINT('',(-0.00112997840400781,-0.0135242816411898,-0.005));
#8963=CARTESIAN_POINT('',(-0.00110170110637916,-0.0136191098823397,-0.005));
#8964=CARTESIAN_POINT('',(-0.0010699859434431,-0.0137181866715906,-0.005));
#8965=CARTESIAN_POINT('',(-0.00103465229118959,-0.0138214104996328,-0.005));
#8966=CARTESIAN_POINT('',(-0.000995522258524591,-0.0139286743439275,-0.005));
#8967=CARTESIAN_POINT('',(-0.000952420789515353,-0.0140398657434139,-0.005));
#8968=CARTESIAN_POINT('',(-0.000905175985909673,-0.0141548668494456,-0.005));
#8969=CARTESIAN_POINT('',(-0.000853618573175498,-0.0142735545862894,-0.005));
#8970=CARTESIAN_POINT('',(-0.000797584651703884,-0.0143958004080379,-0.005));
#8971=CARTESIAN_POINT('',(-0.000736905819332814,-0.0145214716233909,-0.005));
#8972=CARTESIAN_POINT('',(-0.000671447743939609,-0.014650426721403,-0.005));
#8973=CARTESIAN_POINT('',(-0.000600962995035642,-0.0147825337113029,-0.005));
#8974=CARTESIAN_POINT('',(-0.000537234593353048,-0.0148968324272081,-0.005));
#8975=CARTESIAN_POINT('',(-0.000496189249528936,-0.0149671550350167,-0.005));
#8976=CARTESIAN_POINT('',(-0.000481423236803478,-0.0149922723983746,-0.005));
#8977=CARTESIAN_POINT('',(-0.000481423236803478,-0.0149922723983746,-0.005));
#8978=CARTESIAN_POINT('',(-0.000481423236803478,-0.0149922723983746,-0.005));
#8979=CARTESIAN_POINT('',(0.,3.42288780361685E-18,-0.005));
#8980=CARTESIAN_POINT('',(0.,3.42288780361685E-18,-0.005));
#8981=CARTESIAN_POINT('',(0.000481423236803488,-0.0149922723983746,-0.005));
#8982=CARTESIAN_POINT('',(0.000481423236803488,-0.0149922723983746,-0.005));
#8983=CARTESIAN_POINT('',(0.00122382778782722,-0.0121695078311391,-0.005));
#8984=CARTESIAN_POINT('',(0.00122382778782722,-0.0121695078311391,8.67361737988404E-19));
#8985=CARTESIAN_POINT('',(0.00123542890487975,-0.0122844950068871,-0.005));
#8986=CARTESIAN_POINT('',(0.00123542890487975,-0.0122844950068871,8.67361737988404E-19));
#8987=CARTESIAN_POINT('',(0.00125588863678126,-0.0124879821660223,-0.005));
#8988=CARTESIAN_POINT('',(0.00125588863678126,-0.0124879821660223,-1.73472347597681E-18));
#8989=CARTESIAN_POINT('',(0.00127135737564215,-0.0126440633073391,-0.005));
#8990=CARTESIAN_POINT('',(0.00127135737564215,-0.0126440633073391,2.60208521396521E-18));
#8991=CARTESIAN_POINT('',(0.00127017191585808,-0.0126420710134977,-0.005));
#8992=CARTESIAN_POINT('',(0.00127017191585808,-0.0126420710134977,0.));
#8993=CARTESIAN_POINT('',(0.00127193618875317,-0.012708697873844,-0.005));
#8994=CARTESIAN_POINT('',(0.00127193618875317,-0.012708697873844,1.73472347597681E-18));
#8995=CARTESIAN_POINT('',(0.00126837412346526,-0.0127916298639154,-0.005));
#8996=CARTESIAN_POINT('',(0.00126837412346526,-0.0127916298639154,3.46944695195361E-18));
#8997=CARTESIAN_POINT('',(0.00125353695187688,-0.0129585303311932,-0.005));
#8998=CARTESIAN_POINT('',(0.00125353695187688,-0.0129585303311932,-2.60208521396521E-18));
#8999=CARTESIAN_POINT('',(0.00121479644878214,-0.0131971549785963,-0.005));
#9000=CARTESIAN_POINT('',(0.00121479644878214,-0.0131971549785963,3.46944695195361E-18));
#9001=CARTESIAN_POINT('',(0.00113539337701188,-0.0135195646370976,-0.005));
#9002=CARTESIAN_POINT('',(0.00113539337701188,-0.0135195646370976,8.67361737988404E-19));
#9003=CARTESIAN_POINT('',(0.00102266388458485,-0.0138662060308357,-0.005));
#9004=CARTESIAN_POINT('',(0.00102266388458485,-0.0138662060308357,0.));
#9005=CARTESIAN_POINT('',(0.000828105874614215,-0.0143519616595759,-0.005));
#9006=CARTESIAN_POINT('',(0.000828105874614215,-0.0143519616595759,8.67361737988404E-19));
#9007=CARTESIAN_POINT('',(0.000632997825244569,-0.0147344401667162,-0.005));
#9008=CARTESIAN_POINT('',(0.000632997825244569,-0.0147344401667162,8.67361737988404E-19));
#9009=CARTESIAN_POINT('',(0.000481423236803488,-0.0149922723983746,-0.005));
#9010=CARTESIAN_POINT('',(0.000481423236803488,-0.0149922723983746,8.67361737988404E-19));
#9011=CARTESIAN_POINT('',(0.00116287852898962,-0.0115666909065132,-0.005));
#9012=CARTESIAN_POINT('',(0.00121384739608098,-0.0120703431204478,-0.005));
#9013=CARTESIAN_POINT('',(0.00126912838655577,-0.0126166058653351,-0.005));
#9014=CARTESIAN_POINT('',(0.00126968024360841,-0.0126314519908717,-0.005));
#9015=CARTESIAN_POINT('',(0.00127048401905661,-0.0126459253753761,-0.005));
#9016=CARTESIAN_POINT('',(0.00127096128443887,-0.012663037042054,-0.005));
#9017=CARTESIAN_POINT('',(0.00127121311694148,-0.0126860742947072,-0.005));
#9018=CARTESIAN_POINT('',(0.00127093359866903,-0.0127139170714693,-0.005));
#9019=CARTESIAN_POINT('',(0.00126995258849118,-0.0127469057601204,-0.005));
#9020=CARTESIAN_POINT('',(0.00126805747122629,-0.0127849114708625,-0.005));
#9021=CARTESIAN_POINT('',(0.00126504932695686,-0.0128279417165387,-0.005));
#9022=CARTESIAN_POINT('',(0.00126072597388276,-0.0128759552574484,-0.005));
#9023=CARTESIAN_POINT('',(0.00125488725222362,-0.0129289175079779,-0.005));
#9024=CARTESIAN_POINT('',(0.00124733367138828,-0.0129867841803916,-0.005));
#9025=CARTESIAN_POINT('',(0.00123786701156938,-0.0130495060788505,-0.005));
#9026=CARTESIAN_POINT('',(0.00122629035552432,-0.0131170277433102,-0.005));
#9027=CARTESIAN_POINT('',(0.00121240828420609,-0.0131892878784088,-0.005));
#9028=CARTESIAN_POINT('',(0.00119602702439944,-0.0132662192769259,-0.005));
#9029=CARTESIAN_POINT('',(0.00117695460890318,-0.0133477488933559,-0.005));
#9030=CARTESIAN_POINT('',(0.00115500103184425,-0.0134337978803935,-0.005));
#9031=CARTESIAN_POINT('',(0.00112997840400782,-0.0135242816411898,-0.005));
#9032=CARTESIAN_POINT('',(0.00110170110637917,-0.0136191098823396,-0.005));
#9033=CARTESIAN_POINT('',(0.00106998594344311,-0.0137181866715906,-0.005));
#9034=CARTESIAN_POINT('',(0.0010346522911896,-0.0138214104996328,-0.005));
#9035=CARTESIAN_POINT('',(0.000995522258524601,-0.0139286743439275,-0.005));
#9036=CARTESIAN_POINT('',(0.000952420789515363,-0.0140398657434139,-0.005));
#9037=CARTESIAN_POINT('',(0.000905175985909683,-0.0141548668494456,-0.005));
#9038=CARTESIAN_POINT('',(0.000853618573175509,-0.0142735545862894,-0.005));
#9039=CARTESIAN_POINT('',(0.000797584651703895,-0.0143958004080379,-0.005));
#9040=CARTESIAN_POINT('',(0.000736905819332824,-0.0145214716233909,-0.005));
#9041=CARTESIAN_POINT('',(0.000671447743939619,-0.014650426721403,-0.005));
#9042=CARTESIAN_POINT('',(0.000600962995035652,-0.0147825337113029,-0.005));
#9043=CARTESIAN_POINT('',(0.000537234593353059,-0.0148968324272081,-0.005));
#9044=CARTESIAN_POINT('',(0.000496189249528946,-0.0149671550350167,-0.005));
#9045=CARTESIAN_POINT('',(0.000481423236803488,-0.0149922723983746,-0.005));
#9046=CARTESIAN_POINT('',(0.00122382778915138,-0.0121695078442638,-0.005));
#9047=CARTESIAN_POINT('',(0.00122382778915138,-0.0121695078442638,0.));
#9048=CARTESIAN_POINT('',(0.00184215774752619,-0.0121071242073387,-0.0025));
#9049=CARTESIAN_POINT('',(0.00184215774752619,-0.0121071242073387,-0.005));
#9050=CARTESIAN_POINT('',(0.,4.34137290297736E-18,-0.005));
#9051=CARTESIAN_POINT('',(0.,-3.06161699786838E-19,-0.005));
#9052=CARTESIAN_POINT('',(-0.005,-3.06161699786838E-19,-0.005));
#9053=CARTESIAN_POINT('',(0.,-3.06161699786838E-19,0.24424579197218));
#9054=CARTESIAN_POINT('',(0.,-3.06161699786838E-19,0.001));
#9055=CARTESIAN_POINT('',(0.005,-3.06161699786838E-19,0.001));
#9056=CARTESIAN_POINT('',(6.93889390390723E-18,0.015,0.123));
#9057=CARTESIAN_POINT('',(0.004,0.015,0.123));
#9058=CARTESIAN_POINT('',(-0.053,0.015,0.123));
#9059=CARTESIAN_POINT('',(0.,-0.015,0.123));
#9060=CARTESIAN_POINT('',(0.004,-0.015,0.123));
#9061=CARTESIAN_POINT('',(-0.053,-0.015,0.123));
#9062=CARTESIAN_POINT('',(0.,4.02908796919479E-18,-0.24624579197218));
#9063=CARTESIAN_POINT('',(0.194245791972181,0.025,0.04065));
#9064=CARTESIAN_POINT('',(0.004,0.025,0.0783));
#9065=CARTESIAN_POINT('',(0.004,0.025,0.005));
#9066=CARTESIAN_POINT('',(0.004,0.025,0.0763));
#9067=CARTESIAN_POINT('',(-0.055,0.025,0.0763));
#9068=CARTESIAN_POINT('',(-0.053,0.025,0.0763));
#9069=CARTESIAN_POINT('',(-0.053,0.025,0.04065));
#9070=CARTESIAN_POINT('',(-0.053,0.025,0.005));
#9071=CARTESIAN_POINT('',(0.194245791972181,0.025,0.005));
#9072=CARTESIAN_POINT('',(0.194245791972181,-0.025,0.04065));
#9073=CARTESIAN_POINT('',(-0.053,-0.025,0.0783));
#9074=CARTESIAN_POINT('',(-0.053,-0.025,0.005));
#9075=CARTESIAN_POINT('',(-0.053,-0.025,0.0763));
#9076=CARTESIAN_POINT('',(0.194245791972181,-0.025,0.0763));
#9077=CARTESIAN_POINT('',(0.004,-0.025,0.0763));
#9078=CARTESIAN_POINT('',(0.004,-0.025,0.04065));
#9079=CARTESIAN_POINT('',(0.004,-0.025,0.005));
#9080=CARTESIAN_POINT('',(-0.055,-0.025,0.005));
#9081=CARTESIAN_POINT('',(0.,-3.06161699786838E-19,0.001));
#9082=CARTESIAN_POINT('',(-0.053,1.05074679116309E-17,0.141));
#9083=CARTESIAN_POINT('',(-0.053,0.015,0.141));
#9084=CARTESIAN_POINT('',(-0.053,-0.015,0.141));
#9085=CARTESIAN_POINT('',(-0.053,-0.015,0.123));
#9086=CARTESIAN_POINT('',(-0.053,-0.033,0.123));
#9087=CARTESIAN_POINT('',(0.,-3.06161699786838E-19,0.141));
#9088=CARTESIAN_POINT('',(0.004,-0.00574456264653803,0.143));
#9089=CARTESIAN_POINT('',(0.00446371278687778,-0.00485594324789553,0.143));
#9090=CARTESIAN_POINT('',(0.0052189683300113,-0.00299079737163716,0.142677760909261));
#9091=CARTESIAN_POINT('',(0.00556966026928581,-0.000532344896169792,0.142236839632847));
#9092=CARTESIAN_POINT('',(0.00543077711751894,0.00150453150301094,0.142406809630622));
#9093=CARTESIAN_POINT('',(0.00503700589491151,0.00343520696773785,0.142757081030728));
#9094=CARTESIAN_POINT('',(0.00446371278687861,0.00485594324789597,0.143));
#9095=CARTESIAN_POINT('',(0.004,0.00574456264653803,0.143));
#9096=CARTESIAN_POINT('',(-0.053,0.015,0.123));
#9097=CARTESIAN_POINT('',(-0.053,0.033,0.123));
#9098=CARTESIAN_POINT('',(-0.053,-0.033,0.143));
#9099=CARTESIAN_POINT('',(-0.053,-0.033,0.005));
#9100=CARTESIAN_POINT('',(0.004,4.16333634234433E-18,0.141));
#9101=CARTESIAN_POINT('',(0.004,-0.015,0.141));
#9102=CARTESIAN_POINT('',(0.004,0.015,0.141));
#9103=CARTESIAN_POINT('',(-0.053,0.033,0.143));
#9104=CARTESIAN_POINT('',(-0.053,0.033,0.005));
#9105=CARTESIAN_POINT('',(-0.053,-0.033,0.005));
#9106=CARTESIAN_POINT('',(-0.053,-0.037,0.005));
#9107=CARTESIAN_POINT('',(-0.057,-0.033,0.005));
#9108=CARTESIAN_POINT('',(0.004,-0.015,0.123));
#9109=CARTESIAN_POINT('',(0.004,-0.033,0.123));
#9110=CARTESIAN_POINT('',(0.004,0.015,0.123));
#9111=CARTESIAN_POINT('',(0.004,0.033,0.123));
#9112=CARTESIAN_POINT('',(-0.053,0.033,0.005));
#9113=CARTESIAN_POINT('',(-0.057,0.033,0.005));
#9114=CARTESIAN_POINT('',(-0.053,0.037,0.005));
#9115=CARTESIAN_POINT('',(-0.057,6.34413156928661E-18,0.005));
#9116=CARTESIAN_POINT('',(-0.057,-0.027,0.005));
#9117=CARTESIAN_POINT('',(-6.93889390390723E-18,-0.037,0.005));
#9118=CARTESIAN_POINT('',(0.004,-0.037,0.005));
#9119=CARTESIAN_POINT('',(0.004,-0.033,0.143));
#9120=CARTESIAN_POINT('',(0.004,-0.033,0.005));
#9121=CARTESIAN_POINT('',(0.004,0.033,0.143));
#9122=CARTESIAN_POINT('',(0.004,0.033,0.005));
#9123=CARTESIAN_POINT('',(0.,0.037,0.005));
#9124=CARTESIAN_POINT('',(0.004,0.037,0.005));
#9125=CARTESIAN_POINT('',(-0.057,6.34413156928661E-18,0.005));
#9126=CARTESIAN_POINT('',(-0.057,0.027,0.005));
#9127=CARTESIAN_POINT('',(-0.053,-0.027,0.005));
#9128=CARTESIAN_POINT('',(-0.053,-0.027,0.005));
#9129=CARTESIAN_POINT('',(-0.053,-0.023,0.005));
#9130=CARTESIAN_POINT('',(0.004,-0.033,0.005));
#9131=CARTESIAN_POINT('',(0.008,-0.033,0.005));
#9132=CARTESIAN_POINT('',(0.004,0.033,0.005));
#9133=CARTESIAN_POINT('',(0.008,0.033,0.005));
#9134=CARTESIAN_POINT('',(-0.053,0.027,0.005));
#9135=CARTESIAN_POINT('',(-0.053,0.023,0.005));
#9136=CARTESIAN_POINT('',(-0.053,0.027,0.005));
#9137=CARTESIAN_POINT('',(-0.053,-0.027,0.143));
#9138=CARTESIAN_POINT('',(-0.053,-0.027,0.0763));
#9139=CARTESIAN_POINT('',(0.194245791972181,-0.023,0.005));
#9140=CARTESIAN_POINT('',(0.004,-0.023,0.005));
#9141=CARTESIAN_POINT('',(0.008,-1.58603289232165E-18,0.005));
#9142=CARTESIAN_POINT('',(0.008,-0.027,0.005));
#9143=CARTESIAN_POINT('',(0.008,-1.58603289232165E-18,0.005));
#9144=CARTESIAN_POINT('',(0.008,0.027,0.005));
#9145=CARTESIAN_POINT('',(4.55984456542475E-18,0.023,0.005));
#9146=CARTESIAN_POINT('',(0.004,0.023,0.005));
#9147=CARTESIAN_POINT('',(-0.053,0.027,0.04065));
#9148=CARTESIAN_POINT('',(-0.053,0.027,0.0763));
#9149=CARTESIAN_POINT('',(-0.053,0.02005,0.0803));
#9150=CARTESIAN_POINT('',(-0.053,-0.023,0.0803));
#9151=CARTESIAN_POINT('',(-0.053,0.023,0.0803));
#9152=CARTESIAN_POINT('',(-0.053,-0.023,0.0763));
#9153=CARTESIAN_POINT('',(-0.053,-0.023,0.0763));
#9154=CARTESIAN_POINT('',(0.004,-0.027,0.005));
#9155=CARTESIAN_POINT('',(0.004,-0.027,0.005));
#9156=CARTESIAN_POINT('',(0.004,0.027,0.005));
#9157=CARTESIAN_POINT('',(0.004,0.027,0.005));
#9158=CARTESIAN_POINT('',(-0.053,0.023,0.0763));
#9159=CARTESIAN_POINT('',(-0.053,0.023,0.0763));
#9160=CARTESIAN_POINT('',(0.194245791972181,-0.023,0.0763));
#9161=CARTESIAN_POINT('',(0.004,-0.023,0.0763));
#9162=CARTESIAN_POINT('',(0.004,-0.027,0.143));
#9163=CARTESIAN_POINT('',(0.004,-0.027,0.0763));
#9164=CARTESIAN_POINT('',(0.004,0.027,0.04065));
#9165=CARTESIAN_POINT('',(0.004,0.027,0.0763));
#9166=CARTESIAN_POINT('',(0.194245791972181,0.023,0.0763));
#9167=CARTESIAN_POINT('',(0.004,0.023,0.0763));
#9168=CARTESIAN_POINT('',(0.004,-0.023,0.0763));
#9169=CARTESIAN_POINT('',(0.004,-0.023,0.0803));
#9170=CARTESIAN_POINT('',(0.004,0.023,0.0763));
#9171=CARTESIAN_POINT('',(0.004,0.023,0.0803));
#9172=CARTESIAN_POINT('',(0.004,0.02005,0.0803));
#9173=CARTESIAN_POINT('',(0.004,0.00574456264653803,0.0783));
#9174=CARTESIAN_POINT('',(0.00446371278687737,0.00485594324789531,0.0783));
#9175=CARTESIAN_POINT('',(0.00521896833001152,0.00299079737163725,0.0786222390907387));
#9176=CARTESIAN_POINT('',(0.00556966026928574,0.000532344896169785,0.0790631603671528));
#9177=CARTESIAN_POINT('',(0.00543077711751903,-0.00150453150301094,0.0788931903693785));
#9178=CARTESIAN_POINT('',(0.00503700589491107,-0.0034352069677376,0.0785429189692723));
#9179=CARTESIAN_POINT('',(0.00446371278688062,-0.00485594324789701,0.0783));
#9180=CARTESIAN_POINT('',(0.004,-0.00574456264653803,0.0783));
#9181=CARTESIAN_POINT('',(0.,-3.06161699786838E-19,0.0803));
#9182=CARTESIAN_POINT('',(-0.0371,5.10111754816942E-18,0.379868272954936));
#9183=CARTESIAN_POINT('',(-0.0371,5.10111754816942E-18,0.142));
#9184=CARTESIAN_POINT('',(-0.052,-0.005,0.086));
#9185=CARTESIAN_POINT('',(-0.051,-0.005,0.086));
#9186=CARTESIAN_POINT('',(-0.051,-0.0072,0.086));
#9187=CARTESIAN_POINT('',(-0.0479,-0.005,0.086));
#9188=CARTESIAN_POINT('',(-0.0479,-0.0072,0.086));
#9189=CARTESIAN_POINT('',(-0.052,0.005,0.086));
#9190=CARTESIAN_POINT('',(-0.051,0.005,0.086));
#9191=CARTESIAN_POINT('',(-0.051,0.0028,0.086));
#9192=CARTESIAN_POINT('',(-0.0479,0.005,0.086));
#9193=CARTESIAN_POINT('',(-0.0479,0.0028,0.086));
#9194=CARTESIAN_POINT('',(-0.052,3.37031989618351E-18,0.073));
#9195=CARTESIAN_POINT('',(-0.052,-0.005,0.086));
#9196=CARTESIAN_POINT('',(-0.052,0.005,0.086));
#9197=CARTESIAN_POINT('',(-0.0479,6.02692499082228E-18,0.1106));
#9198=CARTESIAN_POINT('',(-0.0479,6.02692499082228E-18,0.1106));
#9199=CARTESIAN_POINT('',(-0.052,-0.005,0.1355));
#9200=CARTESIAN_POINT('',(-0.051,-0.005,0.1355));
#9201=CARTESIAN_POINT('',(-0.051,-0.0072,0.1355));
#9202=CARTESIAN_POINT('',(-0.0479,-0.005,0.1355));
#9203=CARTESIAN_POINT('',(-0.0479,-0.0072,0.1355));
#9204=CARTESIAN_POINT('',(-0.052,0.005,0.1355));
#9205=CARTESIAN_POINT('',(-0.051,0.005,0.1355));
#9206=CARTESIAN_POINT('',(-0.051,0.0028,0.1355));
#9207=CARTESIAN_POINT('',(-0.0479,0.005,0.1355));
#9208=CARTESIAN_POINT('',(-0.0479,0.0028,0.1355));
#9209=CARTESIAN_POINT('',(-0.052,3.37031989618351E-18,0.073));
#9210=CARTESIAN_POINT('',(-0.052,-0.005,0.1355));
#9211=CARTESIAN_POINT('',(-0.052,0.005,0.1355));
#9212=CARTESIAN_POINT('',(-0.0479,6.02692499082228E-18,0.1106));
#9213=CARTESIAN_POINT('',(-0.0479,6.02692499082228E-18,0.1106));
#9214=CARTESIAN_POINT('',(-0.0241,1.30847713616536E-18,0.11075));
#9215=CARTESIAN_POINT('',(-0.0241,1.30847713616536E-18,0.142));
#9216=CARTESIAN_POINT('',(-0.0122,0.0111,0.142));
#9217=CARTESIAN_POINT('',(-0.0381,0.0111,0.142));
#9218=CARTESIAN_POINT('',(-0.0231,0.0111,0.142));
#9219=CARTESIAN_POINT('',(-0.0231,1.11022302462516E-18,0.142));
#9220=CARTESIAN_POINT('',(-0.0231,-0.0111,0.142));
#9221=CARTESIAN_POINT('',(-0.0381,1.30877157296468E-17,0.142));
#9222=CARTESIAN_POINT('',(-0.0381,-0.0111,0.142));
#9223=CARTESIAN_POINT('',(-2.20062063809629E-18,-0.0111,0.142));
#9224=CARTESIAN_POINT('',(-0.051,-0.005,0.1355));
#9225=CARTESIAN_POINT('',(-0.051,0.005,0.1355));
#9226=CARTESIAN_POINT('',(-0.051,-0.005,0.086));
#9227=CARTESIAN_POINT('',(-0.051,0.005,0.086));
#9228=MECHANICAL_DESIGN_GEOMETRIC_PRESENTATION_REPRESENTATION('',(#3374),
#9229);
#9229=(
GEOMETRIC_REPRESENTATION_CONTEXT(3)
GLOBAL_UNCERTAINTY_ASSIGNED_CONTEXT((#9230))
GLOBAL_UNIT_ASSIGNED_CONTEXT((#9233,#9232,#9231))
REPRESENTATION_CONTEXT('Part 1','TOP_LEVEL_ASSEMBLY_PART')
);
#9230=UNCERTAINTY_MEASURE_WITH_UNIT(LENGTH_MEASURE(2.E-5),#9233,
'DISTANCE_ACCURACY_VALUE','Maximum Tolerance applied to model');
#9231=(
NAMED_UNIT(*)
SI_UNIT($,.STERADIAN.)
SOLID_ANGLE_UNIT()
);
#9232=(
NAMED_UNIT(*)
PLANE_ANGLE_UNIT()
SI_UNIT($,.RADIAN.)
);
#9233=(
LENGTH_UNIT()
NAMED_UNIT(*)
SI_UNIT($,.METRE.)
);
#9234=PRODUCT_DEFINITION_SHAPE('','',#9235);
#9235=PRODUCT_DEFINITION('','',#9237,#9236);
#9236=PRODUCT_DEFINITION_CONTEXT('',#9243,'design');
#9237=PRODUCT_DEFINITION_FORMATION_WITH_SPECIFIED_SOURCE('','',#9239,
 .NOT_KNOWN.);
#9238=PRODUCT_RELATED_PRODUCT_CATEGORY('','',(#9239));
#9239=PRODUCT('Part 1','Part 1','Part 1',(#9241));
#9240=PRODUCT_CATEGORY('','');
#9241=PRODUCT_CONTEXT('',#9243,'mechanical');
#9242=APPLICATION_PROTOCOL_DEFINITION('international standard',
'ap242_managed_model_based_3d_engineering',2020,#9243);
#9243=APPLICATION_CONTEXT('managed model based 3d engineering');
ENDSEC;
END-ISO-10303-21;
