ISO-10303-21;
HEADER;
/* Generated by software containing ST-Developer
 * from STEP Tools, Inc. (www.steptools.com) 
 */
/* OPTION: using custom renumber hook */

FILE_DESCRIPTION(
/* description */ ('STEP AP242 Edition 2',
'CAx-IF Rec.Pracs.---Representation and Presentation of Product Manufa
cturing Information (PMI)---4.0---2014-10-13',
'CAx-IF Rec.Pracs.---3D Tessellated Geometry---0.4---2014-09-14','2;1',
'CAx-IF Rec.Pracs.---User Defined Attributes---1.5---2016-08-15'),
/* implementation_level */ '2;1');

FILE_NAME(
/* name */ 'Claw',
/* time_stamp */ '2026-09-01T04:00:07Z',
/* author */ (''),
/* organization */ (''),
/* preprocessor_version */ 'ST-DEVELOPER v20',
/* originating_system */ 'ONSHAPE BY PTC INC, 1.220',
/* authorisation */ '  ');

FILE_SCHEMA (('AP242_MANAGED_MODEL_BASED_3D_ENGINEERING_MIM_LF { 1 0 10303 442 3 1 4 }'));
ENDSEC;

DATA;
#10=SHAPE_REPRESENTATION_RELATIONSHIP('','',#1688,#11);
#11=ADVANCED_BREP_SHAPE_REPRESENTATION('',(#1686),#6904);
#12=CYLINDRICAL_SURFACE('',#1754,0.00175);
#13=CYLINDRICAL_SURFACE('',#1755,0.00175);
#14=B_SPLINE_SURFACE_WITH_KNOTS('',5,1,((#2789,#2790),(#2791,#2792),(#2793,
#2794),(#2795,#2796),(#2797,#2798),(#2799,#2800),(#2801,#2802),(#2803,#2804)),
 .SURF_OF_LINEAR_EXTRUSION.,.F.,.F.,.F.,(6,2,6),(2,2),(0.,0.5,1.),(0.,1.),
 .UNSPECIFIED.);
#15=B_SPLINE_SURFACE_WITH_KNOTS('',5,1,((#2917,#2918),(#2919,#2920),(#2921,
#2922),(#2923,#2924),(#2925,#2926),(#2927,#2928),(#2929,#2930),(#2931,#2932)),
 .SURF_OF_LINEAR_EXTRUSION.,.F.,.F.,.F.,(6,2,6),(2,2),(0.,0.5,1.),(0.,1.),
 .UNSPECIFIED.);
#16=B_SPLINE_SURFACE_WITH_KNOTS('',5,1,((#2955,#2956),(#2957,#2958),(#2959,
#2960),(#2961,#2962),(#2963,#2964),(#2965,#2966),(#2967,#2968),(#2969,#2970)),
 .SURF_OF_LINEAR_EXTRUSION.,.F.,.F.,.F.,(6,2,6),(2,2),(0.,0.5,1.),(0.,1.),
 .UNSPECIFIED.);
#17=B_SPLINE_SURFACE_WITH_KNOTS('',5,1,((#2993,#2994),(#2995,#2996),(#2997,
#2998),(#2999,#3000),(#3001,#3002),(#3003,#3004),(#3005,#3006),(#3007,#3008)),
 .SURF_OF_LINEAR_EXTRUSION.,.F.,.F.,.F.,(6,2,6),(2,2),(0.,0.5,1.),(0.,1.),
 .UNSPECIFIED.);
#18=B_SPLINE_SURFACE_WITH_KNOTS('',5,1,((#3031,#3032),(#3033,#3034),(#3035,
#3036),(#3037,#3038),(#3039,#3040),(#3041,#3042),(#3043,#3044),(#3045,#3046)),
 .SURF_OF_LINEAR_EXTRUSION.,.F.,.F.,.F.,(6,2,6),(2,2),(0.,0.5,1.),(0.,1.),
 .UNSPECIFIED.);
#19=B_SPLINE_SURFACE_WITH_KNOTS('',3,1,((#3052,#3053),(#3054,#3055),(#3056,
#3057),(#3058,#3059),(#3060,#3061),(#3062,#3063),(#3064,#3065)),
 .SURF_OF_LINEAR_EXTRUSION.,.F.,.F.,.F.,(4,1,1,1,4),(2,2),(0.255847959238535,
0.441885969428901,0.627923979619267,0.813961989809634,1.),(0.,1.),
 .UNSPECIFIED.);
#20=B_SPLINE_SURFACE_WITH_KNOTS('',5,1,((#3071,#3072),(#3073,#3074),(#3075,
#3076),(#3077,#3078),(#3079,#3080),(#3081,#3082),(#3083,#3084),(#3085,#3086)),
 .SURF_OF_LINEAR_EXTRUSION.,.F.,.F.,.F.,(6,2,6),(2,2),(0.,0.5,1.),(0.,1.),
 .UNSPECIFIED.);
#21=B_SPLINE_SURFACE_WITH_KNOTS('',3,1,((#3092,#3093),(#3094,#3095),(#3096,
#3097),(#3098,#3099),(#3100,#3101),(#3102,#3103),(#3104,#3105)),
 .SURF_OF_LINEAR_EXTRUSION.,.F.,.F.,.F.,(4,1,1,1,4),(2,2),(0.255847959238534,
0.441885969428905,0.627923979619275,0.813961989809646,1.00000000000002),
(0.,1.),.UNSPECIFIED.);
#22=B_SPLINE_SURFACE_WITH_KNOTS('',5,1,((#3111,#3112),(#3113,#3114),(#3115,
#3116),(#3117,#3118),(#3119,#3120),(#3121,#3122),(#3123,#3124),(#3125,#3126)),
 .SURF_OF_LINEAR_EXTRUSION.,.F.,.F.,.F.,(6,2,6),(2,2),(0.,0.5,1.),(0.,1.),
 .UNSPECIFIED.);
#23=B_SPLINE_SURFACE_WITH_KNOTS('',3,3,((#3134,#3135,#3136,#3137,#3138,
#3139,#3140,#3141,#3142,#3143,#3144,#3145,#3146,#3147,#3148,#3149,#3150,
#3151,#3152),(#3153,#3154,#3155,#3156,#3157,#3158,#3159,#3160,#3161,#3162,
#3163,#3164,#3165,#3166,#3167,#3168,#3169,#3170,#3171),(#3172,#3173,#3174,
#3175,#3176,#3177,#3178,#3179,#3180,#3181,#3182,#3183,#3184,#3185,#3186,
#3187,#3188,#3189,#3190),(#3191,#3192,#3193,#3194,#3195,#3196,#3197,#3198,
#3199,#3200,#3201,#3202,#3203,#3204,#3205,#3206,#3207,#3208,#3209),(#3210,
#3211,#3212,#3213,#3214,#3215,#3216,#3217,#3218,#3219,#3220,#3221,#3222,
#3223,#3224,#3225,#3226,#3227,#3228),(#3229,#3230,#3231,#3232,#3233,#3234,
#3235,#3236,#3237,#3238,#3239,#3240,#3241,#3242,#3243,#3244,#3245,#3246,
#3247),(#3248,#3249,#3250,#3251,#3252,#3253,#3254,#3255,#3256,#3257,#3258,
#3259,#3260,#3261,#3262,#3263,#3264,#3265,#3266),(#3267,#3268,#3269,#3270,
#3271,#3272,#3273,#3274,#3275,#3276,#3277,#3278,#3279,#3280,#3281,#3282,
#3283,#3284,#3285),(#3286,#3287,#3288,#3289,#3290,#3291,#3292,#3293,#3294,
#3295,#3296,#3297,#3298,#3299,#3300,#3301,#3302,#3303,#3304),(#3305,#3306,
#3307,#3308,#3309,#3310,#3311,#3312,#3313,#3314,#3315,#3316,#3317,#3318,
#3319,#3320,#3321,#3322,#3323),(#3324,#3325,#3326,#3327,#3328,#3329,#3330,
#3331,#3332,#3333,#3334,#3335,#3336,#3337,#3338,#3339,#3340,#3341,#3342),
(#3343,#3344,#3345,#3346,#3347,#3348,#3349,#3350,#3351,#3352,#3353,#3354,
#3355,#3356,#3357,#3358,#3359,#3360,#3361),(#3362,#3363,#3364,#3365,#3366,
#3367,#3368,#3369,#3370,#3371,#3372,#3373,#3374,#3375,#3376,#3377,#3378,
#3379,#3380),(#3381,#3382,#3383,#3384,#3385,#3386,#3387,#3388,#3389,#3390,
#3391,#3392,#3393,#3394,#3395,#3396,#3397,#3398,#3399),(#3400,#3401,#3402,
#3403,#3404,#3405,#3406,#3407,#3408,#3409,#3410,#3411,#3412,#3413,#3414,
#3415,#3416,#3417,#3418),(#3419,#3420,#3421,#3422,#3423,#3424,#3425,#3426,
#3427,#3428,#3429,#3430,#3431,#3432,#3433,#3434,#3435,#3436,#3437),(#3438,
#3439,#3440,#3441,#3442,#3443,#3444,#3445,#3446,#3447,#3448,#3449,#3450,
#3451,#3452,#3453,#3454,#3455,#3456),(#3457,#3458,#3459,#3460,#3461,#3462,
#3463,#3464,#3465,#3466,#3467,#3468,#3469,#3470,#3471,#3472,#3473,#3474,
#3475),(#3476,#3477,#3478,#3479,#3480,#3481,#3482,#3483,#3484,#3485,#3486,
#3487,#3488,#3489,#3490,#3491,#3492,#3493,#3494),(#3495,#3496,#3497,#3498,
#3499,#3500,#3501,#3502,#3503,#3504,#3505,#3506,#3507,#3508,#3509,#3510,
#3511,#3512,#3513),(#3514,#3515,#3516,#3517,#3518,#3519,#3520,#3521,#3522,
#3523,#3524,#3525,#3526,#3527,#3528,#3529,#3530,#3531,#3532),(#3533,#3534,
#3535,#3536,#3537,#3538,#3539,#3540,#3541,#3542,#3543,#3544,#3545,#3546,
#3547,#3548,#3549,#3550,#3551)),.UNSPECIFIED.,.F.,.F.,.F.,(4,2,2,2,2,2,
2,2,2,2,4),(4,1,2,2,1,1,1,1,1,2,2,1,4),(0.,0.0625,0.125,0.25,0.375,0.5,
0.625,0.75,0.875,0.9375,1.),(0.,0.000700694650957283,0.00140138930191457,
0.00210208395287185,0.00280277860382913,0.0042041679057437,0.00560555720765826,
0.00700694650957282,0.00840833581148739,0.00910903046244467,0.00980972511340196,
0.0105104197643592,0.0112111144153165),.UNSPECIFIED.);
#24=B_SPLINE_SURFACE_WITH_KNOTS('',5,1,((#3559,#3560),(#3561,#3562),(#3563,
#3564),(#3565,#3566),(#3567,#3568),(#3569,#3570),(#3571,#3572),(#3573,#3574)),
 .SURF_OF_LINEAR_EXTRUSION.,.F.,.F.,.F.,(6,2,6),(2,2),(0.,0.5,1.),(0.,1.),
 .UNSPECIFIED.);
#25=B_SPLINE_SURFACE_WITH_KNOTS('',3,3,((#3582,#3583,#3584,#3585,#3586,
#3587,#3588,#3589,#3590,#3591,#3592,#3593,#3594,#3595,#3596,#3597,#3598,
#3599,#3600,#3601,#3602),(#3603,#3604,#3605,#3606,#3607,#3608,#3609,#3610,
#3611,#3612,#3613,#3614,#3615,#3616,#3617,#3618,#3619,#3620,#3621,#3622,
#3623),(#3624,#3625,#3626,#3627,#3628,#3629,#3630,#3631,#3632,#3633,#3634,
#3635,#3636,#3637,#3638,#3639,#3640,#3641,#3642,#3643,#3644),(#3645,#3646,
#3647,#3648,#3649,#3650,#3651,#3652,#3653,#3654,#3655,#3656,#3657,#3658,
#3659,#3660,#3661,#3662,#3663,#3664,#3665),(#3666,#3667,#3668,#3669,#3670,
#3671,#3672,#3673,#3674,#3675,#3676,#3677,#3678,#3679,#3680,#3681,#3682,
#3683,#3684,#3685,#3686),(#3687,#3688,#3689,#3690,#3691,#3692,#3693,#3694,
#3695,#3696,#3697,#3698,#3699,#3700,#3701,#3702,#3703,#3704,#3705,#3706,
#3707),(#3708,#3709,#3710,#3711,#3712,#3713,#3714,#3715,#3716,#3717,#3718,
#3719,#3720,#3721,#3722,#3723,#3724,#3725,#3726,#3727,#3728),(#3729,#3730,
#3731,#3732,#3733,#3734,#3735,#3736,#3737,#3738,#3739,#3740,#3741,#3742,
#3743,#3744,#3745,#3746,#3747,#3748,#3749),(#3750,#3751,#3752,#3753,#3754,
#3755,#3756,#3757,#3758,#3759,#3760,#3761,#3762,#3763,#3764,#3765,#3766,
#3767,#3768,#3769,#3770),(#3771,#3772,#3773,#3774,#3775,#3776,#3777,#3778,
#3779,#3780,#3781,#3782,#3783,#3784,#3785,#3786,#3787,#3788,#3789,#3790,
#3791),(#3792,#3793,#3794,#3795,#3796,#3797,#3798,#3799,#3800,#3801,#3802,
#3803,#3804,#3805,#3806,#3807,#3808,#3809,#3810,#3811,#3812),(#3813,#3814,
#3815,#3816,#3817,#3818,#3819,#3820,#3821,#3822,#3823,#3824,#3825,#3826,
#3827,#3828,#3829,#3830,#3831,#3832,#3833),(#3834,#3835,#3836,#3837,#3838,
#3839,#3840,#3841,#3842,#3843,#3844,#3845,#3846,#3847,#3848,#3849,#3850,
#3851,#3852,#3853,#3854),(#3855,#3856,#3857,#3858,#3859,#3860,#3861,#3862,
#3863,#3864,#3865,#3866,#3867,#3868,#3869,#3870,#3871,#3872,#3873,#3874,
#3875),(#3876,#3877,#3878,#3879,#3880,#3881,#3882,#3883,#3884,#3885,#3886,
#3887,#3888,#3889,#3890,#3891,#3892,#3893,#3894,#3895,#3896),(#3897,#3898,
#3899,#3900,#3901,#3902,#3903,#3904,#3905,#3906,#3907,#3908,#3909,#3910,
#3911,#3912,#3913,#3914,#3915,#3916,#3917),(#3918,#3919,#3920,#3921,#3922,
#3923,#3924,#3925,#3926,#3927,#3928,#3929,#3930,#3931,#3932,#3933,#3934,
#3935,#3936,#3937,#3938),(#3939,#3940,#3941,#3942,#3943,#3944,#3945,#3946,
#3947,#3948,#3949,#3950,#3951,#3952,#3953,#3954,#3955,#3956,#3957,#3958,
#3959),(#3960,#3961,#3962,#3963,#3964,#3965,#3966,#3967,#3968,#3969,#3970,
#3971,#3972,#3973,#3974,#3975,#3976,#3977,#3978,#3979,#3980),(#3981,#3982,
#3983,#3984,#3985,#3986,#3987,#3988,#3989,#3990,#3991,#3992,#3993,#3994,
#3995,#3996,#3997,#3998,#3999,#4000,#4001),(#4002,#4003,#4004,#4005,#4006,
#4007,#4008,#4009,#4010,#4011,#4012,#4013,#4014,#4015,#4016,#4017,#4018,
#4019,#4020,#4021,#4022),(#4023,#4024,#4025,#4026,#4027,#4028,#4029,#4030,
#4031,#4032,#4033,#4034,#4035,#4036,#4037,#4038,#4039,#4040,#4041,#4042,
#4043)),.UNSPECIFIED.,.F.,.F.,.F.,(4,2,2,2,2,2,2,2,2,2,4),(4,1,2,2,1,1,
1,1,1,1,1,2,2,1,4),(0.,0.0625,0.125,0.25,0.375,0.5,0.625,0.75,0.875,0.9375,
1.),(0.,0.0006206380378478,0.0009309570567717,0.0012412760756956,0.0015515950946195,
0.0018619141135434,0.0021722331324673,0.0024825521513912,0.0027928711703151,
0.003103190189239,0.0034135092081629,0.0037238282270868,0.00387898773654875,
0.0043444662649346,0.0049651043027824),.UNSPECIFIED.);
#26=B_SPLINE_SURFACE_WITH_KNOTS('',5,1,((#4051,#4052),(#4053,#4054),(#4055,
#4056),(#4057,#4058),(#4059,#4060),(#4061,#4062),(#4063,#4064),(#4065,#4066)),
 .SURF_OF_LINEAR_EXTRUSION.,.F.,.F.,.F.,(6,2,6),(2,2),(0.,0.5,1.),(0.,1.),
 .UNSPECIFIED.);
#27=B_SPLINE_SURFACE_WITH_KNOTS('',3,3,((#4074,#4075,#4076,#4077,#4078,
#4079,#4080,#4081,#4082,#4083,#4084,#4085,#4086,#4087,#4088,#4089,#4090,
#4091,#4092,#4093,#4094),(#4095,#4096,#4097,#4098,#4099,#4100,#4101,#4102,
#4103,#4104,#4105,#4106,#4107,#4108,#4109,#4110,#4111,#4112,#4113,#4114,
#4115),(#4116,#4117,#4118,#4119,#4120,#4121,#4122,#4123,#4124,#4125,#4126,
#4127,#4128,#4129,#4130,#4131,#4132,#4133,#4134,#4135,#4136),(#4137,#4138,
#4139,#4140,#4141,#4142,#4143,#4144,#4145,#4146,#4147,#4148,#4149,#4150,
#4151,#4152,#4153,#4154,#4155,#4156,#4157),(#4158,#4159,#4160,#4161,#4162,
#4163,#4164,#4165,#4166,#4167,#4168,#4169,#4170,#4171,#4172,#4173,#4174,
#4175,#4176,#4177,#4178),(#4179,#4180,#4181,#4182,#4183,#4184,#4185,#4186,
#4187,#4188,#4189,#4190,#4191,#4192,#4193,#4194,#4195,#4196,#4197,#4198,
#4199),(#4200,#4201,#4202,#4203,#4204,#4205,#4206,#4207,#4208,#4209,#4210,
#4211,#4212,#4213,#4214,#4215,#4216,#4217,#4218,#4219,#4220),(#4221,#4222,
#4223,#4224,#4225,#4226,#4227,#4228,#4229,#4230,#4231,#4232,#4233,#4234,
#4235,#4236,#4237,#4238,#4239,#4240,#4241),(#4242,#4243,#4244,#4245,#4246,
#4247,#4248,#4249,#4250,#4251,#4252,#4253,#4254,#4255,#4256,#4257,#4258,
#4259,#4260,#4261,#4262),(#4263,#4264,#4265,#4266,#4267,#4268,#4269,#4270,
#4271,#4272,#4273,#4274,#4275,#4276,#4277,#4278,#4279,#4280,#4281,#4282,
#4283),(#4284,#4285,#4286,#4287,#4288,#4289,#4290,#4291,#4292,#4293,#4294,
#4295,#4296,#4297,#4298,#4299,#4300,#4301,#4302,#4303,#4304),(#4305,#4306,
#4307,#4308,#4309,#4310,#4311,#4312,#4313,#4314,#4315,#4316,#4317,#4318,
#4319,#4320,#4321,#4322,#4323,#4324,#4325),(#4326,#4327,#4328,#4329,#4330,
#4331,#4332,#4333,#4334,#4335,#4336,#4337,#4338,#4339,#4340,#4341,#4342,
#4343,#4344,#4345,#4346),(#4347,#4348,#4349,#4350,#4351,#4352,#4353,#4354,
#4355,#4356,#4357,#4358,#4359,#4360,#4361,#4362,#4363,#4364,#4365,#4366,
#4367),(#4368,#4369,#4370,#4371,#4372,#4373,#4374,#4375,#4376,#4377,#4378,
#4379,#4380,#4381,#4382,#4383,#4384,#4385,#4386,#4387,#4388),(#4389,#4390,
#4391,#4392,#4393,#4394,#4395,#4396,#4397,#4398,#4399,#4400,#4401,#4402,
#4403,#4404,#4405,#4406,#4407,#4408,#4409),(#4410,#4411,#4412,#4413,#4414,
#4415,#4416,#4417,#4418,#4419,#4420,#4421,#4422,#4423,#4424,#4425,#4426,
#4427,#4428,#4429,#4430),(#4431,#4432,#4433,#4434,#4435,#4436,#4437,#4438,
#4439,#4440,#4441,#4442,#4443,#4444,#4445,#4446,#4447,#4448,#4449,#4450,
#4451),(#4452,#4453,#4454,#4455,#4456,#4457,#4458,#4459,#4460,#4461,#4462,
#4463,#4464,#4465,#4466,#4467,#4468,#4469,#4470,#4471,#4472),(#4473,#4474,
#4475,#4476,#4477,#4478,#4479,#4480,#4481,#4482,#4483,#4484,#4485,#4486,
#4487,#4488,#4489,#4490,#4491,#4492,#4493),(#4494,#4495,#4496,#4497,#4498,
#4499,#4500,#4501,#4502,#4503,#4504,#4505,#4506,#4507,#4508,#4509,#4510,
#4511,#4512,#4513,#4514),(#4515,#4516,#4517,#4518,#4519,#4520,#4521,#4522,
#4523,#4524,#4525,#4526,#4527,#4528,#4529,#4530,#4531,#4532,#4533,#4534,
#4535)),.UNSPECIFIED.,.F.,.F.,.F.,(4,2,2,2,2,2,2,2,2,2,4),(4,1,2,2,1,1,
1,1,1,1,1,2,2,1,4),(0.,0.0625,0.125,0.25,0.375,0.5,0.625,0.75,0.875,0.9375,
1.),(0.,0.000620638037847778,0.000930957056771666,0.00124127607569556,0.00155159509461944,
0.00186191411354333,0.00217223313246722,0.00248255215139111,0.002792871170315,
0.00310319018923889,0.00341350920816278,0.00372382822708666,0.00387898773654861,
0.00434446626493444,0.00496510430278222),.UNSPECIFIED.);
#28=B_SPLINE_SURFACE_WITH_KNOTS('',5,1,((#4543,#4544),(#4545,#4546),(#4547,
#4548),(#4549,#4550),(#4551,#4552),(#4553,#4554),(#4555,#4556),(#4557,#4558)),
 .SURF_OF_LINEAR_EXTRUSION.,.F.,.F.,.F.,(6,2,6),(2,2),(0.,0.5,1.),(0.,1.),
 .UNSPECIFIED.);
#29=B_SPLINE_SURFACE_WITH_KNOTS('',3,3,((#4566,#4567,#4568,#4569,#4570,
#4571,#4572,#4573,#4574,#4575,#4576,#4577,#4578,#4579,#4580,#4581,#4582,
#4583,#4584),(#4585,#4586,#4587,#4588,#4589,#4590,#4591,#4592,#4593,#4594,
#4595,#4596,#4597,#4598,#4599,#4600,#4601,#4602,#4603),(#4604,#4605,#4606,
#4607,#4608,#4609,#4610,#4611,#4612,#4613,#4614,#4615,#4616,#4617,#4618,
#4619,#4620,#4621,#4622),(#4623,#4624,#4625,#4626,#4627,#4628,#4629,#4630,
#4631,#4632,#4633,#4634,#4635,#4636,#4637,#4638,#4639,#4640,#4641),(#4642,
#4643,#4644,#4645,#4646,#4647,#4648,#4649,#4650,#4651,#4652,#4653,#4654,
#4655,#4656,#4657,#4658,#4659,#4660),(#4661,#4662,#4663,#4664,#4665,#4666,
#4667,#4668,#4669,#4670,#4671,#4672,#4673,#4674,#4675,#4676,#4677,#4678,
#4679),(#4680,#4681,#4682,#4683,#4684,#4685,#4686,#4687,#4688,#4689,#4690,
#4691,#4692,#4693,#4694,#4695,#4696,#4697,#4698),(#4699,#4700,#4701,#4702,
#4703,#4704,#4705,#4706,#4707,#4708,#4709,#4710,#4711,#4712,#4713,#4714,
#4715,#4716,#4717),(#4718,#4719,#4720,#4721,#4722,#4723,#4724,#4725,#4726,
#4727,#4728,#4729,#4730,#4731,#4732,#4733,#4734,#4735,#4736),(#4737,#4738,
#4739,#4740,#4741,#4742,#4743,#4744,#4745,#4746,#4747,#4748,#4749,#4750,
#4751,#4752,#4753,#4754,#4755),(#4756,#4757,#4758,#4759,#4760,#4761,#4762,
#4763,#4764,#4765,#4766,#4767,#4768,#4769,#4770,#4771,#4772,#4773,#4774),
(#4775,#4776,#4777,#4778,#4779,#4780,#4781,#4782,#4783,#4784,#4785,#4786,
#4787,#4788,#4789,#4790,#4791,#4792,#4793),(#4794,#4795,#4796,#4797,#4798,
#4799,#4800,#4801,#4802,#4803,#4804,#4805,#4806,#4807,#4808,#4809,#4810,
#4811,#4812),(#4813,#4814,#4815,#4816,#4817,#4818,#4819,#4820,#4821,#4822,
#4823,#4824,#4825,#4826,#4827,#4828,#4829,#4830,#4831),(#4832,#4833,#4834,
#4835,#4836,#4837,#4838,#4839,#4840,#4841,#4842,#4843,#4844,#4845,#4846,
#4847,#4848,#4849,#4850),(#4851,#4852,#4853,#4854,#4855,#4856,#4857,#4858,
#4859,#4860,#4861,#4862,#4863,#4864,#4865,#4866,#4867,#4868,#4869),(#4870,
#4871,#4872,#4873,#4874,#4875,#4876,#4877,#4878,#4879,#4880,#4881,#4882,
#4883,#4884,#4885,#4886,#4887,#4888),(#4889,#4890,#4891,#4892,#4893,#4894,
#4895,#4896,#4897,#4898,#4899,#4900,#4901,#4902,#4903,#4904,#4905,#4906,
#4907),(#4908,#4909,#4910,#4911,#4912,#4913,#4914,#4915,#4916,#4917,#4918,
#4919,#4920,#4921,#4922,#4923,#4924,#4925,#4926),(#4927,#4928,#4929,#4930,
#4931,#4932,#4933,#4934,#4935,#4936,#4937,#4938,#4939,#4940,#4941,#4942,
#4943,#4944,#4945),(#4946,#4947,#4948,#4949,#4950,#4951,#4952,#4953,#4954,
#4955,#4956,#4957,#4958,#4959,#4960,#4961,#4962,#4963,#4964),(#4965,#4966,
#4967,#4968,#4969,#4970,#4971,#4972,#4973,#4974,#4975,#4976,#4977,#4978,
#4979,#4980,#4981,#4982,#4983)),.UNSPECIFIED.,.F.,.F.,.F.,(4,2,2,2,2,2,
2,2,2,2,4),(4,1,2,2,1,1,1,1,1,2,2,1,4),(0.,0.0625,0.125,0.25,0.375,0.5,
0.625,0.75,0.875,0.9375,1.),(0.,0.00385620037188171,0.00771240074376341,
0.00964050092970426,0.0154248014875268,0.0231372022312902,0.0308496029750536,
0.0385620037188171,0.0462744044625805,0.052058705020403,0.0539868052063439,
0.0578430055782256,0.0616992059501073),.UNSPECIFIED.);
#30=B_SPLINE_SURFACE_WITH_KNOTS('',5,1,((#4991,#4992),(#4993,#4994),(#4995,
#4996),(#4997,#4998),(#4999,#5000),(#5001,#5002),(#5003,#5004),(#5005,#5006)),
 .SURF_OF_LINEAR_EXTRUSION.,.F.,.F.,.F.,(6,2,6),(2,2),(0.,0.5,1.),(0.,1.),
 .UNSPECIFIED.);
#31=B_SPLINE_SURFACE_WITH_KNOTS('',5,1,((#5007,#5008),(#5009,#5010),(#5011,
#5012),(#5013,#5014),(#5015,#5016),(#5017,#5018),(#5019,#5020),(#5021,#5022)),
 .SURF_OF_LINEAR_EXTRUSION.,.F.,.F.,.F.,(6,2,6),(2,2),(0.,0.5,1.),(0.,1.),
 .UNSPECIFIED.);
#32=B_SPLINE_SURFACE_WITH_KNOTS('',3,3,((#5030,#5031,#5032,#5033,#5034,
#5035,#5036,#5037,#5038,#5039,#5040,#5041,#5042,#5043,#5044,#5045,#5046,
#5047,#5048),(#5049,#5050,#5051,#5052,#5053,#5054,#5055,#5056,#5057,#5058,
#5059,#5060,#5061,#5062,#5063,#5064,#5065,#5066,#5067),(#5068,#5069,#5070,
#5071,#5072,#5073,#5074,#5075,#5076,#5077,#5078,#5079,#5080,#5081,#5082,
#5083,#5084,#5085,#5086),(#5087,#5088,#5089,#5090,#5091,#5092,#5093,#5094,
#5095,#5096,#5097,#5098,#5099,#5100,#5101,#5102,#5103,#5104,#5105),(#5106,
#5107,#5108,#5109,#5110,#5111,#5112,#5113,#5114,#5115,#5116,#5117,#5118,
#5119,#5120,#5121,#5122,#5123,#5124),(#5125,#5126,#5127,#5128,#5129,#5130,
#5131,#5132,#5133,#5134,#5135,#5136,#5137,#5138,#5139,#5140,#5141,#5142,
#5143),(#5144,#5145,#5146,#5147,#5148,#5149,#5150,#5151,#5152,#5153,#5154,
#5155,#5156,#5157,#5158,#5159,#5160,#5161,#5162),(#5163,#5164,#5165,#5166,
#5167,#5168,#5169,#5170,#5171,#5172,#5173,#5174,#5175,#5176,#5177,#5178,
#5179,#5180,#5181),(#5182,#5183,#5184,#5185,#5186,#5187,#5188,#5189,#5190,
#5191,#5192,#5193,#5194,#5195,#5196,#5197,#5198,#5199,#5200),(#5201,#5202,
#5203,#5204,#5205,#5206,#5207,#5208,#5209,#5210,#5211,#5212,#5213,#5214,
#5215,#5216,#5217,#5218,#5219),(#5220,#5221,#5222,#5223,#5224,#5225,#5226,
#5227,#5228,#5229,#5230,#5231,#5232,#5233,#5234,#5235,#5236,#5237,#5238),
(#5239,#5240,#5241,#5242,#5243,#5244,#5245,#5246,#5247,#5248,#5249,#5250,
#5251,#5252,#5253,#5254,#5255,#5256,#5257),(#5258,#5259,#5260,#5261,#5262,
#5263,#5264,#5265,#5266,#5267,#5268,#5269,#5270,#5271,#5272,#5273,#5274,
#5275,#5276),(#5277,#5278,#5279,#5280,#5281,#5282,#5283,#5284,#5285,#5286,
#5287,#5288,#5289,#5290,#5291,#5292,#5293,#5294,#5295),(#5296,#5297,#5298,
#5299,#5300,#5301,#5302,#5303,#5304,#5305,#5306,#5307,#5308,#5309,#5310,
#5311,#5312,#5313,#5314),(#5315,#5316,#5317,#5318,#5319,#5320,#5321,#5322,
#5323,#5324,#5325,#5326,#5327,#5328,#5329,#5330,#5331,#5332,#5333),(#5334,
#5335,#5336,#5337,#5338,#5339,#5340,#5341,#5342,#5343,#5344,#5345,#5346,
#5347,#5348,#5349,#5350,#5351,#5352),(#5353,#5354,#5355,#5356,#5357,#5358,
#5359,#5360,#5361,#5362,#5363,#5364,#5365,#5366,#5367,#5368,#5369,#5370,
#5371),(#5372,#5373,#5374,#5375,#5376,#5377,#5378,#5379,#5380,#5381,#5382,
#5383,#5384,#5385,#5386,#5387,#5388,#5389,#5390),(#5391,#5392,#5393,#5394,
#5395,#5396,#5397,#5398,#5399,#5400,#5401,#5402,#5403,#5404,#5405,#5406,
#5407,#5408,#5409),(#5410,#5411,#5412,#5413,#5414,#5415,#5416,#5417,#5418,
#5419,#5420,#5421,#5422,#5423,#5424,#5425,#5426,#5427,#5428),(#5429,#5430,
#5431,#5432,#5433,#5434,#5435,#5436,#5437,#5438,#5439,#5440,#5441,#5442,
#5443,#5444,#5445,#5446,#5447)),.UNSPECIFIED.,.F.,.F.,.F.,(4,2,2,2,2,2,
2,2,2,2,4),(4,1,2,2,1,1,1,1,1,2,2,1,4),(0.,0.0625,0.125,0.25,0.375,0.5,
0.625,0.75,0.875,0.9375,1.),(0.,0.0038562003718817,0.0077124007437634,0.00964050092970425,
0.0154248014875268,0.0231372022312902,0.0308496029750536,0.038562003718817,
0.0462744044625804,0.052058705020403,0.0539868052063438,0.0578430055782255,
0.0616992059501072),.UNSPECIFIED.);
#33=B_SPLINE_SURFACE_WITH_KNOTS('',5,1,((#5455,#5456),(#5457,#5458),(#5459,
#5460),(#5461,#5462),(#5463,#5464),(#5465,#5466),(#5467,#5468),(#5469,#5470)),
 .SURF_OF_LINEAR_EXTRUSION.,.F.,.F.,.F.,(6,2,6),(2,2),(0.,0.5,1.),(0.,1.),
 .UNSPECIFIED.);
#34=B_SPLINE_SURFACE_WITH_KNOTS('',3,3,((#5478,#5479,#5480,#5481,#5482,
#5483,#5484,#5485,#5486,#5487,#5488,#5489,#5490,#5491,#5492,#5493,#5494,
#5495,#5496,#5497,#5498),(#5499,#5500,#5501,#5502,#5503,#5504,#5505,#5506,
#5507,#5508,#5509,#5510,#5511,#5512,#5513,#5514,#5515,#5516,#5517,#5518,
#5519),(#5520,#5521,#5522,#5523,#5524,#5525,#5526,#5527,#5528,#5529,#5530,
#5531,#5532,#5533,#5534,#5535,#5536,#5537,#5538,#5539,#5540),(#5541,#5542,
#5543,#5544,#5545,#5546,#5547,#5548,#5549,#5550,#5551,#5552,#5553,#5554,
#5555,#5556,#5557,#5558,#5559,#5560,#5561),(#5562,#5563,#5564,#5565,#5566,
#5567,#5568,#5569,#5570,#5571,#5572,#5573,#5574,#5575,#5576,#5577,#5578,
#5579,#5580,#5581,#5582),(#5583,#5584,#5585,#5586,#5587,#5588,#5589,#5590,
#5591,#5592,#5593,#5594,#5595,#5596,#5597,#5598,#5599,#5600,#5601,#5602,
#5603),(#5604,#5605,#5606,#5607,#5608,#5609,#5610,#5611,#5612,#5613,#5614,
#5615,#5616,#5617,#5618,#5619,#5620,#5621,#5622,#5623,#5624),(#5625,#5626,
#5627,#5628,#5629,#5630,#5631,#5632,#5633,#5634,#5635,#5636,#5637,#5638,
#5639,#5640,#5641,#5642,#5643,#5644,#5645),(#5646,#5647,#5648,#5649,#5650,
#5651,#5652,#5653,#5654,#5655,#5656,#5657,#5658,#5659,#5660,#5661,#5662,
#5663,#5664,#5665,#5666),(#5667,#5668,#5669,#5670,#5671,#5672,#5673,#5674,
#5675,#5676,#5677,#5678,#5679,#5680,#5681,#5682,#5683,#5684,#5685,#5686,
#5687),(#5688,#5689,#5690,#5691,#5692,#5693,#5694,#5695,#5696,#5697,#5698,
#5699,#5700,#5701,#5702,#5703,#5704,#5705,#5706,#5707,#5708),(#5709,#5710,
#5711,#5712,#5713,#5714,#5715,#5716,#5717,#5718,#5719,#5720,#5721,#5722,
#5723,#5724,#5725,#5726,#5727,#5728,#5729),(#5730,#5731,#5732,#5733,#5734,
#5735,#5736,#5737,#5738,#5739,#5740,#5741,#5742,#5743,#5744,#5745,#5746,
#5747,#5748,#5749,#5750),(#5751,#5752,#5753,#5754,#5755,#5756,#5757,#5758,
#5759,#5760,#5761,#5762,#5763,#5764,#5765,#5766,#5767,#5768,#5769,#5770,
#5771),(#5772,#5773,#5774,#5775,#5776,#5777,#5778,#5779,#5780,#5781,#5782,
#5783,#5784,#5785,#5786,#5787,#5788,#5789,#5790,#5791,#5792),(#5793,#5794,
#5795,#5796,#5797,#5798,#5799,#5800,#5801,#5802,#5803,#5804,#5805,#5806,
#5807,#5808,#5809,#5810,#5811,#5812,#5813),(#5814,#5815,#5816,#5817,#5818,
#5819,#5820,#5821,#5822,#5823,#5824,#5825,#5826,#5827,#5828,#5829,#5830,
#5831,#5832,#5833,#5834),(#5835,#5836,#5837,#5838,#5839,#5840,#5841,#5842,
#5843,#5844,#5845,#5846,#5847,#5848,#5849,#5850,#5851,#5852,#5853,#5854,
#5855),(#5856,#5857,#5858,#5859,#5860,#5861,#5862,#5863,#5864,#5865,#5866,
#5867,#5868,#5869,#5870,#5871,#5872,#5873,#5874,#5875,#5876),(#5877,#5878,
#5879,#5880,#5881,#5882,#5883,#5884,#5885,#5886,#5887,#5888,#5889,#5890,
#5891,#5892,#5893,#5894,#5895,#5896,#5897),(#5898,#5899,#5900,#5901,#5902,
#5903,#5904,#5905,#5906,#5907,#5908,#5909,#5910,#5911,#5912,#5913,#5914,
#5915,#5916,#5917,#5918),(#5919,#5920,#5921,#5922,#5923,#5924,#5925,#5926,
#5927,#5928,#5929,#5930,#5931,#5932,#5933,#5934,#5935,#5936,#5937,#5938,
#5939)),.UNSPECIFIED.,.F.,.F.,.F.,(4,2,2,2,2,2,2,2,2,2,4),(4,1,2,2,1,1,
1,1,1,1,1,2,2,1,4),(0.,0.0625,0.125,0.25,0.375,0.5,0.625,0.75,0.875,0.9375,
1.),(0.,0.000620638037847776,0.000930957056771664,0.00124127607569555,0.00155159509461944,
0.00186191411354333,0.00217223313246722,0.00248255215139111,0.00279287117031499,
0.00310319018923888,0.00341350920816277,0.00372382822708666,0.0038789877365486,
0.00434446626493443,0.00496510430278221),.UNSPECIFIED.);
#35=B_SPLINE_SURFACE_WITH_KNOTS('',5,1,((#5947,#5948),(#5949,#5950),(#5951,
#5952),(#5953,#5954),(#5955,#5956),(#5957,#5958),(#5959,#5960),(#5961,#5962)),
 .SURF_OF_LINEAR_EXTRUSION.,.F.,.F.,.F.,(6,2,6),(2,2),(0.,0.5,1.),(0.,1.),
 .UNSPECIFIED.);
#36=B_SPLINE_SURFACE_WITH_KNOTS('',3,3,((#5970,#5971,#5972,#5973,#5974,
#5975,#5976,#5977,#5978,#5979,#5980,#5981,#5982,#5983,#5984,#5985,#5986,
#5987,#5988,#5989,#5990),(#5991,#5992,#5993,#5994,#5995,#5996,#5997,#5998,
#5999,#6000,#6001,#6002,#6003,#6004,#6005,#6006,#6007,#6008,#6009,#6010,
#6011),(#6012,#6013,#6014,#6015,#6016,#6017,#6018,#6019,#6020,#6021,#6022,
#6023,#6024,#6025,#6026,#6027,#6028,#6029,#6030,#6031,#6032),(#6033,#6034,
#6035,#6036,#6037,#6038,#6039,#6040,#6041,#6042,#6043,#6044,#6045,#6046,
#6047,#6048,#6049,#6050,#6051,#6052,#6053),(#6054,#6055,#6056,#6057,#6058,
#6059,#6060,#6061,#6062,#6063,#6064,#6065,#6066,#6067,#6068,#6069,#6070,
#6071,#6072,#6073,#6074),(#6075,#6076,#6077,#6078,#6079,#6080,#6081,#6082,
#6083,#6084,#6085,#6086,#6087,#6088,#6089,#6090,#6091,#6092,#6093,#6094,
#6095),(#6096,#6097,#6098,#6099,#6100,#6101,#6102,#6103,#6104,#6105,#6106,
#6107,#6108,#6109,#6110,#6111,#6112,#6113,#6114,#6115,#6116),(#6117,#6118,
#6119,#6120,#6121,#6122,#6123,#6124,#6125,#6126,#6127,#6128,#6129,#6130,
#6131,#6132,#6133,#6134,#6135,#6136,#6137),(#6138,#6139,#6140,#6141,#6142,
#6143,#6144,#6145,#6146,#6147,#6148,#6149,#6150,#6151,#6152,#6153,#6154,
#6155,#6156,#6157,#6158),(#6159,#6160,#6161,#6162,#6163,#6164,#6165,#6166,
#6167,#6168,#6169,#6170,#6171,#6172,#6173,#6174,#6175,#6176,#6177,#6178,
#6179),(#6180,#6181,#6182,#6183,#6184,#6185,#6186,#6187,#6188,#6189,#6190,
#6191,#6192,#6193,#6194,#6195,#6196,#6197,#6198,#6199,#6200),(#6201,#6202,
#6203,#6204,#6205,#6206,#6207,#6208,#6209,#6210,#6211,#6212,#6213,#6214,
#6215,#6216,#6217,#6218,#6219,#6220,#6221),(#6222,#6223,#6224,#6225,#6226,
#6227,#6228,#6229,#6230,#6231,#6232,#6233,#6234,#6235,#6236,#6237,#6238,
#6239,#6240,#6241,#6242),(#6243,#6244,#6245,#6246,#6247,#6248,#6249,#6250,
#6251,#6252,#6253,#6254,#6255,#6256,#6257,#6258,#6259,#6260,#6261,#6262,
#6263),(#6264,#6265,#6266,#6267,#6268,#6269,#6270,#6271,#6272,#6273,#6274,
#6275,#6276,#6277,#6278,#6279,#6280,#6281,#6282,#6283,#6284),(#6285,#6286,
#6287,#6288,#6289,#6290,#6291,#6292,#6293,#6294,#6295,#6296,#6297,#6298,
#6299,#6300,#6301,#6302,#6303,#6304,#6305),(#6306,#6307,#6308,#6309,#6310,
#6311,#6312,#6313,#6314,#6315,#6316,#6317,#6318,#6319,#6320,#6321,#6322,
#6323,#6324,#6325,#6326),(#6327,#6328,#6329,#6330,#6331,#6332,#6333,#6334,
#6335,#6336,#6337,#6338,#6339,#6340,#6341,#6342,#6343,#6344,#6345,#6346,
#6347),(#6348,#6349,#6350,#6351,#6352,#6353,#6354,#6355,#6356,#6357,#6358,
#6359,#6360,#6361,#6362,#6363,#6364,#6365,#6366,#6367,#6368),(#6369,#6370,
#6371,#6372,#6373,#6374,#6375,#6376,#6377,#6378,#6379,#6380,#6381,#6382,
#6383,#6384,#6385,#6386,#6387,#6388,#6389),(#6390,#6391,#6392,#6393,#6394,
#6395,#6396,#6397,#6398,#6399,#6400,#6401,#6402,#6403,#6404,#6405,#6406,
#6407,#6408,#6409,#6410),(#6411,#6412,#6413,#6414,#6415,#6416,#6417,#6418,
#6419,#6420,#6421,#6422,#6423,#6424,#6425,#6426,#6427,#6428,#6429,#6430,
#6431)),.UNSPECIFIED.,.F.,.F.,.F.,(4,2,2,2,2,2,2,2,2,2,4),(4,1,2,2,1,1,
1,1,1,1,1,2,2,1,4),(0.,0.0625,0.125,0.25,0.375,0.5,0.625,0.75,0.875,0.9375,
1.),(0.,0.000620638037847801,0.000930957056771702,0.0012412760756956,0.0015515950946195,
0.0018619141135434,0.0021722331324673,0.0024825521513912,0.00279287117031511,
0.00310319018923901,0.00341350920816291,0.00372382822708681,0.00387898773654876,
0.00434446626493461,0.00496510430278241),.UNSPECIFIED.);
#37=B_SPLINE_SURFACE_WITH_KNOTS('',5,1,((#6439,#6440),(#6441,#6442),(#6443,
#6444),(#6445,#6446),(#6447,#6448),(#6449,#6450),(#6451,#6452),(#6453,#6454)),
 .SURF_OF_LINEAR_EXTRUSION.,.F.,.F.,.F.,(6,2,6),(2,2),(0.,0.5,1.),(0.,1.),
 .UNSPECIFIED.);
#38=B_SPLINE_SURFACE_WITH_KNOTS('',3,3,((#6462,#6463,#6464,#6465,#6466,
#6467,#6468,#6469,#6470,#6471,#6472,#6473,#6474,#6475,#6476,#6477,#6478,
#6479,#6480),(#6481,#6482,#6483,#6484,#6485,#6486,#6487,#6488,#6489,#6490,
#6491,#6492,#6493,#6494,#6495,#6496,#6497,#6498,#6499),(#6500,#6501,#6502,
#6503,#6504,#6505,#6506,#6507,#6508,#6509,#6510,#6511,#6512,#6513,#6514,
#6515,#6516,#6517,#6518),(#6519,#6520,#6521,#6522,#6523,#6524,#6525,#6526,
#6527,#6528,#6529,#6530,#6531,#6532,#6533,#6534,#6535,#6536,#6537),(#6538,
#6539,#6540,#6541,#6542,#6543,#6544,#6545,#6546,#6547,#6548,#6549,#6550,
#6551,#6552,#6553,#6554,#6555,#6556),(#6557,#6558,#6559,#6560,#6561,#6562,
#6563,#6564,#6565,#6566,#6567,#6568,#6569,#6570,#6571,#6572,#6573,#6574,
#6575),(#6576,#6577,#6578,#6579,#6580,#6581,#6582,#6583,#6584,#6585,#6586,
#6587,#6588,#6589,#6590,#6591,#6592,#6593,#6594),(#6595,#6596,#6597,#6598,
#6599,#6600,#6601,#6602,#6603,#6604,#6605,#6606,#6607,#6608,#6609,#6610,
#6611,#6612,#6613),(#6614,#6615,#6616,#6617,#6618,#6619,#6620,#6621,#6622,
#6623,#6624,#6625,#6626,#6627,#6628,#6629,#6630,#6631,#6632),(#6633,#6634,
#6635,#6636,#6637,#6638,#6639,#6640,#6641,#6642,#6643,#6644,#6645,#6646,
#6647,#6648,#6649,#6650,#6651),(#6652,#6653,#6654,#6655,#6656,#6657,#6658,
#6659,#6660,#6661,#6662,#6663,#6664,#6665,#6666,#6667,#6668,#6669,#6670),
(#6671,#6672,#6673,#6674,#6675,#6676,#6677,#6678,#6679,#6680,#6681,#6682,
#6683,#6684,#6685,#6686,#6687,#6688,#6689),(#6690,#6691,#6692,#6693,#6694,
#6695,#6696,#6697,#6698,#6699,#6700,#6701,#6702,#6703,#6704,#6705,#6706,
#6707,#6708),(#6709,#6710,#6711,#6712,#6713,#6714,#6715,#6716,#6717,#6718,
#6719,#6720,#6721,#6722,#6723,#6724,#6725,#6726,#6727),(#6728,#6729,#6730,
#6731,#6732,#6733,#6734,#6735,#6736,#6737,#6738,#6739,#6740,#6741,#6742,
#6743,#6744,#6745,#6746),(#6747,#6748,#6749,#6750,#6751,#6752,#6753,#6754,
#6755,#6756,#6757,#6758,#6759,#6760,#6761,#6762,#6763,#6764,#6765),(#6766,
#6767,#6768,#6769,#6770,#6771,#6772,#6773,#6774,#6775,#6776,#6777,#6778,
#6779,#6780,#6781,#6782,#6783,#6784),(#6785,#6786,#6787,#6788,#6789,#6790,
#6791,#6792,#6793,#6794,#6795,#6796,#6797,#6798,#6799,#6800,#6801,#6802,
#6803),(#6804,#6805,#6806,#6807,#6808,#6809,#6810,#6811,#6812,#6813,#6814,
#6815,#6816,#6817,#6818,#6819,#6820,#6821,#6822),(#6823,#6824,#6825,#6826,
#6827,#6828,#6829,#6830,#6831,#6832,#6833,#6834,#6835,#6836,#6837,#6838,
#6839,#6840,#6841),(#6842,#6843,#6844,#6845,#6846,#6847,#6848,#6849,#6850,
#6851,#6852,#6853,#6854,#6855,#6856,#6857,#6858,#6859,#6860),(#6861,#6862,
#6863,#6864,#6865,#6866,#6867,#6868,#6869,#6870,#6871,#6872,#6873,#6874,
#6875,#6876,#6877,#6878,#6879)),.UNSPECIFIED.,.F.,.F.,.F.,(4,2,2,2,2,2,
2,2,2,2,4),(4,1,2,2,1,1,1,1,1,2,2,1,4),(0.,0.0625,0.125,0.25,0.375,0.5,
0.625,0.75,0.875,0.9375,1.),(0.,0.000700694650957281,0.00140138930191456,
0.00210208395287184,0.00280277860382913,0.00420416790574369,0.00560555720765825,
0.00700694650957281,0.00840833581148738,0.00910903046244466,0.00980972511340194,
0.0105104197643592,0.0112111144153165),.UNSPECIFIED.);
#39=B_SPLINE_SURFACE_WITH_KNOTS('',5,1,((#6887,#6888),(#6889,#6890),(#6891,
#6892),(#6893,#6894),(#6895,#6896),(#6897,#6898),(#6899,#6900),(#6901,#6902)),
 .SURF_OF_LINEAR_EXTRUSION.,.F.,.F.,.F.,(6,2,6),(2,2),(0.,0.5,1.),(0.,1.),
 .UNSPECIFIED.);
#40=CIRCLE('',#1742,0.00175);
#41=CIRCLE('',#1743,0.00175);
#42=CIRCLE('',#1745,0.00175);
#43=CIRCLE('',#1746,0.00175);
#44=LINE('',#2058,#199);
#45=LINE('',#2065,#200);
#46=LINE('',#2068,#201);
#47=LINE('',#2070,#202);
#48=LINE('',#2072,#203);
#49=LINE('',#2074,#204);
#50=LINE('',#2077,#205);
#51=LINE('',#2079,#206);
#52=LINE('',#2081,#207);
#53=LINE('',#2083,#208);
#54=LINE('',#2085,#209);
#55=LINE('',#2087,#210);
#56=LINE('',#2089,#211);
#57=LINE('',#2090,#212);
#58=LINE('',#2092,#213);
#59=LINE('',#2095,#214);
#60=LINE('',#2097,#215);
#61=LINE('',#2099,#216);
#62=LINE('',#2101,#217);
#63=LINE('',#2103,#218);
#64=LINE('',#2105,#219);
#65=LINE('',#2107,#220);
#66=LINE('',#2109,#221);
#67=LINE('',#2111,#222);
#68=LINE('',#2113,#223);
#69=LINE('',#2114,#224);
#70=LINE('',#2116,#225);
#71=LINE('',#2119,#226);
#72=LINE('',#2121,#227);
#73=LINE('',#2123,#228);
#74=LINE('',#2125,#229);
#75=LINE('',#2127,#230);
#76=LINE('',#2129,#231);
#77=LINE('',#2131,#232);
#78=LINE('',#2133,#233);
#79=LINE('',#2135,#234);
#80=LINE('',#2137,#235);
#81=LINE('',#2138,#236);
#82=LINE('',#2140,#237);
#83=LINE('',#2143,#238);
#84=LINE('',#2145,#239);
#85=LINE('',#2147,#240);
#86=LINE('',#2149,#241);
#87=LINE('',#2151,#242);
#88=LINE('',#2153,#243);
#89=LINE('',#2155,#244);
#90=LINE('',#2157,#245);
#91=LINE('',#2159,#246);
#92=LINE('',#2161,#247);
#93=LINE('',#2162,#248);
#94=LINE('',#2164,#249);
#95=LINE('',#2167,#250);
#96=LINE('',#2169,#251);
#97=LINE('',#2171,#252);
#98=LINE('',#2173,#253);
#99=LINE('',#2175,#254);
#100=LINE('',#2177,#255);
#101=LINE('',#2179,#256);
#102=LINE('',#2181,#257);
#103=LINE('',#2183,#258);
#104=LINE('',#2185,#259);
#105=LINE('',#2186,#260);
#106=LINE('',#2188,#261);
#107=LINE('',#2191,#262);
#108=LINE('',#2193,#263);
#109=LINE('',#2195,#264);
#110=LINE('',#2197,#265);
#111=LINE('',#2199,#266);
#112=LINE('',#2201,#267);
#113=LINE('',#2203,#268);
#114=LINE('',#2205,#269);
#115=LINE('',#2207,#270);
#116=LINE('',#2209,#271);
#117=LINE('',#2210,#272);
#118=LINE('',#2212,#273);
#119=LINE('',#2215,#274);
#120=LINE('',#2217,#275);
#121=LINE('',#2219,#276);
#122=LINE('',#2221,#277);
#123=LINE('',#2223,#278);
#124=LINE('',#2225,#279);
#125=LINE('',#2227,#280);
#126=LINE('',#2229,#281);
#127=LINE('',#2231,#282);
#128=LINE('',#2233,#283);
#129=LINE('',#2234,#284);
#130=LINE('',#2236,#285);
#131=LINE('',#2239,#286);
#132=LINE('',#2241,#287);
#133=LINE('',#2243,#288);
#134=LINE('',#2245,#289);
#135=LINE('',#2247,#290);
#136=LINE('',#2249,#291);
#137=LINE('',#2251,#292);
#138=LINE('',#2253,#293);
#139=LINE('',#2255,#294);
#140=LINE('',#2257,#295);
#141=LINE('',#2258,#296);
#142=LINE('',#2260,#297);
#143=LINE('',#2263,#298);
#144=LINE('',#2265,#299);
#145=LINE('',#2267,#300);
#146=LINE('',#2269,#301);
#147=LINE('',#2271,#302);
#148=LINE('',#2273,#303);
#149=LINE('',#2275,#304);
#150=LINE('',#2277,#305);
#151=LINE('',#2279,#306);
#152=LINE('',#2281,#307);
#153=LINE('',#2282,#308);
#154=LINE('',#2284,#309);
#155=LINE('',#2287,#310);
#156=LINE('',#2289,#311);
#157=LINE('',#2291,#312);
#158=LINE('',#2293,#313);
#159=LINE('',#2295,#314);
#160=LINE('',#2297,#315);
#161=LINE('',#2299,#316);
#162=LINE('',#2301,#317);
#163=LINE('',#2303,#318);
#164=LINE('',#2305,#319);
#165=LINE('',#2306,#320);
#166=LINE('',#2308,#321);
#167=LINE('',#2311,#322);
#168=LINE('',#2313,#323);
#169=LINE('',#2315,#324);
#170=LINE('',#2317,#325);
#171=LINE('',#2319,#326);
#172=LINE('',#2321,#327);
#173=LINE('',#2323,#328);
#174=LINE('',#2325,#329);
#175=LINE('',#2327,#330);
#176=LINE('',#2329,#331);
#177=LINE('',#2330,#332);
#178=LINE('',#2332,#333);
#179=LINE('',#2335,#334);
#180=LINE('',#2337,#335);
#181=LINE('',#2339,#336);
#182=LINE('',#2341,#337);
#183=LINE('',#2349,#338);
#184=LINE('',#2350,#339);
#185=LINE('',#2352,#340);
#186=LINE('',#2354,#341);
#187=LINE('',#2355,#342);
#188=LINE('',#2373,#343);
#189=LINE('',#2380,#344);
#190=LINE('',#2398,#345);
#191=LINE('',#2399,#346);
#192=LINE('',#2401,#347);
#193=LINE('',#2403,#348);
#194=LINE('',#2549,#349);
#195=LINE('',#2681,#350);
#196=LINE('',#2833,#351);
#197=LINE('',#2869,#352);
#198=LINE('',#2871,#353);
#199=VECTOR('',#1760,1.);
#200=VECTOR('',#1763,1.);
#201=VECTOR('',#1764,1.);
#202=VECTOR('',#1765,1.);
#203=VECTOR('',#1766,1.);
#204=VECTOR('',#1769,1.);
#205=VECTOR('',#1770,1.);
#206=VECTOR('',#1771,1.);
#207=VECTOR('',#1772,1.);
#208=VECTOR('',#1775,1.);
#209=VECTOR('',#1776,1.);
#210=VECTOR('',#1777,1.);
#211=VECTOR('',#1780,1.);
#212=VECTOR('',#1781,1.);
#213=VECTOR('',#1784,1.);
#214=VECTOR('',#1785,1.);
#215=VECTOR('',#1786,1.);
#216=VECTOR('',#1787,1.);
#217=VECTOR('',#1790,1.);
#218=VECTOR('',#1791,1.);
#219=VECTOR('',#1792,1.);
#220=VECTOR('',#1795,1.);
#221=VECTOR('',#1796,1.);
#222=VECTOR('',#1797,1.);
#223=VECTOR('',#1800,1.);
#224=VECTOR('',#1801,1.);
#225=VECTOR('',#1804,1.);
#226=VECTOR('',#1805,1.);
#227=VECTOR('',#1806,1.);
#228=VECTOR('',#1807,1.);
#229=VECTOR('',#1810,1.);
#230=VECTOR('',#1811,1.);
#231=VECTOR('',#1812,1.);
#232=VECTOR('',#1815,1.);
#233=VECTOR('',#1816,1.);
#234=VECTOR('',#1817,1.);
#235=VECTOR('',#1820,1.);
#236=VECTOR('',#1821,1.);
#237=VECTOR('',#1824,1.);
#238=VECTOR('',#1825,1.);
#239=VECTOR('',#1826,1.);
#240=VECTOR('',#1827,1.);
#241=VECTOR('',#1830,1.);
#242=VECTOR('',#1831,1.);
#243=VECTOR('',#1832,1.);
#244=VECTOR('',#1835,1.);
#245=VECTOR('',#1836,1.);
#246=VECTOR('',#1837,1.);
#247=VECTOR('',#1840,1.);
#248=VECTOR('',#1841,1.);
#249=VECTOR('',#1844,1.);
#250=VECTOR('',#1845,1.);
#251=VECTOR('',#1846,1.);
#252=VECTOR('',#1847,1.);
#253=VECTOR('',#1850,1.);
#254=VECTOR('',#1851,1.);
#255=VECTOR('',#1852,1.);
#256=VECTOR('',#1855,1.);
#257=VECTOR('',#1856,1.);
#258=VECTOR('',#1857,1.);
#259=VECTOR('',#1860,1.);
#260=VECTOR('',#1861,1.);
#261=VECTOR('',#1864,1.);
#262=VECTOR('',#1865,1.);
#263=VECTOR('',#1866,1.);
#264=VECTOR('',#1867,1.);
#265=VECTOR('',#1870,1.);
#266=VECTOR('',#1871,1.);
#267=VECTOR('',#1872,1.);
#268=VECTOR('',#1875,1.);
#269=VECTOR('',#1876,1.);
#270=VECTOR('',#1877,1.);
#271=VECTOR('',#1880,1.);
#272=VECTOR('',#1881,1.);
#273=VECTOR('',#1884,1.);
#274=VECTOR('',#1885,1.);
#275=VECTOR('',#1886,1.);
#276=VECTOR('',#1887,1.);
#277=VECTOR('',#1890,1.);
#278=VECTOR('',#1891,1.);
#279=VECTOR('',#1892,1.);
#280=VECTOR('',#1895,1.);
#281=VECTOR('',#1896,1.);
#282=VECTOR('',#1897,1.);
#283=VECTOR('',#1900,1.);
#284=VECTOR('',#1901,1.);
#285=VECTOR('',#1904,1.);
#286=VECTOR('',#1905,1.);
#287=VECTOR('',#1906,1.);
#288=VECTOR('',#1907,1.);
#289=VECTOR('',#1910,1.);
#290=VECTOR('',#1911,1.);
#291=VECTOR('',#1912,1.);
#292=VECTOR('',#1915,1.);
#293=VECTOR('',#1916,1.);
#294=VECTOR('',#1917,1.);
#295=VECTOR('',#1920,1.);
#296=VECTOR('',#1921,1.);
#297=VECTOR('',#1924,1.);
#298=VECTOR('',#1925,1.);
#299=VECTOR('',#1926,1.);
#300=VECTOR('',#1927,1.);
#301=VECTOR('',#1930,1.);
#302=VECTOR('',#1931,1.);
#303=VECTOR('',#1932,1.);
#304=VECTOR('',#1935,1.);
#305=VECTOR('',#1936,1.);
#306=VECTOR('',#1937,1.);
#307=VECTOR('',#1940,1.);
#308=VECTOR('',#1941,1.);
#309=VECTOR('',#1944,1.);
#310=VECTOR('',#1945,1.);
#311=VECTOR('',#1946,1.);
#312=VECTOR('',#1947,1.);
#313=VECTOR('',#1950,1.);
#314=VECTOR('',#1951,1.);
#315=VECTOR('',#1952,1.);
#316=VECTOR('',#1955,1.);
#317=VECTOR('',#1956,1.);
#318=VECTOR('',#1957,1.);
#319=VECTOR('',#1960,1.);
#320=VECTOR('',#1961,1.);
#321=VECTOR('',#1964,1.);
#322=VECTOR('',#1965,1.);
#323=VECTOR('',#1966,1.);
#324=VECTOR('',#1967,1.);
#325=VECTOR('',#1970,1.);
#326=VECTOR('',#1971,1.);
#327=VECTOR('',#1972,1.);
#328=VECTOR('',#1975,1.);
#329=VECTOR('',#1976,1.);
#330=VECTOR('',#1977,1.);
#331=VECTOR('',#1980,1.);
#332=VECTOR('',#1981,1.);
#333=VECTOR('',#1984,1.);
#334=VECTOR('',#1985,1.);
#335=VECTOR('',#1986,1.);
#336=VECTOR('',#1987,1.);
#337=VECTOR('',#1990,1.);
#338=VECTOR('',#1991,1.);
#339=VECTOR('',#1992,1.);
#340=VECTOR('',#1993,1.);
#341=VECTOR('',#1994,1.);
#342=VECTOR('',#1995,1.);
#343=VECTOR('',#1998,1.);
#344=VECTOR('',#1999,1.);
#345=VECTOR('',#2000,1.);
#346=VECTOR('',#2001,1.);
#347=VECTOR('',#2002,1.);
#348=VECTOR('',#2003,1.);
#349=VECTOR('',#2016,1.);
#350=VECTOR('',#2023,1.);
#351=VECTOR('',#2026,1.);
#352=VECTOR('',#2031,1.);
#353=VECTOR('',#2034,1.);
#354=ORIENTED_EDGE('',*,*,#846,.T.);
#355=ORIENTED_EDGE('',*,*,#847,.T.);
#356=ORIENTED_EDGE('',*,*,#848,.T.);
#357=ORIENTED_EDGE('',*,*,#849,.T.);
#358=ORIENTED_EDGE('',*,*,#850,.T.);
#359=ORIENTED_EDGE('',*,*,#851,.F.);
#360=ORIENTED_EDGE('',*,*,#852,.F.);
#361=ORIENTED_EDGE('',*,*,#853,.T.);
#362=ORIENTED_EDGE('',*,*,#854,.T.);
#363=ORIENTED_EDGE('',*,*,#855,.F.);
#364=ORIENTED_EDGE('',*,*,#856,.F.);
#365=ORIENTED_EDGE('',*,*,#857,.F.);
#366=ORIENTED_EDGE('',*,*,#856,.T.);
#367=ORIENTED_EDGE('',*,*,#858,.F.);
#368=ORIENTED_EDGE('',*,*,#859,.F.);
#369=ORIENTED_EDGE('',*,*,#860,.F.);
#370=ORIENTED_EDGE('',*,*,#859,.T.);
#371=ORIENTED_EDGE('',*,*,#861,.F.);
#372=ORIENTED_EDGE('',*,*,#853,.F.);
#373=ORIENTED_EDGE('',*,*,#862,.F.);
#374=ORIENTED_EDGE('',*,*,#863,.T.);
#375=ORIENTED_EDGE('',*,*,#864,.F.);
#376=ORIENTED_EDGE('',*,*,#865,.F.);
#377=ORIENTED_EDGE('',*,*,#866,.T.);
#378=ORIENTED_EDGE('',*,*,#851,.T.);
#379=ORIENTED_EDGE('',*,*,#867,.F.);
#380=ORIENTED_EDGE('',*,*,#868,.F.);
#381=ORIENTED_EDGE('',*,*,#869,.F.);
#382=ORIENTED_EDGE('',*,*,#868,.T.);
#383=ORIENTED_EDGE('',*,*,#870,.F.);
#384=ORIENTED_EDGE('',*,*,#871,.F.);
#385=ORIENTED_EDGE('',*,*,#872,.F.);
#386=ORIENTED_EDGE('',*,*,#871,.T.);
#387=ORIENTED_EDGE('',*,*,#873,.F.);
#388=ORIENTED_EDGE('',*,*,#866,.F.);
#389=ORIENTED_EDGE('',*,*,#874,.F.);
#390=ORIENTED_EDGE('',*,*,#875,.T.);
#391=ORIENTED_EDGE('',*,*,#876,.F.);
#392=ORIENTED_EDGE('',*,*,#877,.F.);
#393=ORIENTED_EDGE('',*,*,#878,.T.);
#394=ORIENTED_EDGE('',*,*,#864,.T.);
#395=ORIENTED_EDGE('',*,*,#879,.F.);
#396=ORIENTED_EDGE('',*,*,#880,.F.);
#397=ORIENTED_EDGE('',*,*,#881,.F.);
#398=ORIENTED_EDGE('',*,*,#880,.T.);
#399=ORIENTED_EDGE('',*,*,#882,.F.);
#400=ORIENTED_EDGE('',*,*,#883,.F.);
#401=ORIENTED_EDGE('',*,*,#884,.F.);
#402=ORIENTED_EDGE('',*,*,#883,.T.);
#403=ORIENTED_EDGE('',*,*,#885,.F.);
#404=ORIENTED_EDGE('',*,*,#878,.F.);
#405=ORIENTED_EDGE('',*,*,#886,.F.);
#406=ORIENTED_EDGE('',*,*,#887,.T.);
#407=ORIENTED_EDGE('',*,*,#888,.F.);
#408=ORIENTED_EDGE('',*,*,#889,.F.);
#409=ORIENTED_EDGE('',*,*,#890,.T.);
#410=ORIENTED_EDGE('',*,*,#876,.T.);
#411=ORIENTED_EDGE('',*,*,#891,.F.);
#412=ORIENTED_EDGE('',*,*,#892,.F.);
#413=ORIENTED_EDGE('',*,*,#893,.F.);
#414=ORIENTED_EDGE('',*,*,#892,.T.);
#415=ORIENTED_EDGE('',*,*,#894,.F.);
#416=ORIENTED_EDGE('',*,*,#895,.F.);
#417=ORIENTED_EDGE('',*,*,#896,.F.);
#418=ORIENTED_EDGE('',*,*,#895,.T.);
#419=ORIENTED_EDGE('',*,*,#897,.F.);
#420=ORIENTED_EDGE('',*,*,#890,.F.);
#421=ORIENTED_EDGE('',*,*,#898,.F.);
#422=ORIENTED_EDGE('',*,*,#899,.T.);
#423=ORIENTED_EDGE('',*,*,#900,.F.);
#424=ORIENTED_EDGE('',*,*,#901,.F.);
#425=ORIENTED_EDGE('',*,*,#902,.T.);
#426=ORIENTED_EDGE('',*,*,#888,.T.);
#427=ORIENTED_EDGE('',*,*,#903,.F.);
#428=ORIENTED_EDGE('',*,*,#904,.F.);
#429=ORIENTED_EDGE('',*,*,#905,.F.);
#430=ORIENTED_EDGE('',*,*,#904,.T.);
#431=ORIENTED_EDGE('',*,*,#906,.F.);
#432=ORIENTED_EDGE('',*,*,#907,.F.);
#433=ORIENTED_EDGE('',*,*,#908,.F.);
#434=ORIENTED_EDGE('',*,*,#907,.T.);
#435=ORIENTED_EDGE('',*,*,#909,.F.);
#436=ORIENTED_EDGE('',*,*,#902,.F.);
#437=ORIENTED_EDGE('',*,*,#910,.F.);
#438=ORIENTED_EDGE('',*,*,#911,.T.);
#439=ORIENTED_EDGE('',*,*,#912,.F.);
#440=ORIENTED_EDGE('',*,*,#913,.F.);
#441=ORIENTED_EDGE('',*,*,#914,.T.);
#442=ORIENTED_EDGE('',*,*,#900,.T.);
#443=ORIENTED_EDGE('',*,*,#915,.F.);
#444=ORIENTED_EDGE('',*,*,#916,.F.);
#445=ORIENTED_EDGE('',*,*,#917,.F.);
#446=ORIENTED_EDGE('',*,*,#916,.T.);
#447=ORIENTED_EDGE('',*,*,#918,.F.);
#448=ORIENTED_EDGE('',*,*,#919,.F.);
#449=ORIENTED_EDGE('',*,*,#920,.F.);
#450=ORIENTED_EDGE('',*,*,#919,.T.);
#451=ORIENTED_EDGE('',*,*,#921,.F.);
#452=ORIENTED_EDGE('',*,*,#914,.F.);
#453=ORIENTED_EDGE('',*,*,#922,.F.);
#454=ORIENTED_EDGE('',*,*,#923,.T.);
#455=ORIENTED_EDGE('',*,*,#924,.F.);
#456=ORIENTED_EDGE('',*,*,#925,.F.);
#457=ORIENTED_EDGE('',*,*,#926,.T.);
#458=ORIENTED_EDGE('',*,*,#912,.T.);
#459=ORIENTED_EDGE('',*,*,#927,.F.);
#460=ORIENTED_EDGE('',*,*,#928,.F.);
#461=ORIENTED_EDGE('',*,*,#929,.F.);
#462=ORIENTED_EDGE('',*,*,#928,.T.);
#463=ORIENTED_EDGE('',*,*,#930,.F.);
#464=ORIENTED_EDGE('',*,*,#931,.F.);
#465=ORIENTED_EDGE('',*,*,#932,.F.);
#466=ORIENTED_EDGE('',*,*,#931,.T.);
#467=ORIENTED_EDGE('',*,*,#933,.F.);
#468=ORIENTED_EDGE('',*,*,#926,.F.);
#469=ORIENTED_EDGE('',*,*,#934,.F.);
#470=ORIENTED_EDGE('',*,*,#935,.T.);
#471=ORIENTED_EDGE('',*,*,#936,.F.);
#472=ORIENTED_EDGE('',*,*,#937,.F.);
#473=ORIENTED_EDGE('',*,*,#938,.T.);
#474=ORIENTED_EDGE('',*,*,#924,.T.);
#475=ORIENTED_EDGE('',*,*,#939,.F.);
#476=ORIENTED_EDGE('',*,*,#940,.F.);
#477=ORIENTED_EDGE('',*,*,#941,.F.);
#478=ORIENTED_EDGE('',*,*,#940,.T.);
#479=ORIENTED_EDGE('',*,*,#942,.F.);
#480=ORIENTED_EDGE('',*,*,#943,.F.);
#481=ORIENTED_EDGE('',*,*,#944,.F.);
#482=ORIENTED_EDGE('',*,*,#943,.T.);
#483=ORIENTED_EDGE('',*,*,#945,.F.);
#484=ORIENTED_EDGE('',*,*,#938,.F.);
#485=ORIENTED_EDGE('',*,*,#946,.F.);
#486=ORIENTED_EDGE('',*,*,#947,.T.);
#487=ORIENTED_EDGE('',*,*,#948,.F.);
#488=ORIENTED_EDGE('',*,*,#949,.F.);
#489=ORIENTED_EDGE('',*,*,#950,.T.);
#490=ORIENTED_EDGE('',*,*,#936,.T.);
#491=ORIENTED_EDGE('',*,*,#951,.F.);
#492=ORIENTED_EDGE('',*,*,#952,.F.);
#493=ORIENTED_EDGE('',*,*,#953,.F.);
#494=ORIENTED_EDGE('',*,*,#952,.T.);
#495=ORIENTED_EDGE('',*,*,#954,.F.);
#496=ORIENTED_EDGE('',*,*,#955,.F.);
#497=ORIENTED_EDGE('',*,*,#956,.F.);
#498=ORIENTED_EDGE('',*,*,#955,.T.);
#499=ORIENTED_EDGE('',*,*,#957,.F.);
#500=ORIENTED_EDGE('',*,*,#950,.F.);
#501=ORIENTED_EDGE('',*,*,#958,.F.);
#502=ORIENTED_EDGE('',*,*,#959,.T.);
#503=ORIENTED_EDGE('',*,*,#960,.F.);
#504=ORIENTED_EDGE('',*,*,#961,.F.);
#505=ORIENTED_EDGE('',*,*,#962,.T.);
#506=ORIENTED_EDGE('',*,*,#948,.T.);
#507=ORIENTED_EDGE('',*,*,#963,.F.);
#508=ORIENTED_EDGE('',*,*,#964,.F.);
#509=ORIENTED_EDGE('',*,*,#965,.F.);
#510=ORIENTED_EDGE('',*,*,#964,.T.);
#511=ORIENTED_EDGE('',*,*,#966,.F.);
#512=ORIENTED_EDGE('',*,*,#967,.F.);
#513=ORIENTED_EDGE('',*,*,#968,.F.);
#514=ORIENTED_EDGE('',*,*,#967,.T.);
#515=ORIENTED_EDGE('',*,*,#969,.F.);
#516=ORIENTED_EDGE('',*,*,#962,.F.);
#517=ORIENTED_EDGE('',*,*,#970,.F.);
#518=ORIENTED_EDGE('',*,*,#971,.T.);
#519=ORIENTED_EDGE('',*,*,#972,.F.);
#520=ORIENTED_EDGE('',*,*,#973,.F.);
#521=ORIENTED_EDGE('',*,*,#974,.T.);
#522=ORIENTED_EDGE('',*,*,#960,.T.);
#523=ORIENTED_EDGE('',*,*,#975,.F.);
#524=ORIENTED_EDGE('',*,*,#976,.F.);
#525=ORIENTED_EDGE('',*,*,#977,.F.);
#526=ORIENTED_EDGE('',*,*,#976,.T.);
#527=ORIENTED_EDGE('',*,*,#978,.F.);
#528=ORIENTED_EDGE('',*,*,#979,.F.);
#529=ORIENTED_EDGE('',*,*,#980,.F.);
#530=ORIENTED_EDGE('',*,*,#979,.T.);
#531=ORIENTED_EDGE('',*,*,#981,.F.);
#532=ORIENTED_EDGE('',*,*,#974,.F.);
#533=ORIENTED_EDGE('',*,*,#982,.F.);
#534=ORIENTED_EDGE('',*,*,#983,.F.);
#535=ORIENTED_EDGE('',*,*,#984,.T.);
#536=ORIENTED_EDGE('',*,*,#985,.T.);
#537=ORIENTED_EDGE('',*,*,#986,.T.);
#538=ORIENTED_EDGE('',*,*,#987,.T.);
#539=ORIENTED_EDGE('',*,*,#988,.T.);
#540=ORIENTED_EDGE('',*,*,#989,.T.);
#541=ORIENTED_EDGE('',*,*,#985,.F.);
#542=ORIENTED_EDGE('',*,*,#990,.T.);
#543=ORIENTED_EDGE('',*,*,#991,.T.);
#544=ORIENTED_EDGE('',*,*,#992,.T.);
#545=ORIENTED_EDGE('',*,*,#971,.F.);
#546=ORIENTED_EDGE('',*,*,#981,.T.);
#547=ORIENTED_EDGE('',*,*,#978,.T.);
#548=ORIENTED_EDGE('',*,*,#975,.T.);
#549=ORIENTED_EDGE('',*,*,#959,.F.);
#550=ORIENTED_EDGE('',*,*,#969,.T.);
#551=ORIENTED_EDGE('',*,*,#966,.T.);
#552=ORIENTED_EDGE('',*,*,#963,.T.);
#553=ORIENTED_EDGE('',*,*,#947,.F.);
#554=ORIENTED_EDGE('',*,*,#957,.T.);
#555=ORIENTED_EDGE('',*,*,#954,.T.);
#556=ORIENTED_EDGE('',*,*,#951,.T.);
#557=ORIENTED_EDGE('',*,*,#935,.F.);
#558=ORIENTED_EDGE('',*,*,#945,.T.);
#559=ORIENTED_EDGE('',*,*,#942,.T.);
#560=ORIENTED_EDGE('',*,*,#939,.T.);
#561=ORIENTED_EDGE('',*,*,#923,.F.);
#562=ORIENTED_EDGE('',*,*,#933,.T.);
#563=ORIENTED_EDGE('',*,*,#930,.T.);
#564=ORIENTED_EDGE('',*,*,#927,.T.);
#565=ORIENTED_EDGE('',*,*,#911,.F.);
#566=ORIENTED_EDGE('',*,*,#921,.T.);
#567=ORIENTED_EDGE('',*,*,#918,.T.);
#568=ORIENTED_EDGE('',*,*,#915,.T.);
#569=ORIENTED_EDGE('',*,*,#899,.F.);
#570=ORIENTED_EDGE('',*,*,#909,.T.);
#571=ORIENTED_EDGE('',*,*,#906,.T.);
#572=ORIENTED_EDGE('',*,*,#903,.T.);
#573=ORIENTED_EDGE('',*,*,#887,.F.);
#574=ORIENTED_EDGE('',*,*,#897,.T.);
#575=ORIENTED_EDGE('',*,*,#894,.T.);
#576=ORIENTED_EDGE('',*,*,#891,.T.);
#577=ORIENTED_EDGE('',*,*,#875,.F.);
#578=ORIENTED_EDGE('',*,*,#885,.T.);
#579=ORIENTED_EDGE('',*,*,#882,.T.);
#580=ORIENTED_EDGE('',*,*,#879,.T.);
#581=ORIENTED_EDGE('',*,*,#863,.F.);
#582=ORIENTED_EDGE('',*,*,#873,.T.);
#583=ORIENTED_EDGE('',*,*,#870,.T.);
#584=ORIENTED_EDGE('',*,*,#867,.T.);
#585=ORIENTED_EDGE('',*,*,#850,.F.);
#586=ORIENTED_EDGE('',*,*,#861,.T.);
#587=ORIENTED_EDGE('',*,*,#858,.T.);
#588=ORIENTED_EDGE('',*,*,#855,.T.);
#589=ORIENTED_EDGE('',*,*,#993,.F.);
#590=ORIENTED_EDGE('',*,*,#994,.T.);
#591=ORIENTED_EDGE('',*,*,#995,.F.);
#592=ORIENTED_EDGE('',*,*,#996,.T.);
#593=ORIENTED_EDGE('',*,*,#997,.F.);
#594=ORIENTED_EDGE('',*,*,#998,.T.);
#595=ORIENTED_EDGE('',*,*,#999,.T.);
#596=ORIENTED_EDGE('',*,*,#857,.T.);
#597=ORIENTED_EDGE('',*,*,#860,.T.);
#598=ORIENTED_EDGE('',*,*,#862,.T.);
#599=ORIENTED_EDGE('',*,*,#852,.T.);
#600=ORIENTED_EDGE('',*,*,#869,.T.);
#601=ORIENTED_EDGE('',*,*,#872,.T.);
#602=ORIENTED_EDGE('',*,*,#874,.T.);
#603=ORIENTED_EDGE('',*,*,#865,.T.);
#604=ORIENTED_EDGE('',*,*,#881,.T.);
#605=ORIENTED_EDGE('',*,*,#884,.T.);
#606=ORIENTED_EDGE('',*,*,#886,.T.);
#607=ORIENTED_EDGE('',*,*,#877,.T.);
#608=ORIENTED_EDGE('',*,*,#893,.T.);
#609=ORIENTED_EDGE('',*,*,#896,.T.);
#610=ORIENTED_EDGE('',*,*,#898,.T.);
#611=ORIENTED_EDGE('',*,*,#889,.T.);
#612=ORIENTED_EDGE('',*,*,#905,.T.);
#613=ORIENTED_EDGE('',*,*,#908,.T.);
#614=ORIENTED_EDGE('',*,*,#910,.T.);
#615=ORIENTED_EDGE('',*,*,#901,.T.);
#616=ORIENTED_EDGE('',*,*,#917,.T.);
#617=ORIENTED_EDGE('',*,*,#920,.T.);
#618=ORIENTED_EDGE('',*,*,#922,.T.);
#619=ORIENTED_EDGE('',*,*,#913,.T.);
#620=ORIENTED_EDGE('',*,*,#929,.T.);
#621=ORIENTED_EDGE('',*,*,#932,.T.);
#622=ORIENTED_EDGE('',*,*,#934,.T.);
#623=ORIENTED_EDGE('',*,*,#925,.T.);
#624=ORIENTED_EDGE('',*,*,#941,.T.);
#625=ORIENTED_EDGE('',*,*,#944,.T.);
#626=ORIENTED_EDGE('',*,*,#946,.T.);
#627=ORIENTED_EDGE('',*,*,#937,.T.);
#628=ORIENTED_EDGE('',*,*,#953,.T.);
#629=ORIENTED_EDGE('',*,*,#956,.T.);
#630=ORIENTED_EDGE('',*,*,#958,.T.);
#631=ORIENTED_EDGE('',*,*,#949,.T.);
#632=ORIENTED_EDGE('',*,*,#965,.T.);
#633=ORIENTED_EDGE('',*,*,#968,.T.);
#634=ORIENTED_EDGE('',*,*,#970,.T.);
#635=ORIENTED_EDGE('',*,*,#961,.T.);
#636=ORIENTED_EDGE('',*,*,#977,.T.);
#637=ORIENTED_EDGE('',*,*,#980,.T.);
#638=ORIENTED_EDGE('',*,*,#982,.T.);
#639=ORIENTED_EDGE('',*,*,#973,.T.);
#640=ORIENTED_EDGE('',*,*,#1000,.T.);
#641=ORIENTED_EDGE('',*,*,#1001,.T.);
#642=ORIENTED_EDGE('',*,*,#1002,.T.);
#643=ORIENTED_EDGE('',*,*,#983,.T.);
#644=ORIENTED_EDGE('',*,*,#1003,.T.);
#645=ORIENTED_EDGE('',*,*,#1004,.T.);
#646=ORIENTED_EDGE('',*,*,#1005,.T.);
#647=ORIENTED_EDGE('',*,*,#1006,.T.);
#648=ORIENTED_EDGE('',*,*,#1007,.T.);
#649=ORIENTED_EDGE('',*,*,#1008,.T.);
#650=ORIENTED_EDGE('',*,*,#1009,.T.);
#651=ORIENTED_EDGE('',*,*,#1010,.T.);
#652=ORIENTED_EDGE('',*,*,#1011,.T.);
#653=ORIENTED_EDGE('',*,*,#1012,.T.);
#654=ORIENTED_EDGE('',*,*,#1013,.T.);
#655=ORIENTED_EDGE('',*,*,#995,.T.);
#656=ORIENTED_EDGE('',*,*,#986,.F.);
#657=ORIENTED_EDGE('',*,*,#989,.F.);
#658=ORIENTED_EDGE('',*,*,#1014,.T.);
#659=ORIENTED_EDGE('',*,*,#1015,.T.);
#660=ORIENTED_EDGE('',*,*,#1016,.T.);
#661=ORIENTED_EDGE('',*,*,#993,.T.);
#662=ORIENTED_EDGE('',*,*,#854,.F.);
#663=ORIENTED_EDGE('',*,*,#999,.F.);
#664=ORIENTED_EDGE('',*,*,#1017,.T.);
#665=ORIENTED_EDGE('',*,*,#1018,.T.);
#666=ORIENTED_EDGE('',*,*,#1019,.T.);
#667=ORIENTED_EDGE('',*,*,#848,.F.);
#668=ORIENTED_EDGE('',*,*,#1020,.F.);
#669=ORIENTED_EDGE('',*,*,#1021,.F.);
#670=ORIENTED_EDGE('',*,*,#1022,.T.);
#671=ORIENTED_EDGE('',*,*,#1023,.T.);
#672=ORIENTED_EDGE('',*,*,#1024,.F.);
#673=ORIENTED_EDGE('',*,*,#1025,.T.);
#674=ORIENTED_EDGE('',*,*,#1026,.T.);
#675=ORIENTED_EDGE('',*,*,#1027,.T.);
#676=ORIENTED_EDGE('',*,*,#1028,.T.);
#677=ORIENTED_EDGE('',*,*,#1029,.T.);
#678=ORIENTED_EDGE('',*,*,#1030,.T.);
#679=ORIENTED_EDGE('',*,*,#1031,.T.);
#680=ORIENTED_EDGE('',*,*,#1032,.T.);
#681=ORIENTED_EDGE('',*,*,#1033,.T.);
#682=ORIENTED_EDGE('',*,*,#1034,.T.);
#683=ORIENTED_EDGE('',*,*,#1035,.T.);
#684=ORIENTED_EDGE('',*,*,#1036,.T.);
#685=ORIENTED_EDGE('',*,*,#1037,.T.);
#686=ORIENTED_EDGE('',*,*,#1038,.T.);
#687=ORIENTED_EDGE('',*,*,#1039,.T.);
#688=ORIENTED_EDGE('',*,*,#1040,.T.);
#689=ORIENTED_EDGE('',*,*,#1041,.T.);
#690=ORIENTED_EDGE('',*,*,#1042,.T.);
#691=ORIENTED_EDGE('',*,*,#1043,.T.);
#692=ORIENTED_EDGE('',*,*,#1044,.T.);
#693=ORIENTED_EDGE('',*,*,#1045,.T.);
#694=ORIENTED_EDGE('',*,*,#1010,.F.);
#695=ORIENTED_EDGE('',*,*,#1046,.T.);
#696=ORIENTED_EDGE('',*,*,#1003,.F.);
#697=ORIENTED_EDGE('',*,*,#1047,.T.);
#698=ORIENTED_EDGE('',*,*,#1024,.T.);
#699=ORIENTED_EDGE('',*,*,#1048,.T.);
#700=ORIENTED_EDGE('',*,*,#1049,.F.);
#701=ORIENTED_EDGE('',*,*,#1050,.T.);
#702=ORIENTED_EDGE('',*,*,#987,.F.);
#703=ORIENTED_EDGE('',*,*,#1051,.T.);
#704=ORIENTED_EDGE('',*,*,#997,.T.);
#705=ORIENTED_EDGE('',*,*,#1052,.T.);
#706=ORIENTED_EDGE('',*,*,#1053,.T.);
#707=ORIENTED_EDGE('',*,*,#1054,.T.);
#708=ORIENTED_EDGE('',*,*,#1038,.F.);
#709=ORIENTED_EDGE('',*,*,#1055,.T.);
#710=ORIENTED_EDGE('',*,*,#1056,.T.);
#711=ORIENTED_EDGE('',*,*,#990,.F.);
#712=ORIENTED_EDGE('',*,*,#984,.F.);
#713=ORIENTED_EDGE('',*,*,#1002,.F.);
#714=ORIENTED_EDGE('',*,*,#972,.T.);
#715=ORIENTED_EDGE('',*,*,#992,.F.);
#716=ORIENTED_EDGE('',*,*,#1057,.F.);
#717=ORIENTED_EDGE('',*,*,#1000,.F.);
#718=ORIENTED_EDGE('',*,*,#1057,.T.);
#719=ORIENTED_EDGE('',*,*,#991,.F.);
#720=ORIENTED_EDGE('',*,*,#1056,.F.);
#721=ORIENTED_EDGE('',*,*,#1001,.F.);
#722=ORIENTED_EDGE('',*,*,#1058,.T.);
#723=ORIENTED_EDGE('',*,*,#1059,.T.);
#724=ORIENTED_EDGE('',*,*,#1060,.T.);
#725=ORIENTED_EDGE('',*,*,#1061,.T.);
#726=ORIENTED_EDGE('',*,*,#1062,.T.);
#727=ORIENTED_EDGE('',*,*,#1063,.T.);
#728=ORIENTED_EDGE('',*,*,#1064,.T.);
#729=ORIENTED_EDGE('',*,*,#1065,.T.);
#730=ORIENTED_EDGE('',*,*,#1021,.T.);
#731=ORIENTED_EDGE('',*,*,#1034,.F.);
#732=ORIENTED_EDGE('',*,*,#1020,.T.);
#733=ORIENTED_EDGE('',*,*,#1033,.F.);
#734=ORIENTED_EDGE('',*,*,#1060,.F.);
#735=ORIENTED_EDGE('',*,*,#1066,.T.);
#736=ORIENTED_EDGE('',*,*,#846,.F.);
#737=ORIENTED_EDGE('',*,*,#1067,.T.);
#738=ORIENTED_EDGE('',*,*,#1005,.F.);
#739=ORIENTED_EDGE('',*,*,#1068,.T.);
#740=ORIENTED_EDGE('',*,*,#1062,.F.);
#741=ORIENTED_EDGE('',*,*,#1069,.T.);
#742=ORIENTED_EDGE('',*,*,#1064,.F.);
#743=ORIENTED_EDGE('',*,*,#1070,.T.);
#744=ORIENTED_EDGE('',*,*,#1058,.F.);
#745=ORIENTED_EDGE('',*,*,#1071,.T.);
#746=ORIENTED_EDGE('',*,*,#996,.F.);
#747=ORIENTED_EDGE('',*,*,#1013,.F.);
#748=ORIENTED_EDGE('',*,*,#1012,.F.);
#749=ORIENTED_EDGE('',*,*,#1072,.T.);
#750=ORIENTED_EDGE('',*,*,#1053,.F.);
#751=ORIENTED_EDGE('',*,*,#1052,.F.);
#752=ORIENTED_EDGE('',*,*,#998,.F.);
#753=ORIENTED_EDGE('',*,*,#1055,.F.);
#754=ORIENTED_EDGE('',*,*,#1037,.F.);
#755=ORIENTED_EDGE('',*,*,#1073,.T.);
#756=ORIENTED_EDGE('',*,*,#1018,.F.);
#757=ORIENTED_EDGE('',*,*,#1017,.F.);
#758=ORIENTED_EDGE('',*,*,#988,.F.);
#759=ORIENTED_EDGE('',*,*,#1050,.F.);
#760=ORIENTED_EDGE('',*,*,#1049,.T.);
#761=ORIENTED_EDGE('',*,*,#1074,.T.);
#762=ORIENTED_EDGE('',*,*,#1008,.F.);
#763=ORIENTED_EDGE('',*,*,#1007,.F.);
#764=ORIENTED_EDGE('',*,*,#994,.F.);
#765=ORIENTED_EDGE('',*,*,#1016,.F.);
#766=ORIENTED_EDGE('',*,*,#1015,.F.);
#767=ORIENTED_EDGE('',*,*,#1075,.T.);
#768=ORIENTED_EDGE('',*,*,#1025,.F.);
#769=ORIENTED_EDGE('',*,*,#1051,.F.);
#770=ORIENTED_EDGE('',*,*,#1014,.F.);
#771=ORIENTED_EDGE('',*,*,#847,.F.);
#772=ORIENTED_EDGE('',*,*,#1076,.F.);
#773=ORIENTED_EDGE('',*,*,#1026,.F.);
#774=ORIENTED_EDGE('',*,*,#1075,.F.);
#775=ORIENTED_EDGE('',*,*,#1076,.T.);
#776=ORIENTED_EDGE('',*,*,#1066,.F.);
#777=ORIENTED_EDGE('',*,*,#1077,.F.);
#778=ORIENTED_EDGE('',*,*,#1027,.F.);
#779=ORIENTED_EDGE('',*,*,#1077,.T.);
#780=ORIENTED_EDGE('',*,*,#1059,.F.);
#781=ORIENTED_EDGE('',*,*,#1078,.F.);
#782=ORIENTED_EDGE('',*,*,#1028,.F.);
#783=ORIENTED_EDGE('',*,*,#1078,.T.);
#784=ORIENTED_EDGE('',*,*,#1070,.F.);
#785=ORIENTED_EDGE('',*,*,#1079,.F.);
#786=ORIENTED_EDGE('',*,*,#1029,.F.);
#787=ORIENTED_EDGE('',*,*,#1079,.T.);
#788=ORIENTED_EDGE('',*,*,#1063,.F.);
#789=ORIENTED_EDGE('',*,*,#1080,.F.);
#790=ORIENTED_EDGE('',*,*,#1030,.F.);
#791=ORIENTED_EDGE('',*,*,#1080,.T.);
#792=ORIENTED_EDGE('',*,*,#1068,.F.);
#793=ORIENTED_EDGE('',*,*,#1081,.F.);
#794=ORIENTED_EDGE('',*,*,#1031,.F.);
#795=ORIENTED_EDGE('',*,*,#1081,.T.);
#796=ORIENTED_EDGE('',*,*,#1004,.F.);
#797=ORIENTED_EDGE('',*,*,#1082,.F.);
#798=ORIENTED_EDGE('',*,*,#1032,.F.);
#799=ORIENTED_EDGE('',*,*,#1082,.T.);
#800=ORIENTED_EDGE('',*,*,#1046,.F.);
#801=ORIENTED_EDGE('',*,*,#1083,.F.);
#802=ORIENTED_EDGE('',*,*,#1022,.F.);
#803=ORIENTED_EDGE('',*,*,#1083,.T.);
#804=ORIENTED_EDGE('',*,*,#1009,.F.);
#805=ORIENTED_EDGE('',*,*,#1074,.F.);
#806=ORIENTED_EDGE('',*,*,#1048,.F.);
#807=ORIENTED_EDGE('',*,*,#1023,.F.);
#808=ORIENTED_EDGE('',*,*,#1072,.F.);
#809=ORIENTED_EDGE('',*,*,#1011,.F.);
#810=ORIENTED_EDGE('',*,*,#1084,.F.);
#811=ORIENTED_EDGE('',*,*,#1039,.F.);
#812=ORIENTED_EDGE('',*,*,#1054,.F.);
#813=ORIENTED_EDGE('',*,*,#1084,.T.);
#814=ORIENTED_EDGE('',*,*,#1047,.F.);
#815=ORIENTED_EDGE('',*,*,#1085,.F.);
#816=ORIENTED_EDGE('',*,*,#1040,.F.);
#817=ORIENTED_EDGE('',*,*,#1085,.T.);
#818=ORIENTED_EDGE('',*,*,#1006,.F.);
#819=ORIENTED_EDGE('',*,*,#1086,.F.);
#820=ORIENTED_EDGE('',*,*,#1041,.F.);
#821=ORIENTED_EDGE('',*,*,#1086,.T.);
#822=ORIENTED_EDGE('',*,*,#1069,.F.);
#823=ORIENTED_EDGE('',*,*,#1087,.F.);
#824=ORIENTED_EDGE('',*,*,#1042,.F.);
#825=ORIENTED_EDGE('',*,*,#1087,.T.);
#826=ORIENTED_EDGE('',*,*,#1065,.F.);
#827=ORIENTED_EDGE('',*,*,#1088,.F.);
#828=ORIENTED_EDGE('',*,*,#1043,.F.);
#829=ORIENTED_EDGE('',*,*,#1088,.T.);
#830=ORIENTED_EDGE('',*,*,#1071,.F.);
#831=ORIENTED_EDGE('',*,*,#1089,.F.);
#832=ORIENTED_EDGE('',*,*,#1044,.F.);
#833=ORIENTED_EDGE('',*,*,#1089,.T.);
#834=ORIENTED_EDGE('',*,*,#1061,.F.);
#835=ORIENTED_EDGE('',*,*,#1090,.F.);
#836=ORIENTED_EDGE('',*,*,#1045,.F.);
#837=ORIENTED_EDGE('',*,*,#1090,.T.);
#838=ORIENTED_EDGE('',*,*,#1067,.F.);
#839=ORIENTED_EDGE('',*,*,#1091,.F.);
#840=ORIENTED_EDGE('',*,*,#1035,.F.);
#841=ORIENTED_EDGE('',*,*,#1091,.T.);
#842=ORIENTED_EDGE('',*,*,#849,.F.);
#843=ORIENTED_EDGE('',*,*,#1019,.F.);
#844=ORIENTED_EDGE('',*,*,#1073,.F.);
#845=ORIENTED_EDGE('',*,*,#1036,.F.);
#846=EDGE_CURVE('',#1092,#1093,#1254,.T.);
#847=EDGE_CURVE('',#1093,#1094,#1255,.T.);
#848=EDGE_CURVE('',#1094,#1095,#44,.T.);
#849=EDGE_CURVE('',#1095,#1092,#1256,.T.);
#850=EDGE_CURVE('',#1096,#1097,#45,.T.);
#851=EDGE_CURVE('',#1098,#1097,#46,.T.);
#852=EDGE_CURVE('',#1099,#1098,#47,.T.);
#853=EDGE_CURVE('',#1099,#1096,#48,.T.);
#854=EDGE_CURVE('',#1100,#1101,#49,.T.);
#855=EDGE_CURVE('',#1102,#1101,#50,.T.);
#856=EDGE_CURVE('',#1103,#1102,#51,.T.);
#857=EDGE_CURVE('',#1100,#1103,#52,.T.);
#858=EDGE_CURVE('',#1104,#1102,#53,.T.);
#859=EDGE_CURVE('',#1105,#1104,#54,.T.);
#860=EDGE_CURVE('',#1103,#1105,#55,.T.);
#861=EDGE_CURVE('',#1096,#1104,#56,.T.);
#862=EDGE_CURVE('',#1105,#1099,#57,.T.);
#863=EDGE_CURVE('',#1106,#1107,#58,.T.);
#864=EDGE_CURVE('',#1108,#1107,#59,.T.);
#865=EDGE_CURVE('',#1109,#1108,#60,.T.);
#866=EDGE_CURVE('',#1109,#1106,#61,.T.);
#867=EDGE_CURVE('',#1110,#1097,#62,.T.);
#868=EDGE_CURVE('',#1111,#1110,#63,.T.);
#869=EDGE_CURVE('',#1098,#1111,#64,.T.);
#870=EDGE_CURVE('',#1112,#1110,#65,.T.);
#871=EDGE_CURVE('',#1113,#1112,#66,.T.);
#872=EDGE_CURVE('',#1111,#1113,#67,.T.);
#873=EDGE_CURVE('',#1106,#1112,#68,.T.);
#874=EDGE_CURVE('',#1113,#1109,#69,.T.);
#875=EDGE_CURVE('',#1114,#1115,#70,.T.);
#876=EDGE_CURVE('',#1116,#1115,#71,.T.);
#877=EDGE_CURVE('',#1117,#1116,#72,.T.);
#878=EDGE_CURVE('',#1117,#1114,#73,.T.);
#879=EDGE_CURVE('',#1118,#1107,#74,.T.);
#880=EDGE_CURVE('',#1119,#1118,#75,.T.);
#881=EDGE_CURVE('',#1108,#1119,#76,.T.);
#882=EDGE_CURVE('',#1120,#1118,#77,.T.);
#883=EDGE_CURVE('',#1121,#1120,#78,.T.);
#884=EDGE_CURVE('',#1119,#1121,#79,.T.);
#885=EDGE_CURVE('',#1114,#1120,#80,.T.);
#886=EDGE_CURVE('',#1121,#1117,#81,.T.);
#887=EDGE_CURVE('',#1122,#1123,#82,.T.);
#888=EDGE_CURVE('',#1124,#1123,#83,.T.);
#889=EDGE_CURVE('',#1125,#1124,#84,.T.);
#890=EDGE_CURVE('',#1125,#1122,#85,.T.);
#891=EDGE_CURVE('',#1126,#1115,#86,.T.);
#892=EDGE_CURVE('',#1127,#1126,#87,.T.);
#893=EDGE_CURVE('',#1116,#1127,#88,.T.);
#894=EDGE_CURVE('',#1128,#1126,#89,.T.);
#895=EDGE_CURVE('',#1129,#1128,#90,.T.);
#896=EDGE_CURVE('',#1127,#1129,#91,.T.);
#897=EDGE_CURVE('',#1122,#1128,#92,.T.);
#898=EDGE_CURVE('',#1129,#1125,#93,.T.);
#899=EDGE_CURVE('',#1130,#1131,#94,.T.);
#900=EDGE_CURVE('',#1132,#1131,#95,.T.);
#901=EDGE_CURVE('',#1133,#1132,#96,.T.);
#902=EDGE_CURVE('',#1133,#1130,#97,.T.);
#903=EDGE_CURVE('',#1134,#1123,#98,.T.);
#904=EDGE_CURVE('',#1135,#1134,#99,.T.);
#905=EDGE_CURVE('',#1124,#1135,#100,.T.);
#906=EDGE_CURVE('',#1136,#1134,#101,.T.);
#907=EDGE_CURVE('',#1137,#1136,#102,.T.);
#908=EDGE_CURVE('',#1135,#1137,#103,.T.);
#909=EDGE_CURVE('',#1130,#1136,#104,.T.);
#910=EDGE_CURVE('',#1137,#1133,#105,.T.);
#911=EDGE_CURVE('',#1138,#1139,#106,.T.);
#912=EDGE_CURVE('',#1140,#1139,#107,.T.);
#913=EDGE_CURVE('',#1141,#1140,#108,.T.);
#914=EDGE_CURVE('',#1141,#1138,#109,.T.);
#915=EDGE_CURVE('',#1142,#1131,#110,.T.);
#916=EDGE_CURVE('',#1143,#1142,#111,.T.);
#917=EDGE_CURVE('',#1132,#1143,#112,.T.);
#918=EDGE_CURVE('',#1144,#1142,#113,.T.);
#919=EDGE_CURVE('',#1145,#1144,#114,.T.);
#920=EDGE_CURVE('',#1143,#1145,#115,.T.);
#921=EDGE_CURVE('',#1138,#1144,#116,.T.);
#922=EDGE_CURVE('',#1145,#1141,#117,.T.);
#923=EDGE_CURVE('',#1146,#1147,#118,.T.);
#924=EDGE_CURVE('',#1148,#1147,#119,.T.);
#925=EDGE_CURVE('',#1149,#1148,#120,.T.);
#926=EDGE_CURVE('',#1149,#1146,#121,.T.);
#927=EDGE_CURVE('',#1150,#1139,#122,.T.);
#928=EDGE_CURVE('',#1151,#1150,#123,.T.);
#929=EDGE_CURVE('',#1140,#1151,#124,.T.);
#930=EDGE_CURVE('',#1152,#1150,#125,.T.);
#931=EDGE_CURVE('',#1153,#1152,#126,.T.);
#932=EDGE_CURVE('',#1151,#1153,#127,.T.);
#933=EDGE_CURVE('',#1146,#1152,#128,.T.);
#934=EDGE_CURVE('',#1153,#1149,#129,.T.);
#935=EDGE_CURVE('',#1154,#1155,#130,.T.);
#936=EDGE_CURVE('',#1156,#1155,#131,.T.);
#937=EDGE_CURVE('',#1157,#1156,#132,.T.);
#938=EDGE_CURVE('',#1157,#1154,#133,.T.);
#939=EDGE_CURVE('',#1158,#1147,#134,.T.);
#940=EDGE_CURVE('',#1159,#1158,#135,.T.);
#941=EDGE_CURVE('',#1148,#1159,#136,.T.);
#942=EDGE_CURVE('',#1160,#1158,#137,.T.);
#943=EDGE_CURVE('',#1161,#1160,#138,.T.);
#944=EDGE_CURVE('',#1159,#1161,#139,.T.);
#945=EDGE_CURVE('',#1154,#1160,#140,.T.);
#946=EDGE_CURVE('',#1161,#1157,#141,.T.);
#947=EDGE_CURVE('',#1162,#1163,#142,.T.);
#948=EDGE_CURVE('',#1164,#1163,#143,.T.);
#949=EDGE_CURVE('',#1165,#1164,#144,.T.);
#950=EDGE_CURVE('',#1165,#1162,#145,.T.);
#951=EDGE_CURVE('',#1166,#1155,#146,.T.);
#952=EDGE_CURVE('',#1167,#1166,#147,.T.);
#953=EDGE_CURVE('',#1156,#1167,#148,.T.);
#954=EDGE_CURVE('',#1168,#1166,#149,.T.);
#955=EDGE_CURVE('',#1169,#1168,#150,.T.);
#956=EDGE_CURVE('',#1167,#1169,#151,.T.);
#957=EDGE_CURVE('',#1162,#1168,#152,.T.);
#958=EDGE_CURVE('',#1169,#1165,#153,.T.);
#959=EDGE_CURVE('',#1170,#1171,#154,.T.);
#960=EDGE_CURVE('',#1172,#1171,#155,.T.);
#961=EDGE_CURVE('',#1173,#1172,#156,.T.);
#962=EDGE_CURVE('',#1173,#1170,#157,.T.);
#963=EDGE_CURVE('',#1174,#1163,#158,.T.);
#964=EDGE_CURVE('',#1175,#1174,#159,.T.);
#965=EDGE_CURVE('',#1164,#1175,#160,.T.);
#966=EDGE_CURVE('',#1176,#1174,#161,.T.);
#967=EDGE_CURVE('',#1177,#1176,#162,.T.);
#968=EDGE_CURVE('',#1175,#1177,#163,.T.);
#969=EDGE_CURVE('',#1170,#1176,#164,.T.);
#970=EDGE_CURVE('',#1177,#1173,#165,.T.);
#971=EDGE_CURVE('',#1178,#1179,#166,.T.);
#972=EDGE_CURVE('',#1180,#1179,#167,.T.);
#973=EDGE_CURVE('',#1181,#1180,#168,.T.);
#974=EDGE_CURVE('',#1181,#1178,#169,.T.);
#975=EDGE_CURVE('',#1182,#1171,#170,.T.);
#976=EDGE_CURVE('',#1183,#1182,#171,.T.);
#977=EDGE_CURVE('',#1172,#1183,#172,.T.);
#978=EDGE_CURVE('',#1184,#1182,#173,.T.);
#979=EDGE_CURVE('',#1185,#1184,#174,.T.);
#980=EDGE_CURVE('',#1183,#1185,#175,.T.);
#981=EDGE_CURVE('',#1178,#1184,#176,.T.);
#982=EDGE_CURVE('',#1185,#1181,#177,.T.);
#983=EDGE_CURVE('',#1186,#1187,#178,.T.);
#984=EDGE_CURVE('',#1186,#1188,#179,.T.);
#985=EDGE_CURVE('',#1188,#1189,#180,.T.);
#986=EDGE_CURVE('',#1189,#1187,#181,.T.);
#987=EDGE_CURVE('',#1190,#1191,#182,.T.);
#988=EDGE_CURVE('',#1191,#1192,#1257,.T.);
#989=EDGE_CURVE('',#1192,#1189,#183,.T.);
#990=EDGE_CURVE('',#1188,#1193,#184,.T.);
#991=EDGE_CURVE('',#1193,#1194,#185,.T.);
#992=EDGE_CURVE('',#1194,#1179,#186,.T.);
#993=EDGE_CURVE('',#1195,#1101,#187,.T.);
#994=EDGE_CURVE('',#1195,#1190,#1258,.T.);
#995=EDGE_CURVE('',#1196,#1187,#188,.T.);
#996=EDGE_CURVE('',#1196,#1197,#1259,.T.);
#997=EDGE_CURVE('',#1198,#1197,#189,.T.);
#998=EDGE_CURVE('',#1198,#1199,#1260,.T.);
#999=EDGE_CURVE('',#1199,#1100,#190,.T.);
#1000=EDGE_CURVE('',#1180,#1200,#191,.T.);
#1001=EDGE_CURVE('',#1200,#1201,#192,.T.);
#1002=EDGE_CURVE('',#1201,#1186,#193,.T.);
#1003=EDGE_CURVE('',#1202,#1203,#1261,.T.);
#1004=EDGE_CURVE('',#1203,#1204,#1262,.T.);
#1005=EDGE_CURVE('',#1204,#1205,#1263,.T.);
#1006=EDGE_CURVE('',#1205,#1202,#1264,.T.);
#1007=EDGE_CURVE('',#1192,#1206,#1265,.T.);
#1008=EDGE_CURVE('',#1206,#1207,#1266,.T.);
#1009=EDGE_CURVE('',#1207,#1208,#1267,.T.);
#1010=EDGE_CURVE('',#1208,#1209,#1268,.T.);
#1011=EDGE_CURVE('',#1209,#1210,#1269,.T.);
#1012=EDGE_CURVE('',#1210,#1211,#1270,.T.);
#1013=EDGE_CURVE('',#1211,#1196,#1271,.T.);
#1014=EDGE_CURVE('',#1094,#1212,#1272,.T.);
#1015=EDGE_CURVE('',#1212,#1213,#1273,.T.);
#1016=EDGE_CURVE('',#1213,#1195,#1274,.T.);
#1017=EDGE_CURVE('',#1199,#1214,#1275,.T.);
#1018=EDGE_CURVE('',#1214,#1215,#1276,.T.);
#1019=EDGE_CURVE('',#1215,#1095,#1277,.T.);
#1020=EDGE_CURVE('',#1216,#1216,#40,.T.);
#1021=EDGE_CURVE('',#1217,#1217,#41,.T.);
#1022=EDGE_CURVE('',#1218,#1219,#1278,.T.);
#1023=EDGE_CURVE('',#1219,#1220,#1279,.T.);
#1024=EDGE_CURVE('',#1221,#1220,#194,.T.);
#1025=EDGE_CURVE('',#1221,#1222,#1280,.T.);
#1026=EDGE_CURVE('',#1222,#1223,#1281,.T.);
#1027=EDGE_CURVE('',#1223,#1224,#1282,.T.);
#1028=EDGE_CURVE('',#1224,#1225,#1283,.T.);
#1029=EDGE_CURVE('',#1225,#1226,#1284,.T.);
#1030=EDGE_CURVE('',#1226,#1227,#1285,.T.);
#1031=EDGE_CURVE('',#1227,#1228,#1286,.T.);
#1032=EDGE_CURVE('',#1228,#1218,#1287,.T.);
#1033=EDGE_CURVE('',#1229,#1229,#42,.T.);
#1034=EDGE_CURVE('',#1230,#1230,#43,.T.);
#1035=EDGE_CURVE('',#1231,#1232,#1288,.T.);
#1036=EDGE_CURVE('',#1232,#1233,#1289,.T.);
#1037=EDGE_CURVE('',#1233,#1234,#1290,.T.);
#1038=EDGE_CURVE('',#1234,#1235,#195,.T.);
#1039=EDGE_CURVE('',#1235,#1236,#1291,.T.);
#1040=EDGE_CURVE('',#1236,#1237,#1292,.T.);
#1041=EDGE_CURVE('',#1237,#1238,#1293,.T.);
#1042=EDGE_CURVE('',#1238,#1239,#1294,.T.);
#1043=EDGE_CURVE('',#1239,#1240,#1295,.T.);
#1044=EDGE_CURVE('',#1240,#1241,#1296,.T.);
#1045=EDGE_CURVE('',#1241,#1231,#1297,.T.);
#1046=EDGE_CURVE('',#1208,#1203,#1298,.T.);
#1047=EDGE_CURVE('',#1202,#1209,#1299,.T.);
#1048=EDGE_CURVE('',#1220,#1242,#1300,.T.);
#1049=EDGE_CURVE('',#1243,#1242,#196,.F.);
#1050=EDGE_CURVE('',#1243,#1191,#1301,.T.);
#1051=EDGE_CURVE('',#1190,#1221,#1302,.T.);
#1052=EDGE_CURVE('',#1197,#1244,#1303,.T.);
#1053=EDGE_CURVE('',#1244,#1245,#1304,.F.);
#1054=EDGE_CURVE('',#1245,#1235,#1305,.T.);
#1055=EDGE_CURVE('',#1234,#1198,#1306,.T.);
#1056=EDGE_CURVE('',#1201,#1193,#197,.T.);
#1057=EDGE_CURVE('',#1200,#1194,#198,.T.);
#1058=EDGE_CURVE('',#1246,#1247,#1307,.T.);
#1059=EDGE_CURVE('',#1247,#1248,#1308,.T.);
#1060=EDGE_CURVE('',#1248,#1249,#1309,.T.);
#1061=EDGE_CURVE('',#1249,#1246,#1310,.T.);
#1062=EDGE_CURVE('',#1250,#1251,#1311,.T.);
#1063=EDGE_CURVE('',#1251,#1252,#1312,.T.);
#1064=EDGE_CURVE('',#1252,#1253,#1313,.T.);
#1065=EDGE_CURVE('',#1253,#1250,#1314,.T.);
#1066=EDGE_CURVE('',#1248,#1093,#1315,.T.);
#1067=EDGE_CURVE('',#1092,#1249,#1316,.T.);
#1068=EDGE_CURVE('',#1204,#1251,#1317,.T.);
#1069=EDGE_CURVE('',#1250,#1205,#1318,.T.);
#1070=EDGE_CURVE('',#1252,#1247,#1319,.T.);
#1071=EDGE_CURVE('',#1246,#1253,#1320,.T.);
#1072=EDGE_CURVE('',#1210,#1245,#1321,.T.);
#1073=EDGE_CURVE('',#1233,#1215,#1322,.T.);
#1074=EDGE_CURVE('',#1242,#1207,#1323,.T.);
#1075=EDGE_CURVE('',#1212,#1222,#1324,.T.);
#1076=EDGE_CURVE('',#1223,#1093,#1325,.F.);
#1077=EDGE_CURVE('',#1224,#1248,#1326,.T.);
#1078=EDGE_CURVE('',#1225,#1247,#1327,.F.);
#1079=EDGE_CURVE('',#1226,#1252,#1328,.T.);
#1080=EDGE_CURVE('',#1227,#1251,#1329,.F.);
#1081=EDGE_CURVE('',#1228,#1204,#1330,.T.);
#1082=EDGE_CURVE('',#1218,#1203,#1331,.F.);
#1083=EDGE_CURVE('',#1219,#1208,#1332,.T.);
#1084=EDGE_CURVE('',#1236,#1209,#1333,.F.);
#1085=EDGE_CURVE('',#1237,#1202,#1334,.T.);
#1086=EDGE_CURVE('',#1238,#1205,#1335,.F.);
#1087=EDGE_CURVE('',#1239,#1250,#1336,.T.);
#1088=EDGE_CURVE('',#1240,#1253,#1337,.F.);
#1089=EDGE_CURVE('',#1241,#1246,#1338,.T.);
#1090=EDGE_CURVE('',#1231,#1249,#1339,.F.);
#1091=EDGE_CURVE('',#1232,#1092,#1340,.T.);
#1092=VERTEX_POINT('',#2051);
#1093=VERTEX_POINT('',#2052);
#1094=VERTEX_POINT('',#2057);
#1095=VERTEX_POINT('',#2059);
#1096=VERTEX_POINT('',#2066);
#1097=VERTEX_POINT('',#2067);
#1098=VERTEX_POINT('',#2069);
#1099=VERTEX_POINT('',#2071);
#1100=VERTEX_POINT('',#2075);
#1101=VERTEX_POINT('',#2076);
#1102=VERTEX_POINT('',#2078);
#1103=VERTEX_POINT('',#2080);
#1104=VERTEX_POINT('',#2084);
#1105=VERTEX_POINT('',#2086);
#1106=VERTEX_POINT('',#2093);
#1107=VERTEX_POINT('',#2094);
#1108=VERTEX_POINT('',#2096);
#1109=VERTEX_POINT('',#2098);
#1110=VERTEX_POINT('',#2102);
#1111=VERTEX_POINT('',#2104);
#1112=VERTEX_POINT('',#2108);
#1113=VERTEX_POINT('',#2110);
#1114=VERTEX_POINT('',#2117);
#1115=VERTEX_POINT('',#2118);
#1116=VERTEX_POINT('',#2120);
#1117=VERTEX_POINT('',#2122);
#1118=VERTEX_POINT('',#2126);
#1119=VERTEX_POINT('',#2128);
#1120=VERTEX_POINT('',#2132);
#1121=VERTEX_POINT('',#2134);
#1122=VERTEX_POINT('',#2141);
#1123=VERTEX_POINT('',#2142);
#1124=VERTEX_POINT('',#2144);
#1125=VERTEX_POINT('',#2146);
#1126=VERTEX_POINT('',#2150);
#1127=VERTEX_POINT('',#2152);
#1128=VERTEX_POINT('',#2156);
#1129=VERTEX_POINT('',#2158);
#1130=VERTEX_POINT('',#2165);
#1131=VERTEX_POINT('',#2166);
#1132=VERTEX_POINT('',#2168);
#1133=VERTEX_POINT('',#2170);
#1134=VERTEX_POINT('',#2174);
#1135=VERTEX_POINT('',#2176);
#1136=VERTEX_POINT('',#2180);
#1137=VERTEX_POINT('',#2182);
#1138=VERTEX_POINT('',#2189);
#1139=VERTEX_POINT('',#2190);
#1140=VERTEX_POINT('',#2192);
#1141=VERTEX_POINT('',#2194);
#1142=VERTEX_POINT('',#2198);
#1143=VERTEX_POINT('',#2200);
#1144=VERTEX_POINT('',#2204);
#1145=VERTEX_POINT('',#2206);
#1146=VERTEX_POINT('',#2213);
#1147=VERTEX_POINT('',#2214);
#1148=VERTEX_POINT('',#2216);
#1149=VERTEX_POINT('',#2218);
#1150=VERTEX_POINT('',#2222);
#1151=VERTEX_POINT('',#2224);
#1152=VERTEX_POINT('',#2228);
#1153=VERTEX_POINT('',#2230);
#1154=VERTEX_POINT('',#2237);
#1155=VERTEX_POINT('',#2238);
#1156=VERTEX_POINT('',#2240);
#1157=VERTEX_POINT('',#2242);
#1158=VERTEX_POINT('',#2246);
#1159=VERTEX_POINT('',#2248);
#1160=VERTEX_POINT('',#2252);
#1161=VERTEX_POINT('',#2254);
#1162=VERTEX_POINT('',#2261);
#1163=VERTEX_POINT('',#2262);
#1164=VERTEX_POINT('',#2264);
#1165=VERTEX_POINT('',#2266);
#1166=VERTEX_POINT('',#2270);
#1167=VERTEX_POINT('',#2272);
#1168=VERTEX_POINT('',#2276);
#1169=VERTEX_POINT('',#2278);
#1170=VERTEX_POINT('',#2285);
#1171=VERTEX_POINT('',#2286);
#1172=VERTEX_POINT('',#2288);
#1173=VERTEX_POINT('',#2290);
#1174=VERTEX_POINT('',#2294);
#1175=VERTEX_POINT('',#2296);
#1176=VERTEX_POINT('',#2300);
#1177=VERTEX_POINT('',#2302);
#1178=VERTEX_POINT('',#2309);
#1179=VERTEX_POINT('',#2310);
#1180=VERTEX_POINT('',#2312);
#1181=VERTEX_POINT('',#2314);
#1182=VERTEX_POINT('',#2318);
#1183=VERTEX_POINT('',#2320);
#1184=VERTEX_POINT('',#2324);
#1185=VERTEX_POINT('',#2326);
#1186=VERTEX_POINT('',#2333);
#1187=VERTEX_POINT('',#2334);
#1188=VERTEX_POINT('',#2336);
#1189=VERTEX_POINT('',#2338);
#1190=VERTEX_POINT('',#2342);
#1191=VERTEX_POINT('',#2343);
#1192=VERTEX_POINT('',#2348);
#1193=VERTEX_POINT('',#2351);
#1194=VERTEX_POINT('',#2353);
#1195=VERTEX_POINT('',#2356);
#1196=VERTEX_POINT('',#2374);
#1197=VERTEX_POINT('',#2379);
#1198=VERTEX_POINT('',#2381);
#1199=VERTEX_POINT('',#2397);
#1200=VERTEX_POINT('',#2400);
#1201=VERTEX_POINT('',#2402);
#1202=VERTEX_POINT('',#2409);
#1203=VERTEX_POINT('',#2410);
#1204=VERTEX_POINT('',#2415);
#1205=VERTEX_POINT('',#2420);
#1206=VERTEX_POINT('',#2430);
#1207=VERTEX_POINT('',#2435);
#1208=VERTEX_POINT('',#2440);
#1209=VERTEX_POINT('',#2445);
#1210=VERTEX_POINT('',#2450);
#1211=VERTEX_POINT('',#2455);
#1212=VERTEX_POINT('',#2468);
#1213=VERTEX_POINT('',#2473);
#1214=VERTEX_POINT('',#2482);
#1215=VERTEX_POINT('',#2487);
#1216=VERTEX_POINT('',#2497);
#1217=VERTEX_POINT('',#2499);
#1218=VERTEX_POINT('',#2542);
#1219=VERTEX_POINT('',#2543);
#1220=VERTEX_POINT('',#2548);
#1221=VERTEX_POINT('',#2550);
#1222=VERTEX_POINT('',#2556);
#1223=VERTEX_POINT('',#2561);
#1224=VERTEX_POINT('',#2583);
#1225=VERTEX_POINT('',#2588);
#1226=VERTEX_POINT('',#2610);
#1227=VERTEX_POINT('',#2615);
#1228=VERTEX_POINT('',#2637);
#1229=VERTEX_POINT('',#2644);
#1230=VERTEX_POINT('',#2646);
#1231=VERTEX_POINT('',#2668);
#1232=VERTEX_POINT('',#2669);
#1233=VERTEX_POINT('',#2674);
#1234=VERTEX_POINT('',#2680);
#1235=VERTEX_POINT('',#2682);
#1236=VERTEX_POINT('',#2687);
#1237=VERTEX_POINT('',#2730);
#1238=VERTEX_POINT('',#2735);
#1239=VERTEX_POINT('',#2757);
#1240=VERTEX_POINT('',#2762);
#1241=VERTEX_POINT('',#2784);
#1242=VERTEX_POINT('',#2832);
#1243=VERTEX_POINT('',#2834);
#1244=VERTEX_POINT('',#2848);
#1245=VERTEX_POINT('',#2859);
#1246=VERTEX_POINT('',#2878);
#1247=VERTEX_POINT('',#2879);
#1248=VERTEX_POINT('',#2884);
#1249=VERTEX_POINT('',#2889);
#1250=VERTEX_POINT('',#2899);
#1251=VERTEX_POINT('',#2900);
#1252=VERTEX_POINT('',#2905);
#1253=VERTEX_POINT('',#2910);
#1254=B_SPLINE_CURVE_WITH_KNOTS('',3,(#2047,#2048,#2049,#2050),
 .UNSPECIFIED.,.F.,.F.,(4,4),(0.399999999999993,0.599999999999983),
 .UNSPECIFIED.);
#1255=B_SPLINE_CURVE_WITH_KNOTS('',3,(#2053,#2054,#2055,#2056),
 .UNSPECIFIED.,.F.,.F.,(4,4),(0.,1.),.UNSPECIFIED.);
#1256=B_SPLINE_CURVE_WITH_KNOTS('',3,(#2060,#2061,#2062,#2063),
 .UNSPECIFIED.,.F.,.F.,(4,4),(0.,1.),.UNSPECIFIED.);
#1257=B_SPLINE_CURVE_WITH_KNOTS('',3,(#2344,#2345,#2346,#2347),
 .UNSPECIFIED.,.F.,.F.,(4,4),(0.,1.),.UNSPECIFIED.);
#1258=B_SPLINE_CURVE_WITH_KNOTS('',3,(#2357,#2358,#2359,#2360,#2361,#2362,
#2363,#2364,#2365,#2366,#2367,#2368,#2369,#2370,#2371),.UNSPECIFIED.,.F.,
 .F.,(4,1,1,1,1,1,1,1,1,1,1,1,4),(0.,0.25,0.375,0.5,0.625,0.6875,0.75,0.8125,
0.84375,0.875,0.90625,0.9375,1.),.UNSPECIFIED.);
#1259=B_SPLINE_CURVE_WITH_KNOTS('',3,(#2375,#2376,#2377,#2378),
 .UNSPECIFIED.,.F.,.F.,(4,4),(0.,1.),.UNSPECIFIED.);
#1260=B_SPLINE_CURVE_WITH_KNOTS('',3,(#2382,#2383,#2384,#2385,#2386,#2387,
#2388,#2389,#2390,#2391,#2392,#2393,#2394,#2395,#2396),.UNSPECIFIED.,.F.,
 .F.,(4,1,1,1,1,1,1,1,1,1,1,1,4),(0.,0.0625,0.09375,0.125,0.15625,0.1875,
0.25,0.3125,0.375,0.5,0.625,0.75,1.),.UNSPECIFIED.);
#1261=B_SPLINE_CURVE_WITH_KNOTS('',3,(#2405,#2406,#2407,#2408),
 .UNSPECIFIED.,.F.,.F.,(4,4),(0.399999999999993,0.599999999999983),
 .UNSPECIFIED.);
#1262=B_SPLINE_CURVE_WITH_KNOTS('',3,(#2411,#2412,#2413,#2414),
 .UNSPECIFIED.,.F.,.F.,(4,4),(0.,1.),.UNSPECIFIED.);
#1263=B_SPLINE_CURVE_WITH_KNOTS('',3,(#2416,#2417,#2418,#2419),
 .UNSPECIFIED.,.F.,.F.,(4,4),(0.400000000000044,0.600000000000051),
 .UNSPECIFIED.);
#1264=B_SPLINE_CURVE_WITH_KNOTS('',3,(#2421,#2422,#2423,#2424),
 .UNSPECIFIED.,.F.,.F.,(4,4),(0.,1.),.UNSPECIFIED.);
#1265=B_SPLINE_CURVE_WITH_KNOTS('',3,(#2426,#2427,#2428,#2429),
 .UNSPECIFIED.,.F.,.F.,(4,4),(0.,1.),.UNSPECIFIED.);
#1266=B_SPLINE_CURVE_WITH_KNOTS('',3,(#2431,#2432,#2433,#2434),
 .UNSPECIFIED.,.F.,.F.,(4,4),(0.,1.),.UNSPECIFIED.);
#1267=B_SPLINE_CURVE_WITH_KNOTS('',3,(#2436,#2437,#2438,#2439),
 .UNSPECIFIED.,.F.,.F.,(4,4),(0.,1.),.UNSPECIFIED.);
#1268=B_SPLINE_CURVE_WITH_KNOTS('',3,(#2441,#2442,#2443,#2444),
 .UNSPECIFIED.,.F.,.F.,(4,4),(0.400000000000009,0.600000000000011),
 .UNSPECIFIED.);
#1269=B_SPLINE_CURVE_WITH_KNOTS('',3,(#2446,#2447,#2448,#2449),
 .UNSPECIFIED.,.F.,.F.,(4,4),(0.,1.),.UNSPECIFIED.);
#1270=B_SPLINE_CURVE_WITH_KNOTS('',3,(#2451,#2452,#2453,#2454),
 .UNSPECIFIED.,.F.,.F.,(4,4),(0.,1.),.UNSPECIFIED.);
#1271=B_SPLINE_CURVE_WITH_KNOTS('',3,(#2456,#2457,#2458,#2459),
 .UNSPECIFIED.,.F.,.F.,(4,4),(0.,1.),.UNSPECIFIED.);
#1272=B_SPLINE_CURVE_WITH_KNOTS('',3,(#2461,#2462,#2463,#2464,#2465,#2466,
#2467),.UNSPECIFIED.,.F.,.F.,(4,1,1,1,4),(0.,0.25,0.5,0.75,1.),
 .UNSPECIFIED.);
#1273=B_SPLINE_CURVE_WITH_KNOTS('',3,(#2469,#2470,#2471,#2472),
 .UNSPECIFIED.,.F.,.F.,(4,4),(0.,1.),.UNSPECIFIED.);
#1274=B_SPLINE_CURVE_WITH_KNOTS('',3,(#2474,#2475,#2476,#2477),
 .UNSPECIFIED.,.F.,.F.,(4,4),(0.,1.),.UNSPECIFIED.);
#1275=B_SPLINE_CURVE_WITH_KNOTS('',3,(#2478,#2479,#2480,#2481),
 .UNSPECIFIED.,.F.,.F.,(4,4),(0.,1.),.UNSPECIFIED.);
#1276=B_SPLINE_CURVE_WITH_KNOTS('',3,(#2483,#2484,#2485,#2486),
 .UNSPECIFIED.,.F.,.F.,(4,4),(0.,1.),.UNSPECIFIED.);
#1277=B_SPLINE_CURVE_WITH_KNOTS('',3,(#2488,#2489,#2490,#2491,#2492,#2493,
#2494),.UNSPECIFIED.,.F.,.F.,(4,1,1,1,4),(0.,0.25,0.5,0.75,1.),
 .UNSPECIFIED.);
#1278=B_SPLINE_CURVE_WITH_KNOTS('',3,(#2500,#2501,#2502,#2503,#2504,#2505,
#2506,#2507,#2508,#2509,#2510,#2511,#2512,#2513,#2514,#2515,#2516,#2517,
#2518,#2519,#2520,#2521,#2522,#2523,#2524,#2525,#2526,#2527,#2528,#2529,
#2530,#2531,#2532,#2533,#2534,#2535,#2536,#2537,#2538,#2539,#2540,#2541),
 .UNSPECIFIED.,.F.,.F.,(4,1,1,1,1,1,1,1,1,1,1,1,1,1,1,1,1,1,1,1,1,1,1,1,
1,1,1,1,1,1,1,1,1,1,1,1,1,1,1,4),(0.,0.015625,0.03125,0.046875,0.0546875,
0.05859375,0.0625,0.06640625,0.0703125,0.078125,0.09375,0.109375,0.125,
0.15625,0.1875,0.21875,0.25,0.28125,0.3125,0.375,0.4375,0.5,0.625,0.6875,
0.75,0.8125,0.84375,0.875,0.890625,0.90625,0.921875,0.9296875,0.93359375,
0.9375,0.94140625,0.9453125,0.953125,0.96875,0.984375,1.),.UNSPECIFIED.);
#1279=B_SPLINE_CURVE_WITH_KNOTS('',3,(#2544,#2545,#2546,#2547),
 .UNSPECIFIED.,.F.,.F.,(4,4),(0.,1.),.UNSPECIFIED.);
#1280=B_SPLINE_CURVE_WITH_KNOTS('',3,(#2551,#2552,#2553,#2554,#2555),
 .UNSPECIFIED.,.F.,.F.,(4,1,4),(0.,0.0015506747782267,0.00310134955645341),
 .UNSPECIFIED.);
#1281=B_SPLINE_CURVE_WITH_KNOTS('',3,(#2557,#2558,#2559,#2560),
 .UNSPECIFIED.,.F.,.F.,(4,4),(2.61500204053802E-7,1.),.UNSPECIFIED.);
#1282=B_SPLINE_CURVE_WITH_KNOTS('',3,(#2562,#2563,#2564,#2565,#2566,#2567,
#2568,#2569,#2570,#2571,#2572,#2573,#2574,#2575,#2576,#2577,#2578,#2579,
#2580,#2581,#2582),.UNSPECIFIED.,.F.,.F.,(4,1,1,1,1,1,1,1,1,1,1,1,1,1,1,
1,1,1,4),(0.,0.0625,0.09375,0.125,0.15625,0.1875,0.25,0.3125,0.375,0.5,
0.625,0.6875,0.75,0.8125,0.84375,0.875,0.90625,0.9375,1.),.UNSPECIFIED.);
#1283=B_SPLINE_CURVE_WITH_KNOTS('',3,(#2584,#2585,#2586,#2587),
 .UNSPECIFIED.,.F.,.F.,(4,4),(0.,1.),.UNSPECIFIED.);
#1284=B_SPLINE_CURVE_WITH_KNOTS('',3,(#2589,#2590,#2591,#2592,#2593,#2594,
#2595,#2596,#2597,#2598,#2599,#2600,#2601,#2602,#2603,#2604,#2605,#2606,
#2607,#2608,#2609),.UNSPECIFIED.,.F.,.F.,(4,1,1,1,1,1,1,1,1,1,1,1,1,1,1,
1,1,1,4),(0.,0.0625,0.09375,0.125,0.15625,0.1875,0.25,0.3125,0.375,0.5,
0.625,0.6875,0.75,0.8125,0.84375,0.875,0.90625,0.9375,1.),.UNSPECIFIED.);
#1285=B_SPLINE_CURVE_WITH_KNOTS('',3,(#2611,#2612,#2613,#2614),
 .UNSPECIFIED.,.F.,.F.,(4,4),(0.,1.),.UNSPECIFIED.);
#1286=B_SPLINE_CURVE_WITH_KNOTS('',3,(#2616,#2617,#2618,#2619,#2620,#2621,
#2622,#2623,#2624,#2625,#2626,#2627,#2628,#2629,#2630,#2631,#2632,#2633,
#2634,#2635,#2636),.UNSPECIFIED.,.F.,.F.,(4,1,1,1,1,1,1,1,1,1,1,1,1,1,1,
1,1,1,4),(0.,0.0625,0.09375,0.125,0.15625,0.1875,0.25,0.3125,0.375,0.5,
0.625,0.6875,0.75,0.8125,0.84375,0.875,0.90625,0.9375,1.),.UNSPECIFIED.);
#1287=B_SPLINE_CURVE_WITH_KNOTS('',3,(#2638,#2639,#2640,#2641),
 .UNSPECIFIED.,.F.,.F.,(4,4),(0.,1.),.UNSPECIFIED.);
#1288=B_SPLINE_CURVE_WITH_KNOTS('',3,(#2647,#2648,#2649,#2650,#2651,#2652,
#2653,#2654,#2655,#2656,#2657,#2658,#2659,#2660,#2661,#2662,#2663,#2664,
#2665,#2666,#2667),.UNSPECIFIED.,.F.,.F.,(4,1,1,1,1,1,1,1,1,1,1,1,1,1,1,
1,1,1,4),(0.,0.0625,0.09375,0.125,0.15625,0.1875,0.25,0.3125,0.375,0.5,
0.625,0.6875,0.75,0.8125,0.84375,0.875,0.90625,0.9375,1.),.UNSPECIFIED.);
#1289=B_SPLINE_CURVE_WITH_KNOTS('',3,(#2670,#2671,#2672,#2673),
 .UNSPECIFIED.,.F.,.F.,(4,4),(0.,0.999999768967739),.UNSPECIFIED.);
#1290=B_SPLINE_CURVE_WITH_KNOTS('',3,(#2675,#2676,#2677,#2678,#2679),
 .UNSPECIFIED.,.F.,.F.,(4,1,4),(0.00498905589335649,0.0065379769259768,
0.00808689795859711),.UNSPECIFIED.);
#1291=B_SPLINE_CURVE_WITH_KNOTS('',3,(#2683,#2684,#2685,#2686),
 .UNSPECIFIED.,.F.,.F.,(4,4),(0.,1.),.UNSPECIFIED.);
#1292=B_SPLINE_CURVE_WITH_KNOTS('',3,(#2688,#2689,#2690,#2691,#2692,#2693,
#2694,#2695,#2696,#2697,#2698,#2699,#2700,#2701,#2702,#2703,#2704,#2705,
#2706,#2707,#2708,#2709,#2710,#2711,#2712,#2713,#2714,#2715,#2716,#2717,
#2718,#2719,#2720,#2721,#2722,#2723,#2724,#2725,#2726,#2727,#2728,#2729),
 .UNSPECIFIED.,.F.,.F.,(4,1,1,1,1,1,1,1,1,1,1,1,1,1,1,1,1,1,1,1,1,1,1,1,
1,1,1,1,1,1,1,1,1,1,1,1,1,1,1,4),(0.,0.015625,0.03125,0.046875,0.0546875,
0.05859375,0.0625,0.06640625,0.0703125,0.078125,0.09375,0.109375,0.125,
0.15625,0.1875,0.25,0.3125,0.375,0.5,0.5625,0.625,0.6875,0.71875,0.75,0.78125,
0.8125,0.84375,0.875,0.890625,0.90625,0.921875,0.9296875,0.93359375,0.9375,
0.94140625,0.9453125,0.953125,0.96875,0.984375,1.),.UNSPECIFIED.);
#1293=B_SPLINE_CURVE_WITH_KNOTS('',3,(#2731,#2732,#2733,#2734),
 .UNSPECIFIED.,.F.,.F.,(4,4),(0.,1.),.UNSPECIFIED.);
#1294=B_SPLINE_CURVE_WITH_KNOTS('',3,(#2736,#2737,#2738,#2739,#2740,#2741,
#2742,#2743,#2744,#2745,#2746,#2747,#2748,#2749,#2750,#2751,#2752,#2753,
#2754,#2755,#2756),.UNSPECIFIED.,.F.,.F.,(4,1,1,1,1,1,1,1,1,1,1,1,1,1,1,
1,1,1,4),(0.,0.0625,0.09375,0.125,0.15625,0.1875,0.25,0.3125,0.375,0.5,
0.625,0.6875,0.75,0.8125,0.84375,0.875,0.90625,0.9375,1.),.UNSPECIFIED.);
#1295=B_SPLINE_CURVE_WITH_KNOTS('',3,(#2758,#2759,#2760,#2761),
 .UNSPECIFIED.,.F.,.F.,(4,4),(0.,1.),.UNSPECIFIED.);
#1296=B_SPLINE_CURVE_WITH_KNOTS('',3,(#2763,#2764,#2765,#2766,#2767,#2768,
#2769,#2770,#2771,#2772,#2773,#2774,#2775,#2776,#2777,#2778,#2779,#2780,
#2781,#2782,#2783),.UNSPECIFIED.,.F.,.F.,(4,1,1,1,1,1,1,1,1,1,1,1,1,1,1,
1,1,1,4),(0.,0.0625,0.09375,0.125,0.15625,0.1875,0.25,0.3125,0.375,0.5,
0.625,0.6875,0.75,0.8125,0.84375,0.875,0.90625,0.9375,1.),.UNSPECIFIED.);
#1297=B_SPLINE_CURVE_WITH_KNOTS('',3,(#2785,#2786,#2787,#2788),
 .UNSPECIFIED.,.F.,.F.,(4,4),(0.,1.),.UNSPECIFIED.);
#1298=B_SPLINE_CURVE_WITH_KNOTS('',3,(#2805,#2806,#2807,#2808,#2809,#2810,
#2811,#2812,#2813,#2814,#2815),.UNSPECIFIED.,.F.,.F.,(4,1,1,1,1,1,1,1,4),
(0.,0.125,0.25,0.375,0.5,0.625,0.75,0.875,1.),.UNSPECIFIED.);
#1299=B_SPLINE_CURVE_WITH_KNOTS('',3,(#2816,#2817,#2818,#2819,#2820,#2821,
#2822,#2823,#2824,#2825,#2826),.UNSPECIFIED.,.F.,.F.,(4,1,1,1,1,1,1,1,4),
(0.,0.125,0.25,0.375,0.5,0.625,0.75,0.875,1.),.UNSPECIFIED.);
#1300=B_SPLINE_CURVE_WITH_KNOTS('',3,(#2828,#2829,#2830,#2831),
 .UNSPECIFIED.,.F.,.F.,(4,4),(0.,0.000758075958217687),.UNSPECIFIED.);
#1301=B_SPLINE_CURVE_WITH_KNOTS('',3,(#2835,#2836,#2837,#2838),
 .UNSPECIFIED.,.F.,.F.,(4,4),(0.,1.),.UNSPECIFIED.);
#1302=B_SPLINE_CURVE_WITH_KNOTS('',3,(#2839,#2840,#2841,#2842),
 .UNSPECIFIED.,.F.,.F.,(4,4),(0.,1.),.UNSPECIFIED.);
#1303=B_SPLINE_CURVE_WITH_KNOTS('',3,(#2844,#2845,#2846,#2847),
 .UNSPECIFIED.,.F.,.F.,(4,4),(0.,1.),.UNSPECIFIED.);
#1304=B_SPLINE_CURVE_WITH_KNOTS('',3,(#2849,#2850,#2851,#2852,#2853,#2854,
#2855,#2856,#2857,#2858),.UNSPECIFIED.,.F.,.F.,(4,3,3,4),(-0.040875,-0.007875,
0.000375,0.033375),.PIECEWISE_BEZIER_KNOTS.);
#1305=B_SPLINE_CURVE_WITH_KNOTS('',3,(#2860,#2861,#2862,#2863),
 .UNSPECIFIED.,.F.,.F.,(4,4),(0.,0.000758075958225779),.UNSPECIFIED.);
#1306=B_SPLINE_CURVE_WITH_KNOTS('',3,(#2864,#2865,#2866,#2867),
 .UNSPECIFIED.,.F.,.F.,(4,4),(0.,1.),.UNSPECIFIED.);
#1307=B_SPLINE_CURVE_WITH_KNOTS('',3,(#2874,#2875,#2876,#2877),
 .UNSPECIFIED.,.F.,.F.,(4,4),(0.400000000000083,0.600000000000253),
 .UNSPECIFIED.);
#1308=B_SPLINE_CURVE_WITH_KNOTS('',3,(#2880,#2881,#2882,#2883),
 .UNSPECIFIED.,.F.,.F.,(4,4),(0.,1.),.UNSPECIFIED.);
#1309=B_SPLINE_CURVE_WITH_KNOTS('',3,(#2885,#2886,#2887,#2888),
 .UNSPECIFIED.,.F.,.F.,(4,4),(0.400000000000007,0.60000000000001),
 .UNSPECIFIED.);
#1310=B_SPLINE_CURVE_WITH_KNOTS('',3,(#2890,#2891,#2892,#2893),
 .UNSPECIFIED.,.F.,.F.,(4,4),(0.,1.),.UNSPECIFIED.);
#1311=B_SPLINE_CURVE_WITH_KNOTS('',3,(#2895,#2896,#2897,#2898),
 .UNSPECIFIED.,.F.,.F.,(4,4),(0.399999999999973,0.59999999999992),
 .UNSPECIFIED.);
#1312=B_SPLINE_CURVE_WITH_KNOTS('',3,(#2901,#2902,#2903,#2904),
 .UNSPECIFIED.,.F.,.F.,(4,4),(0.,1.),.UNSPECIFIED.);
#1313=B_SPLINE_CURVE_WITH_KNOTS('',3,(#2906,#2907,#2908,#2909),
 .UNSPECIFIED.,.F.,.F.,(4,4),(0.39999999999986,0.599999999999838),
 .UNSPECIFIED.);
#1314=B_SPLINE_CURVE_WITH_KNOTS('',3,(#2911,#2912,#2913,#2914),
 .UNSPECIFIED.,.F.,.F.,(4,4),(0.,1.),.UNSPECIFIED.);
#1315=B_SPLINE_CURVE_WITH_KNOTS('',3,(#2933,#2934,#2935,#2936,#2937,#2938,
#2939,#2940,#2941,#2942,#2943),.UNSPECIFIED.,.F.,.F.,(4,1,1,1,1,1,1,1,4),
(0.,0.125,0.25,0.375,0.5,0.625,0.75,0.875,1.),.UNSPECIFIED.);
#1316=B_SPLINE_CURVE_WITH_KNOTS('',3,(#2944,#2945,#2946,#2947,#2948,#2949,
#2950,#2951,#2952,#2953,#2954),.UNSPECIFIED.,.F.,.F.,(4,1,1,1,1,1,1,1,4),
(0.,0.125,0.25,0.375,0.5,0.625,0.75,0.875,1.),.UNSPECIFIED.);
#1317=B_SPLINE_CURVE_WITH_KNOTS('',3,(#2971,#2972,#2973,#2974,#2975,#2976,
#2977,#2978,#2979,#2980,#2981),.UNSPECIFIED.,.F.,.F.,(4,1,1,1,1,1,1,1,4),
(0.,0.125,0.25,0.375,0.5,0.625,0.75,0.875,1.),.UNSPECIFIED.);
#1318=B_SPLINE_CURVE_WITH_KNOTS('',3,(#2982,#2983,#2984,#2985,#2986,#2987,
#2988,#2989,#2990,#2991,#2992),.UNSPECIFIED.,.F.,.F.,(4,1,1,1,1,1,1,1,4),
(0.,0.125,0.25,0.375,0.5,0.625,0.75,0.875,1.),.UNSPECIFIED.);
#1319=B_SPLINE_CURVE_WITH_KNOTS('',3,(#3009,#3010,#3011,#3012,#3013,#3014,
#3015,#3016,#3017,#3018,#3019),.UNSPECIFIED.,.F.,.F.,(4,1,1,1,1,1,1,1,4),
(0.,0.125,0.25,0.375,0.5,0.625,0.75,0.875,1.),.UNSPECIFIED.);
#1320=B_SPLINE_CURVE_WITH_KNOTS('',3,(#3020,#3021,#3022,#3023,#3024,#3025,
#3026,#3027,#3028,#3029,#3030),.UNSPECIFIED.,.F.,.F.,(4,1,1,1,1,1,1,1,4),
(0.,0.125,0.25,0.375,0.5,0.625,0.75,0.875,1.),.UNSPECIFIED.);
#1321=B_SPLINE_CURVE_WITH_KNOTS('',3,(#3047,#3048,#3049,#3050,#3051),
 .UNSPECIFIED.,.F.,.F.,(4,1,4),(-3.20772511160789E-5,0.002181301526195,
0.00439468030350608),.UNSPECIFIED.);
#1322=B_SPLINE_CURVE_WITH_KNOTS('',3,(#3066,#3067,#3068,#3069,#3070),
 .UNSPECIFIED.,.F.,.F.,(4,1,4),(0.,0.00156347001325437,0.00312694002650874),
 .UNSPECIFIED.);
#1323=B_SPLINE_CURVE_WITH_KNOTS('',3,(#3087,#3088,#3089,#3090,#3091),
 .UNSPECIFIED.,.F.,.F.,(4,1,4),(0.,0.00221726982431031,0.00443453964862061),
 .UNSPECIFIED.);
#1324=B_SPLINE_CURVE_WITH_KNOTS('',3,(#3106,#3107,#3108,#3109,#3110),
 .UNSPECIFIED.,.F.,.F.,(4,1,4),(0.,0.00156093477310178,0.00312186954620357),
 .UNSPECIFIED.);
#1325=B_SPLINE_CURVE_WITH_KNOTS('',3,(#3127,#3128,#3129,#3130,#3131,#3132,
#3133),.UNSPECIFIED.,.F.,.F.,(4,1,1,1,4),(0.,0.25,0.5,0.75,1.),
 .UNSPECIFIED.);
#1326=B_SPLINE_CURVE_WITH_KNOTS('',3,(#3552,#3553,#3554,#3555,#3556,#3557,
#3558),.UNSPECIFIED.,.F.,.F.,(4,1,1,1,4),(0.,0.25,0.5,0.75,1.),
 .UNSPECIFIED.);
#1327=B_SPLINE_CURVE_WITH_KNOTS('',3,(#3575,#3576,#3577,#3578,#3579,#3580,
#3581),.UNSPECIFIED.,.F.,.F.,(4,1,1,1,4),(0.,0.25,0.5,0.75,1.),
 .UNSPECIFIED.);
#1328=B_SPLINE_CURVE_WITH_KNOTS('',3,(#4044,#4045,#4046,#4047,#4048,#4049,
#4050),.UNSPECIFIED.,.F.,.F.,(4,1,1,1,4),(0.,0.25,0.5,0.75,1.),
 .UNSPECIFIED.);
#1329=B_SPLINE_CURVE_WITH_KNOTS('',3,(#4067,#4068,#4069,#4070,#4071,#4072,
#4073),.UNSPECIFIED.,.F.,.F.,(4,1,1,1,4),(0.,0.25,0.5,0.75,1.),
 .UNSPECIFIED.);
#1330=B_SPLINE_CURVE_WITH_KNOTS('',3,(#4536,#4537,#4538,#4539,#4540,#4541,
#4542),.UNSPECIFIED.,.F.,.F.,(4,1,1,1,4),(0.,0.25,0.5,0.75,1.),
 .UNSPECIFIED.);
#1331=B_SPLINE_CURVE_WITH_KNOTS('',3,(#4559,#4560,#4561,#4562,#4563,#4564,
#4565),.UNSPECIFIED.,.F.,.F.,(4,1,1,1,4),(0.,0.25,0.5,0.75,1.),
 .UNSPECIFIED.);
#1332=B_SPLINE_CURVE_WITH_KNOTS('',3,(#4984,#4985,#4986,#4987,#4988,#4989,
#4990),.UNSPECIFIED.,.F.,.F.,(4,1,1,1,4),(0.,0.25,0.5,0.75,1.),
 .UNSPECIFIED.);
#1333=B_SPLINE_CURVE_WITH_KNOTS('',3,(#5023,#5024,#5025,#5026,#5027,#5028,
#5029),.UNSPECIFIED.,.F.,.F.,(4,1,1,1,4),(0.,0.25,0.5,0.75,1.),
 .UNSPECIFIED.);
#1334=B_SPLINE_CURVE_WITH_KNOTS('',3,(#5448,#5449,#5450,#5451,#5452,#5453,
#5454),.UNSPECIFIED.,.F.,.F.,(4,1,1,1,4),(0.,0.25,0.5,0.75,1.),
 .UNSPECIFIED.);
#1335=B_SPLINE_CURVE_WITH_KNOTS('',3,(#5471,#5472,#5473,#5474,#5475,#5476,
#5477),.UNSPECIFIED.,.F.,.F.,(4,1,1,1,4),(0.,0.25,0.5,0.75,1.),
 .UNSPECIFIED.);
#1336=B_SPLINE_CURVE_WITH_KNOTS('',3,(#5940,#5941,#5942,#5943,#5944,#5945,
#5946),.UNSPECIFIED.,.F.,.F.,(4,1,1,1,4),(0.,0.25,0.5,0.75,1.),
 .UNSPECIFIED.);
#1337=B_SPLINE_CURVE_WITH_KNOTS('',3,(#5963,#5964,#5965,#5966,#5967,#5968,
#5969),.UNSPECIFIED.,.F.,.F.,(4,1,1,1,4),(0.,0.25,0.5,0.75,1.),
 .UNSPECIFIED.);
#1338=B_SPLINE_CURVE_WITH_KNOTS('',3,(#6432,#6433,#6434,#6435,#6436,#6437,
#6438),.UNSPECIFIED.,.F.,.F.,(4,1,1,1,4),(0.,0.25,0.5,0.75,1.),
 .UNSPECIFIED.);
#1339=B_SPLINE_CURVE_WITH_KNOTS('',3,(#6455,#6456,#6457,#6458,#6459,#6460,
#6461),.UNSPECIFIED.,.F.,.F.,(4,1,1,1,4),(0.,0.25,0.5,0.75,1.),
 .UNSPECIFIED.);
#1340=B_SPLINE_CURVE_WITH_KNOTS('',3,(#6880,#6881,#6882,#6883,#6884,#6885,
#6886),.UNSPECIFIED.,.F.,.F.,(4,1,1,1,4),(0.,0.25,0.5,0.75,1.),
 .UNSPECIFIED.);
#1341=EDGE_LOOP('',(#354,#355,#356,#357));
#1342=EDGE_LOOP('',(#358,#359,#360,#361));
#1343=EDGE_LOOP('',(#362,#363,#364,#365));
#1344=EDGE_LOOP('',(#366,#367,#368,#369));
#1345=EDGE_LOOP('',(#370,#371,#372,#373));
#1346=EDGE_LOOP('',(#374,#375,#376,#377));
#1347=EDGE_LOOP('',(#378,#379,#380,#381));
#1348=EDGE_LOOP('',(#382,#383,#384,#385));
#1349=EDGE_LOOP('',(#386,#387,#388,#389));
#1350=EDGE_LOOP('',(#390,#391,#392,#393));
#1351=EDGE_LOOP('',(#394,#395,#396,#397));
#1352=EDGE_LOOP('',(#398,#399,#400,#401));
#1353=EDGE_LOOP('',(#402,#403,#404,#405));
#1354=EDGE_LOOP('',(#406,#407,#408,#409));
#1355=EDGE_LOOP('',(#410,#411,#412,#413));
#1356=EDGE_LOOP('',(#414,#415,#416,#417));
#1357=EDGE_LOOP('',(#418,#419,#420,#421));
#1358=EDGE_LOOP('',(#422,#423,#424,#425));
#1359=EDGE_LOOP('',(#426,#427,#428,#429));
#1360=EDGE_LOOP('',(#430,#431,#432,#433));
#1361=EDGE_LOOP('',(#434,#435,#436,#437));
#1362=EDGE_LOOP('',(#438,#439,#440,#441));
#1363=EDGE_LOOP('',(#442,#443,#444,#445));
#1364=EDGE_LOOP('',(#446,#447,#448,#449));
#1365=EDGE_LOOP('',(#450,#451,#452,#453));
#1366=EDGE_LOOP('',(#454,#455,#456,#457));
#1367=EDGE_LOOP('',(#458,#459,#460,#461));
#1368=EDGE_LOOP('',(#462,#463,#464,#465));
#1369=EDGE_LOOP('',(#466,#467,#468,#469));
#1370=EDGE_LOOP('',(#470,#471,#472,#473));
#1371=EDGE_LOOP('',(#474,#475,#476,#477));
#1372=EDGE_LOOP('',(#478,#479,#480,#481));
#1373=EDGE_LOOP('',(#482,#483,#484,#485));
#1374=EDGE_LOOP('',(#486,#487,#488,#489));
#1375=EDGE_LOOP('',(#490,#491,#492,#493));
#1376=EDGE_LOOP('',(#494,#495,#496,#497));
#1377=EDGE_LOOP('',(#498,#499,#500,#501));
#1378=EDGE_LOOP('',(#502,#503,#504,#505));
#1379=EDGE_LOOP('',(#506,#507,#508,#509));
#1380=EDGE_LOOP('',(#510,#511,#512,#513));
#1381=EDGE_LOOP('',(#514,#515,#516,#517));
#1382=EDGE_LOOP('',(#518,#519,#520,#521));
#1383=EDGE_LOOP('',(#522,#523,#524,#525));
#1384=EDGE_LOOP('',(#526,#527,#528,#529));
#1385=EDGE_LOOP('',(#530,#531,#532,#533));
#1386=EDGE_LOOP('',(#534,#535,#536,#537));
#1387=EDGE_LOOP('',(#538,#539,#540,#541,#542,#543,#544,#545,#546,#547,#548,
#549,#550,#551,#552,#553,#554,#555,#556,#557,#558,#559,#560,#561,#562,#563,
#564,#565,#566,#567,#568,#569,#570,#571,#572,#573,#574,#575,#576,#577,#578,
#579,#580,#581,#582,#583,#584,#585,#586,#587,#588,#589,#590));
#1388=EDGE_LOOP('',(#591,#592,#593,#594,#595,#596,#597,#598,#599,#600,#601,
#602,#603,#604,#605,#606,#607,#608,#609,#610,#611,#612,#613,#614,#615,#616,
#617,#618,#619,#620,#621,#622,#623,#624,#625,#626,#627,#628,#629,#630,#631,
#632,#633,#634,#635,#636,#637,#638,#639,#640,#641,#642,#643));
#1389=EDGE_LOOP('',(#644,#645,#646,#647));
#1390=EDGE_LOOP('',(#648,#649,#650,#651,#652,#653,#654,#655,#656,#657));
#1391=EDGE_LOOP('',(#658,#659,#660,#661,#662,#663,#664,#665,#666,#667));
#1392=EDGE_LOOP('',(#668));
#1393=EDGE_LOOP('',(#669));
#1394=EDGE_LOOP('',(#670,#671,#672,#673,#674,#675,#676,#677,#678,#679,#680));
#1395=EDGE_LOOP('',(#681));
#1396=EDGE_LOOP('',(#682));
#1397=EDGE_LOOP('',(#683,#684,#685,#686,#687,#688,#689,#690,#691,#692,#693));
#1398=EDGE_LOOP('',(#694,#695,#696,#697));
#1399=EDGE_LOOP('',(#698,#699,#700,#701,#702,#703));
#1400=EDGE_LOOP('',(#704,#705,#706,#707,#708,#709));
#1401=EDGE_LOOP('',(#710,#711,#712,#713));
#1402=EDGE_LOOP('',(#714,#715,#716,#717));
#1403=EDGE_LOOP('',(#718,#719,#720,#721));
#1404=EDGE_LOOP('',(#722,#723,#724,#725));
#1405=EDGE_LOOP('',(#726,#727,#728,#729));
#1406=EDGE_LOOP('',(#730));
#1407=EDGE_LOOP('',(#731));
#1408=EDGE_LOOP('',(#732));
#1409=EDGE_LOOP('',(#733));
#1410=EDGE_LOOP('',(#734,#735,#736,#737));
#1411=EDGE_LOOP('',(#738,#739,#740,#741));
#1412=EDGE_LOOP('',(#742,#743,#744,#745));
#1413=EDGE_LOOP('',(#746,#747,#748,#749,#750,#751));
#1414=EDGE_LOOP('',(#752,#753,#754,#755,#756,#757));
#1415=EDGE_LOOP('',(#758,#759,#760,#761,#762,#763));
#1416=EDGE_LOOP('',(#764,#765,#766,#767,#768,#769));
#1417=EDGE_LOOP('',(#770,#771,#772,#773,#774));
#1418=EDGE_LOOP('',(#775,#776,#777,#778));
#1419=EDGE_LOOP('',(#779,#780,#781,#782));
#1420=EDGE_LOOP('',(#783,#784,#785,#786));
#1421=EDGE_LOOP('',(#787,#788,#789,#790));
#1422=EDGE_LOOP('',(#791,#792,#793,#794));
#1423=EDGE_LOOP('',(#795,#796,#797,#798));
#1424=EDGE_LOOP('',(#799,#800,#801,#802));
#1425=EDGE_LOOP('',(#803,#804,#805,#806,#807));
#1426=EDGE_LOOP('',(#808,#809,#810,#811,#812));
#1427=EDGE_LOOP('',(#813,#814,#815,#816));
#1428=EDGE_LOOP('',(#817,#818,#819,#820));
#1429=EDGE_LOOP('',(#821,#822,#823,#824));
#1430=EDGE_LOOP('',(#825,#826,#827,#828));
#1431=EDGE_LOOP('',(#829,#830,#831,#832));
#1432=EDGE_LOOP('',(#833,#834,#835,#836));
#1433=EDGE_LOOP('',(#837,#838,#839,#840));
#1434=EDGE_LOOP('',(#841,#842,#843,#844,#845));
#1435=FACE_BOUND('',#1341,.T.);
#1436=FACE_BOUND('',#1342,.T.);
#1437=FACE_BOUND('',#1343,.T.);
#1438=FACE_BOUND('',#1344,.T.);
#1439=FACE_BOUND('',#1345,.T.);
#1440=FACE_BOUND('',#1346,.T.);
#1441=FACE_BOUND('',#1347,.T.);
#1442=FACE_BOUND('',#1348,.T.);
#1443=FACE_BOUND('',#1349,.T.);
#1444=FACE_BOUND('',#1350,.T.);
#1445=FACE_BOUND('',#1351,.T.);
#1446=FACE_BOUND('',#1352,.T.);
#1447=FACE_BOUND('',#1353,.T.);
#1448=FACE_BOUND('',#1354,.T.);
#1449=FACE_BOUND('',#1355,.T.);
#1450=FACE_BOUND('',#1356,.T.);
#1451=FACE_BOUND('',#1357,.T.);
#1452=FACE_BOUND('',#1358,.T.);
#1453=FACE_BOUND('',#1359,.T.);
#1454=FACE_BOUND('',#1360,.T.);
#1455=FACE_BOUND('',#1361,.T.);
#1456=FACE_BOUND('',#1362,.T.);
#1457=FACE_BOUND('',#1363,.T.);
#1458=FACE_BOUND('',#1364,.T.);
#1459=FACE_BOUND('',#1365,.T.);
#1460=FACE_BOUND('',#1366,.T.);
#1461=FACE_BOUND('',#1367,.T.);
#1462=FACE_BOUND('',#1368,.T.);
#1463=FACE_BOUND('',#1369,.T.);
#1464=FACE_BOUND('',#1370,.T.);
#1465=FACE_BOUND('',#1371,.T.);
#1466=FACE_BOUND('',#1372,.T.);
#1467=FACE_BOUND('',#1373,.T.);
#1468=FACE_BOUND('',#1374,.T.);
#1469=FACE_BOUND('',#1375,.T.);
#1470=FACE_BOUND('',#1376,.T.);
#1471=FACE_BOUND('',#1377,.T.);
#1472=FACE_BOUND('',#1378,.T.);
#1473=FACE_BOUND('',#1379,.T.);
#1474=FACE_BOUND('',#1380,.T.);
#1475=FACE_BOUND('',#1381,.T.);
#1476=FACE_BOUND('',#1382,.T.);
#1477=FACE_BOUND('',#1383,.T.);
#1478=FACE_BOUND('',#1384,.T.);
#1479=FACE_BOUND('',#1385,.T.);
#1480=FACE_BOUND('',#1386,.T.);
#1481=FACE_BOUND('',#1387,.T.);
#1482=FACE_BOUND('',#1388,.T.);
#1483=FACE_BOUND('',#1389,.T.);
#1484=FACE_BOUND('',#1390,.T.);
#1485=FACE_BOUND('',#1391,.T.);
#1486=FACE_BOUND('',#1392,.T.);
#1487=FACE_BOUND('',#1393,.T.);
#1488=FACE_BOUND('',#1394,.T.);
#1489=FACE_BOUND('',#1395,.T.);
#1490=FACE_BOUND('',#1396,.T.);
#1491=FACE_BOUND('',#1397,.T.);
#1492=FACE_BOUND('',#1398,.T.);
#1493=FACE_BOUND('',#1399,.T.);
#1494=FACE_BOUND('',#1400,.T.);
#1495=FACE_BOUND('',#1401,.T.);
#1496=FACE_BOUND('',#1402,.T.);
#1497=FACE_BOUND('',#1403,.T.);
#1498=FACE_BOUND('',#1404,.T.);
#1499=FACE_BOUND('',#1405,.T.);
#1500=FACE_BOUND('',#1406,.T.);
#1501=FACE_BOUND('',#1407,.T.);
#1502=FACE_BOUND('',#1408,.T.);
#1503=FACE_BOUND('',#1409,.T.);
#1504=FACE_BOUND('',#1410,.T.);
#1505=FACE_BOUND('',#1411,.T.);
#1506=FACE_BOUND('',#1412,.T.);
#1507=FACE_BOUND('',#1413,.T.);
#1508=FACE_BOUND('',#1414,.T.);
#1509=FACE_BOUND('',#1415,.T.);
#1510=FACE_BOUND('',#1416,.T.);
#1511=FACE_BOUND('',#1417,.T.);
#1512=FACE_BOUND('',#1418,.T.);
#1513=FACE_BOUND('',#1419,.T.);
#1514=FACE_BOUND('',#1420,.T.);
#1515=FACE_BOUND('',#1421,.T.);
#1516=FACE_BOUND('',#1422,.T.);
#1517=FACE_BOUND('',#1423,.T.);
#1518=FACE_BOUND('',#1424,.T.);
#1519=FACE_BOUND('',#1425,.T.);
#1520=FACE_BOUND('',#1426,.T.);
#1521=FACE_BOUND('',#1427,.T.);
#1522=FACE_BOUND('',#1428,.T.);
#1523=FACE_BOUND('',#1429,.T.);
#1524=FACE_BOUND('',#1430,.T.);
#1525=FACE_BOUND('',#1431,.T.);
#1526=FACE_BOUND('',#1432,.T.);
#1527=FACE_BOUND('',#1433,.T.);
#1528=FACE_BOUND('',#1434,.T.);
#1529=PLANE('',#1690);
#1530=PLANE('',#1691);
#1531=PLANE('',#1692);
#1532=PLANE('',#1693);
#1533=PLANE('',#1694);
#1534=PLANE('',#1695);
#1535=PLANE('',#1696);
#1536=PLANE('',#1697);
#1537=PLANE('',#1698);
#1538=PLANE('',#1699);
#1539=PLANE('',#1700);
#1540=PLANE('',#1701);
#1541=PLANE('',#1702);
#1542=PLANE('',#1703);
#1543=PLANE('',#1704);
#1544=PLANE('',#1705);
#1545=PLANE('',#1706);
#1546=PLANE('',#1707);
#1547=PLANE('',#1708);
#1548=PLANE('',#1709);
#1549=PLANE('',#1710);
#1550=PLANE('',#1711);
#1551=PLANE('',#1712);
#1552=PLANE('',#1713);
#1553=PLANE('',#1714);
#1554=PLANE('',#1715);
#1555=PLANE('',#1716);
#1556=PLANE('',#1717);
#1557=PLANE('',#1718);
#1558=PLANE('',#1719);
#1559=PLANE('',#1720);
#1560=PLANE('',#1721);
#1561=PLANE('',#1722);
#1562=PLANE('',#1723);
#1563=PLANE('',#1724);
#1564=PLANE('',#1725);
#1565=PLANE('',#1726);
#1566=PLANE('',#1727);
#1567=PLANE('',#1728);
#1568=PLANE('',#1729);
#1569=PLANE('',#1730);
#1570=PLANE('',#1731);
#1571=PLANE('',#1732);
#1572=PLANE('',#1733);
#1573=PLANE('',#1734);
#1574=PLANE('',#1735);
#1575=PLANE('',#1736);
#1576=PLANE('',#1737);
#1577=PLANE('',#1738);
#1578=PLANE('',#1739);
#1579=PLANE('',#1740);
#1580=PLANE('',#1741);
#1581=PLANE('',#1744);
#1582=PLANE('',#1747);
#1583=PLANE('',#1748);
#1584=PLANE('',#1749);
#1585=PLANE('',#1750);
#1586=PLANE('',#1751);
#1587=PLANE('',#1752);
#1588=PLANE('',#1753);
#1589=ADVANCED_FACE('',(#1435),#1529,.T.);
#1590=ADVANCED_FACE('',(#1436),#1530,.T.);
#1591=ADVANCED_FACE('',(#1437),#1531,.T.);
#1592=ADVANCED_FACE('',(#1438),#1532,.T.);
#1593=ADVANCED_FACE('',(#1439),#1533,.T.);
#1594=ADVANCED_FACE('',(#1440),#1534,.T.);
#1595=ADVANCED_FACE('',(#1441),#1535,.T.);
#1596=ADVANCED_FACE('',(#1442),#1536,.T.);
#1597=ADVANCED_FACE('',(#1443),#1537,.T.);
#1598=ADVANCED_FACE('',(#1444),#1538,.T.);
#1599=ADVANCED_FACE('',(#1445),#1539,.T.);
#1600=ADVANCED_FACE('',(#1446),#1540,.T.);
#1601=ADVANCED_FACE('',(#1447),#1541,.T.);
#1602=ADVANCED_FACE('',(#1448),#1542,.T.);
#1603=ADVANCED_FACE('',(#1449),#1543,.T.);
#1604=ADVANCED_FACE('',(#1450),#1544,.T.);
#1605=ADVANCED_FACE('',(#1451),#1545,.T.);
#1606=ADVANCED_FACE('',(#1452),#1546,.T.);
#1607=ADVANCED_FACE('',(#1453),#1547,.T.);
#1608=ADVANCED_FACE('',(#1454),#1548,.T.);
#1609=ADVANCED_FACE('',(#1455),#1549,.T.);
#1610=ADVANCED_FACE('',(#1456),#1550,.T.);
#1611=ADVANCED_FACE('',(#1457),#1551,.T.);
#1612=ADVANCED_FACE('',(#1458),#1552,.T.);
#1613=ADVANCED_FACE('',(#1459),#1553,.T.);
#1614=ADVANCED_FACE('',(#1460),#1554,.T.);
#1615=ADVANCED_FACE('',(#1461),#1555,.T.);
#1616=ADVANCED_FACE('',(#1462),#1556,.T.);
#1617=ADVANCED_FACE('',(#1463),#1557,.T.);
#1618=ADVANCED_FACE('',(#1464),#1558,.T.);
#1619=ADVANCED_FACE('',(#1465),#1559,.T.);
#1620=ADVANCED_FACE('',(#1466),#1560,.T.);
#1621=ADVANCED_FACE('',(#1467),#1561,.T.);
#1622=ADVANCED_FACE('',(#1468),#1562,.T.);
#1623=ADVANCED_FACE('',(#1469),#1563,.T.);
#1624=ADVANCED_FACE('',(#1470),#1564,.T.);
#1625=ADVANCED_FACE('',(#1471),#1565,.T.);
#1626=ADVANCED_FACE('',(#1472),#1566,.T.);
#1627=ADVANCED_FACE('',(#1473),#1567,.T.);
#1628=ADVANCED_FACE('',(#1474),#1568,.T.);
#1629=ADVANCED_FACE('',(#1475),#1569,.T.);
#1630=ADVANCED_FACE('',(#1476),#1570,.T.);
#1631=ADVANCED_FACE('',(#1477),#1571,.T.);
#1632=ADVANCED_FACE('',(#1478),#1572,.T.);
#1633=ADVANCED_FACE('',(#1479),#1573,.T.);
#1634=ADVANCED_FACE('',(#1480),#1574,.T.);
#1635=ADVANCED_FACE('',(#1481),#1575,.T.);
#1636=ADVANCED_FACE('',(#1482),#1576,.T.);
#1637=ADVANCED_FACE('',(#1483),#1577,.F.);
#1638=ADVANCED_FACE('',(#1484),#1578,.F.);
#1639=ADVANCED_FACE('',(#1485),#1579,.T.);
#1640=ADVANCED_FACE('',(#1486,#1487,#1488),#1580,.T.);
#1641=ADVANCED_FACE('',(#1489,#1490,#1491),#1581,.F.);
#1642=ADVANCED_FACE('',(#1492),#14,.T.);
#1643=ADVANCED_FACE('',(#1493),#1582,.F.);
#1644=ADVANCED_FACE('',(#1494),#1583,.T.);
#1645=ADVANCED_FACE('',(#1495),#1584,.T.);
#1646=ADVANCED_FACE('',(#1496),#1585,.T.);
#1647=ADVANCED_FACE('',(#1497),#1586,.T.);
#1648=ADVANCED_FACE('',(#1498),#1587,.T.);
#1649=ADVANCED_FACE('',(#1499),#1588,.T.);
#1650=ADVANCED_FACE('',(#1500,#1501),#12,.F.);
#1651=ADVANCED_FACE('',(#1502,#1503),#13,.F.);
#1652=ADVANCED_FACE('',(#1504),#15,.F.);
#1653=ADVANCED_FACE('',(#1505),#16,.T.);
#1654=ADVANCED_FACE('',(#1506),#17,.T.);
#1655=ADVANCED_FACE('',(#1507),#18,.T.);
#1656=ADVANCED_FACE('',(#1508),#19,.T.);
#1657=ADVANCED_FACE('',(#1509),#20,.T.);
#1658=ADVANCED_FACE('',(#1510),#21,.T.);
#1659=ADVANCED_FACE('',(#1511),#22,.T.);
#1660=ADVANCED_FACE('',(#1512),#23,.T.);
#1661=ADVANCED_FACE('',(#1513),#24,.T.);
#1662=ADVANCED_FACE('',(#1514),#25,.T.);
#1663=ADVANCED_FACE('',(#1515),#26,.T.);
#1664=ADVANCED_FACE('',(#1516),#27,.T.);
#1665=ADVANCED_FACE('',(#1517),#28,.T.);
#1666=ADVANCED_FACE('',(#1518),#29,.T.);
#1667=ADVANCED_FACE('',(#1519),#30,.T.);
#1668=ADVANCED_FACE('',(#1520),#31,.T.);
#1669=ADVANCED_FACE('',(#1521),#32,.T.);
#1670=ADVANCED_FACE('',(#1522),#33,.T.);
#1671=ADVANCED_FACE('',(#1523),#34,.T.);
#1672=ADVANCED_FACE('',(#1524),#35,.T.);
#1673=ADVANCED_FACE('',(#1525),#36,.T.);
#1674=ADVANCED_FACE('',(#1526),#37,.T.);
#1675=ADVANCED_FACE('',(#1527),#38,.T.);
#1676=ADVANCED_FACE('',(#1528),#39,.T.);
#1677=CLOSED_SHELL('',(#1589,#1590,#1591,#1592,#1593,#1594,#1595,#1596,
#1597,#1598,#1599,#1600,#1601,#1602,#1603,#1604,#1605,#1606,#1607,#1608,
#1609,#1610,#1611,#1612,#1613,#1614,#1615,#1616,#1617,#1618,#1619,#1620,
#1621,#1622,#1623,#1624,#1625,#1626,#1627,#1628,#1629,#1630,#1631,#1632,
#1633,#1634,#1635,#1636,#1637,#1638,#1639,#1640,#1641,#1642,#1643,#1644,
#1645,#1646,#1647,#1648,#1649,#1650,#1651,#1652,#1653,#1654,#1655,#1656,
#1657,#1658,#1659,#1660,#1661,#1662,#1663,#1664,#1665,#1666,#1667,#1668,
#1669,#1670,#1671,#1672,#1673,#1674,#1675,#1676));
#1678=STYLED_ITEM('',(#1679),#1686);
#1679=PRESENTATION_STYLE_ASSIGNMENT((#1680));
#1680=SURFACE_STYLE_USAGE(.BOTH.,#1681);
#1681=SURFACE_SIDE_STYLE('',(#1682));
#1682=SURFACE_STYLE_FILL_AREA(#1683);
#1683=FILL_AREA_STYLE('',(#1684));
#1684=FILL_AREA_STYLE_COLOUR('',#1685);
#1685=COLOUR_RGB('',0.615686274509804,0.811764705882353,0.929411764705882);
#1686=MANIFOLD_SOLID_BREP('Part 1',#1677);
#1687=SHAPE_DEFINITION_REPRESENTATION(#6909,#1688);
#1688=SHAPE_REPRESENTATION('Part 1',(#1689),#6904);
#1689=AXIS2_PLACEMENT_3D('',#2045,#1756,#1757);
#1690=AXIS2_PLACEMENT_3D('',#2046,#1758,#1759);
#1691=AXIS2_PLACEMENT_3D('',#2064,#1761,#1762);
#1692=AXIS2_PLACEMENT_3D('',#2073,#1767,#1768);
#1693=AXIS2_PLACEMENT_3D('',#2082,#1773,#1774);
#1694=AXIS2_PLACEMENT_3D('',#2088,#1778,#1779);
#1695=AXIS2_PLACEMENT_3D('',#2091,#1782,#1783);
#1696=AXIS2_PLACEMENT_3D('',#2100,#1788,#1789);
#1697=AXIS2_PLACEMENT_3D('',#2106,#1793,#1794);
#1698=AXIS2_PLACEMENT_3D('',#2112,#1798,#1799);
#1699=AXIS2_PLACEMENT_3D('',#2115,#1802,#1803);
#1700=AXIS2_PLACEMENT_3D('',#2124,#1808,#1809);
#1701=AXIS2_PLACEMENT_3D('',#2130,#1813,#1814);
#1702=AXIS2_PLACEMENT_3D('',#2136,#1818,#1819);
#1703=AXIS2_PLACEMENT_3D('',#2139,#1822,#1823);
#1704=AXIS2_PLACEMENT_3D('',#2148,#1828,#1829);
#1705=AXIS2_PLACEMENT_3D('',#2154,#1833,#1834);
#1706=AXIS2_PLACEMENT_3D('',#2160,#1838,#1839);
#1707=AXIS2_PLACEMENT_3D('',#2163,#1842,#1843);
#1708=AXIS2_PLACEMENT_3D('',#2172,#1848,#1849);
#1709=AXIS2_PLACEMENT_3D('',#2178,#1853,#1854);
#1710=AXIS2_PLACEMENT_3D('',#2184,#1858,#1859);
#1711=AXIS2_PLACEMENT_3D('',#2187,#1862,#1863);
#1712=AXIS2_PLACEMENT_3D('',#2196,#1868,#1869);
#1713=AXIS2_PLACEMENT_3D('',#2202,#1873,#1874);
#1714=AXIS2_PLACEMENT_3D('',#2208,#1878,#1879);
#1715=AXIS2_PLACEMENT_3D('',#2211,#1882,#1883);
#1716=AXIS2_PLACEMENT_3D('',#2220,#1888,#1889);
#1717=AXIS2_PLACEMENT_3D('',#2226,#1893,#1894);
#1718=AXIS2_PLACEMENT_3D('',#2232,#1898,#1899);
#1719=AXIS2_PLACEMENT_3D('',#2235,#1902,#1903);
#1720=AXIS2_PLACEMENT_3D('',#2244,#1908,#1909);
#1721=AXIS2_PLACEMENT_3D('',#2250,#1913,#1914);
#1722=AXIS2_PLACEMENT_3D('',#2256,#1918,#1919);
#1723=AXIS2_PLACEMENT_3D('',#2259,#1922,#1923);
#1724=AXIS2_PLACEMENT_3D('',#2268,#1928,#1929);
#1725=AXIS2_PLACEMENT_3D('',#2274,#1933,#1934);
#1726=AXIS2_PLACEMENT_3D('',#2280,#1938,#1939);
#1727=AXIS2_PLACEMENT_3D('',#2283,#1942,#1943);
#1728=AXIS2_PLACEMENT_3D('',#2292,#1948,#1949);
#1729=AXIS2_PLACEMENT_3D('',#2298,#1953,#1954);
#1730=AXIS2_PLACEMENT_3D('',#2304,#1958,#1959);
#1731=AXIS2_PLACEMENT_3D('',#2307,#1962,#1963);
#1732=AXIS2_PLACEMENT_3D('',#2316,#1968,#1969);
#1733=AXIS2_PLACEMENT_3D('',#2322,#1973,#1974);
#1734=AXIS2_PLACEMENT_3D('',#2328,#1978,#1979);
#1735=AXIS2_PLACEMENT_3D('',#2331,#1982,#1983);
#1736=AXIS2_PLACEMENT_3D('',#2340,#1988,#1989);
#1737=AXIS2_PLACEMENT_3D('',#2372,#1996,#1997);
#1738=AXIS2_PLACEMENT_3D('',#2404,#2004,#2005);
#1739=AXIS2_PLACEMENT_3D('',#2425,#2006,#2007);
#1740=AXIS2_PLACEMENT_3D('',#2460,#2008,#2009);
#1741=AXIS2_PLACEMENT_3D('',#2495,#2010,#2011);
#1742=AXIS2_PLACEMENT_3D('',#2496,#2012,#2013);
#1743=AXIS2_PLACEMENT_3D('',#2498,#2014,#2015);
#1744=AXIS2_PLACEMENT_3D('',#2642,#2017,#2018);
#1745=AXIS2_PLACEMENT_3D('',#2643,#2019,#2020);
#1746=AXIS2_PLACEMENT_3D('',#2645,#2021,#2022);
#1747=AXIS2_PLACEMENT_3D('',#2827,#2024,#2025);
#1748=AXIS2_PLACEMENT_3D('',#2843,#2027,#2028);
#1749=AXIS2_PLACEMENT_3D('',#2868,#2029,#2030);
#1750=AXIS2_PLACEMENT_3D('',#2870,#2032,#2033);
#1751=AXIS2_PLACEMENT_3D('',#2872,#2035,#2036);
#1752=AXIS2_PLACEMENT_3D('',#2873,#2037,#2038);
#1753=AXIS2_PLACEMENT_3D('',#2894,#2039,#2040);
#1754=AXIS2_PLACEMENT_3D('',#2915,#2041,#2042);
#1755=AXIS2_PLACEMENT_3D('',#2916,#2043,#2044);
#1756=DIRECTION('',(0.,0.,1.));
#1757=DIRECTION('',(1.,0.,0.));
#1758=DIRECTION('',(0.,1.,0.));
#1759=DIRECTION('',(0.,0.,1.));
#1760=DIRECTION('',(0.,0.,-1.));
#1761=DIRECTION('',(1.,-2.16840434497101E-16,0.));
#1762=DIRECTION('',(2.16840434497101E-16,1.,0.));
#1763=DIRECTION('',(-2.16840434497101E-16,-1.,0.));
#1764=DIRECTION('',(0.,0.,1.));
#1765=DIRECTION('',(-2.16840434497101E-16,-1.,0.));
#1766=DIRECTION('',(0.,0.,1.));
#1767=DIRECTION('',(0.707106781186548,-0.707106781186547,0.));
#1768=DIRECTION('',(0.707106781186547,0.707106781186548,0.));
#1769=DIRECTION('',(0.,0.,1.));
#1770=DIRECTION('',(0.707106781186547,0.707106781186548,0.));
#1771=DIRECTION('',(0.,0.,1.));
#1772=DIRECTION('',(-0.707106781186547,-0.707106781186548,0.));
#1773=DIRECTION('',(1.,0.,0.));
#1774=DIRECTION('',(0.,0.,-1.));
#1775=DIRECTION('',(0.,1.,0.));
#1776=DIRECTION('',(0.,0.,1.));
#1777=DIRECTION('',(0.,-1.,0.));
#1778=DIRECTION('',(0.707106781186547,0.707106781186548,0.));
#1779=DIRECTION('',(-0.707106781186548,0.707106781186547,0.));
#1780=DIRECTION('',(-0.707106781186548,0.707106781186547,0.));
#1781=DIRECTION('',(0.707106781186548,-0.707106781186547,0.));
#1782=DIRECTION('',(1.,-2.16840434497101E-16,0.));
#1783=DIRECTION('',(2.16840434497101E-16,1.,0.));
#1784=DIRECTION('',(-2.16840434497101E-16,-1.,0.));
#1785=DIRECTION('',(0.,0.,1.));
#1786=DIRECTION('',(-2.16840434497101E-16,-1.,0.));
#1787=DIRECTION('',(0.,0.,1.));
#1788=DIRECTION('',(0.707106781186548,-0.707106781186547,0.));
#1789=DIRECTION('',(0.707106781186547,0.707106781186548,0.));
#1790=DIRECTION('',(0.707106781186547,0.707106781186548,0.));
#1791=DIRECTION('',(0.,0.,1.));
#1792=DIRECTION('',(-0.707106781186547,-0.707106781186548,0.));
#1793=DIRECTION('',(1.,0.,0.));
#1794=DIRECTION('',(0.,0.,-1.));
#1795=DIRECTION('',(0.,1.,0.));
#1796=DIRECTION('',(0.,0.,1.));
#1797=DIRECTION('',(0.,-1.,0.));
#1798=DIRECTION('',(0.707106781186547,0.707106781186548,0.));
#1799=DIRECTION('',(-0.707106781186548,0.707106781186547,0.));
#1800=DIRECTION('',(-0.707106781186548,0.707106781186547,0.));
#1801=DIRECTION('',(0.707106781186548,-0.707106781186547,0.));
#1802=DIRECTION('',(1.,-2.16840434497101E-16,0.));
#1803=DIRECTION('',(2.16840434497101E-16,1.,0.));
#1804=DIRECTION('',(-2.16840434497101E-16,-1.,0.));
#1805=DIRECTION('',(0.,0.,1.));
#1806=DIRECTION('',(-2.16840434497101E-16,-1.,0.));
#1807=DIRECTION('',(0.,0.,1.));
#1808=DIRECTION('',(0.707106781186548,-0.707106781186547,0.));
#1809=DIRECTION('',(0.707106781186547,0.707106781186548,0.));
#1810=DIRECTION('',(0.707106781186547,0.707106781186548,0.));
#1811=DIRECTION('',(0.,0.,1.));
#1812=DIRECTION('',(-0.707106781186547,-0.707106781186548,0.));
#1813=DIRECTION('',(1.,0.,0.));
#1814=DIRECTION('',(0.,0.,-1.));
#1815=DIRECTION('',(0.,1.,0.));
#1816=DIRECTION('',(0.,0.,1.));
#1817=DIRECTION('',(0.,-1.,0.));
#1818=DIRECTION('',(0.707106781186547,0.707106781186548,0.));
#1819=DIRECTION('',(-0.707106781186548,0.707106781186547,0.));
#1820=DIRECTION('',(-0.707106781186548,0.707106781186547,0.));
#1821=DIRECTION('',(0.707106781186548,-0.707106781186547,0.));
#1822=DIRECTION('',(1.,-2.16840434497101E-16,0.));
#1823=DIRECTION('',(2.16840434497101E-16,1.,0.));
#1824=DIRECTION('',(-2.16840434497101E-16,-1.,0.));
#1825=DIRECTION('',(0.,0.,1.));
#1826=DIRECTION('',(-2.16840434497101E-16,-1.,0.));
#1827=DIRECTION('',(0.,0.,1.));
#1828=DIRECTION('',(0.707106781186548,-0.707106781186547,0.));
#1829=DIRECTION('',(0.707106781186547,0.707106781186548,0.));
#1830=DIRECTION('',(0.707106781186547,0.707106781186548,0.));
#1831=DIRECTION('',(0.,0.,1.));
#1832=DIRECTION('',(-0.707106781186547,-0.707106781186548,0.));
#1833=DIRECTION('',(1.,0.,0.));
#1834=DIRECTION('',(0.,0.,-1.));
#1835=DIRECTION('',(0.,1.,0.));
#1836=DIRECTION('',(0.,0.,1.));
#1837=DIRECTION('',(0.,-1.,0.));
#1838=DIRECTION('',(0.707106781186547,0.707106781186548,0.));
#1839=DIRECTION('',(-0.707106781186548,0.707106781186547,0.));
#1840=DIRECTION('',(-0.707106781186548,0.707106781186547,0.));
#1841=DIRECTION('',(0.707106781186548,-0.707106781186547,0.));
#1842=DIRECTION('',(1.,-2.16840434497101E-16,0.));
#1843=DIRECTION('',(2.16840434497101E-16,1.,0.));
#1844=DIRECTION('',(-2.16840434497101E-16,-1.,0.));
#1845=DIRECTION('',(0.,0.,1.));
#1846=DIRECTION('',(-2.16840434497101E-16,-1.,0.));
#1847=DIRECTION('',(0.,0.,1.));
#1848=DIRECTION('',(0.707106781186548,-0.707106781186547,0.));
#1849=DIRECTION('',(0.707106781186547,0.707106781186548,0.));
#1850=DIRECTION('',(0.707106781186547,0.707106781186548,0.));
#1851=DIRECTION('',(0.,0.,1.));
#1852=DIRECTION('',(-0.707106781186547,-0.707106781186548,0.));
#1853=DIRECTION('',(1.,0.,0.));
#1854=DIRECTION('',(0.,0.,-1.));
#1855=DIRECTION('',(0.,1.,0.));
#1856=DIRECTION('',(0.,0.,1.));
#1857=DIRECTION('',(0.,-1.,0.));
#1858=DIRECTION('',(0.707106781186547,0.707106781186548,0.));
#1859=DIRECTION('',(-0.707106781186548,0.707106781186547,0.));
#1860=DIRECTION('',(-0.707106781186548,0.707106781186547,0.));
#1861=DIRECTION('',(0.707106781186548,-0.707106781186547,0.));
#1862=DIRECTION('',(1.,-2.16840434497101E-16,0.));
#1863=DIRECTION('',(2.16840434497101E-16,1.,0.));
#1864=DIRECTION('',(-2.16840434497101E-16,-1.,0.));
#1865=DIRECTION('',(0.,0.,1.));
#1866=DIRECTION('',(-2.16840434497101E-16,-1.,0.));
#1867=DIRECTION('',(0.,0.,1.));
#1868=DIRECTION('',(0.707106781186548,-0.707106781186547,0.));
#1869=DIRECTION('',(0.707106781186547,0.707106781186548,0.));
#1870=DIRECTION('',(0.707106781186547,0.707106781186548,0.));
#1871=DIRECTION('',(0.,0.,1.));
#1872=DIRECTION('',(-0.707106781186547,-0.707106781186548,0.));
#1873=DIRECTION('',(1.,0.,0.));
#1874=DIRECTION('',(0.,0.,-1.));
#1875=DIRECTION('',(0.,1.,0.));
#1876=DIRECTION('',(0.,0.,1.));
#1877=DIRECTION('',(0.,-1.,0.));
#1878=DIRECTION('',(0.707106781186547,0.707106781186548,0.));
#1879=DIRECTION('',(-0.707106781186548,0.707106781186547,0.));
#1880=DIRECTION('',(-0.707106781186548,0.707106781186547,0.));
#1881=DIRECTION('',(0.707106781186548,-0.707106781186547,0.));
#1882=DIRECTION('',(1.,-2.16840434497101E-16,0.));
#1883=DIRECTION('',(2.16840434497101E-16,1.,0.));
#1884=DIRECTION('',(-2.16840434497101E-16,-1.,0.));
#1885=DIRECTION('',(0.,0.,1.));
#1886=DIRECTION('',(-2.16840434497101E-16,-1.,0.));
#1887=DIRECTION('',(0.,0.,1.));
#1888=DIRECTION('',(0.707106781186548,-0.707106781186547,0.));
#1889=DIRECTION('',(0.707106781186547,0.707106781186548,0.));
#1890=DIRECTION('',(0.707106781186547,0.707106781186548,0.));
#1891=DIRECTION('',(0.,0.,1.));
#1892=DIRECTION('',(-0.707106781186547,-0.707106781186548,0.));
#1893=DIRECTION('',(1.,0.,0.));
#1894=DIRECTION('',(0.,0.,-1.));
#1895=DIRECTION('',(0.,1.,0.));
#1896=DIRECTION('',(0.,0.,1.));
#1897=DIRECTION('',(0.,-1.,0.));
#1898=DIRECTION('',(0.707106781186547,0.707106781186548,0.));
#1899=DIRECTION('',(-0.707106781186548,0.707106781186547,0.));
#1900=DIRECTION('',(-0.707106781186548,0.707106781186547,0.));
#1901=DIRECTION('',(0.707106781186548,-0.707106781186547,0.));
#1902=DIRECTION('',(1.,-2.16840434497101E-16,0.));
#1903=DIRECTION('',(2.16840434497101E-16,1.,0.));
#1904=DIRECTION('',(-2.16840434497101E-16,-1.,0.));
#1905=DIRECTION('',(0.,0.,1.));
#1906=DIRECTION('',(-2.16840434497101E-16,-1.,0.));
#1907=DIRECTION('',(0.,0.,1.));
#1908=DIRECTION('',(0.707106781186548,-0.707106781186547,0.));
#1909=DIRECTION('',(0.707106781186547,0.707106781186548,0.));
#1910=DIRECTION('',(0.707106781186547,0.707106781186548,0.));
#1911=DIRECTION('',(0.,0.,1.));
#1912=DIRECTION('',(-0.707106781186547,-0.707106781186548,0.));
#1913=DIRECTION('',(1.,0.,0.));
#1914=DIRECTION('',(0.,0.,-1.));
#1915=DIRECTION('',(0.,1.,0.));
#1916=DIRECTION('',(0.,0.,1.));
#1917=DIRECTION('',(0.,-1.,0.));
#1918=DIRECTION('',(0.707106781186547,0.707106781186548,0.));
#1919=DIRECTION('',(-0.707106781186548,0.707106781186547,0.));
#1920=DIRECTION('',(-0.707106781186548,0.707106781186547,0.));
#1921=DIRECTION('',(0.707106781186548,-0.707106781186547,0.));
#1922=DIRECTION('',(1.,-2.16840434497101E-16,0.));
#1923=DIRECTION('',(2.16840434497101E-16,1.,0.));
#1924=DIRECTION('',(-2.16840434497101E-16,-1.,0.));
#1925=DIRECTION('',(0.,0.,1.));
#1926=DIRECTION('',(-2.16840434497101E-16,-1.,0.));
#1927=DIRECTION('',(0.,0.,1.));
#1928=DIRECTION('',(0.707106781186548,-0.707106781186547,0.));
#1929=DIRECTION('',(0.707106781186547,0.707106781186548,0.));
#1930=DIRECTION('',(0.707106781186547,0.707106781186548,0.));
#1931=DIRECTION('',(0.,0.,1.));
#1932=DIRECTION('',(-0.707106781186547,-0.707106781186548,0.));
#1933=DIRECTION('',(1.,0.,0.));
#1934=DIRECTION('',(0.,0.,-1.));
#1935=DIRECTION('',(0.,1.,0.));
#1936=DIRECTION('',(0.,0.,1.));
#1937=DIRECTION('',(0.,-1.,0.));
#1938=DIRECTION('',(0.707106781186547,0.707106781186548,0.));
#1939=DIRECTION('',(-0.707106781186548,0.707106781186547,0.));
#1940=DIRECTION('',(-0.707106781186548,0.707106781186547,0.));
#1941=DIRECTION('',(0.707106781186548,-0.707106781186547,0.));
#1942=DIRECTION('',(1.,-2.16840434497101E-16,0.));
#1943=DIRECTION('',(2.16840434497101E-16,1.,0.));
#1944=DIRECTION('',(-2.16840434497101E-16,-1.,0.));
#1945=DIRECTION('',(0.,0.,1.));
#1946=DIRECTION('',(-2.16840434497101E-16,-1.,0.));
#1947=DIRECTION('',(0.,0.,1.));
#1948=DIRECTION('',(0.707106781186548,-0.707106781186547,0.));
#1949=DIRECTION('',(0.707106781186547,0.707106781186548,0.));
#1950=DIRECTION('',(0.707106781186547,0.707106781186548,0.));
#1951=DIRECTION('',(0.,0.,1.));
#1952=DIRECTION('',(-0.707106781186547,-0.707106781186548,0.));
#1953=DIRECTION('',(1.,0.,0.));
#1954=DIRECTION('',(0.,0.,-1.));
#1955=DIRECTION('',(0.,1.,0.));
#1956=DIRECTION('',(0.,0.,1.));
#1957=DIRECTION('',(0.,-1.,0.));
#1958=DIRECTION('',(0.707106781186547,0.707106781186548,0.));
#1959=DIRECTION('',(-0.707106781186548,0.707106781186547,0.));
#1960=DIRECTION('',(-0.707106781186548,0.707106781186547,0.));
#1961=DIRECTION('',(0.707106781186548,-0.707106781186547,0.));
#1962=DIRECTION('',(1.,-2.16840434497101E-16,0.));
#1963=DIRECTION('',(2.16840434497101E-16,1.,0.));
#1964=DIRECTION('',(-2.16840434497101E-16,-1.,0.));
#1965=DIRECTION('',(0.,0.,1.));
#1966=DIRECTION('',(-2.16840434497101E-16,-1.,0.));
#1967=DIRECTION('',(0.,0.,1.));
#1968=DIRECTION('',(0.707106781186548,-0.707106781186547,0.));
#1969=DIRECTION('',(0.707106781186547,0.707106781186548,0.));
#1970=DIRECTION('',(0.707106781186547,0.707106781186548,0.));
#1971=DIRECTION('',(0.,0.,1.));
#1972=DIRECTION('',(-0.707106781186547,-0.707106781186548,0.));
#1973=DIRECTION('',(1.,0.,0.));
#1974=DIRECTION('',(0.,0.,-1.));
#1975=DIRECTION('',(0.,1.,0.));
#1976=DIRECTION('',(0.,0.,1.));
#1977=DIRECTION('',(0.,-1.,0.));
#1978=DIRECTION('',(0.707106781186547,0.707106781186548,0.));
#1979=DIRECTION('',(-0.707106781186548,0.707106781186547,0.));
#1980=DIRECTION('',(-0.707106781186548,0.707106781186547,0.));
#1981=DIRECTION('',(0.707106781186548,-0.707106781186547,0.));
#1982=DIRECTION('',(1.,-2.16840434497101E-16,0.));
#1983=DIRECTION('',(2.16840434497101E-16,1.,0.));
#1984=DIRECTION('',(-2.16840434497101E-16,-1.,0.));
#1985=DIRECTION('',(0.,0.,1.));
#1986=DIRECTION('',(-2.16840434497101E-16,-1.,0.));
#1987=DIRECTION('',(0.,0.,-1.));
#1988=DIRECTION('',(0.,0.,1.));
#1989=DIRECTION('',(1.,0.,0.));
#1990=DIRECTION('',(-5.17827903276659E-17,-1.,0.));
#1991=DIRECTION('',(0.707106781186548,-0.707106781186548,0.));
#1992=DIRECTION('',(-0.707106781186548,0.707106781186547,0.));
#1993=DIRECTION('',(0.,1.,0.));
#1994=DIRECTION('',(0.707106781186547,0.707106781186548,0.));
#1995=DIRECTION('',(-2.16840434497101E-16,-1.,0.));
#1996=DIRECTION('',(0.,0.,-1.));
#1997=DIRECTION('',(1.,0.,0.));
#1998=DIRECTION('',(0.707106781186548,-0.707106781186548,0.));
#1999=DIRECTION('',(0.,-1.,0.));
#2000=DIRECTION('',(-2.16840434497101E-16,-1.,0.));
#2001=DIRECTION('',(-0.707106781186547,-0.707106781186548,0.));
#2002=DIRECTION('',(0.,-1.,0.));
#2003=DIRECTION('',(0.707106781186548,-0.707106781186547,0.));
#2004=DIRECTION('',(1.,-2.16840434497101E-16,0.));
#2005=DIRECTION('',(2.16840434497101E-16,1.,0.));
#2006=DIRECTION('',(0.707106781186548,0.707106781186548,0.));
#2007=DIRECTION('',(-0.707106781186548,0.707106781186548,0.));
#2008=DIRECTION('',(1.,-2.16840434497101E-16,0.));
#2009=DIRECTION('',(2.16840434497101E-16,1.,0.));
#2010=DIRECTION('',(0.,0.,1.));
#2011=DIRECTION('',(1.,0.,0.));
#2012=DIRECTION('',(0.,0.,1.));
#2013=DIRECTION('',(1.,0.,0.));
#2014=DIRECTION('',(0.,0.,1.));
#2015=DIRECTION('',(1.,0.,0.));
#2016=DIRECTION('',(-5.17827903276659E-17,-1.,0.));
#2017=DIRECTION('',(0.,0.,1.));
#2018=DIRECTION('',(1.,0.,0.));
#2019=DIRECTION('',(0.,0.,1.));
#2020=DIRECTION('',(1.,0.,0.));
#2021=DIRECTION('',(0.,0.,1.));
#2022=DIRECTION('',(1.,0.,0.));
#2023=DIRECTION('',(0.,-1.,0.));
#2024=DIRECTION('',(1.,-5.17827903276659E-17,0.));
#2025=DIRECTION('',(5.17827903276659E-17,1.,0.));
#2026=DIRECTION('',(0.,0.,1.));
#2027=DIRECTION('',(-1.,0.,0.));
#2028=DIRECTION('',(0.,0.,1.));
#2029=DIRECTION('',(0.707106781186547,0.707106781186548,0.));
#2030=DIRECTION('',(-0.707106781186548,0.707106781186547,0.));
#2031=DIRECTION('',(0.,0.,1.));
#2032=DIRECTION('',(0.707106781186548,-0.707106781186547,0.));
#2033=DIRECTION('',(0.707106781186547,0.707106781186548,0.));
#2034=DIRECTION('',(0.,0.,1.));
#2035=DIRECTION('',(1.,0.,0.));
#2036=DIRECTION('',(0.,0.,-1.));
#2037=DIRECTION('',(1.,0.,0.));
#2038=DIRECTION('',(0.,0.,-1.));
#2039=DIRECTION('',(0.,1.,0.));
#2040=DIRECTION('',(-1.,0.,0.));
#2041=DIRECTION('',(0.,0.,1.));
#2042=DIRECTION('',(1.,0.,0.));
#2043=DIRECTION('',(0.,0.,1.));
#2044=DIRECTION('',(1.,0.,0.));
#2045=CARTESIAN_POINT('',(0.,0.,0.));
#2046=CARTESIAN_POINT('',(5.20417042793042E-18,0.02,0.005));
#2047=CARTESIAN_POINT('',(0.00500000000000001,0.02,0.00199999999999997));
#2048=CARTESIAN_POINT('',(0.00500000000000001,0.02,0.00233333333333329));
#2049=CARTESIAN_POINT('',(0.00500000000000001,0.02,0.00266666666666661));
#2050=CARTESIAN_POINT('',(0.00500000000000001,0.02,0.00299999999999993));
#2051=CARTESIAN_POINT('',(0.005,0.02,0.00199999999999997));
#2052=CARTESIAN_POINT('',(0.005,0.02,0.00299999999999993));
#2053=CARTESIAN_POINT('',(0.00500000000000001,0.02,0.003));
#2054=CARTESIAN_POINT('',(0.00833333333333334,0.02,0.003));
#2055=CARTESIAN_POINT('',(0.0116666666666667,0.02,0.003));
#2056=CARTESIAN_POINT('',(0.015,0.02,0.003));
#2057=CARTESIAN_POINT('',(0.015,0.02,0.003));
#2058=CARTESIAN_POINT('',(0.015,0.02,0.005));
#2059=CARTESIAN_POINT('',(0.015,0.02,0.002));
#2060=CARTESIAN_POINT('',(0.015,0.02,0.002));
#2061=CARTESIAN_POINT('',(0.0116666666666667,0.02,0.002));
#2062=CARTESIAN_POINT('',(0.00833333333333334,0.02,0.002));
#2063=CARTESIAN_POINT('',(0.00500000000000001,0.02,0.002));
#2064=CARTESIAN_POINT('',(0.015,0.,0.005));
#2065=CARTESIAN_POINT('',(0.015,0.,0.0125));
#2066=CARTESIAN_POINT('',(0.015,0.01255631,0.0125));
#2067=CARTESIAN_POINT('',(0.015,0.0119705271247462,0.0125));
#2068=CARTESIAN_POINT('',(0.015,0.0119705271247462,-0.0125));
#2069=CARTESIAN_POINT('',(0.015,0.0119705271247462,-0.0075));
#2070=CARTESIAN_POINT('',(0.015,0.,-0.0075));
#2071=CARTESIAN_POINT('',(0.015,0.01255631,-0.0075));
#2072=CARTESIAN_POINT('',(0.015,0.01255631,-0.0125));
#2073=CARTESIAN_POINT('',(0.0142928932188134,0.0166776303435596,-0.0125));
#2074=CARTESIAN_POINT('',(0.015,0.0173847371247462,-0.0125));
#2075=CARTESIAN_POINT('',(0.015,0.0173847371247462,-0.0075));
#2076=CARTESIAN_POINT('',(0.015,0.0173847371247462,0.0125));
#2077=CARTESIAN_POINT('',(0.0142928932188134,0.0166776303435596,0.0125));
#2078=CARTESIAN_POINT('',(0.0135857864376269,0.0159705235623731,0.0125));
#2079=CARTESIAN_POINT('',(0.0135857864376269,0.0159705235623731,-0.0125));
#2080=CARTESIAN_POINT('',(0.0135857864376269,0.0159705235623731,-0.0075));
#2081=CARTESIAN_POINT('',(0.0210732926876269,0.0234580298123731,-0.0075));
#2082=CARTESIAN_POINT('',(0.0135857864376269,0.0149705235623731,-0.0125));
#2083=CARTESIAN_POINT('',(0.0135857864376269,0.0149705235623731,0.0125));
#2084=CARTESIAN_POINT('',(0.0135857864376269,0.0139705235623731,0.0125));
#2085=CARTESIAN_POINT('',(0.0135857864376269,0.0139705235623731,-0.0125));
#2086=CARTESIAN_POINT('',(0.0135857864376269,0.0139705235623731,-0.0075));
#2087=CARTESIAN_POINT('',(0.0135857864376269,0.04455631,-0.0075));
#2088=CARTESIAN_POINT('',(0.0142928932188134,0.0132634167811865,-0.0125));
#2089=CARTESIAN_POINT('',(0.0142928932188134,0.0132634167811865,0.0125));
#2090=CARTESIAN_POINT('',(-0.00851249375000001,0.03606880375,-0.0075));
#2091=CARTESIAN_POINT('',(0.015,0.,0.005));
#2092=CARTESIAN_POINT('',(0.015,0.,0.0125));
#2093=CARTESIAN_POINT('',(0.015,0.0071421,0.0125));
#2094=CARTESIAN_POINT('',(0.015,0.0065563171247462,0.0125));
#2095=CARTESIAN_POINT('',(0.015,0.0065563171247462,-0.0125));
#2096=CARTESIAN_POINT('',(0.015,0.0065563171247462,-0.0075));
#2097=CARTESIAN_POINT('',(0.015,0.,-0.0075));
#2098=CARTESIAN_POINT('',(0.015,0.0071421,-0.0075));
#2099=CARTESIAN_POINT('',(0.015,0.0071421,-0.0125));
#2100=CARTESIAN_POINT('',(0.0142928932188134,0.0112634203435596,-0.0125));
#2101=CARTESIAN_POINT('',(0.0142928932188134,0.0112634203435596,0.0125));
#2102=CARTESIAN_POINT('',(0.0135857864376269,0.0105563135623731,0.0125));
#2103=CARTESIAN_POINT('',(0.0135857864376269,0.0105563135623731,-0.0125));
#2104=CARTESIAN_POINT('',(0.0135857864376269,0.0105563135623731,-0.0075));
#2105=CARTESIAN_POINT('',(0.0210732926876269,0.0180438198123731,-0.0075));
#2106=CARTESIAN_POINT('',(0.0135857864376269,0.00955631356237309,-0.0125));
#2107=CARTESIAN_POINT('',(0.0135857864376269,0.00955631356237309,0.0125));
#2108=CARTESIAN_POINT('',(0.0135857864376269,0.00855631356237309,0.0125));
#2109=CARTESIAN_POINT('',(0.0135857864376269,0.00855631356237309,-0.0125));
#2110=CARTESIAN_POINT('',(0.0135857864376269,0.00855631356237309,-0.0075));
#2111=CARTESIAN_POINT('',(0.0135857864376269,0.0391421,-0.0075));
#2112=CARTESIAN_POINT('',(0.0142928932188134,0.00784920678118654,-0.0125));
#2113=CARTESIAN_POINT('',(0.0142928932188134,0.00784920678118654,0.0125));
#2114=CARTESIAN_POINT('',(-0.00851249375000001,0.03065459375,-0.0075));
#2115=CARTESIAN_POINT('',(0.015,0.,0.005));
#2116=CARTESIAN_POINT('',(0.015,0.,0.0125));
#2117=CARTESIAN_POINT('',(0.015,0.00172789,0.0125));
#2118=CARTESIAN_POINT('',(0.015,0.0011421071247462,0.0125));
#2119=CARTESIAN_POINT('',(0.015,0.0011421071247462,-0.0125));
#2120=CARTESIAN_POINT('',(0.015,0.0011421071247462,-0.0075));
#2121=CARTESIAN_POINT('',(0.015,0.,-0.0075));
#2122=CARTESIAN_POINT('',(0.015,0.00172789,-0.0075));
#2123=CARTESIAN_POINT('',(0.015,0.00172789,-0.0125));
#2124=CARTESIAN_POINT('',(0.0142928932188134,0.00584921034355964,-0.0125));
#2125=CARTESIAN_POINT('',(0.0142928932188134,0.00584921034355964,0.0125));
#2126=CARTESIAN_POINT('',(0.0135857864376269,0.0051421035623731,0.0125));
#2127=CARTESIAN_POINT('',(0.0135857864376269,0.0051421035623731,-0.0125));
#2128=CARTESIAN_POINT('',(0.0135857864376269,0.0051421035623731,-0.0075));
#2129=CARTESIAN_POINT('',(0.0210732926876269,0.0126296098123731,-0.0075));
#2130=CARTESIAN_POINT('',(0.0135857864376269,0.00414210356237309,-0.0125));
#2131=CARTESIAN_POINT('',(0.0135857864376269,0.00414210356237309,0.0125));
#2132=CARTESIAN_POINT('',(0.0135857864376269,0.0031421035623731,0.0125));
#2133=CARTESIAN_POINT('',(0.0135857864376269,0.0031421035623731,-0.0125));
#2134=CARTESIAN_POINT('',(0.0135857864376269,0.0031421035623731,-0.0075));
#2135=CARTESIAN_POINT('',(0.0135857864376269,0.03372789,-0.0075));
#2136=CARTESIAN_POINT('',(0.0142928932188134,0.00243499678118655,-0.0125));
#2137=CARTESIAN_POINT('',(0.0142928932188134,0.00243499678118655,0.0125));
#2138=CARTESIAN_POINT('',(-0.00851249375000001,0.02524038375,-0.0075));
#2139=CARTESIAN_POINT('',(0.015,0.,0.005));
#2140=CARTESIAN_POINT('',(0.015,0.,0.0125));
#2141=CARTESIAN_POINT('',(0.015,-0.00368632,0.0125));
#2142=CARTESIAN_POINT('',(0.015,-0.00427210287525381,0.0125));
#2143=CARTESIAN_POINT('',(0.015,-0.00427210287525381,-0.0125));
#2144=CARTESIAN_POINT('',(0.015,-0.00427210287525381,-0.0075));
#2145=CARTESIAN_POINT('',(0.015,0.,-0.0075));
#2146=CARTESIAN_POINT('',(0.015,-0.00368632,-0.0075));
#2147=CARTESIAN_POINT('',(0.015,-0.00368632,-0.0125));
#2148=CARTESIAN_POINT('',(0.0142928932188134,0.000435000343559637,-0.0125));
#2149=CARTESIAN_POINT('',(0.0142928932188134,0.000435000343559637,0.0125));
#2150=CARTESIAN_POINT('',(0.0135857864376269,-0.000272106437626908,0.0125));
#2151=CARTESIAN_POINT('',(0.0135857864376269,-0.000272106437626908,-0.0125));
#2152=CARTESIAN_POINT('',(0.0135857864376269,-0.000272106437626908,-0.0075));
#2153=CARTESIAN_POINT('',(0.0210732926876269,0.00721539981237312,-0.0075));
#2154=CARTESIAN_POINT('',(0.0135857864376269,-0.00127210643762691,-0.0125));
#2155=CARTESIAN_POINT('',(0.0135857864376269,-0.00127210643762691,0.0125));
#2156=CARTESIAN_POINT('',(0.0135857864376269,-0.00227210643762691,0.0125));
#2157=CARTESIAN_POINT('',(0.0135857864376269,-0.00227210643762691,-0.0125));
#2158=CARTESIAN_POINT('',(0.0135857864376269,-0.00227210643762691,-0.0075));
#2159=CARTESIAN_POINT('',(0.0135857864376269,0.02831368,-0.0075));
#2160=CARTESIAN_POINT('',(0.0142928932188134,-0.00297921321881346,-0.0125));
#2161=CARTESIAN_POINT('',(0.0142928932188134,-0.00297921321881346,0.0125));
#2162=CARTESIAN_POINT('',(-0.00851249375000001,0.01982617375,-0.0075));
#2163=CARTESIAN_POINT('',(0.015,0.,0.005));
#2164=CARTESIAN_POINT('',(0.015,0.,0.0125));
#2165=CARTESIAN_POINT('',(0.015,-0.00910053,0.0125));
#2166=CARTESIAN_POINT('',(0.015,-0.0096863128752538,0.0125));
#2167=CARTESIAN_POINT('',(0.015,-0.0096863128752538,-0.0125));
#2168=CARTESIAN_POINT('',(0.015,-0.0096863128752538,-0.0075));
#2169=CARTESIAN_POINT('',(0.015,0.,-0.0075));
#2170=CARTESIAN_POINT('',(0.015,-0.00910053,-0.0075));
#2171=CARTESIAN_POINT('',(0.015,-0.00910053,-0.0125));
#2172=CARTESIAN_POINT('',(0.0142928932188134,-0.00497920965644037,-0.0125));
#2173=CARTESIAN_POINT('',(0.0142928932188134,-0.00497920965644037,0.0125));
#2174=CARTESIAN_POINT('',(0.0135857864376269,-0.00568631643762691,0.0125));
#2175=CARTESIAN_POINT('',(0.0135857864376269,-0.00568631643762691,-0.0125));
#2176=CARTESIAN_POINT('',(0.0135857864376269,-0.00568631643762691,-0.0075));
#2177=CARTESIAN_POINT('',(0.0210732926876269,0.00180118981237311,-0.0075));
#2178=CARTESIAN_POINT('',(0.0135857864376269,-0.00668631643762691,-0.0125));
#2179=CARTESIAN_POINT('',(0.0135857864376269,-0.00668631643762691,0.0125));
#2180=CARTESIAN_POINT('',(0.0135857864376269,-0.00768631643762691,0.0125));
#2181=CARTESIAN_POINT('',(0.0135857864376269,-0.00768631643762691,-0.0125));
#2182=CARTESIAN_POINT('',(0.0135857864376269,-0.00768631643762691,-0.0075));
#2183=CARTESIAN_POINT('',(0.0135857864376269,0.02289947,-0.0075));
#2184=CARTESIAN_POINT('',(0.0142928932188134,-0.00839342321881346,-0.0125));
#2185=CARTESIAN_POINT('',(0.0142928932188134,-0.00839342321881346,0.0125));
#2186=CARTESIAN_POINT('',(-0.00851249375000001,0.01441196375,-0.0075));
#2187=CARTESIAN_POINT('',(0.015,0.,0.005));
#2188=CARTESIAN_POINT('',(0.015,0.,0.0125));
#2189=CARTESIAN_POINT('',(0.015,-0.01451474,0.0125));
#2190=CARTESIAN_POINT('',(0.015,-0.0151005228752538,0.0125));
#2191=CARTESIAN_POINT('',(0.015,-0.0151005228752538,-0.0125));
#2192=CARTESIAN_POINT('',(0.015,-0.0151005228752538,-0.0075));
#2193=CARTESIAN_POINT('',(0.015,0.,-0.0075));
#2194=CARTESIAN_POINT('',(0.015,-0.01451474,-0.0075));
#2195=CARTESIAN_POINT('',(0.015,-0.01451474,-0.0125));
#2196=CARTESIAN_POINT('',(0.0142928932188134,-0.0103934196564404,-0.0125));
#2197=CARTESIAN_POINT('',(0.0142928932188134,-0.0103934196564404,0.0125));
#2198=CARTESIAN_POINT('',(0.0135857864376269,-0.0111005264376269,0.0125));
#2199=CARTESIAN_POINT('',(0.0135857864376269,-0.0111005264376269,-0.0125));
#2200=CARTESIAN_POINT('',(0.0135857864376269,-0.0111005264376269,-0.0075));
#2201=CARTESIAN_POINT('',(0.0210732926876269,-0.00361302018762688,-0.0075));
#2202=CARTESIAN_POINT('',(0.0135857864376269,-0.0121005264376269,-0.0125));
#2203=CARTESIAN_POINT('',(0.0135857864376269,-0.0121005264376269,0.0125));
#2204=CARTESIAN_POINT('',(0.0135857864376269,-0.0131005264376269,0.0125));
#2205=CARTESIAN_POINT('',(0.0135857864376269,-0.0131005264376269,-0.0125));
#2206=CARTESIAN_POINT('',(0.0135857864376269,-0.0131005264376269,-0.0075));
#2207=CARTESIAN_POINT('',(0.0135857864376269,0.01748526,-0.0075));
#2208=CARTESIAN_POINT('',(0.0142928932188134,-0.0138076332188134,-0.0125));
#2209=CARTESIAN_POINT('',(0.0142928932188134,-0.0138076332188134,0.0125));
#2210=CARTESIAN_POINT('',(-0.00851249375000001,0.00899775374999998,-0.0075));
#2211=CARTESIAN_POINT('',(0.015,0.,0.005));
#2212=CARTESIAN_POINT('',(0.015,0.,0.0125));
#2213=CARTESIAN_POINT('',(0.015,-0.01992895,0.0125));
#2214=CARTESIAN_POINT('',(0.015,-0.0205147328752538,0.0125));
#2215=CARTESIAN_POINT('',(0.015,-0.0205147328752538,-0.0125));
#2216=CARTESIAN_POINT('',(0.015,-0.0205147328752538,-0.0075));
#2217=CARTESIAN_POINT('',(0.015,0.,-0.0075));
#2218=CARTESIAN_POINT('',(0.015,-0.01992895,-0.0075));
#2219=CARTESIAN_POINT('',(0.015,-0.01992895,-0.0125));
#2220=CARTESIAN_POINT('',(0.0142928932188134,-0.0158076296564404,-0.0125));
#2221=CARTESIAN_POINT('',(0.0142928932188134,-0.0158076296564404,0.0125));
#2222=CARTESIAN_POINT('',(0.0135857864376269,-0.0165147364376269,0.0125));
#2223=CARTESIAN_POINT('',(0.0135857864376269,-0.0165147364376269,-0.0125));
#2224=CARTESIAN_POINT('',(0.0135857864376269,-0.0165147364376269,-0.0075));
#2225=CARTESIAN_POINT('',(0.0210732926876269,-0.00902723018762688,-0.0075));
#2226=CARTESIAN_POINT('',(0.0135857864376269,-0.0175147364376269,-0.0125));
#2227=CARTESIAN_POINT('',(0.0135857864376269,-0.0175147364376269,0.0125));
#2228=CARTESIAN_POINT('',(0.0135857864376269,-0.0185147364376269,0.0125));
#2229=CARTESIAN_POINT('',(0.0135857864376269,-0.0185147364376269,-0.0125));
#2230=CARTESIAN_POINT('',(0.0135857864376269,-0.0185147364376269,-0.0075));
#2231=CARTESIAN_POINT('',(0.0135857864376269,0.01207105,-0.0075));
#2232=CARTESIAN_POINT('',(0.0142928932188134,-0.0192218432188134,-0.0125));
#2233=CARTESIAN_POINT('',(0.0142928932188134,-0.0192218432188134,0.0125));
#2234=CARTESIAN_POINT('',(-0.00851249375000001,0.00358354374999997,-0.0075));
#2235=CARTESIAN_POINT('',(0.015,0.,0.005));
#2236=CARTESIAN_POINT('',(0.015,0.,0.0125));
#2237=CARTESIAN_POINT('',(0.015,-0.02534316,0.0125));
#2238=CARTESIAN_POINT('',(0.015,-0.0259289428752538,0.0125));
#2239=CARTESIAN_POINT('',(0.015,-0.0259289428752538,-0.0125));
#2240=CARTESIAN_POINT('',(0.015,-0.0259289428752538,-0.0075));
#2241=CARTESIAN_POINT('',(0.015,0.,-0.0075));
#2242=CARTESIAN_POINT('',(0.015,-0.02534316,-0.0075));
#2243=CARTESIAN_POINT('',(0.015,-0.02534316,-0.0125));
#2244=CARTESIAN_POINT('',(0.0142928932188134,-0.0212218396564404,-0.0125));
#2245=CARTESIAN_POINT('',(0.0142928932188134,-0.0212218396564404,0.0125));
#2246=CARTESIAN_POINT('',(0.0135857864376269,-0.0219289464376269,0.0125));
#2247=CARTESIAN_POINT('',(0.0135857864376269,-0.0219289464376269,-0.0125));
#2248=CARTESIAN_POINT('',(0.0135857864376269,-0.0219289464376269,-0.0075));
#2249=CARTESIAN_POINT('',(0.0210732926876269,-0.0144414401876269,-0.0075));
#2250=CARTESIAN_POINT('',(0.0135857864376269,-0.0229289464376269,-0.0125));
#2251=CARTESIAN_POINT('',(0.0135857864376269,-0.0229289464376269,0.0125));
#2252=CARTESIAN_POINT('',(0.0135857864376269,-0.0239289464376269,0.0125));
#2253=CARTESIAN_POINT('',(0.0135857864376269,-0.0239289464376269,-0.0125));
#2254=CARTESIAN_POINT('',(0.0135857864376269,-0.0239289464376269,-0.0075));
#2255=CARTESIAN_POINT('',(0.0135857864376269,0.00665684,-0.0075));
#2256=CARTESIAN_POINT('',(0.0142928932188134,-0.0246360532188135,-0.0125));
#2257=CARTESIAN_POINT('',(0.0142928932188134,-0.0246360532188135,0.0125));
#2258=CARTESIAN_POINT('',(-0.00851249375000001,-0.00183066625000002,-0.0075));
#2259=CARTESIAN_POINT('',(0.015,0.,0.005));
#2260=CARTESIAN_POINT('',(0.015,0.,0.0125));
#2261=CARTESIAN_POINT('',(0.015,-0.03075737,0.0125));
#2262=CARTESIAN_POINT('',(0.015,-0.0313431528752538,0.0125));
#2263=CARTESIAN_POINT('',(0.015,-0.0313431528752538,-0.0125));
#2264=CARTESIAN_POINT('',(0.015,-0.0313431528752538,-0.0075));
#2265=CARTESIAN_POINT('',(0.015,0.,-0.0075));
#2266=CARTESIAN_POINT('',(0.015,-0.03075737,-0.0075));
#2267=CARTESIAN_POINT('',(0.015,-0.03075737,-0.0125));
#2268=CARTESIAN_POINT('',(0.0142928932188134,-0.0266360496564403,-0.0125));
#2269=CARTESIAN_POINT('',(0.0142928932188134,-0.0266360496564403,0.0125));
#2270=CARTESIAN_POINT('',(0.0135857864376269,-0.0273431564376269,0.0125));
#2271=CARTESIAN_POINT('',(0.0135857864376269,-0.0273431564376269,-0.0125));
#2272=CARTESIAN_POINT('',(0.0135857864376269,-0.0273431564376269,-0.0075));
#2273=CARTESIAN_POINT('',(0.0210732926876269,-0.0198556501876269,-0.0075));
#2274=CARTESIAN_POINT('',(0.0135857864376269,-0.0283431564376269,-0.0125));
#2275=CARTESIAN_POINT('',(0.0135857864376269,-0.0283431564376269,0.0125));
#2276=CARTESIAN_POINT('',(0.0135857864376269,-0.0293431564376269,0.0125));
#2277=CARTESIAN_POINT('',(0.0135857864376269,-0.0293431564376269,-0.0125));
#2278=CARTESIAN_POINT('',(0.0135857864376269,-0.0293431564376269,-0.0075));
#2279=CARTESIAN_POINT('',(0.0135857864376269,0.00124263,-0.0075));
#2280=CARTESIAN_POINT('',(0.0142928932188134,-0.0300502632188135,-0.0125));
#2281=CARTESIAN_POINT('',(0.0142928932188134,-0.0300502632188135,0.0125));
#2282=CARTESIAN_POINT('',(-0.00851249375000001,-0.00724487625000003,-0.0075));
#2283=CARTESIAN_POINT('',(0.015,0.,0.005));
#2284=CARTESIAN_POINT('',(0.015,0.,0.0125));
#2285=CARTESIAN_POINT('',(0.015,-0.03617158,0.0125));
#2286=CARTESIAN_POINT('',(0.015,-0.0367573628752538,0.0125));
#2287=CARTESIAN_POINT('',(0.015,-0.0367573628752538,-0.0125));
#2288=CARTESIAN_POINT('',(0.015,-0.0367573628752538,-0.0075));
#2289=CARTESIAN_POINT('',(0.015,0.,-0.0075));
#2290=CARTESIAN_POINT('',(0.015,-0.03617158,-0.0075));
#2291=CARTESIAN_POINT('',(0.015,-0.03617158,-0.0125));
#2292=CARTESIAN_POINT('',(0.0142928932188134,-0.0320502596564404,-0.0125));
#2293=CARTESIAN_POINT('',(0.0142928932188134,-0.0320502596564404,0.0125));
#2294=CARTESIAN_POINT('',(0.0135857864376269,-0.0327573664376269,0.0125));
#2295=CARTESIAN_POINT('',(0.0135857864376269,-0.0327573664376269,-0.0125));
#2296=CARTESIAN_POINT('',(0.0135857864376269,-0.0327573664376269,-0.0075));
#2297=CARTESIAN_POINT('',(0.0210732926876269,-0.0252698601876269,-0.0075));
#2298=CARTESIAN_POINT('',(0.0135857864376269,-0.0337573664376269,-0.0125));
#2299=CARTESIAN_POINT('',(0.0135857864376269,-0.0337573664376269,0.0125));
#2300=CARTESIAN_POINT('',(0.0135857864376269,-0.0347573664376269,0.0125));
#2301=CARTESIAN_POINT('',(0.0135857864376269,-0.0347573664376269,-0.0125));
#2302=CARTESIAN_POINT('',(0.0135857864376269,-0.0347573664376269,-0.0075));
#2303=CARTESIAN_POINT('',(0.0135857864376269,-0.00417158,-0.0075));
#2304=CARTESIAN_POINT('',(0.0142928932188134,-0.0354644732188134,-0.0125));
#2305=CARTESIAN_POINT('',(0.0142928932188134,-0.0354644732188134,0.0125));
#2306=CARTESIAN_POINT('',(-0.00851249375000001,-0.01265908625,-0.0075));
#2307=CARTESIAN_POINT('',(0.015,0.,0.005));
#2308=CARTESIAN_POINT('',(0.015,0.,0.0125));
#2309=CARTESIAN_POINT('',(0.015,-0.04158579,0.0125));
#2310=CARTESIAN_POINT('',(0.015,-0.0421715728752538,0.0125));
#2311=CARTESIAN_POINT('',(0.015,-0.0421715728752538,-0.0125));
#2312=CARTESIAN_POINT('',(0.015,-0.0421715728752538,-0.0075));
#2313=CARTESIAN_POINT('',(0.015,0.,-0.0075));
#2314=CARTESIAN_POINT('',(0.015,-0.04158579,-0.0075));
#2315=CARTESIAN_POINT('',(0.015,-0.04158579,-0.0125));
#2316=CARTESIAN_POINT('',(0.0142928932188134,-0.0374644696564404,-0.0125));
#2317=CARTESIAN_POINT('',(0.0142928932188134,-0.0374644696564404,0.0125));
#2318=CARTESIAN_POINT('',(0.0135857864376269,-0.0381715764376269,0.0125));
#2319=CARTESIAN_POINT('',(0.0135857864376269,-0.0381715764376269,-0.0125));
#2320=CARTESIAN_POINT('',(0.0135857864376269,-0.0381715764376269,-0.0075));
#2321=CARTESIAN_POINT('',(0.0210732926876269,-0.0306840701876269,-0.0075));
#2322=CARTESIAN_POINT('',(0.0135857864376269,-0.0391715764376269,-0.0125));
#2323=CARTESIAN_POINT('',(0.0135857864376269,-0.0391715764376269,0.0125));
#2324=CARTESIAN_POINT('',(0.0135857864376269,-0.0401715764376269,0.0125));
#2325=CARTESIAN_POINT('',(0.0135857864376269,-0.0401715764376269,-0.0125));
#2326=CARTESIAN_POINT('',(0.0135857864376269,-0.0401715764376269,-0.0075));
#2327=CARTESIAN_POINT('',(0.0135857864376269,-0.00958579,-0.0075));
#2328=CARTESIAN_POINT('',(0.0142928932188134,-0.0408786832188135,-0.0125));
#2329=CARTESIAN_POINT('',(0.0142928932188134,-0.0408786832188135,0.0125));
#2330=CARTESIAN_POINT('',(-0.00851249375000001,-0.01807329625,-0.0075));
#2331=CARTESIAN_POINT('',(0.015,0.,0.005));
#2332=CARTESIAN_POINT('',(0.015,0.,-0.0075));
#2333=CARTESIAN_POINT('',(0.015,-0.047,-0.0075));
#2334=CARTESIAN_POINT('',(0.015,-0.05,-0.0075));
#2335=CARTESIAN_POINT('',(0.015,-0.047,-0.0125));
#2336=CARTESIAN_POINT('',(0.015,-0.047,0.0125));
#2337=CARTESIAN_POINT('',(0.015,0.,0.0125));
#2338=CARTESIAN_POINT('',(0.015,-0.05,0.0125));
#2339=CARTESIAN_POINT('',(0.015,-0.05,0.005));
#2340=CARTESIAN_POINT('',(-2.49875000000003E-5,-0.015,0.0125));
#2341=CARTESIAN_POINT('',(0.012,-0.0135,0.0125));
#2342=CARTESIAN_POINT('',(0.012,0.015,0.0125));
#2343=CARTESIAN_POINT('',(0.012,-0.0449289321881345,0.0125));
#2344=CARTESIAN_POINT('',(0.012,-0.0449289321881345,0.0125));
#2345=CARTESIAN_POINT('',(0.012,-0.0463096440627115,0.0125));
#2346=CARTESIAN_POINT('',(0.0124881553646891,-0.0474881553646891,0.0125));
#2347=CARTESIAN_POINT('',(0.0134644660940673,-0.0484644660940672,0.0125));
#2348=CARTESIAN_POINT('',(0.0134644660940673,-0.0484644660940673,0.0125));
#2349=CARTESIAN_POINT('',(-1.21430643318376E-17,-0.035,0.0125));
#2350=CARTESIAN_POINT('',(0.0142928932188134,-0.0462928932188135,0.0125));
#2351=CARTESIAN_POINT('',(0.0135857864376269,-0.0455857864376269,0.0125));
#2352=CARTESIAN_POINT('',(0.0135857864376269,-0.0445857864376269,0.0125));
#2353=CARTESIAN_POINT('',(0.0135857864376269,-0.0435857864376269,0.0125));
#2354=CARTESIAN_POINT('',(0.0142928932188134,-0.0428786796564403,0.0125));
#2355=CARTESIAN_POINT('',(0.015,0.,0.0125));
#2356=CARTESIAN_POINT('',(0.015,0.0197646971168755,0.0125));
#2357=CARTESIAN_POINT('',(0.0149999999999995,0.0197646971168755,0.0125));
#2358=CARTESIAN_POINT('',(0.0144680238000731,0.0196035274345282,0.0125));
#2359=CARTESIAN_POINT('',(0.013773309081224,0.0192537643042049,0.0125));
#2360=CARTESIAN_POINT('',(0.0130573769671818,0.0185801990943196,0.0125));
#2361=CARTESIAN_POINT('',(0.0126178949391769,0.017953812313877,0.0125));
#2362=CARTESIAN_POINT('',(0.012358582568284,0.0173894982303223,0.0125));
#2363=CARTESIAN_POINT('',(0.0122014549843866,0.0169041335546969,0.0125));
#2364=CARTESIAN_POINT('',(0.0121079904639909,0.0165075827511911,0.0125));
#2365=CARTESIAN_POINT('',(0.012060921673477,0.0162109772228607,0.0125));
#2366=CARTESIAN_POINT('',(0.0120325066229993,0.0159619438966624,0.0125));
#2367=CARTESIAN_POINT('',(0.0120158113277404,0.0157467077929356,0.0125));
#2368=CARTESIAN_POINT('',(0.01200991668731,0.0156222600873384,0.0125));
#2369=CARTESIAN_POINT('',(0.0120019751342093,0.0153782970084964,0.0125));
#2370=CARTESIAN_POINT('',(0.012,0.0151635301696875,0.0125));
#2371=CARTESIAN_POINT('',(0.012,0.015,0.0125));
#2372=CARTESIAN_POINT('',(-2.49875000000003E-5,-0.015,-0.0075));
#2373=CARTESIAN_POINT('',(-1.21430643318376E-17,-0.035,-0.0075));
#2374=CARTESIAN_POINT('',(0.0134644660940673,-0.0484644660940673,-0.0075));
#2375=CARTESIAN_POINT('',(0.0134644660940673,-0.0484644660940673,-0.0075));
#2376=CARTESIAN_POINT('',(0.0124881553646891,-0.0474881553646891,-0.0075));
#2377=CARTESIAN_POINT('',(0.012,-0.0463096440627115,-0.0075));
#2378=CARTESIAN_POINT('',(0.012,-0.0449289321881345,-0.0075));
#2379=CARTESIAN_POINT('',(0.012,-0.0449289321881345,-0.0075));
#2380=CARTESIAN_POINT('',(0.012,-0.0135,-0.0075));
#2381=CARTESIAN_POINT('',(0.012,0.015,-0.0075));
#2382=CARTESIAN_POINT('',(0.012,0.015,-0.0075));
#2383=CARTESIAN_POINT('',(0.012,0.0151633507362698,-0.0075));
#2384=CARTESIAN_POINT('',(0.0120019800511287,0.0153780638516969,-0.0075));
#2385=CARTESIAN_POINT('',(0.0120099266028948,0.0156221803318971,-0.0075));
#2386=CARTESIAN_POINT('',(0.0120158469958422,0.0157472672466909,-0.0075));
#2387=CARTESIAN_POINT('',(0.0120324989186103,0.0159620201501486,-0.0075));
#2388=CARTESIAN_POINT('',(0.0120609408230044,0.016211144943299,-0.0075));
#2389=CARTESIAN_POINT('',(0.0121083881712662,0.0165095634639524,-0.0075));
#2390=CARTESIAN_POINT('',(0.0122014927499475,0.0169043254636049,-0.0075));
#2391=CARTESIAN_POINT('',(0.012358480312349,0.0173891746483391,-0.0075));
#2392=CARTESIAN_POINT('',(0.0126176727761116,0.0179533399259162,-0.0075));
#2393=CARTESIAN_POINT('',(0.0130569191073891,0.0185798928046218,-0.0075));
#2394=CARTESIAN_POINT('',(0.0137728406652459,0.0192535685855242,-0.0075));
#2395=CARTESIAN_POINT('',(0.0144677692909288,0.0196034503273984,-0.0075));
#2396=CARTESIAN_POINT('',(0.015,0.0197646971168756,-0.0075));
#2397=CARTESIAN_POINT('',(0.015,0.0197646971168756,-0.0075));
#2398=CARTESIAN_POINT('',(0.015,0.,-0.0075));
#2399=CARTESIAN_POINT('',(0.0210732926876269,-0.0360982801876269,-0.0075));
#2400=CARTESIAN_POINT('',(0.0135857864376269,-0.0435857864376269,-0.0075));
#2401=CARTESIAN_POINT('',(0.0135857864376269,-0.015,-0.0075));
#2402=CARTESIAN_POINT('',(0.0135857864376269,-0.0455857864376269,-0.0075));
#2403=CARTESIAN_POINT('',(-0.00851249375000001,-0.0234875062500001,-0.0075));
#2404=CARTESIAN_POINT('',(-0.015,0.,0.005));
#2405=CARTESIAN_POINT('',(-0.015,0.0131370849898476,0.00199999999999997));
#2406=CARTESIAN_POINT('',(-0.015,0.0131370849898476,0.00233333333333329));
#2407=CARTESIAN_POINT('',(-0.015,0.0131370849898476,0.00266666666666661));
#2408=CARTESIAN_POINT('',(-0.015,0.0131370849898476,0.00299999999999993));
#2409=CARTESIAN_POINT('',(-0.015,0.0131370849898476,0.00199999999999997));
#2410=CARTESIAN_POINT('',(-0.015,0.0131370849898476,0.00299999999999993));
#2411=CARTESIAN_POINT('',(-0.015,0.0131370849898476,0.003));
#2412=CARTESIAN_POINT('',(-0.015,0.0237580566598984,0.003));
#2413=CARTESIAN_POINT('',(-0.015,0.0343790283299492,0.003));
#2414=CARTESIAN_POINT('',(-0.015,0.045,0.003));
#2415=CARTESIAN_POINT('',(-0.015,0.045,0.00299999999999983));
#2416=CARTESIAN_POINT('',(-0.015,0.045,0.00299999999999983));
#2417=CARTESIAN_POINT('',(-0.015,0.045,0.00266666666666647));
#2418=CARTESIAN_POINT('',(-0.015,0.045,0.00233333333333311));
#2419=CARTESIAN_POINT('',(-0.015,0.045,0.00199999999999975));
#2420=CARTESIAN_POINT('',(-0.015,0.045,0.00199999999999976));
#2421=CARTESIAN_POINT('',(-0.015,0.045,0.002));
#2422=CARTESIAN_POINT('',(-0.015,0.0343790283299492,0.002));
#2423=CARTESIAN_POINT('',(-0.015,0.0237580566598984,0.002));
#2424=CARTESIAN_POINT('',(-0.015,0.0131370849898476,0.002));
#2425=CARTESIAN_POINT('',(-1.21430643318376E-17,-0.035,0.005));
#2426=CARTESIAN_POINT('',(0.0134644660940673,-0.0484644660940673,0.0125000000000011));
#2427=CARTESIAN_POINT('',(0.0134644660940673,-0.0484644660940673,0.0100000000000005));
#2428=CARTESIAN_POINT('',(0.0134644660940673,-0.0484644660940673,0.00749999999999999));
#2429=CARTESIAN_POINT('',(0.0134644660940673,-0.0484644660940673,0.00499999999999944));
#2430=CARTESIAN_POINT('',(0.0134644660940673,-0.0484644660940673,0.005));
#2431=CARTESIAN_POINT('',(0.0134644660940673,-0.0484644660940673,0.005));
#2432=CARTESIAN_POINT('',(0.0134644660940673,-0.0484644660940673,0.00433333333333211));
#2433=CARTESIAN_POINT('',(0.0134644660940673,-0.0484644660940673,0.00366666666666422));
#2434=CARTESIAN_POINT('',(0.0134644660940673,-0.0484644660940673,0.00299999999999633));
#2435=CARTESIAN_POINT('',(0.013464466094059,-0.048464466094059,0.003));
#2436=CARTESIAN_POINT('',(0.013464466094059,-0.048464466094059,0.003));
#2437=CARTESIAN_POINT('',(0.0117867965643981,-0.0467867965643981,0.003));
#2438=CARTESIAN_POINT('',(0.0101091270347371,-0.0451091270347372,0.003));
#2439=CARTESIAN_POINT('',(0.00843145750507621,-0.0434314575050762,0.003));
#2440=CARTESIAN_POINT('',(0.00843145750507619,-0.0434314575050762,0.00299999999999996));
#2441=CARTESIAN_POINT('',(0.00843145750507621,-0.0434314575050762,0.00299999999999996));
#2442=CARTESIAN_POINT('',(0.00843145750507621,-0.0434314575050762,0.00266666666666663));
#2443=CARTESIAN_POINT('',(0.00843145750507621,-0.0434314575050762,0.00233333333333329));
#2444=CARTESIAN_POINT('',(0.00843145750507621,-0.0434314575050762,0.00199999999999995));
#2445=CARTESIAN_POINT('',(0.00843145750507619,-0.0434314575050762,0.00199999999999995));
#2446=CARTESIAN_POINT('',(0.00843145750507621,-0.0434314575050762,0.002));
#2447=CARTESIAN_POINT('',(0.0101091270347396,-0.0451091270347396,0.002));
#2448=CARTESIAN_POINT('',(0.011786796564403,-0.046786796564403,0.002));
#2449=CARTESIAN_POINT('',(0.0134644660940664,-0.0484644660940664,0.002));
#2450=CARTESIAN_POINT('',(0.0134644660940673,-0.0484644660940673,0.00200000000000586));
#2451=CARTESIAN_POINT('',(0.0134644660940673,-0.0484644660940673,0.00200000000000586));
#2452=CARTESIAN_POINT('',(0.0134644660940673,-0.0484644660940673,0.00133333333333714));
#2453=CARTESIAN_POINT('',(0.0134644660940673,-0.0484644660940673,0.000666666666668427));
#2454=CARTESIAN_POINT('',(0.0134644660940673,-0.0484644660940673,-2.87096735274162E-16));
#2455=CARTESIAN_POINT('',(0.0134644660940673,-0.0484644660940673,-2.47198095326695E-16));
#2456=CARTESIAN_POINT('',(0.0134644660940673,-0.0484644660940673,-2.56739074444567E-16));
#2457=CARTESIAN_POINT('',(0.0134644660940673,-0.0484644660940673,-0.00250000000000001));
#2458=CARTESIAN_POINT('',(0.0134644660940673,-0.0484644660940673,-0.00499999999999976));
#2459=CARTESIAN_POINT('',(0.0134644660940673,-0.0484644660940673,-0.00749999999999952));
#2460=CARTESIAN_POINT('',(0.015,0.,0.005));
#2461=CARTESIAN_POINT('',(0.015,0.02,0.003));
#2462=CARTESIAN_POINT('',(0.015,0.02,0.00312047933035746));
#2463=CARTESIAN_POINT('',(0.015,0.0199913715503872,0.00334606143905654));
#2464=CARTESIAN_POINT('',(0.015,0.0199677442881049,0.00356973453326958));
#2465=CARTESIAN_POINT('',(0.015,0.0198878301550337,0.00388441879701112));
#2466=CARTESIAN_POINT('',(0.015,0.0198104989522937,0.00405656758780637));
#2467=CARTESIAN_POINT('',(0.015,0.0197646971168756,0.00414142470622794));
#2468=CARTESIAN_POINT('',(0.015,0.0197646971168756,0.00414142470622794));
#2469=CARTESIAN_POINT('',(0.015,0.0197646971168756,0.00414142470622395));
#2470=CARTESIAN_POINT('',(0.015,0.0197646971168756,0.00442761647081598));
#2471=CARTESIAN_POINT('',(0.015,0.0197646971168756,0.004713808235408));
#2472=CARTESIAN_POINT('',(0.015,0.0197646971168756,0.00500000000000003));
#2473=CARTESIAN_POINT('',(0.015,0.0197646971168756,0.005));
#2474=CARTESIAN_POINT('',(0.015,0.0197646971168756,0.005));
#2475=CARTESIAN_POINT('',(0.015,0.0197646971168756,0.0075));
#2476=CARTESIAN_POINT('',(0.015,0.0197646971168756,0.01));
#2477=CARTESIAN_POINT('',(0.015,0.0197646971168756,0.0125));
#2478=CARTESIAN_POINT('',(0.015,0.0197646971168756,-0.0075));
#2479=CARTESIAN_POINT('',(0.015,0.0197646971168756,-0.005));
#2480=CARTESIAN_POINT('',(0.015,0.0197646971168756,-0.0025));
#2481=CARTESIAN_POINT('',(0.015,0.0197646971168756,0.));
#2482=CARTESIAN_POINT('',(0.015,0.0197646971168756,0.));
#2483=CARTESIAN_POINT('',(0.015,0.0197646971168756,0.));
#2484=CARTESIAN_POINT('',(0.015,0.0197646971168756,0.000286191764590443));
#2485=CARTESIAN_POINT('',(0.015,0.0197646971168756,0.000572383529180886));
#2486=CARTESIAN_POINT('',(0.015,0.0197646971168756,0.00085857529377133));
#2487=CARTESIAN_POINT('',(0.015,0.0197646971168756,0.000858575293772063));
#2488=CARTESIAN_POINT('',(0.015,0.0197646971168756,0.000858575293772065));
#2489=CARTESIAN_POINT('',(0.015,0.0198096241730636,0.000941811707607462));
#2490=CARTESIAN_POINT('',(0.015,0.0198857994175353,0.00111142351264925));
#2491=CARTESIAN_POINT('',(0.015,0.0199669312645445,0.00142547303240657));
#2492=CARTESIAN_POINT('',(0.015,0.0199912153398104,0.00164850972411352));
#2493=CARTESIAN_POINT('',(0.015,0.02,0.00187730676336088));
#2494=CARTESIAN_POINT('',(0.015,0.02,0.002));
#2495=CARTESIAN_POINT('',(-6.93889390390723E-18,-0.015,0.005));
#2496=CARTESIAN_POINT('',(-0.0075,0.046,0.005));
#2497=CARTESIAN_POINT('',(-0.00575,0.046,0.005));
#2498=CARTESIAN_POINT('',(-0.0075,0.021073,0.005));
#2499=CARTESIAN_POINT('',(-0.00575,0.021073,0.005));
#2500=CARTESIAN_POINT('',(-0.013,0.0131370849898476,0.005));
#2501=CARTESIAN_POINT('',(-0.0130000000006324,0.0127225797519148,0.005));
#2502=CARTESIAN_POINT('',(-0.0129983972242767,0.0119397465195025,0.005));
#2503=CARTESIAN_POINT('',(-0.012991243998047,0.0109060771169037,0.005));
#2504=CARTESIAN_POINT('',(-0.0129811772468621,0.0101567145306043,0.005));
#2505=CARTESIAN_POINT('',(-0.0129722602556194,0.00970083517013854,0.005));
#2506=CARTESIAN_POINT('',(-0.0129662155723479,0.00944561294023593,0.005));
#2507=CARTESIAN_POINT('',(-0.0129623706266626,0.00929704244353373,0.005));
#2508=CARTESIAN_POINT('',(-0.0129544503278286,0.00902665260137876,0.005));
#2509=CARTESIAN_POINT('',(-0.0129439699010716,0.00870952369127882,0.005));
#2510=CARTESIAN_POINT('',(-0.0129223057484015,0.00813654494522143,0.005));
#2511=CARTESIAN_POINT('',(-0.012883656031277,0.00733367233548886,0.005));
#2512=CARTESIAN_POINT('',(-0.0128244173880744,0.00637468109667452,0.005));
#2513=CARTESIAN_POINT('',(-0.0127283627877921,0.00510730538487869,0.005));
#2514=CARTESIAN_POINT('',(-0.0125770657597251,0.00355573285361824,0.005));
#2515=CARTESIAN_POINT('',(-0.0123367055058056,0.00165069301244929,0.005));
#2516=CARTESIAN_POINT('',(-0.0120425106118672,-0.000259516573866046,0.005));
#2517=CARTESIAN_POINT('',(-0.0116834421329256,-0.00223143996213656,0.005));
#2518=CARTESIAN_POINT('',(-0.0112986866686975,-0.00407688398363709,0.005));
#2519=CARTESIAN_POINT('',(-0.0107157133295738,-0.00656861271376719,0.005));
#2520=CARTESIAN_POINT('',(-0.00987533464779925,-0.00964159607754862,0.005));
#2521=CARTESIAN_POINT('',(-0.00866705710099506,-0.0133333024507191,0.005));
#2522=CARTESIAN_POINT('',(-0.00685251479033997,-0.0180413202328305,0.005));
#2523=CARTESIAN_POINT('',(-0.00465514511588153,-0.0226588073322892,0.005));
#2524=CARTESIAN_POINT('',(-0.00211348860189968,-0.0270975378548253,0.005));
#2525=CARTESIAN_POINT('',(-2.90846234537525E-5,-0.0303537684316443,0.005));
#2526=CARTESIAN_POINT('',(0.00185606579632525,-0.0329958236871528,0.005));
#2527=CARTESIAN_POINT('',(0.00340530292635176,-0.0349871530807078,0.005));
#2528=CARTESIAN_POINT('',(0.00438318280733646,-0.0361749991267839,0.005));
#2529=CARTESIAN_POINT('',(0.00520674037922193,-0.0371327154602627,0.005));
#2530=CARTESIAN_POINT('',(0.0058386198618445,-0.0378472592938518,0.005));
#2531=CARTESIAN_POINT('',(0.0063755122779475,-0.0384381493913394,0.005));
#2532=CARTESIAN_POINT('',(0.0067627498105945,-0.0388556734933263,0.005));
#2533=CARTESIAN_POINT('',(0.00697821507527805,-0.0390858033307463,0.005));
#2534=CARTESIAN_POINT('',(0.00716241788802229,-0.0392810838156648,0.005));
#2535=CARTESIAN_POINT('',(0.00726472837310814,-0.0393888139528782,0.005));
#2536=CARTESIAN_POINT('',(0.00744040346208747,-0.0395729811459527,0.005));
#2537=CARTESIAN_POINT('',(0.00775574703823065,-0.0399008622518753,0.005));
#2538=CARTESIAN_POINT('',(0.0082773272423106,-0.0404365914763776,0.005));
#2539=CARTESIAN_POINT('',(0.00900172892604414,-0.041171048921382,0.005));
#2540=CARTESIAN_POINT('',(0.00955310414184154,-0.0417246770179883,0.005));
#2541=CARTESIAN_POINT('',(0.00984567106744928,-0.0420172439427031,0.005));
#2542=CARTESIAN_POINT('',(-0.013,0.0131370849898476,0.005));
#2543=CARTESIAN_POINT('',(0.00984567106744929,-0.0420172439427031,0.005));
#2544=CARTESIAN_POINT('',(0.0098456710674493,-0.0420172439427031,0.005));
#2545=CARTESIAN_POINT('',(0.0105637807116275,-0.0427353535868857,0.005));
#2546=CARTESIAN_POINT('',(0.0112818903558057,-0.0434534632310684,0.005));
#2547=CARTESIAN_POINT('',(0.0119999999999839,-0.044171572875251,0.005));
#2548=CARTESIAN_POINT('',(0.012,-0.0441715728752525,0.005));
#2549=CARTESIAN_POINT('',(0.012,-0.0135,0.005));
#2550=CARTESIAN_POINT('',(0.012,0.015,0.005));
#2551=CARTESIAN_POINT('',(0.012,0.015,0.005));
#2552=CARTESIAN_POINT('',(0.012,0.0155200407275419,0.005));
#2553=CARTESIAN_POINT('',(0.0120387959018274,0.0165578504587792,0.005));
#2554=CARTESIAN_POINT('',(0.0124051768348277,0.0175513754620417,0.005));
#2555=CARTESIAN_POINT('',(0.0126711162478107,0.0180000022944423,0.005));
#2556=CARTESIAN_POINT('',(0.0126711181839236,0.0180000011467429,0.005));
#2557=CARTESIAN_POINT('',(0.0126711181839236,0.018,0.005));
#2558=CARTESIAN_POINT('',(0.0101140787892824,0.018,0.005));
#2559=CARTESIAN_POINT('',(0.00755703939464121,0.018,0.005));
#2560=CARTESIAN_POINT('',(0.00499999999999999,0.018,0.005));
#2561=CARTESIAN_POINT('',(0.005,0.018,0.005));
#2562=CARTESIAN_POINT('',(0.00499999999999999,0.018,0.005));
#2563=CARTESIAN_POINT('',(0.00471592273492449,0.0179999999731141,0.005));
#2564=CARTESIAN_POINT('',(0.00433131196688413,0.0180083222365366,0.005));
#2565=CARTESIAN_POINT('',(0.00387726692630831,0.0180394345346261,0.005));
#2566=CARTESIAN_POINT('',(0.00361459968895099,0.01806603405291,0.005));
#2567=CARTESIAN_POINT('',(0.00323587145599267,0.0181228695807621,0.005));
#2568=CARTESIAN_POINT('',(0.00278050674502122,0.0182162111675247,0.005));
#2569=CARTESIAN_POINT('',(0.00222622407007422,0.0183699009266245,0.005));
#2570=CARTESIAN_POINT('',(0.00153122530106972,0.0186434972961189,0.005));
#2571=CARTESIAN_POINT('',(0.000705926394288776,0.0190832992213512,0.005));
#2572=CARTESIAN_POINT('',(-0.000204932217520676,0.0197975324197545,0.005));
#2573=CARTESIAN_POINT('',(-0.000919196551010623,0.0207100371759212,0.005));
#2574=CARTESIAN_POINT('',(-0.00135825021364126,0.021535018864744,0.005));
#2575=CARTESIAN_POINT('',(-0.00163115977232527,0.0222294696090304,0.005));
#2576=CARTESIAN_POINT('',(-0.00178421874627872,0.022782673443193,0.005));
#2577=CARTESIAN_POINT('',(-0.0018773399510956,0.0232374784771413,0.005));
#2578=CARTESIAN_POINT('',(-0.00193415368466048,0.0236161027433239,0.005));
#2579=CARTESIAN_POINT('',(-0.00196065609355252,0.0238778196092649,0.005));
#2580=CARTESIAN_POINT('',(-0.001991702219856,0.0243313195149733,0.005));
#2581=CARTESIAN_POINT('',(-0.00200000002689631,0.0247158132404219,0.005));
#2582=CARTESIAN_POINT('',(-0.00200000000000001,0.025,0.005));
#2583=CARTESIAN_POINT('',(-0.002,0.025,0.005));
#2584=CARTESIAN_POINT('',(-0.00200000000000001,0.025,0.005));
#2585=CARTESIAN_POINT('',(-0.00200000000000001,0.0316666666666667,0.005));
#2586=CARTESIAN_POINT('',(-0.00200000000000001,0.0383333333333333,0.005));
#2587=CARTESIAN_POINT('',(-0.00200000000000001,0.045,0.005));
#2588=CARTESIAN_POINT('',(-0.002,0.045,0.005));
#2589=CARTESIAN_POINT('',(-0.00200000000000001,0.045,0.005));
#2590=CARTESIAN_POINT('',(-0.00199999998672789,0.0451398757382445,0.005));
#2591=CARTESIAN_POINT('',(-0.00200135383069645,0.0453192328810322,0.005));
#2592=CARTESIAN_POINT('',(-0.00200729089850294,0.0455169508462982,0.005));
#2593=CARTESIAN_POINT('',(-0.00201096124109214,0.0456055507996079,0.005));
#2594=CARTESIAN_POINT('',(-0.00202524284350848,0.0457903665312685,0.005));
#2595=CARTESIAN_POINT('',(-0.00205103603058263,0.0459955493912951,0.005));
#2596=CARTESIAN_POINT('',(-0.00209129363118379,0.0462236021437909,0.005));
#2597=CARTESIAN_POINT('',(-0.00219321138994878,0.0465789598765671,0.005));
#2598=CARTESIAN_POINT('',(-0.00236005813110442,0.0469617405726748,0.005));
#2599=CARTESIAN_POINT('',(-0.00263876794178846,0.0473563902152494,0.005));
#2600=CARTESIAN_POINT('',(-0.0030345226707109,0.0476378195258281,0.005));
#2601=CARTESIAN_POINT('',(-0.00341691322958505,0.0478053637945548,0.005));
#2602=CARTESIAN_POINT('',(-0.00377161327463427,0.0479076170072572,0.005));
#2603=CARTESIAN_POINT('',(-0.00399981418266495,0.0479481027904033,0.005));
#2604=CARTESIAN_POINT('',(-0.00420534718725312,0.0479742045337944,0.005));
#2605=CARTESIAN_POINT('',(-0.00439131098386637,0.0479888778290708,0.005));
#2606=CARTESIAN_POINT('',(-0.0044787334020139,0.0479925740829057,0.005));
#2607=CARTESIAN_POINT('',(-0.00467724256526114,0.0479986273288404,0.005));
#2608=CARTESIAN_POINT('',(-0.00485831330684582,0.0480000000134441,0.005));
#2609=CARTESIAN_POINT('',(-0.00500000000000001,0.048,0.005));
#2610=CARTESIAN_POINT('',(-0.005,0.048,0.005));
#2611=CARTESIAN_POINT('',(-0.00500000000000001,0.048,0.005));
#2612=CARTESIAN_POINT('',(-0.00666666666666667,0.048,0.005));
#2613=CARTESIAN_POINT('',(-0.00833333333333334,0.048,0.005));
#2614=CARTESIAN_POINT('',(-0.01,0.048,0.005));
#2615=CARTESIAN_POINT('',(-0.01,0.048,0.005));
#2616=CARTESIAN_POINT('',(-0.01,0.048,0.005));
#2617=CARTESIAN_POINT('',(-0.0101398757382574,0.0480000000132718,0.005));
#2618=CARTESIAN_POINT('',(-0.0103192328810535,0.047998646169303,0.005));
#2619=CARTESIAN_POINT('',(-0.0105169508463165,0.0479927091014965,0.005));
#2620=CARTESIAN_POINT('',(-0.0106055507996011,0.0479890387589084,0.005));
#2621=CARTESIAN_POINT('',(-0.0107903665312774,0.0479747571564899,0.005));
#2622=CARTESIAN_POINT('',(-0.0109955493913047,0.0479489639694153,0.005));
#2623=CARTESIAN_POINT('',(-0.0112236021437872,0.0479087063688173,0.005));
#2624=CARTESIAN_POINT('',(-0.0115789598765697,0.04780678861005,0.005));
#2625=CARTESIAN_POINT('',(-0.0119617405726768,0.047639941868894,0.005));
#2626=CARTESIAN_POINT('',(-0.0123563902152473,0.0473612320582136,0.005));
#2627=CARTESIAN_POINT('',(-0.0126378195258318,0.0469654773292848,0.005));
#2628=CARTESIAN_POINT('',(-0.0128053637945575,0.0465830867704115,0.005));
#2629=CARTESIAN_POINT('',(-0.0129076170072567,0.0462283867253673,0.005));
#2630=CARTESIAN_POINT('',(-0.0129481027904026,0.046000185817333,0.005));
#2631=CARTESIAN_POINT('',(-0.0129742045337937,0.0457946528127479,0.005));
#2632=CARTESIAN_POINT('',(-0.0129888778290713,0.0456086890161272,0.005));
#2633=CARTESIAN_POINT('',(-0.0129925740829045,0.0455212665980106,0.005));
#2634=CARTESIAN_POINT('',(-0.0129986273288391,0.0453227574347687,0.005));
#2635=CARTESIAN_POINT('',(-0.0130000000134432,0.045141686693172,0.005));
#2636=CARTESIAN_POINT('',(-0.013,0.045,0.005));
#2637=CARTESIAN_POINT('',(-0.013,0.045,0.005));
#2638=CARTESIAN_POINT('',(-0.013,0.045,0.005));
#2639=CARTESIAN_POINT('',(-0.013,0.0343790283299492,0.005));
#2640=CARTESIAN_POINT('',(-0.013,0.0237580566598984,0.005));
#2641=CARTESIAN_POINT('',(-0.013,0.0131370849898476,0.005));
#2642=CARTESIAN_POINT('',(-6.93889390390723E-18,-0.015,0.));
#2643=CARTESIAN_POINT('',(-0.0075,0.046,0.));
#2644=CARTESIAN_POINT('',(-0.00575,0.046,0.));
#2645=CARTESIAN_POINT('',(-0.0075,0.021073,0.));
#2646=CARTESIAN_POINT('',(-0.00575,0.021073,0.));
#2647=CARTESIAN_POINT('',(-0.00200000000000001,0.025,0.));
#2648=CARTESIAN_POINT('',(-0.00200000002687007,0.0247160923731806,0.));
#2649=CARTESIAN_POINT('',(-0.00199169612476806,0.0243317588574471,0.));
#2650=CARTESIAN_POINT('',(-0.0019606662519231,0.0238782504249702,0.));
#2651=CARTESIAN_POINT('',(-0.00193411508272438,0.0236158264158429,0.));
#2652=CARTESIAN_POINT('',(-0.00187748420046941,0.02323815297136,0.));
#2653=CARTESIAN_POINT('',(-0.00178442717175755,0.0227835525355703,0.));
#2654=CARTESIAN_POINT('',(-0.00163099861951916,0.0222290172806465,0.));
#2655=CARTESIAN_POINT('',(-0.00135861248372991,0.0215356828017503,0.));
#2656=CARTESIAN_POINT('',(-0.000919689542707598,0.0207108064066389,0.));
#2657=CARTESIAN_POINT('',(-0.000204511404615926,0.0197971107480338,0.));
#2658=CARTESIAN_POINT('',(0.000705156947271434,0.0190837950057957,0.));
#2659=CARTESIAN_POINT('',(0.00153056097334579,0.0186438617138643,0.));
#2660=CARTESIAN_POINT('',(0.00222667679350264,0.0183697390559753,0.));
#2661=CARTESIAN_POINT('',(0.00277962672726782,0.0182164200764594,0.));
#2662=CARTESIAN_POINT('',(0.00323519627693294,0.0181230141231538,0.));
#2663=CARTESIAN_POINT('',(0.00361487621377471,0.0180659953725607,0.));
#2664=CARTESIAN_POINT('',(0.00387683600607328,0.0180394447136315,0.));
#2665=CARTESIAN_POINT('',(0.00433087258463057,0.0180083161290673,0.));
#2666=CARTESIAN_POINT('',(0.00471564356116666,0.0179999999730877,0.));
#2667=CARTESIAN_POINT('',(0.00499999999999999,0.018,0.));
#2668=CARTESIAN_POINT('',(-0.002,0.025,0.));
#2669=CARTESIAN_POINT('',(0.005,0.018,0.));
#2670=CARTESIAN_POINT('',(0.00499999999999999,0.018,0.));
#2671=CARTESIAN_POINT('',(0.00755703928692373,0.018,0.));
#2672=CARTESIAN_POINT('',(0.0101140785738475,0.018,0.));
#2673=CARTESIAN_POINT('',(0.0126711178607712,0.018,0.));
#2674=CARTESIAN_POINT('',(0.0126711178607712,0.0180000010128465,-6.7762635780344E-21));
#2675=CARTESIAN_POINT('',(0.0126711161050501,0.0180000020536121,-5.89534931288993E-19));
#2676=CARTESIAN_POINT('',(0.0124056976706869,0.0175522540174162,-5.89534931288993E-19));
#2677=CARTESIAN_POINT('',(0.012038883286667,0.016558560900544,-8.70749869777421E-19));
#2678=CARTESIAN_POINT('',(0.012,0.0155211345286943,-2.71050543121376E-20));
#2679=CARTESIAN_POINT('',(0.012,0.015,-2.71050543121376E-20));
#2680=CARTESIAN_POINT('',(0.012,0.015,0.));
#2681=CARTESIAN_POINT('',(0.012,-0.0135,0.));
#2682=CARTESIAN_POINT('',(0.012,-0.044171572875266,0.));
#2683=CARTESIAN_POINT('',(0.0120000000000125,-0.0441715728752664,0.));
#2684=CARTESIAN_POINT('',(0.0112818903558248,-0.0434534632310786,0.));
#2685=CARTESIAN_POINT('',(0.010563780711637,-0.0427353535868908,0.));
#2686=CARTESIAN_POINT('',(0.00984567106744929,-0.0420172439427031,0.));
#2687=CARTESIAN_POINT('',(0.00984567106744929,-0.0420172439427031,0.));
#2688=CARTESIAN_POINT('',(0.00984567106744929,-0.0420172439427031,0.));
#2689=CARTESIAN_POINT('',(0.00955322083600951,-0.0417247937121533,0.));
#2690=CARTESIAN_POINT('',(0.00900202129302674,-0.0411713413294811,0.));
#2691=CARTESIAN_POINT('',(0.00827770428788702,-0.040436968378012,0.));
#2692=CARTESIAN_POINT('',(0.00775605983393925,-0.0399011754690936,0.));
#2693=CARTESIAN_POINT('',(0.00744057315026365,-0.0395731502481127,0.));
#2694=CARTESIAN_POINT('',(0.00726482803610893,-0.0393889146439679,0.));
#2695=CARTESIAN_POINT('',(0.0071623593576579,-0.0392810213554227,0.));
#2696=CARTESIAN_POINT('',(0.00697834953373483,-0.0390859524806253,0.));
#2697=CARTESIAN_POINT('',(0.00676299292415282,-0.0388559448933203,0.));
#2698=CARTESIAN_POINT('',(0.00637595291369694,-0.0384386403236277,0.));
#2699=CARTESIAN_POINT('',(0.00583914168555268,-0.037847840525983,0.));
#2700=CARTESIAN_POINT('',(0.00520719510007969,-0.0371332242268392,0.));
#2701=CARTESIAN_POINT('',(0.00438287670471304,-0.0361746477074295,0.));
#2702=CARTESIAN_POINT('',(0.00340578424567358,-0.0349877720220147,0.));
#2703=CARTESIAN_POINT('',(0.00185654469008246,-0.0329964741279729,0.));
#2704=CARTESIAN_POINT('',(-2.93306291337762E-5,-0.0303533958900048,0.));
#2705=CARTESIAN_POINT('',(-0.00211312845282426,-0.0270981729840714,0.));
#2706=CARTESIAN_POINT('',(-0.00465468333735837,-0.0226597124473086,0.));
#2707=CARTESIAN_POINT('',(-0.00685283860488275,-0.0180404588278327,0.));
#2708=CARTESIAN_POINT('',(-0.00866660587017598,-0.0133345836307104,0.));
#2709=CARTESIAN_POINT('',(-0.00987552478486062,-0.00964098008550459,0.));
#2710=CARTESIAN_POINT('',(-0.010715487254562,-0.0065694957052472,0.));
#2711=CARTESIAN_POINT('',(-0.0112985225184663,-0.00407757134995234,0.));
#2712=CARTESIAN_POINT('',(-0.0116835097409068,-0.00223108674054242,0.));
#2713=CARTESIAN_POINT('',(-0.0120424043301739,-0.000260242093927262,0.));
#2714=CARTESIAN_POINT('',(-0.0123366058102365,0.00164999815505957,0.));
#2715=CARTESIAN_POINT('',(-0.0125769612045468,0.00355491284851769,0.));
#2716=CARTESIAN_POINT('',(-0.0127283959468635,0.00510777801882146,0.));
#2717=CARTESIAN_POINT('',(-0.0128243786127816,0.00637399435659764,0.));
#2718=CARTESIAN_POINT('',(-0.0128836136074527,0.00733288732864241,0.));
#2719=CARTESIAN_POINT('',(-0.0129222697926834,0.00813588177617023,0.));
#2720=CARTESIAN_POINT('',(-0.0129439496831194,0.00870915739778787,0.));
#2721=CARTESIAN_POINT('',(-0.0129544398267102,0.0090264507559461,0.));
#2722=CARTESIAN_POINT('',(-0.0129623734356566,0.00929712838901698,0.));
#2723=CARTESIAN_POINT('',(-0.0129662148374903,0.0094454710037356,0.));
#2724=CARTESIAN_POINT('',(-0.0129722606744888,0.00970059532468392,0.));
#2725=CARTESIAN_POINT('',(-0.0129811769455711,0.0101562712412873,0.));
#2726=CARTESIAN_POINT('',(-0.012991244100928,0.0109055432811125,0.));
#2727=CARTESIAN_POINT('',(-0.012998397194883,0.0119393324560907,0.));
#2728=CARTESIAN_POINT('',(-0.0130000000006327,0.0127224144971038,0.));
#2729=CARTESIAN_POINT('',(-0.013,0.0131370849898476,0.));
#2730=CARTESIAN_POINT('',(-0.013,0.0131370849898476,0.));
#2731=CARTESIAN_POINT('',(-0.013,0.0131370849898477,0.));
#2732=CARTESIAN_POINT('',(-0.013,0.0237580566598984,0.));
#2733=CARTESIAN_POINT('',(-0.013,0.0343790283299492,0.));
#2734=CARTESIAN_POINT('',(-0.013,0.045,0.));
#2735=CARTESIAN_POINT('',(-0.013,0.045,0.));
#2736=CARTESIAN_POINT('',(-0.013,0.045,0.));
#2737=CARTESIAN_POINT('',(-0.0130000000134113,0.0451413579920568,0.));
#2738=CARTESIAN_POINT('',(-0.0129986236092268,0.0453222352242123,0.));
#2739=CARTESIAN_POINT('',(-0.0129925802821252,0.0455207673609579,0.));
#2740=CARTESIAN_POINT('',(-0.0129888542718771,0.0456089836989909,0.));
#2741=CARTESIAN_POINT('',(-0.0129742925633498,0.0457939733183456,0.));
#2742=CARTESIAN_POINT('',(-0.0129482340796171,0.0459993065240162,0.));
#2743=CARTESIAN_POINT('',(-0.0129074920409799,0.0462288557094512,0.));
#2744=CARTESIAN_POINT('',(-0.0128056811193521,0.046582359782873,0.));
#2745=CARTESIAN_POINT('',(-0.0126382696265537,0.0469646259075256,0.));
#2746=CARTESIAN_POINT('',(-0.0123559568169158,0.0473616655274905,0.));
#2747=CARTESIAN_POINT('',(-0.0119625906669495,0.0476394928828224,0.));
#2748=CARTESIAN_POINT('',(-0.0115796832365055,0.0478064727428923,0.));
#2749=CARTESIAN_POINT('',(-0.0112231405682961,0.0479088295214445,0.));
#2750=CARTESIAN_POINT('',(-0.01099640824708,0.0479488372087273,0.));
#2751=CARTESIAN_POINT('',(-0.010791030654378,0.0479746724650549,0.));
#2752=CARTESIAN_POINT('',(-0.0106052607571887,0.0479890614228015,0.));
#2753=CARTESIAN_POINT('',(-0.0105174468928654,0.0479927031373589,0.));
#2754=CARTESIAN_POINT('',(-0.0103197531682386,0.0479986497478729,0.));
#2755=CARTESIAN_POINT('',(-0.0101402029043032,0.0480000000133067,0.));
#2756=CARTESIAN_POINT('',(-0.01,0.048,0.));
#2757=CARTESIAN_POINT('',(-0.01,0.048,0.));
#2758=CARTESIAN_POINT('',(-0.01,0.048,0.));
#2759=CARTESIAN_POINT('',(-0.00833333333333334,0.048,0.));
#2760=CARTESIAN_POINT('',(-0.00666666666666667,0.048,0.));
#2761=CARTESIAN_POINT('',(-0.00500000000000001,0.048,0.));
#2762=CARTESIAN_POINT('',(-0.005,0.048,0.));
#2763=CARTESIAN_POINT('',(-0.00500000000000001,0.048,0.));
#2764=CARTESIAN_POINT('',(-0.00485864200793489,0.0480000000134099,0.));
#2765=CARTESIAN_POINT('',(-0.00467776477577341,0.0479986236092245,0.));
#2766=CARTESIAN_POINT('',(-0.00447923263903123,0.0479925802821236,0.));
#2767=CARTESIAN_POINT('',(-0.00439101630100971,0.0479888542718771,0.));
#2768=CARTESIAN_POINT('',(-0.00420602668166247,0.0479742925633522,0.));
#2769=CARTESIAN_POINT('',(-0.00400069347599602,0.0479482340796204,0.));
#2770=CARTESIAN_POINT('',(-0.00377114429054572,0.0479074920409792,0.));
#2771=CARTESIAN_POINT('',(-0.00341764021712429,0.0478056811193507,0.));
#2772=CARTESIAN_POINT('',(-0.00303537409246829,0.047638269626551,0.));
#2773=CARTESIAN_POINT('',(-0.00263833447251339,0.0473559568169194,0.));
#2774=CARTESIAN_POINT('',(-0.00236050711717243,0.0469625906669417,0.));
#2775=CARTESIAN_POINT('',(-0.00219352725710429,0.0465796832364994,0.));
#2776=CARTESIAN_POINT('',(-0.00209117047855623,0.0462231405682988,0.));
#2777=CARTESIAN_POINT('',(-0.00205116279127368,0.0459964082470768,0.));
#2778=CARTESIAN_POINT('',(-0.00202532753494652,0.0457910306543848,0.));
#2779=CARTESIAN_POINT('',(-0.00201093857719681,0.0456052607571649,0.));
#2780=CARTESIAN_POINT('',(-0.00200729686264621,0.045517446892954,0.));
#2781=CARTESIAN_POINT('',(-0.00200135025213311,0.0453197531683458,0.));
#2782=CARTESIAN_POINT('',(-0.00199999998669694,0.0451402029043673,0.));
#2783=CARTESIAN_POINT('',(-0.00200000000000001,0.045,0.));
#2784=CARTESIAN_POINT('',(-0.002,0.045,0.));
#2785=CARTESIAN_POINT('',(-0.00200000000000001,0.045,0.));
#2786=CARTESIAN_POINT('',(-0.00200000000000001,0.0383333333333333,0.));
#2787=CARTESIAN_POINT('',(-0.00200000000000001,0.0316666666666667,0.));
#2788=CARTESIAN_POINT('',(-0.00200000000000001,0.025,0.));
#2789=CARTESIAN_POINT('',(0.0084314575050763,-0.0434314575050763,0.003));
#2790=CARTESIAN_POINT('',(0.0084314575050763,-0.0434314575050763,0.00199999999999995));
#2791=CARTESIAN_POINT('',(0.00491673887931487,-0.0399167388793149,0.003));
#2792=CARTESIAN_POINT('',(0.00491673887931487,-0.0399167388793149,0.00199999999999995));
#2793=CARTESIAN_POINT('',(0.00140202025355346,-0.0364020202535535,0.003));
#2794=CARTESIAN_POINT('',(0.00140202025355346,-0.0364020202535535,0.00199999999999995));
#2795=CARTESIAN_POINT('',(-0.00718951416497453,-0.0244967773360409,0.003));
#2796=CARTESIAN_POINT('',(-0.00718951416497453,-0.0244967773360409,0.00199999999999995));
#2797=CARTESIAN_POINT('',(-0.0126568542494923,-0.011297450753892,0.003));
#2798=CARTESIAN_POINT('',(-0.0126568542494923,-0.011297450753892,0.00199999999999995));
#2799=CARTESIAN_POINT('',(-0.015,0.00319595949289331,0.003));
#2800=CARTESIAN_POINT('',(-0.015,0.00319595949289331,0.00199999999999995));
#2801=CARTESIAN_POINT('',(-0.015,0.00816652224137047,0.003));
#2802=CARTESIAN_POINT('',(-0.015,0.00816652224137047,0.00199999999999995));
#2803=CARTESIAN_POINT('',(-0.015,0.0131370849898476,0.003));
#2804=CARTESIAN_POINT('',(-0.015,0.0131370849898476,0.00199999999999995));
#2805=CARTESIAN_POINT('',(0.00843145750507619,-0.0434314575050762,0.003));
#2806=CARTESIAN_POINT('',(0.00696699141100893,-0.0419669914110089,0.003));
#2807=CARTESIAN_POINT('',(0.00401034661046912,-0.0389834828427511,0.003));
#2808=CARTESIAN_POINT('',(-0.000738872853024343,-0.0330445527342927,0.003));
#2809=CARTESIAN_POINT('',(-0.00538358869543662,-0.0257075345225852,0.003));
#2810=CARTESIAN_POINT('',(-0.0093083045815771,-0.0176424225647925,0.003));
#2811=CARTESIAN_POINT('',(-0.0122360067206405,-0.00916433399108808,0.003));
#2812=CARTESIAN_POINT('',(-0.0141397519829738,-0.000691968591046185,0.003));
#2813=CARTESIAN_POINT('',(-0.0149810044476784,0.00686569444961705,0.003));
#2814=CARTESIAN_POINT('',(-0.015,0.0110660171779821,0.003));
#2815=CARTESIAN_POINT('',(-0.015,0.0131370849898476,0.003));
#2816=CARTESIAN_POINT('',(-0.015,0.0131370849898476,0.002));
#2817=CARTESIAN_POINT('',(-0.015,0.0110660171779821,0.002));
#2818=CARTESIAN_POINT('',(-0.0149810044476784,0.00686569444961706,0.002));
#2819=CARTESIAN_POINT('',(-0.0141397519829738,-0.000691968591046167,0.002));
#2820=CARTESIAN_POINT('',(-0.0122360067206405,-0.00916433399108803,0.002));
#2821=CARTESIAN_POINT('',(-0.00930830458157713,-0.0176424225647925,0.002));
#2822=CARTESIAN_POINT('',(-0.00538358869543665,-0.0257075345225852,0.002));
#2823=CARTESIAN_POINT('',(-0.000738872853024386,-0.0330445527342926,0.002));
#2824=CARTESIAN_POINT('',(0.00401034661046904,-0.0389834828427511,0.002));
#2825=CARTESIAN_POINT('',(0.00696699141100893,-0.0419669914110089,0.002));
#2826=CARTESIAN_POINT('',(0.00843145750507619,-0.0434314575050762,0.002));
#2827=CARTESIAN_POINT('',(0.012,-0.0135,0.0125));
#2828=CARTESIAN_POINT('',(0.0119999999999945,-0.0441715728752635,0.005));
#2829=CARTESIAN_POINT('',(0.0119999999999945,-0.0444245039691582,0.005));
#2830=CARTESIAN_POINT('',(0.012,-0.0446772702205246,0.00499621164735589));
#2831=CARTESIAN_POINT('',(0.012,-0.0449289321881345,0.00496704503626029));
#2832=CARTESIAN_POINT('',(0.012,-0.0449289321881345,0.00496704503626029));
#2833=CARTESIAN_POINT('',(0.012,-0.0449289321881345,0.0125));
#2834=CARTESIAN_POINT('',(0.012,-0.0449289321881345,0.005));
#2835=CARTESIAN_POINT('',(0.012,-0.0449289321881345,0.00499999999999944));
#2836=CARTESIAN_POINT('',(0.012,-0.0449289321881345,0.00749999999999998));
#2837=CARTESIAN_POINT('',(0.012,-0.0449289321881345,0.0100000000000005));
#2838=CARTESIAN_POINT('',(0.012,-0.0449289321881345,0.0125000000000011));
#2839=CARTESIAN_POINT('',(0.012,0.015,0.0124999999999995));
#2840=CARTESIAN_POINT('',(0.012,0.015,0.00999999999999975));
#2841=CARTESIAN_POINT('',(0.012,0.015,0.0075));
#2842=CARTESIAN_POINT('',(0.012,0.015,0.00500000000000025));
#2843=CARTESIAN_POINT('',(0.012,-0.0135,-0.0075));
#2844=CARTESIAN_POINT('',(0.012,-0.0449289321881345,-0.0074999999999995));
#2845=CARTESIAN_POINT('',(0.012,-0.0449289321881345,-0.00499999999999975));
#2846=CARTESIAN_POINT('',(0.012,-0.0449289321881345,-0.0025));
#2847=CARTESIAN_POINT('',(0.012,-0.0449289321881345,-2.4980018054066E-16));
#2848=CARTESIAN_POINT('',(0.012,-0.0449289321881345,0.));
#2849=CARTESIAN_POINT('',(0.012,-0.0449289321881345,0.033375));
#2850=CARTESIAN_POINT('',(0.012,-0.0449289321881345,0.022375));
#2851=CARTESIAN_POINT('',(0.012,-0.0449289321881345,0.011375));
#2852=CARTESIAN_POINT('',(0.012,-0.0449289321881345,0.000375));
#2853=CARTESIAN_POINT('',(0.012,-0.0449289321881345,-0.002375));
#2854=CARTESIAN_POINT('',(0.012,-0.0449289321881345,-0.00512500000000447));
#2855=CARTESIAN_POINT('',(0.012,-0.0449289321881345,-0.007875));
#2856=CARTESIAN_POINT('',(0.012,-0.0449289321881345,-0.0188749999999821));
#2857=CARTESIAN_POINT('',(0.012,-0.0449289321881345,-0.0298749999999642));
#2858=CARTESIAN_POINT('',(0.012,-0.0449289321881345,-0.0408749999999463));
#2859=CARTESIAN_POINT('',(0.012,-0.0449289321881345,3.29549637397516E-5));
#2860=CARTESIAN_POINT('',(0.012,-0.0449289321881345,3.29549637397529E-5));
#2861=CARTESIAN_POINT('',(0.012,-0.0446772702205219,3.78835264439508E-6));
#2862=CARTESIAN_POINT('',(0.0120000000000015,-0.0444245039691528,-4.38765506506299E-19));
#2863=CARTESIAN_POINT('',(0.0120000000000015,-0.0441715728752554,0.));
#2864=CARTESIAN_POINT('',(0.012,0.015,-5.19549681055054E-16));
#2865=CARTESIAN_POINT('',(0.012,0.015,-0.00249999999999999));
#2866=CARTESIAN_POINT('',(0.012,0.015,-0.00499999999999947));
#2867=CARTESIAN_POINT('',(0.012,0.015,-0.00749999999999895));
#2868=CARTESIAN_POINT('',(0.0142928932188134,-0.0462928932188135,-0.0125));
#2869=CARTESIAN_POINT('',(0.0135857864376269,-0.0455857864376269,-0.0125));
#2870=CARTESIAN_POINT('',(0.0142928932188134,-0.0428786796564403,-0.0125));
#2871=CARTESIAN_POINT('',(0.0135857864376269,-0.0435857864376269,-0.0125));
#2872=CARTESIAN_POINT('',(0.0135857864376269,-0.0445857864376269,-0.0125));
#2873=CARTESIAN_POINT('',(0.,0.05,0.0025));
#2874=CARTESIAN_POINT('',(0.,0.045,0.00200000000000038));
#2875=CARTESIAN_POINT('',(0.,0.045,0.00233333333333396));
#2876=CARTESIAN_POINT('',(0.,0.045,0.00266666666666754));
#2877=CARTESIAN_POINT('',(0.,0.045,0.00300000000000112));
#2878=CARTESIAN_POINT('',(0.,0.045,0.00200000000000038));
#2879=CARTESIAN_POINT('',(0.,0.045,0.00300000000000112));
#2880=CARTESIAN_POINT('',(0.,0.045,0.003));
#2881=CARTESIAN_POINT('',(0.,0.0383333333333333,0.003));
#2882=CARTESIAN_POINT('',(0.,0.0316666666666667,0.003));
#2883=CARTESIAN_POINT('',(0.,0.025,0.003));
#2884=CARTESIAN_POINT('',(0.,0.025,0.00299999999999996));
#2885=CARTESIAN_POINT('',(0.,0.025,0.00299999999999996));
#2886=CARTESIAN_POINT('',(0.,0.025,0.00266666666666663));
#2887=CARTESIAN_POINT('',(0.,0.025,0.00233333333333329));
#2888=CARTESIAN_POINT('',(0.,0.025,0.00199999999999995));
#2889=CARTESIAN_POINT('',(0.,0.025,0.00199999999999995));
#2890=CARTESIAN_POINT('',(0.,0.025,0.002));
#2891=CARTESIAN_POINT('',(0.,0.0316666666666667,0.002));
#2892=CARTESIAN_POINT('',(0.,0.0383333333333333,0.002));
#2893=CARTESIAN_POINT('',(0.,0.045,0.002));
#2894=CARTESIAN_POINT('',(3.46944695195361E-18,0.05,0.0025));
#2895=CARTESIAN_POINT('',(-0.01,0.05,0.00199999999999988));
#2896=CARTESIAN_POINT('',(-0.01,0.05,0.00233333333333314));
#2897=CARTESIAN_POINT('',(-0.01,0.05,0.00266666666666639));
#2898=CARTESIAN_POINT('',(-0.01,0.05,0.00299999999999965));
#2899=CARTESIAN_POINT('',(-0.01,0.05,0.00199999999999988));
#2900=CARTESIAN_POINT('',(-0.01,0.05,0.00299999999999965));
#2901=CARTESIAN_POINT('',(-0.01,0.05,0.003));
#2902=CARTESIAN_POINT('',(-0.00833333333333333,0.05,0.003));
#2903=CARTESIAN_POINT('',(-0.00666666666666666,0.05,0.003));
#2904=CARTESIAN_POINT('',(-0.005,0.05,0.003));
#2905=CARTESIAN_POINT('',(-0.005,0.05,0.00300000000000056));
#2906=CARTESIAN_POINT('',(-0.005,0.05,0.00300000000000056));
#2907=CARTESIAN_POINT('',(-0.005,0.05,0.0026666666666673));
#2908=CARTESIAN_POINT('',(-0.005,0.05,0.00233333333333404));
#2909=CARTESIAN_POINT('',(-0.005,0.05,0.00200000000000077));
#2910=CARTESIAN_POINT('',(-0.005,0.05,0.00200000000000078));
#2911=CARTESIAN_POINT('',(-0.005,0.05,0.002));
#2912=CARTESIAN_POINT('',(-0.00666666666666666,0.05,0.002));
#2913=CARTESIAN_POINT('',(-0.00833333333333333,0.05,0.002));
#2914=CARTESIAN_POINT('',(-0.01,0.05,0.002));
#2915=CARTESIAN_POINT('',(-0.0075,0.021073,-0.02));
#2916=CARTESIAN_POINT('',(-0.0075,0.046,-0.02));
#2917=CARTESIAN_POINT('',(0.,0.025,0.00199999999999995));
#2918=CARTESIAN_POINT('',(0.,0.025,0.003));
#2919=CARTESIAN_POINT('',(0.,0.02425,0.00199999999999995));
#2920=CARTESIAN_POINT('',(0.,0.02425,0.003));
#2921=CARTESIAN_POINT('',(-1.3010426069826E-19,0.0235,0.00199999999999995));
#2922=CARTESIAN_POINT('',(-1.3010426069826E-19,0.0235,0.003));
#2923=CARTESIAN_POINT('',(0.000500000000000008,0.0216666666666666,0.00199999999999995));
#2924=CARTESIAN_POINT('',(0.000500000000000008,0.0216666666666666,0.003));
#2925=CARTESIAN_POINT('',(0.00166666666666669,0.0205,0.00199999999999995));
#2926=CARTESIAN_POINT('',(0.00166666666666669,0.0205,0.003));
#2927=CARTESIAN_POINT('',(0.00350000000000003,0.02,0.00199999999999995));
#2928=CARTESIAN_POINT('',(0.00350000000000003,0.02,0.003));
#2929=CARTESIAN_POINT('',(0.00425000000000002,0.02,0.00199999999999995));
#2930=CARTESIAN_POINT('',(0.00425000000000002,0.02,0.003));
#2931=CARTESIAN_POINT('',(0.00500000000000002,0.02,0.00199999999999995));
#2932=CARTESIAN_POINT('',(0.00500000000000002,0.02,0.003));
#2933=CARTESIAN_POINT('',(0.,0.025,0.003));
#2934=CARTESIAN_POINT('',(0.,0.0246875,0.003));
#2935=CARTESIAN_POINT('',(4.05342952258284E-6,0.0240565864514298,0.003));
#2936=CARTESIAN_POINT('',(0.000183566902920964,0.0230431583574957,0.003));
#2937=CARTESIAN_POINT('',(0.000589803958793573,0.0220520301185874,0.003));
#2938=CARTESIAN_POINT('',(0.00121454148065477,0.0212145414806548,0.003));
#2939=CARTESIAN_POINT('',(0.00205203011858739,0.0205898039587936,0.003));
#2940=CARTESIAN_POINT('',(0.00304315835749571,0.020183566902921,0.003));
#2941=CARTESIAN_POINT('',(0.0040565864514298,0.0200040534295226,0.003));
#2942=CARTESIAN_POINT('',(0.0046875,0.02,0.003));
#2943=CARTESIAN_POINT('',(0.005,0.02,0.003));
#2944=CARTESIAN_POINT('',(0.005,0.02,0.002));
#2945=CARTESIAN_POINT('',(0.0046875,0.02,0.002));
#2946=CARTESIAN_POINT('',(0.00405658645142981,0.0200040534295226,0.002));
#2947=CARTESIAN_POINT('',(0.00304315835749571,0.020183566902921,0.002));
#2948=CARTESIAN_POINT('',(0.00205203011858739,0.0205898039587936,0.002));
#2949=CARTESIAN_POINT('',(0.00121454148065477,0.0212145414806548,0.002));
#2950=CARTESIAN_POINT('',(0.000589803958793571,0.0220520301185874,0.002));
#2951=CARTESIAN_POINT('',(0.000183566902920963,0.0230431583574957,0.002));
#2952=CARTESIAN_POINT('',(4.05342952258219E-6,0.0240565864514298,0.002));
#2953=CARTESIAN_POINT('',(0.,0.0246875,0.002));
#2954=CARTESIAN_POINT('',(0.,0.025,0.002));
#2955=CARTESIAN_POINT('',(-0.00999999999999998,0.05,0.00199999999999976));
#2956=CARTESIAN_POINT('',(-0.00999999999999998,0.05,0.003));
#2957=CARTESIAN_POINT('',(-0.01075,0.05,0.00199999999999976));
#2958=CARTESIAN_POINT('',(-0.01075,0.05,0.003));
#2959=CARTESIAN_POINT('',(-0.0115,0.05,0.00199999999999976));
#2960=CARTESIAN_POINT('',(-0.0115,0.05,0.003));
#2961=CARTESIAN_POINT('',(-0.0133333333333333,0.0495,0.00199999999999976));
#2962=CARTESIAN_POINT('',(-0.0133333333333333,0.0495,0.003));
#2963=CARTESIAN_POINT('',(-0.0145,0.0483333333333333,0.00199999999999976));
#2964=CARTESIAN_POINT('',(-0.0145,0.0483333333333333,0.003));
#2965=CARTESIAN_POINT('',(-0.015,0.0465,0.00199999999999976));
#2966=CARTESIAN_POINT('',(-0.015,0.0465,0.003));
#2967=CARTESIAN_POINT('',(-0.015,0.04575,0.00199999999999976));
#2968=CARTESIAN_POINT('',(-0.015,0.04575,0.003));
#2969=CARTESIAN_POINT('',(-0.015,0.045,0.00199999999999976));
#2970=CARTESIAN_POINT('',(-0.015,0.045,0.003));
#2971=CARTESIAN_POINT('',(-0.015,0.045,0.003));
#2972=CARTESIAN_POINT('',(-0.015,0.0453125,0.003));
#2973=CARTESIAN_POINT('',(-0.0149959465704774,0.0459434135485702,0.003));
#2974=CARTESIAN_POINT('',(-0.014816433097079,0.0469568416425043,0.003));
#2975=CARTESIAN_POINT('',(-0.0144101960412064,0.0479479698814126,0.003));
#2976=CARTESIAN_POINT('',(-0.0137854585193452,0.0487854585193452,0.003));
#2977=CARTESIAN_POINT('',(-0.0129479698814126,0.0494101960412064,0.003));
#2978=CARTESIAN_POINT('',(-0.0119568416425043,0.0498164330970791,0.003));
#2979=CARTESIAN_POINT('',(-0.0109434135485702,0.0499959465704774,0.003));
#2980=CARTESIAN_POINT('',(-0.0103125,0.05,0.003));
#2981=CARTESIAN_POINT('',(-0.01,0.05,0.003));
#2982=CARTESIAN_POINT('',(-0.01,0.05,0.002));
#2983=CARTESIAN_POINT('',(-0.0103125,0.05,0.002));
#2984=CARTESIAN_POINT('',(-0.0109434135485702,0.0499959465704774,0.002));
#2985=CARTESIAN_POINT('',(-0.0119568416425043,0.049816433097079,0.002));
#2986=CARTESIAN_POINT('',(-0.0129479698814126,0.0494101960412064,0.002));
#2987=CARTESIAN_POINT('',(-0.0137854585193452,0.0487854585193452,0.002));
#2988=CARTESIAN_POINT('',(-0.0144101960412064,0.0479479698814126,0.002));
#2989=CARTESIAN_POINT('',(-0.014816433097079,0.0469568416425043,0.002));
#2990=CARTESIAN_POINT('',(-0.0149959465704774,0.0459434135485702,0.002));
#2991=CARTESIAN_POINT('',(-0.015,0.0453125,0.002));
#2992=CARTESIAN_POINT('',(-0.015,0.045,0.002));
#2993=CARTESIAN_POINT('',(-7.9555467003028E-48,0.045,0.002));
#2994=CARTESIAN_POINT('',(-7.9555467003028E-48,0.045,0.00300000000000112));
#2995=CARTESIAN_POINT('',(2.31967647087445E-32,0.04575,0.002));
#2996=CARTESIAN_POINT('',(2.31967647087445E-32,0.04575,0.00300000000000112));
#2997=CARTESIAN_POINT('',(2.80650249854257E-19,0.0465,0.002));
#2998=CARTESIAN_POINT('',(2.80650249854257E-19,0.0465,0.00300000000000112));
#2999=CARTESIAN_POINT('',(-0.0005,0.0483333333333333,0.002));
#3000=CARTESIAN_POINT('',(-0.0005,0.0483333333333333,0.00300000000000112));
#3001=CARTESIAN_POINT('',(-0.00166666666666667,0.0495,0.002));
#3002=CARTESIAN_POINT('',(-0.00166666666666667,0.0495,0.00300000000000112));
#3003=CARTESIAN_POINT('',(-0.0035,0.05,0.002));
#3004=CARTESIAN_POINT('',(-0.0035,0.05,0.00300000000000112));
#3005=CARTESIAN_POINT('',(-0.00425,0.05,0.002));
#3006=CARTESIAN_POINT('',(-0.00425,0.05,0.00300000000000112));
#3007=CARTESIAN_POINT('',(-0.005,0.05,0.002));
#3008=CARTESIAN_POINT('',(-0.005,0.05,0.00300000000000112));
#3009=CARTESIAN_POINT('',(-0.005,0.05,0.003));
#3010=CARTESIAN_POINT('',(-0.0046875,0.05,0.003));
#3011=CARTESIAN_POINT('',(-0.0040565864514298,0.0499959465704774,0.003));
#3012=CARTESIAN_POINT('',(-0.00304315835749571,0.049816433097079,0.003));
#3013=CARTESIAN_POINT('',(-0.00205203011858738,0.0494101960412064,0.003));
#3014=CARTESIAN_POINT('',(-0.00121454148065476,0.0487854585193452,0.003));
#3015=CARTESIAN_POINT('',(-0.00058980395879357,0.0479479698814126,0.003));
#3016=CARTESIAN_POINT('',(-0.000183566902920962,0.0469568416425043,0.003));
#3017=CARTESIAN_POINT('',(-4.05342952258217E-6,0.0459434135485702,0.003));
#3018=CARTESIAN_POINT('',(9.69312641687929E-33,0.0453125,0.003));
#3019=CARTESIAN_POINT('',(0.,0.045,0.003));
#3020=CARTESIAN_POINT('',(0.,0.045,0.002));
#3021=CARTESIAN_POINT('',(9.69312641687928E-33,0.0453125,0.002));
#3022=CARTESIAN_POINT('',(-4.05342952258205E-6,0.0459434135485702,0.002));
#3023=CARTESIAN_POINT('',(-0.000183566902920962,0.0469568416425043,0.002));
#3024=CARTESIAN_POINT('',(-0.000589803958793569,0.0479479698814126,0.002));
#3025=CARTESIAN_POINT('',(-0.00121454148065476,0.0487854585193452,0.002));
#3026=CARTESIAN_POINT('',(-0.00205203011858738,0.0494101960412064,0.002));
#3027=CARTESIAN_POINT('',(-0.00304315835749571,0.0498164330970791,0.002));
#3028=CARTESIAN_POINT('',(-0.0040565864514298,0.0499959465704774,0.002));
#3029=CARTESIAN_POINT('',(-0.0046875,0.05,0.002));
#3030=CARTESIAN_POINT('',(-0.005,0.05,0.002));
#3031=CARTESIAN_POINT('',(0.0134644660940673,-0.0484644660940673,0.00205700000000589));
#3032=CARTESIAN_POINT('',(0.0134644660940673,-0.0484644660940673,-0.0075));
#3033=CARTESIAN_POINT('',(0.0132447961799572,-0.0482447961799572,0.00205700000000589));
#3034=CARTESIAN_POINT('',(0.0132447961799572,-0.0482447961799572,-0.0075));
#3035=CARTESIAN_POINT('',(0.0130251262658471,-0.0480251262658471,0.00205700000000589));
#3036=CARTESIAN_POINT('',(0.0130251262658471,-0.0480251262658471,-0.0075));
#3037=CARTESIAN_POINT('',(0.0124881553646891,-0.0472810485835026,0.00205700000000589));
#3038=CARTESIAN_POINT('',(0.0124881553646891,-0.0472810485835026,-0.0075));
#3039=CARTESIAN_POINT('',(0.0121464466094067,-0.0464560906721183,0.00205700000000589));
#3040=CARTESIAN_POINT('',(0.0121464466094067,-0.0464560906721183,-0.0075));
#3041=CARTESIAN_POINT('',(0.012,-0.0455502525316942,0.00205700000000589));
#3042=CARTESIAN_POINT('',(0.012,-0.0455502525316942,-0.0075));
#3043=CARTESIAN_POINT('',(0.012,-0.0452395923599144,0.00205700000000589));
#3044=CARTESIAN_POINT('',(0.012,-0.0452395923599144,-0.0075));
#3045=CARTESIAN_POINT('',(0.012,-0.0449289321881345,0.00205700000000589));
#3046=CARTESIAN_POINT('',(0.012,-0.0449289321881345,-0.0075));
#3047=CARTESIAN_POINT('',(0.0134644660940671,-0.0484644660940671,0.002));
#3048=CARTESIAN_POINT('',(0.0130708715088979,-0.0480708715088992,0.00151574282624111));
#3049=CARTESIAN_POINT('',(0.0123121588313386,-0.0470902969958155,0.000641827007822558));
#3050=CARTESIAN_POINT('',(0.012,-0.0456755723325836,0.000119487557154296));
#3051=CARTESIAN_POINT('',(0.012,-0.0449289321881345,3.29549637397517E-5));
#3052=CARTESIAN_POINT('',(0.015,0.0197646971168756,-0.0075));
#3053=CARTESIAN_POINT('',(0.015,0.0197646971168756,0.000908726745534712));
#3054=CARTESIAN_POINT('',(0.0145032750649741,0.0196142073017239,-0.0075));
#3055=CARTESIAN_POINT('',(0.0145032750649741,0.0196142073017239,0.000908726745534712));
#3056=CARTESIAN_POINT('',(0.0135372004236092,0.0191481361126641,-0.0075));
#3057=CARTESIAN_POINT('',(0.0135372004236092,0.0191481361126641,0.000908726745534707));
#3058=CARTESIAN_POINT('',(0.0125322477447587,0.0179587108977061,-0.0075));
#3059=CARTESIAN_POINT('',(0.0125322477447587,0.0179587108977061,0.000908726745534712));
#3060=CARTESIAN_POINT('',(0.0120190223997622,0.016422465706099,-0.0075));
#3061=CARTESIAN_POINT('',(0.0120190223997622,0.016422465706099,0.000908726745534709));
#3062=CARTESIAN_POINT('',(0.012,0.0154650950254759,-0.0075));
#3063=CARTESIAN_POINT('',(0.012,0.0154650950254759,0.000908726745534711));
#3064=CARTESIAN_POINT('',(0.012,0.015,-0.0075));
#3065=CARTESIAN_POINT('',(0.012,0.015,0.000908726745534711));
#3066=CARTESIAN_POINT('',(0.0126711161216015,0.0180000020815334,-5.44014206243397E-21));
#3067=CARTESIAN_POINT('',(0.0129404087300017,0.0184542856534245,1.74960245849501E-15));
#3068=CARTESIAN_POINT('',(0.0136641820149055,0.0192314620634475,0.000161181480009105));
#3069=CARTESIAN_POINT('',(0.014555111598897,0.0196299119097637,0.000608858570043256));
#3070=CARTESIAN_POINT('',(0.015,0.0197646971168756,0.00085857529377208));
#3071=CARTESIAN_POINT('',(0.0134644660940673,-0.0484644660940673,0.0125000000000011));
#3072=CARTESIAN_POINT('',(0.0134644660940673,-0.0484644660940673,0.0029429999999963));
#3073=CARTESIAN_POINT('',(0.0132447961799572,-0.0482447961799572,0.0125000000000011));
#3074=CARTESIAN_POINT('',(0.0132447961799572,-0.0482447961799572,0.0029429999999963));
#3075=CARTESIAN_POINT('',(0.0130251262658471,-0.0480251262658471,0.0125000000000011));
#3076=CARTESIAN_POINT('',(0.0130251262658471,-0.0480251262658471,0.0029429999999963));
#3077=CARTESIAN_POINT('',(0.0124881553646891,-0.0472810485835026,0.0125000000000011));
#3078=CARTESIAN_POINT('',(0.0124881553646891,-0.0472810485835026,0.0029429999999963));
#3079=CARTESIAN_POINT('',(0.0121464466094067,-0.0464560906721183,0.0125000000000011));
#3080=CARTESIAN_POINT('',(0.0121464466094067,-0.0464560906721183,0.0029429999999963));
#3081=CARTESIAN_POINT('',(0.012,-0.0455502525316942,0.0125000000000011));
#3082=CARTESIAN_POINT('',(0.012,-0.0455502525316942,0.0029429999999963));
#3083=CARTESIAN_POINT('',(0.012,-0.0452395923599144,0.0125000000000011));
#3084=CARTESIAN_POINT('',(0.012,-0.0452395923599144,0.0029429999999963));
#3085=CARTESIAN_POINT('',(0.012,-0.0449289321881345,0.0125000000000011));
#3086=CARTESIAN_POINT('',(0.012,-0.0449289321881345,0.0029429999999963));
#3087=CARTESIAN_POINT('',(0.012,-0.0449289321881345,0.00496704503626029));
#3088=CARTESIAN_POINT('',(0.012,-0.0456731407305715,0.00488079425574931));
#3089=CARTESIAN_POINT('',(0.0123054553117059,-0.0470761793877247,0.00436675524495351));
#3090=CARTESIAN_POINT('',(0.0130701795833841,-0.0480701795833841,0.00348510848323373));
#3091=CARTESIAN_POINT('',(0.013464466094065,-0.048464466094065,0.003));
#3092=CARTESIAN_POINT('',(0.015,0.0197646971168756,0.00409127325446129));
#3093=CARTESIAN_POINT('',(0.015,0.0197646971168756,0.0125));
#3094=CARTESIAN_POINT('',(0.0145032750649741,0.0196142073017239,0.00409127325446129));
#3095=CARTESIAN_POINT('',(0.0145032750649741,0.0196142073017239,0.0125));
#3096=CARTESIAN_POINT('',(0.0135372004236092,0.0191481361126641,0.00409127325446129));
#3097=CARTESIAN_POINT('',(0.0135372004236092,0.0191481361126641,0.0125));
#3098=CARTESIAN_POINT('',(0.0125322477447586,0.0179587108977061,0.00409127325446129));
#3099=CARTESIAN_POINT('',(0.0125322477447586,0.0179587108977061,0.0125));
#3100=CARTESIAN_POINT('',(0.0120190223997622,0.0164224657060989,0.00409127325446129));
#3101=CARTESIAN_POINT('',(0.0120190223997622,0.0164224657060989,0.0125));
#3102=CARTESIAN_POINT('',(0.012,0.0154650950254758,0.00409127325446129));
#3103=CARTESIAN_POINT('',(0.012,0.0154650950254758,0.0125));
#3104=CARTESIAN_POINT('',(0.012,0.0149999999999999,0.00409127325446129));
#3105=CARTESIAN_POINT('',(0.012,0.0149999999999999,0.0125));
#3106=CARTESIAN_POINT('',(0.015,0.0197646971168756,0.00414142470622794));
#3107=CARTESIAN_POINT('',(0.0145554508568684,0.0196300146927443,0.00439095100379846));
#3108=CARTESIAN_POINT('',(0.0136753585514191,0.0192388743172202,0.00483426709226683));
#3109=CARTESIAN_POINT('',(0.0129418069729836,0.0184566443498002,0.00499999999999744));
#3110=CARTESIAN_POINT('',(0.0126711162664025,0.0180000023258056,0.005));
#3111=CARTESIAN_POINT('',(0.00499999999999999,0.02,0.003));
#3112=CARTESIAN_POINT('',(0.015,0.02,0.003));
#3113=CARTESIAN_POINT('',(0.00499999999999999,0.02,0.00329999999999972));
#3114=CARTESIAN_POINT('',(0.015,0.02,0.00329999999999972));
#3115=CARTESIAN_POINT('',(0.00499999999999999,0.02,0.00359999999999972));
#3116=CARTESIAN_POINT('',(0.015,0.02,0.00359999999999972));
#3117=CARTESIAN_POINT('',(0.00499999999999999,0.0198,0.00433333333333334));
#3118=CARTESIAN_POINT('',(0.015,0.0198,0.00433333333333334));
#3119=CARTESIAN_POINT('',(0.00499999999999999,0.0193333333333334,0.0048));
#3120=CARTESIAN_POINT('',(0.015,0.0193333333333334,0.0048));
#3121=CARTESIAN_POINT('',(0.00499999999999999,0.0186,0.00499999999999943));
#3122=CARTESIAN_POINT('',(0.015,0.0186,0.00499999999999943));
#3123=CARTESIAN_POINT('',(0.00499999999999999,0.0183,0.00499999999999943));
#3124=CARTESIAN_POINT('',(0.015,0.0183,0.00499999999999943));
#3125=CARTESIAN_POINT('',(0.00499999999999999,0.018,0.005));
#3126=CARTESIAN_POINT('',(0.015,0.018,0.005));
#3127=CARTESIAN_POINT('',(0.005,0.02,0.003));
#3128=CARTESIAN_POINT('',(0.005,0.02,0.00324999999999976));
#3129=CARTESIAN_POINT('',(0.005,0.0199739583333333,0.0037864583333331));
#3130=CARTESIAN_POINT('',(0.005,0.0195598958333333,0.00455989583333334));
#3131=CARTESIAN_POINT('',(0.005,0.0187864583333333,0.00497395833333288));
#3132=CARTESIAN_POINT('',(0.005,0.01825,0.00499999999999952));
#3133=CARTESIAN_POINT('',(0.005,0.018,0.005));
#3134=CARTESIAN_POINT('',(0.,0.025,0.003));
#3135=CARTESIAN_POINT('',(0.,0.0247646319770727,0.0029999999999997));
#3136=CARTESIAN_POINT('',(3.07222827102057E-6,0.0243748962005597,0.00300000000000013));
#3137=CARTESIAN_POINT('',(3.24344013597477E-5,0.024023179190805,0.00300000000000004));
#3138=CARTESIAN_POINT('',(7.6723895355675E-5,0.0236799979675101,0.00299999999999996));
#3139=CARTESIAN_POINT('',(0.000106475925595575,0.0235117240639803,0.00299999999999993));
#3140=CARTESIAN_POINT('',(0.000181540673174233,0.0231808479273601,0.00299999999999995));
#3141=CARTESIAN_POINT('',(0.000317263391008003,0.0226944680057574,0.00300000000000004));
#3142=CARTESIAN_POINT('',(0.000657921709478439,0.0219512617354539,0.003));
#3143=CARTESIAN_POINT('',(0.00122262125358725,0.0212232599823013,0.003));
#3144=CARTESIAN_POINT('',(0.00194618913443032,0.0206611043850051,0.003));
#3145=CARTESIAN_POINT('',(0.00269218856375867,0.0203180106570238,0.003));
#3146=CARTESIAN_POINT('',(0.00317914623129027,0.0201819116963424,0.003));
#3147=CARTESIAN_POINT('',(0.00351035938384965,0.0201066904925036,0.003));
#3148=CARTESIAN_POINT('',(0.00367879025825181,0.0200769006572679,0.003));
#3149=CARTESIAN_POINT('',(0.0040223704759363,0.0200325170012343,0.003));
#3150=CARTESIAN_POINT('',(0.0043745213850877,0.0200030691661343,0.003));
#3151=CARTESIAN_POINT('',(0.00476447564831092,0.02,0.003));
#3152=CARTESIAN_POINT('',(0.005,0.02,0.003));
#3153=CARTESIAN_POINT('',(1.35525271560688E-20,0.025,0.0030625));
#3154=CARTESIAN_POINT('',(-4.63487297515691E-12,0.0247646319770727,0.00306249999999973));
#3155=CARTESIAN_POINT('',(3.07223025193709E-6,0.0243748962005598,0.00306250000000012));
#3156=CARTESIAN_POINT('',(3.24344020327877E-5,0.0240231791908049,0.00306250000000004));
#3157=CARTESIAN_POINT('',(7.67238946826351E-5,0.0236799979675103,0.00306249999999996));
#3158=CARTESIAN_POINT('',(0.000106475924596059,0.0235117240639809,0.00306249999999994));
#3159=CARTESIAN_POINT('',(0.000181540672481865,0.0231808479273613,0.00306249999999996));
#3160=CARTESIAN_POINT('',(0.000317263391668006,0.0226944680057585,0.00306250000000003));
#3161=CARTESIAN_POINT('',(0.0006579217092542,0.0219512617354378,0.0030625));
#3162=CARTESIAN_POINT('',(0.00122262125364736,0.0212232599823615,0.0030625));
#3163=CARTESIAN_POINT('',(0.00194618913441414,0.0206611043847808,0.0030625));
#3164=CARTESIAN_POINT('',(0.00269218856375982,0.0203180106576843,0.0030625));
#3165=CARTESIAN_POINT('',(0.00317914623129143,0.0201819116956496,0.00306250000000001));
#3166=CARTESIAN_POINT('',(0.00351035938385025,0.0201066904915034,0.00306250000000001));
#3167=CARTESIAN_POINT('',(0.00367879025825192,0.0200769006565944,0.0030625));
#3168=CARTESIAN_POINT('',(0.00402237047593618,0.0200325170019078,0.0030625));
#3169=CARTESIAN_POINT('',(0.00437452138508776,0.0200030691681165,0.00306249999999999));
#3170=CARTESIAN_POINT('',(0.00476447564831092,0.0199999999953621,0.00306250000000003));
#3171=CARTESIAN_POINT('',(0.005,0.02,0.0030625));
#3172=CARTESIAN_POINT('',(-5.08626302083032E-8,0.025,0.00312507459852431));
#3173=CARTESIAN_POINT('',(-5.08707498426577E-8,0.0247646319770699,0.00312507459852405));
#3174=CARTESIAN_POINT('',(3.02136020487334E-6,0.0243748941458916,0.00312507459852441));
#3175=CARTESIAN_POINT('',(3.23837595229882E-5,0.0240231742407459,0.00312507459852434));
#3176=CARTESIAN_POINT('',(7.66736419620486E-5,0.023679989949104,0.00312507459852427));
#3177=CARTESIAN_POINT('',(0.000106425951018132,0.0235117144394914,0.00312507459852425));
#3178=CARTESIAN_POINT('',(0.000181491440981845,0.0231808350486061,0.00312507459852426));
#3179=CARTESIAN_POINT('',(0.000317215544290609,0.0226944501606034,0.00312507459852433));
#3180=CARTESIAN_POINT('',(0.000657877556545687,0.0219512355684184,0.00312507459852431));
#3181=CARTESIAN_POINT('',(0.0012225848823615,0.0212232236236726,0.00312507459852431));
#3182=CARTESIAN_POINT('',(0.00194616290424369,0.0206610602708763,0.00312507459852431));
#3183=CARTESIAN_POINT('',(0.00269217069486161,0.0203179628178715,0.00312507459852431));
#3184=CARTESIAN_POINT('',(0.00317913333592799,0.0201818624675518,0.00312507459852432));
#3185=CARTESIAN_POINT('',(0.00351034974659519,0.0201066405197725,0.00312507459852432));
#3186=CARTESIAN_POINT('',(0.00367878222870671,0.0200768504054617,0.00312507459852431));
#3187=CARTESIAN_POINT('',(0.00402236551902217,0.0200324663601245,0.0031250745985243));
#3188=CARTESIAN_POINT('',(0.00437451932823092,0.0200030182979578,0.00312507459852428));
#3189=CARTESIAN_POINT('',(0.00476447564830818,0.0199999491292448,0.00312507459852436));
#3190=CARTESIAN_POINT('',(0.005,0.0199999491373698,0.00312507459852431));
#3191=CARTESIAN_POINT('',(-3.54003906249994E-6,0.025,0.00325206163194444));
#3192=CARTESIAN_POINT('',(-3.54005261595456E-6,0.024764631976882,0.00325206163194421));
#3193=CARTESIAN_POINT('',(-4.68424871813784E-7,0.0243747531956511,0.00325206163194454));
#3194=CARTESIAN_POINT('',(2.89096494261574E-5,0.0240228346667042,0.00325206163194448));
#3195=CARTESIAN_POINT('',(7.32263392544011E-5,0.0236794398864262,0.00325206163194441));
#3196=CARTESIAN_POINT('',(0.000102997813952961,0.0235110541994753,0.00325206163194439));
#3197=CARTESIAN_POINT('',(0.000178114194979296,0.0231799515659397,0.0032520616319444));
#3198=CARTESIAN_POINT('',(0.000313933180933671,0.0226932259829051,0.00325206163194446));
#3199=CARTESIAN_POINT('',(0.000654848692044526,0.0219494405117072,0.00325206163194444));
#3200=CARTESIAN_POINT('',(0.00122008980912202,0.0212207294145824,0.00325206163194444));
#3201=CARTESIAN_POINT('',(0.00194436351536648,0.0206580340683367,0.00325206163194444));
#3202=CARTESIAN_POINT('',(0.00269094488838637,0.0203146809734292,0.00325206163194445));
#3203=CARTESIAN_POINT('',(0.0031782487139369,0.020178485454964,0.00325206163194446));
#3204=CARTESIAN_POINT('',(0.00350968863086776,0.0201032125094496,0.00325206163194446));
#3205=CARTESIAN_POINT('',(0.00367823140189937,0.020073403211706,0.00325206163194445));
#3206=CARTESIAN_POINT('',(0.00402202547472711,0.0200289922998478,0.00325206163194443));
#3207=CARTESIAN_POINT('',(0.00437437822784902,0.019999528505156,0.00325206163194441));
#3208=CARTESIAN_POINT('',(0.00476447564812021,0.0199964599473751,0.00325206163194452));
#3209=CARTESIAN_POINT('',(0.005,0.0199964599609375,0.00325206163194444));
#3210=CARTESIAN_POINT('',(-6.97157118055548E-6,0.025,0.00331646050347222));
#3211=CARTESIAN_POINT('',(-6.97158668216367E-6,0.0247646319766973,0.00331646050347198));
#3212=CARTESIAN_POINT('',(-3.90055703030013E-6,0.0243746145740345,0.00331646050347233));
#3213=CARTESIAN_POINT('',(2.54929342411052E-5,0.0240225007027294,0.00331646050347226));
#3214=CARTESIAN_POINT('',(6.98359895627457E-5,0.0236788989112755,0.00331646050347219));
#3215=CARTESIAN_POINT('',(9.96263135094358E-5,0.0235104048672141,0.00331646050347217));
#3216=CARTESIAN_POINT('',(0.000174792744607498,0.023179082679196,0.00331646050347218));
#3217=CARTESIAN_POINT('',(0.000310705044670483,0.0226920220297161,0.00331646050347224));
#3218=CARTESIAN_POINT('',(0.000651869867257244,0.0219476751109496,0.00331646050347222));
#3219=CARTESIAN_POINT('',(0.00121763595667919,0.0212182764120123,0.00331646050347222));
#3220=CARTESIAN_POINT('',(0.00194259385401417,0.0206550578615332,0.00331646050347222));
#3221=CARTESIAN_POINT('',(0.00268973933332923,0.0203114533475074,0.00331646050347223));
#3222=CARTESIAN_POINT('',(0.00317737870669116,0.0201751642341511,0.00331646050347224));
#3223=CARTESIAN_POINT('',(0.00350903843736279,0.020099841133655,0.00331646050347224));
#3224=CARTESIAN_POINT('',(0.00367768967524327,0.0200700129691666,0.00331646050347223));
#3225=CARTESIAN_POINT('',(0.0040216910482679,0.0200255756336594,0.00331646050347221));
#3226=CARTESIAN_POINT('',(0.00437423945857154,0.0199960963653992,0.00331646050347219));
#3227=CARTESIAN_POINT('',(0.00476447564793534,0.0199930284133076,0.00331646050347229));
#3228=CARTESIAN_POINT('',(0.005,0.0199930284288194,0.00331646050347222));
#3229=CARTESIAN_POINT('',(-2.56076388888888E-5,0.025,0.00351258680555556));
#3230=CARTESIAN_POINT('',(-2.56076587902971E-5,0.0247646319756939,0.00351258680555526));
#3231=CARTESIAN_POINT('',(-2.25398860976487E-5,0.024373861743595,0.00351258680555568));
#3232=CARTESIAN_POINT('',(6.93733388016649E-6,0.024020687001143,0.0035125868055556));
#3233=CARTESIAN_POINT('',(5.14235775102605E-5,0.0236759609671766,0.00351258680555551));
#3234=CARTESIAN_POINT('',(8.13162689552527E-5,0.0235068784540638,0.00351258680555549));
#3235=CARTESIAN_POINT('',(0.000156754513076765,0.0231743639029658,0.0035125868055555));
#3236=CARTESIAN_POINT('',(0.000293173584400616,0.0226854835645691,0.00351258680555558));
#3237=CARTESIAN_POINT('',(0.000635692376418993,0.0219380875195049,0.00351258680555555));
#3238=CARTESIAN_POINT('',(0.00120430950103999,0.0212049545718874,0.00351258680555556));
#3239=CARTESIAN_POINT('',(0.0019329831240038,0.0206388945885198,0.00351258680555555));
#3240=CARTESIAN_POINT('',(0.00268319216870907,0.0202939246588143,0.00351258680555557));
#3241=CARTESIAN_POINT('',(0.00317265384520487,0.0201571272493161,0.00351258680555557));
#3242=CARTESIAN_POINT('',(0.0035055073469437,0.0200815317660485,0.00351258680555557));
#3243=CARTESIAN_POINT('',(0.00367474764984598,0.0200516011390406,0.00351258680555556));
#3244=CARTESIAN_POINT('',(0.00401987483500741,0.0200070202993906,0.00351258680555555));
#3245=CARTESIAN_POINT('',(0.00437348582621078,0.0199774569950646,0.00351258680555554));
#3246=CARTESIAN_POINT('',(0.00476447564693137,0.0199743923411966,0.00351258680555559));
#3247=CARTESIAN_POINT('',(0.005,0.0199743923611111,0.00351258680555556));
#3248=CARTESIAN_POINT('',(-4.94791666666666E-5,0.025,0.00364756944444444));
#3249=CARTESIAN_POINT('',(-4.94791876402423E-5,0.0247646319744086,0.00364756944444407));
#3250=CARTESIAN_POINT('',(-4.64155934036916E-5,0.0243728974193056,0.0036475694444446));
#3251=CARTESIAN_POINT('',(-1.68311213933441E-5,0.0240183637734923,0.0036475694444445));
#3252=CARTESIAN_POINT('',(2.78385379892835E-5,0.0236721976617805,0.00364756944444439));
#3253=CARTESIAN_POINT('',(5.78623555177537E-5,0.0235023613600715,0.00364756944444436));
#3254=CARTESIAN_POINT('',(0.000133648773224225,0.0231683194734413,0.00364756944444438));
#3255=CARTESIAN_POINT('',(0.000270716982531706,0.0226771082380333,0.00364756944444448));
#3256=CARTESIAN_POINT('',(0.000614970117633003,0.0219258064707999,0.00364756944444443));
#3257=CARTESIAN_POINT('',(0.00118723922301501,0.0211878902060205,0.00364756944444445));
#3258=CARTESIAN_POINT('',(0.00192067243637908,0.020618190541795,0.00364756944444444));
#3259=CARTESIAN_POINT('',(0.00267480569874324,0.0202714716071452,0.00364756944444446));
#3260=CARTESIAN_POINT('',(0.00316660162088357,0.0201340231063961,0.00364756944444445));
#3261=CARTESIAN_POINT('',(0.00350098426169012,0.0200580787197353,0.00364756944444444));
#3262=CARTESIAN_POINT('',(0.00367097911658588,0.0200280168449281,0.00364756944444444));
#3263=CARTESIAN_POINT('',(0.00401754839007413,0.0199832521849625,0.00364756944444445));
#3264=CARTESIAN_POINT('',(0.00437252047471513,0.0199535812348967,0.00364756944444446));
#3265=CARTESIAN_POINT('',(0.00476447564564535,0.019950520812346,0.00364756944444442));
#3266=CARTESIAN_POINT('',(0.005,0.0199505208333333,0.00364756944444444));
#3267=CARTESIAN_POINT('',(-0.000127604166666667,0.025,0.00391493055555556));
#3268=CARTESIAN_POINT('',(-0.000127604188800077,0.0247646319702024,0.00391493055555498));
#3269=CARTESIAN_POINT('',(-0.000124554272863813,0.0243697414489038,0.0039149305555558));
#3270=CARTESIAN_POINT('',(-9.46187935386751E-5,0.0240107604829994,0.00391493055555564));
#3271=CARTESIAN_POINT('',(-4.9348863738254E-5,0.0236598813895749,0.00391493055555547));
#3272=CARTESIAN_POINT('',(-1.88959061347531E-5,0.0234875781433692,0.00391493055555543));
#3273=CARTESIAN_POINT('',(5.80299886031891E-5,0.0231485377040878,0.00391493055555546));
#3274=CARTESIAN_POINT('',(0.00019722264880804,0.022649698078461,0.00391493055555562));
#3275=CARTESIAN_POINT('',(0.000547151816265231,0.0218856139477737,0.00391493055555553));
#3276=CARTESIAN_POINT('',(0.00113137285853917,0.0211320431904254,0.00391493055555556));
#3277=CARTESIAN_POINT('',(0.00188038291325184,0.0205504318435365,0.00391493055555555));
#3278=CARTESIAN_POINT('',(0.0026473590697636,0.0201979888922571,0.00391493055555559));
#3279=CARTESIAN_POINT('',(0.00314679434128601,0.0200584095480997,0.00391493055555553));
#3280=CARTESIAN_POINT('',(0.00348618143722355,0.0199813232959444,0.00391493055555552));
#3281=CARTESIAN_POINT('',(0.0036586457350073,0.0199508318827193,0.00391493055555553));
#3282=CARTESIAN_POINT('',(0.00400993457029256,0.0199054656283109,0.00391493055555558));
#3283=CARTESIAN_POINT('',(0.00436936114254751,0.0198754423824336,0.00391493055555562));
#3284=CARTESIAN_POINT('',(0.00476447564143656,0.0198723958111855,0.0039149305555554));
#3285=CARTESIAN_POINT('',(0.005,0.0198723958333333,0.00391493055555556));
#3286=CARTESIAN_POINT('',(-0.000181640625,0.025,0.004046875));
#3287=CARTESIAN_POINT('',(-0.000181640647192108,0.0247646319672931,0.00404687499999931));
#3288=CARTESIAN_POINT('',(-0.000178600193141507,0.0243675585693758,0.0040468750000003));
#3289=CARTESIAN_POINT('',(-0.000148421933547164,0.0240055015404085,0.0040468750000001));
#3290=CARTESIAN_POINT('',(-0.000102736816491832,0.0236513626346327,0.0040468749999999));
#3291=CARTESIAN_POINT('',(-7.19870369507288E-5,0.02347735308515,0.00404687499999985));
#3292=CARTESIAN_POINT('',(5.72699601804128E-6,0.0231348553136181,0.00404687499999989));
#3293=CARTESIAN_POINT('',(0.000146389067876627,0.0226307393847566,0.00404687500000008));
#3294=CARTESIAN_POINT('',(0.000500244157855162,0.0218578141193498,0.00404687499999997));
#3295=CARTESIAN_POINT('',(0.00109273195643374,0.0210934156712959,0.00404687500000001));
#3296=CARTESIAN_POINT('',(0.00185251599309142,0.0205035654106104,0.00404687499999999));
#3297=CARTESIAN_POINT('',(0.00262837515138582,0.0201471633476868,0.00404687500000004));
#3298=CARTESIAN_POINT('',(0.00313309430623085,0.0200061101703893,0.00404687499999997));
#3299=CARTESIAN_POINT('',(0.00347594281696741,0.0199282341279829,0.00404687499999995));
#3300=CARTESIAN_POINT('',(0.00365011514608209,0.0198974456172996,0.00404687499999997));
#3301=CARTESIAN_POINT('',(0.00400466834494367,0.0198516632598521,0.00404687500000003));
#3302=CARTESIAN_POINT('',(0.00436717593779823,0.0198213963424953,0.0040468750000001));
#3303=CARTESIAN_POINT('',(0.00476447563852548,0.0198183593527936,0.00404687499999977));
#3304=CARTESIAN_POINT('',(0.005,0.019818359375,0.004046875));
#3305=CARTESIAN_POINT('',(-0.0003193359375,0.025,0.004291015625));
#3306=CARTESIAN_POINT('',(-0.000319335959766466,0.0247646319598798,0.00429101562499912));
#3307=CARTESIAN_POINT('',(-0.000316319616531874,0.0243619961715425,0.00429101562500038));
#3308=CARTESIAN_POINT('',(-0.000285522705989357,0.0239921007409147,0.00429101562500013));
#3309=CARTESIAN_POINT('',(-0.000238779611750571,0.0236296552048704,0.00429101562499987));
#3310=CARTESIAN_POINT('',(-0.000207273472688471,0.0234512976657119,0.00429101562499981));
#3311=CARTESIAN_POINT('',(-0.000127551111582274,0.023099989945132,0.00429101562499986));
#3312=CARTESIAN_POINT('',(1.6855304408159E-5,0.0225824289785099,0.00429101562500011));
#3313=CARTESIAN_POINT('',(0.000380714401789767,0.0217869747975228,0.00429101562499996));
#3314=CARTESIAN_POINT('',(0.000994267489019525,0.020994985306284,0.00429101562500002));
#3315=CARTESIAN_POINT('',(0.00178150570858653,0.0203841407050253,0.00429101562499998));
#3316=CARTESIAN_POINT('',(0.00258000046780871,0.0200176500624158,0.00429101562500004));
#3317=CARTESIAN_POINT('',(0.00309818397593966,0.0198728412741864,0.00429101562499995));
#3318=CARTESIAN_POINT('',(0.00344985283884483,0.0197929526939767,0.00429101562499993));
#3319=CARTESIAN_POINT('',(0.00362837756104979,0.0197614071216928,0.00429101562499995));
#3320=CARTESIAN_POINT('',(0.00399124898757871,0.0197145644534674,0.00429101562500005));
#3321=CARTESIAN_POINT('',(0.00436160761485278,0.0196836766141867,0.00429101562500014));
#3322=CARTESIAN_POINT('',(0.00476447563110749,0.0196806640402193,0.00429101562499968));
#3323=CARTESIAN_POINT('',(0.005,0.0196806640625,0.004291015625));
#3324=CARTESIAN_POINT('',(-0.000402777777777778,0.025,0.00440277777777778));
#3325=CARTESIAN_POINT('',(-0.000402777800030934,0.0247646319553875,0.00440277777777683));
#3326=CARTESIAN_POINT('',(-0.000399776067768162,0.0243586254198216,0.00440277777777818));
#3327=CARTESIAN_POINT('',(-0.000368604261559729,0.0239839800042632,0.00440277777777792));
#3328=CARTESIAN_POINT('',(-0.000321220044802749,0.0236165007419175,0.00440277777777764));
#3329=CARTESIAN_POINT('',(-0.000289255560211206,0.0234355083689839,0.00440277777777757));
#3330=CARTESIAN_POINT('',(-0.000208316174414093,0.023078861916475,0.00440277777777763));
#3331=CARTESIAN_POINT('',(-6.16407272055519E-5,0.0225531534052998,0.0044027777777779));
#3332=CARTESIAN_POINT('',(0.000308280688306154,0.0217440469500172,0.00440277777777773));
#3333=CARTESIAN_POINT('',(0.000934599108056176,0.0209353375910003,0.00440277777777779));
#3334=CARTESIAN_POINT('',(0.00173847425958417,0.0203117706509738,0.00440277777777777));
#3335=CARTESIAN_POINT('',(0.00255068594324541,0.0199391664403638,0.00440277777777782));
#3336=CARTESIAN_POINT('',(0.00307702870092473,0.0197920817933598,0.00440277777777772));
#3337=CARTESIAN_POINT('',(0.00343404259993523,0.0197109736374481,0.0044027777777777));
#3338=CARTESIAN_POINT('',(0.00361520482433597,0.0196789692941823,0.00440277777777773));
#3339=CARTESIAN_POINT('',(0.00398311700506204,0.0196314840893062,0.00440277777777782));
#3340=CARTESIAN_POINT('',(0.0043582332725793,0.0196002199781733,0.00440277777777792));
#3341=CARTESIAN_POINT('',(0.00476447562661226,0.0195972221999549,0.00440277777777744));
#3342=CARTESIAN_POINT('',(0.005,0.0195972222222222,0.00440277777777778));
#3343=CARTESIAN_POINT('',(-0.000597222222222222,0.025,0.00459722222222222));
#3344=CARTESIAN_POINT('',(-0.00059722224447814,0.0247646319449193,0.00459722222222123));
#3345=CARTESIAN_POINT('',(-0.000594254560101487,0.0243507705601545,0.00459722222222265));
#3346=CARTESIAN_POINT('',(-0.000562209134873558,0.0239650562590364,0.00459722222222237));
#3347=CARTESIAN_POINT('',(-0.000513330910905837,0.0235858469088726,0.00459722222222208));
#3348=CARTESIAN_POINT('',(-0.00048029834414663,0.0233987145851912,0.00459722222222201));
#3349=CARTESIAN_POINT('',(-0.000396522926817862,0.0230296272905278,0.00459722222222207));
#3350=CARTESIAN_POINT('',(-0.000244559958217348,0.0224849325636968,0.00459722222222236));
#3351=CARTESIAN_POINT('',(0.000139488471708116,0.0216440122260508,0.00459722222222218));
#3352=CARTESIAN_POINT('',(0.000795553934212242,0.0207963405743707,0.00459722222222223));
#3353=CARTESIAN_POINT('',(0.00163819811314421,0.0201431267798924,0.00459722222222221));
#3354=CARTESIAN_POINT('',(0.0024823743333398,0.0197562761273424,0.00459722222222225));
#3355=CARTESIAN_POINT('',(0.00302773058281453,0.0196038880486978,0.00459722222222216));
#3356=CARTESIAN_POINT('',(0.00339720001459584,0.0195199379166354,0.00459722222222215));
#3357=CARTESIAN_POINT('',(0.00358450840796253,0.0194868644997706,0.00459722222222217));
#3358=CARTESIAN_POINT('',(0.00396416705360577,0.0194378819923321,0.00459722222222226));
#3359=CARTESIAN_POINT('',(0.00435037004585098,0.0194057410552541,0.00459722222222235));
#3360=CARTESIAN_POINT('',(0.00476447561613703,0.0194027777555077,0.00459722222222192));
#3361=CARTESIAN_POINT('',(0.005,0.0194027777777778,0.00459722222222222));
#3362=CARTESIAN_POINT('',(-0.000708984375,0.025,0.0046806640625));
#3363=CARTESIAN_POINT('',(-0.000708984397257518,0.0247646319389026,0.00468066406249904));
#3364=CARTESIAN_POINT('',(-0.000706036282815391,0.0243462557691628,0.00468066406250041));
#3365=CARTESIAN_POINT('',(-0.000673488721655501,0.0239541793295812,0.00468066406250014));
#3366=CARTESIAN_POINT('',(-0.000623751777025358,0.0235682277972452,0.00468066406249986));
#3367=CARTESIAN_POINT('',(-0.000590105301430945,0.0233775663724086,0.0046806640624998));
#3368=CARTESIAN_POINT('',(-0.000504699799014227,0.02300132837048,0.00468066406249985));
#3369=CARTESIAN_POINT('',(-0.000349697685863635,0.0224457208076415,0.00468066406250013));
#3370=CARTESIAN_POINT('',(4.24706239983055E-5,0.0215865145889496,0.00468066406249996));
#3371=CARTESIAN_POINT('',(0.000715633996121142,0.0207164483159285,0.00468066406250001));
#3372=CARTESIAN_POINT('',(0.00158056171200963,0.0200461941977418,0.00468066406249999));
#3373=CARTESIAN_POINT('',(0.00244311040577129,0.0196511550210857,0.00468066406250002));
#3374=CARTESIAN_POINT('',(0.00299939516894539,0.0194957186530494,0.00468066406249995));
#3375=CARTESIAN_POINT('',(0.00337602375181706,0.0194101350190701,0.00468066406249993));
#3376=CARTESIAN_POINT('',(0.00356686482042647,0.0193764471235183,0.00468066406249995));
#3377=CARTESIAN_POINT('',(0.00395327506141829,0.0193266040013257,0.00468066406250003));
#3378=CARTESIAN_POINT('',(0.00434585044566673,0.0192939590850495,0.00468066406250011));
#3379=CARTESIAN_POINT('',(0.00476447561011611,0.0192910156027283,0.00468066406249974));
#3380=CARTESIAN_POINT('',(0.005,0.019291015625,0.0046806640625));
#3381=CARTESIAN_POINT('',(-0.000953125,0.025,0.004818359375));
#3382=CARTESIAN_POINT('',(-0.000953125022261036,0.0247646319257593,0.00481835937499914));
#3383=CARTESIAN_POINT('',(-0.00095021965767585,0.0243363933616566,0.00481835937500037));
#3384=CARTESIAN_POINT('',(-0.000916575197635469,0.0239304190467907,0.00481835937500013));
#3385=CARTESIAN_POINT('',(-0.000864962406898104,0.0235297394466029,0.00481835937499988));
#3386=CARTESIAN_POINT('',(-0.000829974868314163,0.0233313688202136,0.00481835937499982));
#3387=CARTESIAN_POINT('',(-0.000741008500414057,0.0229395103412495,0.00481835937499987));
#3388=CARTESIAN_POINT('',(-0.000579367479265716,0.022360064058977,0.00481835937500012));
#3389=CARTESIAN_POINT('',(-0.000169461567600795,0.0214609129545052,0.00481835937499997));
#3390=CARTESIAN_POINT('',(0.000541051607087186,0.020541926392147,0.004818359375));
#3391=CARTESIAN_POINT('',(0.00145465695224963,0.0198344482658595,0.00481835937499999));
#3392=CARTESIAN_POINT('',(0.002357339690209,0.0194215215365443,0.00481835937500001));
#3393=CARTESIAN_POINT('',(0.00293749742020211,0.0192594262839146,0.00481835937499996));
#3394=CARTESIAN_POINT('',(0.00332976492535856,0.0191702743205051,0.00481835937499995));
#3395=CARTESIAN_POINT('',(0.0035283230029933,0.0191352441171419,0.00481835937499996));
#3396=CARTESIAN_POINT('',(0.00392948187460099,0.0190835210112634,0.00481835937500001));
#3397=CARTESIAN_POINT('',(0.0043359775326429,0.019049775169554,0.00481835937500006));
#3398=CARTESIAN_POINT('',(0.0047644755969636,0.0190468749777246,0.00481835937499985));
#3399=CARTESIAN_POINT('',(0.005,0.019046875,0.004818359375));
#3400=CARTESIAN_POINT('',(-0.00108506944444444,0.025,0.00487239583333333));
#3401=CARTESIAN_POINT('',(-0.00108506946670739,0.0247646319186561,0.00487239583333255));
#3402=CARTESIAN_POINT('',(-0.00108218720604488,0.024331063278311,0.00487239583333367));
#3403=CARTESIAN_POINT('',(-0.00104794993309842,0.0239175779339581,0.00487239583333345));
#3404=CARTESIAN_POINT('',(-0.000995323351753777,0.0235089386313225,0.00487239583333322));
#3405=CARTESIAN_POINT('',(-0.000959611043127495,0.0233064016097829,0.00487239583333316));
#3406=CARTESIAN_POINT('',(-0.000868720225259478,0.0229061011307854,0.00487239583333321));
#3407=CARTESIAN_POINT('',(-0.000703491243166573,0.0223137713450321,0.00487239583333344));
#3408=CARTESIAN_POINT('',(-0.000283999143149466,0.0213930322489566,0.00487239583333331));
#3409=CARTESIAN_POINT('',(0.000446699524835946,0.0204476069880055,0.00487239583333334));
#3410=CARTESIAN_POINT('',(0.00138661242430823,0.01972001135334,0.00487239583333333));
#3411=CARTESIAN_POINT('',(0.00231098538348734,0.0192974173955655,0.00487239583333334));
#3412=CARTESIAN_POINT('',(0.00290404512577019,0.019131723385751,0.0048723958333333));
#3413=CARTESIAN_POINT('',(0.00330476459959254,0.0190406429385251,0.00487239583333329));
#3414=CARTESIAN_POINT('',(0.00350749329188275,0.0190048872923625,0.0048723958333333));
#3415=CARTESIAN_POINT('',(0.00391662297896996,0.0189521481597453,0.00487239583333333));
#3416=CARTESIAN_POINT('',(0.00433064177164868,0.0189178073290018,0.00487239583333337));
#3417=CARTESIAN_POINT('',(0.00476447558985539,0.0189149305332782,0.00487239583333324));
#3418=CARTESIAN_POINT('',(0.005,0.0189149305555556,0.00487239583333333));
#3419=CARTESIAN_POINT('',(-0.00135243055555556,0.025,0.00495052083333333));
#3420=CARTESIAN_POINT('',(-0.00135243057782236,0.0247646319042625,0.00495052083333272));
#3421=CARTESIAN_POINT('',(-0.00134959513300317,0.0243202628462688,0.0049505208333336));
#3422=CARTESIAN_POINT('',(-0.00131415663390492,0.0238915577842712,0.00495052083333342));
#3423=CARTESIAN_POINT('',(-0.00125947579264553,0.0234667896108858,0.00495052083333324));
#3424=CARTESIAN_POINT('',(-0.00122229487103872,0.0232558101570681,0.0049505208333332));
#3425=CARTESIAN_POINT('',(-0.00112750450981467,0.0228384035201081,0.00495052083333324));
#3426=CARTESIAN_POINT('',(-0.000955005185807784,0.022219967687828,0.00495052083333342));
#3427=CARTESIAN_POINT('',(-0.000516088440971771,0.0212554845035028,0.00495052083333332));
#3428=CARTESIAN_POINT('',(0.000255512410800538,0.0202564860901399,0.00495052083333333));
#3429=CARTESIAN_POINT('',(0.00124873272295328,0.019488126030603,0.00495052083333333));
#3430=CARTESIAN_POINT('',(0.00221705691986714,0.0190459432151611,0.00495052083333334));
#3431=CARTESIAN_POINT('',(0.00283626021336865,0.0188729569868407,0.00495052083333332));
#3432=CARTESIAN_POINT('',(0.00325410604475087,0.0187779688224076,0.00495052083333331));
#3433=CARTESIAN_POINT('',(0.00346528571936928,0.0187407432000463,0.00495052083333331));
#3434=CARTESIAN_POINT('',(0.00389056679571759,0.0186859452764059,0.00495052083333331));
#3435=CARTESIAN_POINT('',(0.00431982983489726,0.018650398809988,0.00495052083333333));
#3436=CARTESIAN_POINT('',(0.00476447557545191,0.018647569422163,0.00495052083333334));
#3437=CARTESIAN_POINT('',(0.005,0.0186475694444444,0.00495052083333333));
#3438=CARTESIAN_POINT('',(-0.00148741319444444,0.025,0.00497439236111111));
#3439=CARTESIAN_POINT('',(-0.00148741321671319,0.0247646318969956,0.00497439236111058));
#3440=CARTESIAN_POINT('',(-0.00148460140781491,0.024314810030741,0.00497439236111134));
#3441=CARTESIAN_POINT('',(-0.00144855644551341,0.0238784209879195,0.00497439236111119));
#3442=CARTESIAN_POINT('',(-0.00139283846978406,0.023445509829464,0.00497439236111104));
#3443=CARTESIAN_POINT('',(-0.00135491608935104,0.0232302680437655,0.004974392361111));
#3444=CARTESIAN_POINT('',(-0.0012581569651664,0.0228042250186135,0.00497439236111103));
#3445=CARTESIAN_POINT('',(-0.0010819870626932,0.0221726090232331,0.00497439236111118));
#3446=CARTESIAN_POINT('',(-0.000633263394904784,0.0211860407553922,0.0049743923611111));
#3447=CARTESIAN_POINT('',(0.000158987747707986,0.0201599948576136,0.00497439236111111));
#3448=CARTESIAN_POINT('',(0.00117912138022375,0.0193710540575979,0.00497439236111111));
#3449=CARTESIAN_POINT('',(0.0021696352442407,0.0189189814130414,0.00497439236111111));
#3450=CARTESIAN_POINT('',(0.00280203763584126,0.0187423135614168,0.0049743923611111));
#3451=CARTESIAN_POINT('',(0.00322853005358892,0.0186453525072899,0.0049743923611111));
#3452=CARTESIAN_POINT('',(0.00344397637675289,0.0186073847378542,0.00497439236111109));
#3453=CARTESIAN_POINT('',(0.00387741180709505,0.0185515473921225,0.00497439236111109));
#3454=CARTESIAN_POINT('',(0.00431437121098542,0.0185153922362652,0.00497439236111109));
#3455=CARTESIAN_POINT('',(0.00476447556818001,0.018512586783272,0.00497439236111116));
#3456=CARTESIAN_POINT('',(0.005,0.0185125868055556,0.00497439236111111));
#3457=CARTESIAN_POINT('',(-0.00168353949652778,0.025,0.00499302842881944));
#3458=CARTESIAN_POINT('',(-0.00168353951879931,0.0247646318864366,0.00499302842881907));
#3459=CARTESIAN_POINT('',(-0.00168076205228616,0.0243068872300446,0.00499302842881961));
#3460=CARTESIAN_POINT('',(-0.00164383591455065,0.0238593335607445,0.0049930284288195));
#3461=CARTESIAN_POINT('',(-0.00158661100911516,0.0234145908544479,0.00499302842881939));
#3462=CARTESIAN_POINT('',(-0.00154761130808055,0.0231931560101688,0.00499302842881936));
#3463=CARTESIAN_POINT('',(-0.00144799162195759,0.0227545645351316,0.00499302842881939));
#3464=CARTESIAN_POINT('',(-0.00126648846339288,0.022103798101806,0.0049930284288195));
#3465=CARTESIAN_POINT('',(-0.000803515588822727,0.0210851407757218,0.00499302842881944));
#3466=CARTESIAN_POINT('',(1.87398951840415E-5,0.0200197955788424,0.00499302842881944));
#3467=CARTESIAN_POINT('',(0.00107797788988322,0.0192009514923191,0.00499302842881944));
#3468=CARTESIAN_POINT('',(0.00210073276940567,0.0187345091804598,0.00499302842881945));
#3469=CARTESIAN_POINT('',(0.00275231311101748,0.0185524920248785,0.00499302842881944));
#3470=CARTESIAN_POINT('',(0.00319136879633391,0.0184526644127761,0.00499302842881944));
#3471=CARTESIAN_POINT('',(0.00341301445008158,0.0184136183227319,0.00499302842881943));
#3472=CARTESIAN_POINT('',(0.0038582979470185,0.018356270723439,0.00499302842881942));
#3473=CARTESIAN_POINT('',(0.00430643997085629,0.0183192311574837,0.00499302842881942));
#3474=CARTESIAN_POINT('',(0.00476447555761412,0.0183164604811859,0.0049930284288195));
#3475=CARTESIAN_POINT('',(0.005,0.0183164605034722,0.00499302842881944));
#3476=CARTESIAN_POINT('',(-0.00174793836805556,0.025,0.0049964599609375));
#3477=CARTESIAN_POINT('',(-0.001747938390328,0.0247646318829694,0.00499645996093718));
#3478=CARTESIAN_POINT('',(-0.00174517220027714,0.0243042857461091,0.00499645996093764));
#3479=CARTESIAN_POINT('',(-0.00170795672499248,0.0238530661261507,0.00499645996093755));
#3480=CARTESIAN_POINT('',(-0.00165023701303937,0.0234044384828451,0.00499645996093745));
#3481=CARTESIAN_POINT('',(-0.00161088356938952,0.023180970122512,0.00499645996093743));
#3482=CARTESIAN_POINT('',(-0.00151032460608239,0.0227382583127545,0.00499645996093745));
#3483=CARTESIAN_POINT('',(-0.00132707025111916,0.0220812037549917,0.00499645996093755));
#3484=CARTESIAN_POINT('',(-0.000859418591362311,0.0210520098557028,0.0049964599609375));
#3485=CARTESIAN_POINT('',(-2.73110594344707E-5,0.0199737605736139,0.0049964599609375));
#3486=CARTESIAN_POINT('',(0.00104476701214208,0.0191450976209537,0.0049964599609375));
#3487=CARTESIAN_POINT('',(0.00207810836065624,0.0186739369702041,0.0049964599609375));
#3488=CARTESIAN_POINT('',(0.00273598586040453,0.0184901633488423,0.0049964599609375));
#3489=CARTESIAN_POINT('',(0.00317916674588807,0.0183893944907324,0.00499645996093749));
#3490=CARTESIAN_POINT('',(0.00340284797512754,0.0183499943297166,0.00499645996093749));
#3491=CARTESIAN_POINT('',(0.00385202183307358,0.0182921508325048,0.00499645996093748));
#3492=CARTESIAN_POINT('',(0.00430383571579868,0.0182548208668852,0.00499645996093748));
#3493=CARTESIAN_POINT('',(0.00476447555414476,0.0182520616096572,0.00499645996093755));
#3494=CARTESIAN_POINT('',(0.005,0.0182520616319444,0.0049964599609375));
#3495=CARTESIAN_POINT('',(-0.00187492540147569,0.025,0.00499994913736979));
#3496=CARTESIAN_POINT('',(-0.00187492542374992,0.0247646318761326,0.00499994913736961));
#3497=CARTESIAN_POINT('',(-0.00187218146956222,0.0242991559244273,0.00499994913736987));
#3498=CARTESIAN_POINT('',(-0.00183439545451263,0.0238407074790605,0.00499994913736982));
#3499=CARTESIAN_POINT('',(-0.00177570004204956,0.0233844191949068,0.00499994913736977));
#3500=CARTESIAN_POINT('',(-0.0017356490593864,0.0231569409790438,0.00499994913736975));
#3501=CARTESIAN_POINT('',(-0.00163323795146326,0.0227061043517171,0.00499994913736976));
#3502=CARTESIAN_POINT('',(-0.00144653044227067,0.0220366503489155,0.00499994913736982));
#3503=CARTESIAN_POINT('',(-0.000969652766020452,0.0209866795611202,0.00499994913736979));
#3504=CARTESIAN_POINT('',(-0.000118118149286161,0.0198829849340914,0.00499994913736979));
#3505=CARTESIAN_POINT('',(0.000979279050294696,0.0190349603272176,0.00499994913736979));
#3506=CARTESIAN_POINT('',(0.00203349567596448,0.0185544956647031,0.00499994913736979));
#3507=CARTESIAN_POINT('',(0.00270379043414847,0.0183672584985076,0.00499994913736979));
#3508=CARTESIAN_POINT('',(0.00315510573129264,0.0182646336134927,0.00499994913736979));
#3509=CARTESIAN_POINT('',(0.00338280087703209,0.0182245352659834,0.00499994913736979));
#3510=CARTESIAN_POINT('',(0.00383964607131931,0.018165713916146,0.00499994913736978));
#3511=CARTESIAN_POINT('',(0.00429870042978839,0.0181278113163948,0.00499994913736978));
#3512=CARTESIAN_POINT('',(0.00476447554730359,0.0181250745762353,0.00499994913736983));
#3513=CARTESIAN_POINT('',(0.005,0.0181250745985243,0.00499994913736979));
#3514=CARTESIAN_POINT('',(-0.0019375,0.025,0.005));
#3515=CARTESIAN_POINT('',(-0.00193750002227509,0.0247646318727636,0.00499999999999989));
#3516=CARTESIAN_POINT('',(-0.00193476702511327,0.0242966281345924,0.00500000000000004));
#3517=CARTESIAN_POINT('',(-0.00189669986878672,0.0238346175865797,0.00500000000000002));
#3518=CARTESIAN_POINT('',(-0.001837523666545,0.023374554416813,0.00499999999999998));
#3519=CARTESIAN_POINT('',(-0.00179712896198727,0.0231451002897631,0.00499999999999998));
#3520=CARTESIAN_POINT('',(-0.00169380518445815,0.0226902600473918,0.00499999999999998));
#3521=CARTESIAN_POINT('',(-0.00150539608626293,0.022014696048362,0.00500000000000001));
#3522=CARTESIAN_POINT('',(-0.00102397216412836,0.0209544871644253,0.005));
#3523=CARTESIAN_POINT('',(-0.000162864585497725,0.01983825399546,0.005));
#3524=CARTESIAN_POINT('',(0.00094700896089732,0.0189806886685099,0.005));
#3525=CARTESIAN_POINT('',(0.00201151216506189,0.0184956393268735,0.005));
#3526=CARTESIAN_POINT('',(0.00268792569726919,0.018306695451563,0.005));
#3527=CARTESIAN_POINT('',(0.00314324933707784,0.0182031559838911,0.005));
#3528=CARTESIAN_POINT('',(0.00337292239510276,0.0181627135954324,0.005));
#3529=CARTESIAN_POINT('',(0.00383354774535367,0.0181034103953319,0.00499999999999999));
#3530=CARTESIAN_POINT('',(0.00429616994733087,0.0180652256222759,0.00499999999999999));
#3531=CARTESIAN_POINT('',(0.00476447554393251,0.0180624999777101,0.00500000000000002));
#3532=CARTESIAN_POINT('',(0.005,0.0180625,0.005));
#3533=CARTESIAN_POINT('',(-0.002,0.025,0.005));
#3534=CARTESIAN_POINT('',(-0.00200000002227595,0.0247646318693986,0.005));
#3535=CARTESIAN_POINT('',(-0.00199727796907757,0.024294103358271,0.005));
#3536=CARTESIAN_POINT('',(-0.0019589300066376,0.0238285349541854,0.005));
#3537=CARTESIAN_POINT('',(-0.00189927358779242,0.0233647013990485,0.005));
#3538=CARTESIAN_POINT('',(-0.00185853557110936,0.0231332737164011,0.005));
#3539=CARTESIAN_POINT('',(-0.0017543002120165,0.0226744346319088,0.005));
#3540=CARTESIAN_POINT('',(-0.00156419155337386,0.021992767920704,0.005));
#3541=CARTESIAN_POINT('',(-0.00107822680517773,0.0209223331460075,0.005));
#3542=CARTESIAN_POINT('',(-0.000207557677090418,0.0197935763829719,0.005));
#3543=CARTESIAN_POINT('',(0.00091477734239876,0.018926481709948,0.005));
#3544=CARTESIAN_POINT('',(0.00198955486187795,0.018436853154831,0.005));
#3545=CARTESIAN_POINT('',(0.0026720798735909,0.0182462046050645,0.005));
#3546=CARTESIAN_POINT('',(0.00313140707750446,0.0181417516450584,0.005));
#3547=CARTESIAN_POINT('',(0.00336305568983986,0.0181009656258001,0.005));
#3548=CARTESIAN_POINT('',(0.00382745668952844,0.0180411811498759,0.005));
#3549=CARTESIAN_POINT('',(0.00429364248159677,0.0180027145399091,0.005));
#3550=CARTESIAN_POINT('',(0.00476447554056545,0.0179999999777092,0.005));
#3551=CARTESIAN_POINT('',(0.005,0.018,0.005));
#3552=CARTESIAN_POINT('',(-0.002,0.025,0.005));
#3553=CARTESIAN_POINT('',(-0.00175,0.025,0.005));
#3554=CARTESIAN_POINT('',(-0.00121354166666667,0.025,0.00497395833333334));
#3555=CARTESIAN_POINT('',(-0.000440104166666667,0.025,0.00455989583333333));
#3556=CARTESIAN_POINT('',(-2.60416666666665E-5,0.025,0.00378645833333333));
#3557=CARTESIAN_POINT('',(5.42101086242753E-20,0.025,0.00325));
#3558=CARTESIAN_POINT('',(0.,0.025,0.003));
#3559=CARTESIAN_POINT('',(-4.57349587134333E-35,0.045,0.003));
#3560=CARTESIAN_POINT('',(-4.57349587134333E-35,0.025,0.003));
#3561=CARTESIAN_POINT('',(6.50521303491302E-20,0.045,0.0033));
#3562=CARTESIAN_POINT('',(6.50521303491302E-20,0.025,0.0033));
#3563=CARTESIAN_POINT('',(2.65461480931422E-19,0.045,0.0036));
#3564=CARTESIAN_POINT('',(2.65461480931422E-19,0.025,0.0036));
#3565=CARTESIAN_POINT('',(-0.000200000000000003,0.045,0.00433333333333335));
#3566=CARTESIAN_POINT('',(-0.000200000000000003,0.025,0.00433333333333335));
#3567=CARTESIAN_POINT('',(-0.000666666666666674,0.045,0.00480000000000001));
#3568=CARTESIAN_POINT('',(-0.000666666666666674,0.025,0.00480000000000001));
#3569=CARTESIAN_POINT('',(-0.00140000000000001,0.045,0.005));
#3570=CARTESIAN_POINT('',(-0.00140000000000001,0.025,0.005));
#3571=CARTESIAN_POINT('',(-0.00170000000000001,0.045,0.005));
#3572=CARTESIAN_POINT('',(-0.00170000000000001,0.025,0.005));
#3573=CARTESIAN_POINT('',(-0.00200000000000001,0.045,0.005));
#3574=CARTESIAN_POINT('',(-0.00200000000000001,0.025,0.005));
#3575=CARTESIAN_POINT('',(0.,0.045,0.003));
#3576=CARTESIAN_POINT('',(5.42101086242753E-20,0.045,0.00325));
#3577=CARTESIAN_POINT('',(-2.60416666666662E-5,0.045,0.00378645833333333));
#3578=CARTESIAN_POINT('',(-0.000440104166666666,0.045,0.00455989583333334));
#3579=CARTESIAN_POINT('',(-0.00121354166666667,0.045,0.00497395833333333));
#3580=CARTESIAN_POINT('',(-0.00175,0.045,0.005));
#3581=CARTESIAN_POINT('',(-0.002,0.045,0.005));
#3582=CARTESIAN_POINT('',(-0.002,0.045,0.005));
#3583=CARTESIAN_POINT('',(-0.0019999999803082,0.0452075332236616,0.005));
#3584=CARTESIAN_POINT('',(-0.00199950111910395,0.0455185169211994,0.005));
#3585=CARTESIAN_POINT('',(-0.00202914090071148,0.0458281699888846,0.005));
#3586=CARTESIAN_POINT('',(-0.00205763780757627,0.0460336199731185,0.005));
#3587=CARTESIAN_POINT('',(-0.00207631814139718,0.0461359105372836,0.005));
#3588=CARTESIAN_POINT('',(-0.00212413866698494,0.046338525226892,0.005));
#3589=CARTESIAN_POINT('',(-0.00218216563388409,0.0465389404011401,0.005));
#3590=CARTESIAN_POINT('',(-0.00230081245015548,0.0468261757183952,0.005));
#3591=CARTESIAN_POINT('',(-0.00245781759250819,0.047099689805243,0.005));
#3592=CARTESIAN_POINT('',(-0.00265412240781369,0.0473403724227667,0.005));
#3593=CARTESIAN_POINT('',(-0.00289875432885387,0.0475412973967909,0.005));
#3594=CARTESIAN_POINT('',(-0.00316871192002948,0.047696630357172,0.005));
#3595=CARTESIAN_POINT('',(-0.00345943199999523,0.0478173168781117,0.005));
#3596=CARTESIAN_POINT('',(-0.00365764030143745,0.0478748998717326,0.005));
#3597=CARTESIAN_POINT('',(-0.00380838502237958,0.0479105580067878,0.005));
#3598=CARTESIAN_POINT('',(-0.00385899191519755,0.0479211884349494,0.005));
#3599=CARTESIAN_POINT('',(-0.00406285291670833,0.0479590480249441,0.005));
#3600=CARTESIAN_POINT('',(-0.00442669123696508,0.0480008583003688,0.005));
#3601=CARTESIAN_POINT('',(-0.0047914719182393,0.0480000000197864,0.005));
#3602=CARTESIAN_POINT('',(-0.005,0.048,0.005));
#3603=CARTESIAN_POINT('',(-0.0019375,0.045,0.005));
#3604=CARTESIAN_POINT('',(-0.0019374999803074,0.0452075332224383,0.00500000000000011));
#3605=CARTESIAN_POINT('',(-0.00193691351865871,0.0455204959295486,0.00499999999999999));
#3606=CARTESIAN_POINT('',(-0.00196700299411494,0.045834973110313,0.00499999999999998));
#3607=CARTESIAN_POINT('',(-0.0019959917024081,0.0460439957935393,0.00499999999999999));
#3608=CARTESIAN_POINT('',(-0.00201501430956665,0.0461482411175797,0.005));
#3609=CARTESIAN_POINT('',(-0.00206378214486223,0.0463548958360482,0.005));
#3610=CARTESIAN_POINT('',(-0.00212301770506646,0.046559521153962,0.005));
#3611=CARTESIAN_POINT('',(-0.00224444912391465,0.046853557181632,0.005));
#3612=CARTESIAN_POINT('',(-0.00240580908218591,0.0471348674400254,0.005));
#3613=CARTESIAN_POINT('',(-0.0026095215222643,0.0473847541354662,0.005));
#3614=CARTESIAN_POINT('',(-0.00286352673160602,0.0475932824963312,0.005));
#3615=CARTESIAN_POINT('',(-0.00314119724150151,0.0477529260411955,0.005));
#3616=CARTESIAN_POINT('',(-0.00343881719221336,0.0478764551807914,0.005));
#3617=CARTESIAN_POINT('',(-0.00364119166924657,0.0479352375328835,0.005));
#3618=CARTESIAN_POINT('',(-0.00379494422038539,0.047971601484363,0.00499999999999999));
#3619=CARTESIAN_POINT('',(-0.00384653594856912,0.0479824350310008,0.00499999999999999));
#3620=CARTESIAN_POINT('',(-0.00405425678516344,0.0480209990568213,0.00499999999999997));
#3621=CARTESIAN_POINT('',(-0.00442436133523994,0.0480634694319676,0.00499999999999992));
#3622=CARTESIAN_POINT('',(-0.00479147191946851,0.0480625000197875,0.00500000000000025));
#3623=CARTESIAN_POINT('',(-0.005,0.0480625,0.005));
#3624=CARTESIAN_POINT('',(-0.00187492540147569,0.045,0.00499994913736979));
#3625=CARTESIAN_POINT('',(-0.00187492538178229,0.0452075332212136,0.00499994913736999));
#3626=CARTESIAN_POINT('',(-0.00187425121513134,0.0455224772999955,0.00499994913736977));
#3627=CARTESIAN_POINT('',(-0.00190479092118024,0.0458417843517865,0.00499994913736976));
#3628=CARTESIAN_POINT('',(-0.00193427201790435,0.0460543839982943,0.00499994913736978));
#3629=CARTESIAN_POINT('',(-0.0019536373069299,0.0461605864153653,0.00499994913736979));
#3630=CARTESIAN_POINT('',(-0.00200335358261981,0.0463712859847769,0.00499994913736979));
#3631=CARTESIAN_POINT('',(-0.00206379917867753,0.0465801264714847,0.00499994913736979));
#3632=CARTESIAN_POINT('',(-0.00218801852373842,0.0468809713267369,0.00499994913736979));
#3633=CARTESIAN_POINT('',(-0.00235373849573368,0.0471700870620021,0.00499994913736979));
#3634=CARTESIAN_POINT('',(-0.00256486740215099,0.04742918882113,0.00499994913736979));
#3635=CARTESIAN_POINT('',(-0.00282825708752985,0.0476453296440589,0.00499994913736979));
#3636=CARTESIAN_POINT('',(-0.0031136497221029,0.0478092889184182,0.00499994913736979));
#3637=CARTESIAN_POINT('',(-0.00341817777908365,0.0479356640695528,0.00499994913736979));
#3638=CARTESIAN_POINT('',(-0.00362472340435667,0.047995647211642,0.00499994913736979));
#3639=CARTESIAN_POINT('',(-0.00378148737576729,0.0480327178219917,0.00499994913736978));
#3640=CARTESIAN_POINT('',(-0.00383406511479301,0.0480437547295431,0.00499994913736977));
#3641=CARTESIAN_POINT('',(-0.00404565039347891,0.0480830240319875,0.00499994913736974));
#3642=CARTESIAN_POINT('',(-0.00442202865259912,0.0481261552947348,0.00499994913736966));
#3643=CARTESIAN_POINT('',(-0.00479147192069919,0.0481250746183128,0.00499994913737021));
#3644=CARTESIAN_POINT('',(-0.005,0.0481250745985243,0.00499994913736979));
#3645=CARTESIAN_POINT('',(-0.00174793836805556,0.045,0.0049964599609375));
#3646=CARTESIAN_POINT('',(-0.00174793834836053,0.045207533218728,0.00499645996093783));
#3647=CARTESIAN_POINT('',(-0.00174708619578052,0.0455264982343856,0.00499645996093746));
#3648=CARTESIAN_POINT('',(-0.00177853958643412,0.0458556068831174,0.00499645996093745));
#3649=CARTESIAN_POINT('',(-0.00180901992162897,0.0460754655127669,0.00499645996093747));
#3650=CARTESIAN_POINT('',(-0.00182908063906677,0.0461856395963597,0.00499645996093749));
#3651=CARTESIAN_POINT('',(-0.00188072165154909,0.0464045476662492,0.0049964599609375));
#3652=CARTESIAN_POINT('',(-0.00194362285846157,0.0466219422914273,0.0049964599609375));
#3653=CARTESIAN_POINT('',(-0.00207349993825019,0.0469366047793312,0.0049964599609375));
#3654=CARTESIAN_POINT('',(-0.00224806799271884,0.0472415607177422,0.0049964599609375));
#3655=CARTESIAN_POINT('',(-0.00247424765584973,0.047519363253671,0.0049964599609375));
#3656=CARTESIAN_POINT('',(-0.00275668191842545,0.0477509525812217,0.0049964599609375));
#3657=CARTESIAN_POINT('',(-0.00305774560367449,0.0479236700689542,0.0049964599609375));
#3658=CARTESIAN_POINT('',(-0.0033762927665277,0.0480558208314533,0.0049964599609375));
#3659=CARTESIAN_POINT('',(-0.00359130319626486,0.0481182408211309,0.0049964599609375));
#3660=CARTESIAN_POINT('',(-0.00375417845461481,0.0481567455040224,0.00499645996093748));
#3661=CARTESIAN_POINT('',(-0.00380875717478461,0.0481681951061773,0.00499645996093747));
#3662=CARTESIAN_POINT('',(-0.00402818483757852,0.048208895676074,0.00499645996093742));
#3663=CARTESIAN_POINT('',(-0.00441729477566733,0.048253368124508,0.0049964599609373));
#3664=CARTESIAN_POINT('',(-0.00479147192319672,0.0482520616517351,0.00499645996093814));
#3665=CARTESIAN_POINT('',(-0.005,0.0482520616319444,0.0049964599609375));
#3666=CARTESIAN_POINT('',(-0.00168353949652778,0.045,0.00499302842881944));
#3667=CARTESIAN_POINT('',(-0.00168353947683193,0.0452075332174676,0.00499302842881982));
#3668=CARTESIAN_POINT('',(-0.00168259706233564,0.0455285373688565,0.0049930284288194));
#3669=CARTESIAN_POINT('',(-0.00171451380941147,0.0458626166966031,0.00499302842881939));
#3670=CARTESIAN_POINT('',(-0.00174550088791838,0.0460861565707873,0.00499302842881941));
#3671=CARTESIAN_POINT('',(-0.00176591427762334,0.0461983448036613,0.00499302842881943));
#3672=CARTESIAN_POINT('',(-0.00181853138092439,0.0464214156463433,0.00499302842881944));
#3673=CARTESIAN_POINT('',(-0.00188267790055659,0.0466431483275382,0.00499302842881945));
#3674=CARTESIAN_POINT('',(-0.0020154241845628,0.0469648181446629,0.00499302842881944));
#3675=CARTESIAN_POINT('',(-0.00219447936272531,0.0472778071174703,0.00499302842881944));
#3676=CARTESIAN_POINT('',(-0.0024282917086734,0.0475650933691001,0.00499302842881945));
#3677=CARTESIAN_POINT('',(-0.0027203840382751,0.0478045170891682,0.00499302842881945));
#3678=CARTESIAN_POINT('',(-0.00302939497571207,0.0479816761253221,0.00499302842881944));
#3679=CARTESIAN_POINT('',(-0.00335505164080107,0.0481167558707595,0.00499302842881945));
#3680=CARTESIAN_POINT('',(-0.00357435482264457,0.0481804116577507,0.00499302842881944));
#3681=CARTESIAN_POINT('',(-0.00374032929492114,0.048219643601142,0.00499302842881943));
#3682=CARTESIAN_POINT('',(-0.00379592277167007,0.0482313024929073,0.00499302842881941));
#3683=CARTESIAN_POINT('',(-0.00401932753884259,0.0482727289007601,0.00499302842881936));
#3684=CARTESIAN_POINT('',(-0.00441489408699741,0.0483178815040287,0.00499302842881922));
#3685=CARTESIAN_POINT('',(-0.0047914719244633,0.0483164605232639,0.00499302842882015));
#3686=CARTESIAN_POINT('',(-0.005,0.0483164605034722,0.00499302842881944));
#3687=CARTESIAN_POINT('',(-0.00148741319444444,0.045,0.00497439236111111));
#3688=CARTESIAN_POINT('',(-0.0014874131747461,0.0452075332136286,0.00497439236111159));
#3689=CARTESIAN_POINT('',(-0.00148619586823013,0.0455347475382858,0.00497439236111105));
#3690=CARTESIAN_POINT('',(-0.00151952376397181,0.045883965033377,0.00497439236111104));
#3691=CARTESIAN_POINT('',(-0.00155205412560682,0.0461187161114307,0.00497439236111107));
#3692=CARTESIAN_POINT('',(-0.00157354157617598,0.0462370384215176,0.00497439236111109));
#3693=CARTESIAN_POINT('',(-0.00162913135707579,0.0464727869589297,0.00497439236111111));
#3694=CARTESIAN_POINT('',(-0.00169707046767833,0.0467077311586592,0.00497439236111111));
#3695=CARTESIAN_POINT('',(-0.00183855489258311,0.0470507417467472,0.00497439236111111));
#3696=CARTESIAN_POINT('',(-0.00203127557382335,0.0473881952682848,0.00497439236111111));
#3697=CARTESIAN_POINT('',(-0.00228833320063429,0.04770436410817,0.00497439236111111));
#3698=CARTESIAN_POINT('',(-0.00260983910420306,0.0479676474145485,0.00497439236111111));
#3699=CARTESIAN_POINT('',(-0.00294305334126883,0.0481583331546145,0.00497439236111111));
#3700=CARTESIAN_POINT('',(-0.00329036194450638,0.0483023330966161,0.00497439236111111));
#3701=CARTESIAN_POINT('',(-0.00352273867214975,0.0483697524954767,0.00497439236111111));
#3702=CARTESIAN_POINT('',(-0.00369815177824666,0.0484111993055121,0.00497439236111109));
#3703=CARTESIAN_POINT('',(-0.00375683568889074,0.0484234955872872,0.00497439236111108));
#3704=CARTESIAN_POINT('',(-0.00399235269896865,0.0484671325294374,0.00497439236111102));
#3705=CARTESIAN_POINT('',(-0.00440758280684428,0.0485143565393846,0.00497439236111087));
#3706=CARTESIAN_POINT('',(-0.00479147192832069,0.0485125868253502,0.00497439236111188));
#3707=CARTESIAN_POINT('',(-0.005,0.0485125868055555,0.00497439236111111));
#3708=CARTESIAN_POINT('',(-0.00135243055555556,0.045,0.00495052083333333));
#3709=CARTESIAN_POINT('',(-0.00135243053585551,0.0452075332109864,0.00495052083333383));
#3710=CARTESIAN_POINT('',(-0.00135102403671297,0.0455390216465956,0.00495052083333327));
#3711=CARTESIAN_POINT('',(-0.00138532314625289,0.0458986578859063,0.00495052083333326));
#3712=CARTESIAN_POINT('',(-0.00141891566236169,0.0461411250013673,0.00495052083333329));
#3713=CARTESIAN_POINT('',(-0.00144114232826422,0.046263669049796,0.00495052083333332));
#3714=CARTESIAN_POINT('',(-0.00149877803499134,0.0465081429273155,0.00495052083333333));
#3715=CARTESIAN_POINT('',(-0.00156932737141245,0.0467521798678789,0.00495052083333334));
#3716=CARTESIAN_POINT('',(-0.00171682576438243,0.0471098781013768,0.00495052083333333));
#3717=CARTESIAN_POINT('',(-0.00191895163833564,0.0474641691878496,0.00495052083333333));
#3718=CARTESIAN_POINT('',(-0.00219200767698247,0.0478002162793473,0.00495052083333333));
#3719=CARTESIAN_POINT('',(-0.00253375727959137,0.0480799207892501,0.00495052083333333));
#3720=CARTESIAN_POINT('',(-0.00288362927861468,0.0482799161944152,0.00495052083333333));
#3721=CARTESIAN_POINT('',(-0.00324583968603303,0.0484300554030978,0.00495052083333333));
#3722=CARTESIAN_POINT('',(-0.00348721419568195,0.0485000650831011,0.00495052083333333));
#3723=CARTESIAN_POINT('',(-0.00366912337949531,0.048543036260553,0.00495052083333332));
#3724=CARTESIAN_POINT('',(-0.00372993426096405,0.0485557712218147,0.00495052083333331));
#3725=CARTESIAN_POINT('',(-0.003973787442646,0.0486009295496723,0.00495052083333325));
#3726=CARTESIAN_POINT('',(-0.00440255086631287,0.0486495791916572,0.00495052083333312));
#3727=CARTESIAN_POINT('',(-0.00479147193097556,0.0486475694642411,0.00495052083333399));
#3728=CARTESIAN_POINT('',(-0.005,0.0486475694444444,0.00495052083333333));
#3729=CARTESIAN_POINT('',(-0.00108506944444444,0.045,0.00487239583333333));
#3730=CARTESIAN_POINT('',(-0.00108506942474106,0.0452075332057528,0.00487239583333383));
#3731=CARTESIAN_POINT('',(-0.00108328819036387,0.045547487404534,0.00487239583333327));
#3732=CARTESIAN_POINT('',(-0.00111951099025657,0.0459277601275721,0.00487239583333326));
#3733=CARTESIAN_POINT('',(-0.00115520732358677,0.0461855104553896,0.00487239583333329));
#3734=CARTESIAN_POINT('',(-0.00117889815876696,0.0463164165321737,0.00487239583333331));
#3735=CARTESIAN_POINT('',(-0.00124058624591087,0.0465781727553724,0.00487239583333334));
#3736=CARTESIAN_POINT('',(-0.00131630567591478,0.0468402197549506,0.00487239583333334));
#3737=CARTESIAN_POINT('',(-0.00147571597990777,0.0472270099163343,0.00487239583333333));
#3738=CARTESIAN_POINT('',(-0.00169647078862364,0.0476146512921965,0.00487239583333333));
#3739=CARTESIAN_POINT('',(-0.00200121499991006,0.0479900713836728,0.00487239583333333));
#3740=CARTESIAN_POINT('',(-0.00238306144691998,0.0483023014928392,0.00487239583333333));
#3741=CARTESIAN_POINT('',(-0.00276592759824503,0.0485207366205157,0.00487239583333333));
#3742=CARTESIAN_POINT('',(-0.00315765411941057,0.0486830359201162,0.00487239583333333));
#3743=CARTESIAN_POINT('',(-0.00341685060242097,0.0487581761891352,0.00487239583333333));
#3744=CARTESIAN_POINT('',(-0.00361162661540904,0.0488041666924024,0.00487239583333332));
#3745=CARTESIAN_POINT('',(-0.00367665040372018,0.0488177705493677,0.00487239583333332));
#3746=CARTESIAN_POINT('',(-0.0039370151021484,0.0488659422971472,0.00487239583333328));
#3747=CARTESIAN_POINT('',(-0.00439258406448859,0.0489174156990527,0.0048723958333332));
#3748=CARTESIAN_POINT('',(-0.00479147193623411,0.0489149305753557,0.00487239583333378));
#3749=CARTESIAN_POINT('',(-0.005,0.0489149305555555,0.00487239583333333));
#3750=CARTESIAN_POINT('',(-0.000953125,0.045,0.004818359375));
#3751=CARTESIAN_POINT('',(-0.000953124980294973,0.0452075332031699,0.00481835937500049));
#3752=CARTESIAN_POINT('',(-0.000951158811646133,0.0455516653110491,0.00481835937499994));
#3753=CARTESIAN_POINT('',(-0.000988330965219425,0.0459421222728098,0.00481835937499993));
#3754=CARTESIAN_POINT('',(-0.00102506554600954,0.0462074149651669,0.00481835937499996));
#3755=CARTESIAN_POINT('',(-0.00104947895823585,0.0463424477572433,0.00481835937499998));
#3756=CARTESIAN_POINT('',(-0.0011131669214296,0.0466127329302576,0.004818359375));
#3757=CARTESIAN_POINT('',(-0.00119143782618865,0.0468836680109081,0.004818359375));
#3758=CARTESIAN_POINT('',(-0.00135672673562157,0.0472848152276121,0.004818359375));
#3759=CARTESIAN_POINT('',(-0.00158667504460993,0.0476889151878482,0.004818359375));
#3760=CARTESIAN_POINT('',(-0.00190705757486134,0.0480837661104827,0.004818359375));
#3761=CARTESIAN_POINT('',(-0.00230869207495229,0.0484120478140909,0.004818359375));
#3762=CARTESIAN_POINT('',(-0.00270784105468598,0.0486395830645652,0.004818359375));
#3763=CARTESIAN_POINT('',(-0.00311413396964883,0.0488078834479954,0.004818359375));
#3764=CARTESIAN_POINT('',(-0.00338212571224023,0.0488855556960092,0.004818359375));
#3765=CARTESIAN_POINT('',(-0.00358325158897685,0.0489330362561723,0.00481835937499999));
#3766=CARTESIAN_POINT('',(-0.00365035447417126,0.0489470689188094,0.00481835937499999));
#3767=CARTESIAN_POINT('',(-0.00391886771333141,0.0489967278088881,0.00481835937499996));
#3768=CARTESIAN_POINT('',(-0.0043876653830688,0.0490495947546505,0.00481835937499989));
#3769=CARTESIAN_POINT('',(-0.00479147193882926,0.0490468750198017,0.00481835937500033));
#3770=CARTESIAN_POINT('',(-0.005,0.049046875,0.004818359375));
#3771=CARTESIAN_POINT('',(-0.000708984375,0.045,0.0046806640625));
#3772=CARTESIAN_POINT('',(-0.000708984355291937,0.0452075331983907,0.00468066406250047));
#3773=CARTESIAN_POINT('',(-0.000706675997406897,0.0455593958124133,0.00468066406249995));
#3774=CARTESIAN_POINT('',(-0.000745604767576681,0.0459686969658894,0.00468066406249993));
#3775=CARTESIAN_POINT('',(-0.0007842604476964,0.0462479455136856,0.00468066406249996));
#3776=CARTESIAN_POINT('',(-0.00081001086514785,0.0463906140865249,0.00468066406249999));
#3777=CARTESIAN_POINT('',(-0.000877399256887775,0.0466766806222738,0.0046806640625));
#3778=CARTESIAN_POINT('',(-0.000960391229244752,0.0469640615766189,0.0046806640625));
#3779=CARTESIAN_POINT('',(-0.00113655749249333,0.0473917740683809,0.0046806640625));
#3780=CARTESIAN_POINT('',(-0.0013835168011635,0.047826327823717,0.0046806640625));
#3781=CARTESIAN_POINT('',(-0.00173283536568402,0.048257132175715,0.0046806640625));
#3782=CARTESIAN_POINT('',(-0.00217108427320285,0.0486151146091701,0.0046806640625));
#3783=CARTESIAN_POINT('',(-0.00260036184168609,0.048859488080282,0.0046806640625));
#3784=CARTESIAN_POINT('',(-0.00303360737675088,0.0490388924428376,0.0046806640625));
#3785=CARTESIAN_POINT('',(-0.00331787324274461,0.0491212496848797,0.0046806640625));
#3786=CARTESIAN_POINT('',(-0.00353074845618704,0.0491714873404504,0.0046806640625));
#3787=CARTESIAN_POINT('',(-0.00360169835452894,0.049186313434635,0.0046806640625));
#3788=CARTESIAN_POINT('',(-0.00388528907448417,0.0492387240271587,0.00468066406249998));
#3789=CARTESIAN_POINT('',(-0.00437856420445492,0.049294169487459,0.00468066406249992));
#3790=CARTESIAN_POINT('',(-0.00479147194363109,0.0492910156448043,0.00468066406250024));
#3791=CARTESIAN_POINT('',(-0.005,0.049291015625,0.0046806640625));
#3792=CARTESIAN_POINT('',(-0.000597222222222222,0.045,0.00459722222222222));
#3793=CARTESIAN_POINT('',(-0.000597222202512768,0.0452075331962028,0.00459722222222267));
#3794=CARTESIAN_POINT('',(-0.000594757197999602,0.045562934664149,0.00459722222222217));
#3795=CARTESIAN_POINT('',(-0.000634490108211336,0.0459808622698325,0.00459722222222216));
#3796=CARTESIAN_POINT('',(-0.000674025224913052,0.0462664994981186,0.00459722222222218));
#3797=CARTESIAN_POINT('',(-0.000700387693645345,0.0464126635617072,0.00459722222222221));
#3798=CARTESIAN_POINT('',(-0.000769470059341962,0.046705954454619,0.00459722222222223));
#3799=CARTESIAN_POINT('',(-0.000854623231532656,0.0470008639644777,0.00459722222222222));
#3800=CARTESIAN_POINT('',(-0.00103576890563907,0.0474407374488218,0.00459722222222222));
#3801=CARTESIAN_POINT('',(-0.00129051547194136,0.0478892322748035,0.00459722222222222));
#3802=CARTESIAN_POINT('',(-0.00165308030992729,0.0483364953077991,0.00459722222222222));
#3803=CARTESIAN_POINT('',(-0.00210809047951311,0.048708074075362,0.00459722222222222));
#3804=CARTESIAN_POINT('',(-0.00255116024640171,0.0489601557096989,0.00459722222222222));
#3805=CARTESIAN_POINT('',(-0.00299674409200204,0.0491446432271432,0.00459722222222222));
#3806=CARTESIAN_POINT('',(-0.00328845989004217,0.0492291451553403,0.00459722222222223));
#3807=CARTESIAN_POINT('',(-0.00350671368873214,0.0492806449479199,0.00459722222222222));
#3808=CARTESIAN_POINT('',(-0.00357942466420379,0.0492958342574351,0.00459722222222222));
#3809=CARTESIAN_POINT('',(-0.00386991751981188,0.0493495045181893,0.0045972222222222));
#3810=CARTESIAN_POINT('',(-0.0043743978871339,0.0494061303651447,0.00459722222222213));
#3811=CARTESIAN_POINT('',(-0.00479147194582923,0.0494027777975831,0.00459722222222249));
#3812=CARTESIAN_POINT('',(-0.005,0.0494027777777778,0.00459722222222222));
#3813=CARTESIAN_POINT('',(-0.000402777777777778,0.045,0.00440277777777778));
#3814=CARTESIAN_POINT('',(-0.000402777758065886,0.0452075331923963,0.0044027777777782));
#3815=CARTESIAN_POINT('',(-0.000400040218836622,0.0455690915790134,0.00440277777777773));
#3816=CARTESIAN_POINT('',(-0.000441172176577651,0.0460020275364986,0.00440277777777772));
#3817=CARTESIAN_POINT('',(-0.000482237342167655,0.0462987798283167,0.00440277777777774));
#3818=CARTESIAN_POINT('',(-0.000509664661283705,0.0464510253670728,0.00440277777777777));
#3819=CARTESIAN_POINT('',(-0.000581694212737986,0.0467568852386603,0.00440277777777778));
#3820=CARTESIAN_POINT('',(-0.000670607452988892,0.0470648929732571,0.00440277777777778));
#3821=CARTESIAN_POINT('',(-0.000860416335112041,0.0475259242233364,0.00440277777777778));
#3822=CARTESIAN_POINT('',(-0.00112871121760536,0.0479986738052377,0.00440277777777778));
#3823=CARTESIAN_POINT('',(-0.00151432199932917,0.0484745717473085,0.00440277777777778));
#3824=CARTESIAN_POINT('',(-0.00199849351029756,0.0488698054961541,0.00440277777777778));
#3825=CARTESIAN_POINT('',(-0.00246555902431469,0.0491352978377719,0.00440277777777778));
#3826=CARTESIAN_POINT('',(-0.00293260913445843,0.0493286290577021,0.00440277777777777));
#3827=CARTESIAN_POINT('',(-0.00323728636767055,0.0494168623233652,0.00440277777777778));
#3828=CARTESIAN_POINT('',(-0.00346489786030577,0.0494705579892649,0.00440277777777778));
#3829=CARTESIAN_POINT('',(-0.00354067276802643,0.0494863792229282,0.00440277777777777));
#3830=CARTESIAN_POINT('',(-0.00384317399945,0.0495422410618075,0.00440277777777775));
#3831=CARTESIAN_POINT('',(-0.004367149303989,0.0496009205523416,0.00440277777777765));
#3832=CARTESIAN_POINT('',(-0.00479147194965351,0.0495972222420294,0.00440277777777817));
#3833=CARTESIAN_POINT('',(-0.005,0.0495972222222222,0.00440277777777778));
#3834=CARTESIAN_POINT('',(-0.0003193359375,0.045,0.004291015625));
#3835=CARTESIAN_POINT('',(-0.000319335917774216,0.0452075331907627,0.00429101562500041));
#3836=CARTESIAN_POINT('',(-0.000316481425882671,0.0455717336925908,0.00429101562499995));
#3837=CARTESIAN_POINT('',(-0.000358213756140485,0.0460111101760445,0.00429101562499995));
#3838=CARTESIAN_POINT('',(-0.000399935510789469,0.0463126322691216,0.00429101562499997));
#3839=CARTESIAN_POINT('',(-0.00042781978857957,0.0464674875480584,0.00429101562499999));
#3840=CARTESIAN_POINT('',(-0.000501114064278862,0.0467787411387316,0.00429101562500001));
#3841=CARTESIAN_POINT('',(-0.000591640860522363,0.0470923697074934,0.004291015625));
#3842=CARTESIAN_POINT('',(-0.000785167380460635,0.0475624803782481,0.004291015625));
#3843=CARTESIAN_POINT('',(-0.00105927624462301,0.0480456383905635,0.004291015625));
#3844=CARTESIAN_POINT('',(-0.00145477671983701,0.0485338244158257,0.004291015625));
#3845=CARTESIAN_POINT('',(-0.00195146222161075,0.0489392092141167,0.004291015625));
#3846=CARTESIAN_POINT('',(-0.00242882501773828,0.0492104564853658,0.004291015625));
#3847=CARTESIAN_POINT('',(-0.00290508693448576,0.0494075827986059,0.00429101562499999));
#3848=CARTESIAN_POINT('',(-0.0032153263014296,0.049497417291117,0.00429101562500001));
#3849=CARTESIAN_POINT('',(-0.00344695345625449,0.0495520552709581,0.004291015625));
#3850=CARTESIAN_POINT('',(-0.00352404318757979,0.0495681476818923,0.00429101562499999));
#3851=CARTESIAN_POINT('',(-0.003831697566884,0.0496249499915175,0.00429101562499996));
#3852=CARTESIAN_POINT('',(-0.00436403872338721,0.0496845107610175,0.00429101562499985));
#3853=CARTESIAN_POINT('',(-0.0047914719512946,0.0496806640823208,0.00429101562500047));
#3854=CARTESIAN_POINT('',(-0.005,0.0496806640625,0.004291015625));
#3855=CARTESIAN_POINT('',(-0.000181640625,0.045,0.004046875));
#3856=CARTESIAN_POINT('',(-0.000181640605336649,0.0452075331880669,0.00404687500000037));
#3857=CARTESIAN_POINT('',(-0.000178593118643793,0.0455760936953603,0.00404687499999996));
#3858=CARTESIAN_POINT('',(-0.00022131618066189,0.0460260983029414,0.00404687499999995));
#3859=CARTESIAN_POINT('',(-0.000264121435336675,0.0463354914984862,0.00404687499999997));
#3860=CARTESIAN_POINT('',(-0.000292759784077127,0.0464946533577733,0.00404687499999999));
#3861=CARTESIAN_POINT('',(-0.000368141101478086,0.0468148076370287,0.004046875));
#3862=CARTESIAN_POINT('',(-0.000461330579845627,0.0471377116785543,0.004046875));
#3863=CARTESIAN_POINT('',(-0.000660991927336407,0.0476228051644417,0.004046875));
#3864=CARTESIAN_POINT('',(-0.000944694995319203,0.0481231391171935,0.004046875));
#3865=CARTESIAN_POINT('',(-0.00135651539386101,0.0486316028766167,0.004046875));
#3866=CARTESIAN_POINT('',(-0.00187385142142407,0.0490537388865414,0.004046875));
#3867=CARTESIAN_POINT('',(-0.00236820674160635,0.0493344829142299,0.004046875));
#3868=CARTESIAN_POINT('',(-0.00285966993609132,0.0495378718716973,0.00404687499999999));
#3869=CARTESIAN_POINT('',(-0.00317908790863407,0.0496303487008392,0.00404687500000001));
#3870=CARTESIAN_POINT('',(-0.00341734168936104,0.0496865416824914,0.00404687499999999));
#3871=CARTESIAN_POINT('',(-0.00349660113610152,0.0497030815888192,0.00404687499999999));
#3872=CARTESIAN_POINT('',(-0.00381275921457417,0.0497614358586283,0.00404687499999995));
#3873=CARTESIAN_POINT('',(-0.00435890565864901,0.0498224509103416,0.00404687499999983));
#3874=CARTESIAN_POINT('',(-0.00479147195400271,0.0498183593947578,0.00404687500000053));
#3875=CARTESIAN_POINT('',(-0.005,0.049818359375,0.004046875));
#3876=CARTESIAN_POINT('',(-0.000127604166666667,0.045,0.00391493055555556));
#3877=CARTESIAN_POINT('',(-0.00012760414705397,0.0452075331870089,0.0039149305555559));
#3878=CARTESIAN_POINT('',(-0.000124480922419148,0.0455778047129956,0.00391493055555552));
#3879=CARTESIAN_POINT('',(-0.000167592782243825,0.0460319801683431,0.00391493055555551));
#3880=CARTESIAN_POINT('',(-0.000210823240240018,0.0463444622598917,0.00391493055555553));
#3881=CARTESIAN_POINT('',(-0.000239757512806334,0.0465053141719876,0.00391493055555555));
#3882=CARTESIAN_POINT('',(-0.000315957858393479,0.0468289613928616,0.00391493055555556));
#3883=CARTESIAN_POINT('',(-0.000410192266388409,0.0471555054544316,0.00391493055555556));
#3884=CARTESIAN_POINT('',(-0.000612261134857437,0.0476464787211985,0.00391493055555556));
#3885=CARTESIAN_POINT('',(-0.000899729304103039,0.0481535531139324,0.00391493055555556));
#3886=CARTESIAN_POINT('',(-0.0013179542115631,0.0486699745657214,0.00391493055555556));
#3887=CARTESIAN_POINT('',(-0.00184339422797019,0.0490986843371857,0.00391493055555556));
#3888=CARTESIAN_POINT('',(-0.00234441800912904,0.0493831552243752,0.00391493055555556));
#3889=CARTESIAN_POINT('',(-0.00284184671686324,0.049589001862556,0.00391493055555555));
#3890=CARTESIAN_POINT('',(-0.0031648666953857,0.0496825156370418,0.00391493055555556));
#3891=CARTESIAN_POINT('',(-0.00340572099597023,0.0497393188558119,0.00391493055555555));
#3892=CARTESIAN_POINT('',(-0.00348583191495402,0.0497560343749896,0.00391493055555554));
#3893=CARTESIAN_POINT('',(-0.00380532714250932,0.0498149976882771,0.0039149305555555));
#3894=CARTESIAN_POINT('',(-0.00435689126444915,0.0498765834512193,0.00391493055555538));
#3895=CARTESIAN_POINT('',(-0.00479147195506546,0.0498723958530401,0.00391493055555609));
#3896=CARTESIAN_POINT('',(-0.005,0.0498723958333333,0.00391493055555556));
#3897=CARTESIAN_POINT('',(-4.94791666666666E-5,0.045,0.00364756944444444));
#3898=CARTESIAN_POINT('',(-4.94791480799012E-5,0.0452075331854791,0.00364756944444475));
#3899=CARTESIAN_POINT('',(-4.62464217353304E-5,0.0455802784734322,0.00364756944444441));
#3900=CARTESIAN_POINT('',(-8.99203988686833E-5,0.0460404840701286,0.0036475694444444));
#3901=CARTESIAN_POINT('',(-0.000133765608712827,0.0463574320354177,0.00364756944444442));
#3902=CARTESIAN_POINT('',(-0.000163127723005171,0.0465207273973577,0.00364756944444444));
#3903=CARTESIAN_POINT('',(-0.0002405122057531,0.0468494246543068,0.00364756944444445));
#3904=CARTESIAN_POINT('',(-0.000336257355360326,0.0471812313954591,0.00364756944444445));
#3905=CARTESIAN_POINT('',(-0.000541806977058016,0.0476807055502445,0.00364756944444444));
#3906=CARTESIAN_POINT('',(-0.00083471866619975,0.0481975251574105,0.00364756944444445));
#3907=CARTESIAN_POINT('',(-0.00126220310462648,0.0487254517065956,0.00364756944444444));
#3908=CARTESIAN_POINT('',(-0.00179935973141034,0.0491636657116115,0.00364756944444445));
#3909=CARTESIAN_POINT('',(-0.00231002466096909,0.0494535248294029,0.00364756944444445));
#3910=CARTESIAN_POINT('',(-0.00281607820713589,0.0496629247409116,0.00364756944444444));
#3911=CARTESIAN_POINT('',(-0.0031443059051471,0.0497579377134673,0.00364756944444445));
#3912=CARTESIAN_POINT('',(-0.00338891999347749,0.0498156232027874,0.00364756944444444));
#3913=CARTESIAN_POINT('',(-0.00347026195666848,0.0498325926200736,0.00364756944444443));
#3914=CARTESIAN_POINT('',(-0.00379458197807821,0.0498924364782223,0.00364756944444439));
#3915=CARTESIAN_POINT('',(-0.00435397888729273,0.0499548473660391,0.00364756944444428));
#3916=CARTESIAN_POINT('',(-0.00479147195660198,0.0499505208520092,0.00364756944444493));
#3917=CARTESIAN_POINT('',(-0.005,0.0499505208333333,0.00364756944444444));
#3918=CARTESIAN_POINT('',(-2.56076388888888E-5,0.045,0.00351258680555556));
#3919=CARTESIAN_POINT('',(-2.56076212517299E-5,0.0452075331850117,0.00351258680555585));
#3920=CARTESIAN_POINT('',(-2.23414353364415E-5,0.0455810343446768,0.00351258680555552));
#3921=CARTESIAN_POINT('',(-6.61871705349694E-5,0.0460430824845631,0.00351258680555551));
#3922=CARTESIAN_POINT('',(-0.000110220221260244,0.046361395022384,0.00351258680555553));
#3923=CARTESIAN_POINT('',(-0.000139713065002316,0.0465254369939986,0.00351258680555555));
#3924=CARTESIAN_POINT('',(-0.000217459367454372,0.0468556773175262,0.00351258680555556));
#3925=CARTESIAN_POINT('',(-0.000313666132542451,0.0471890920996619,0.00351258680555556));
#3926=CARTESIAN_POINT('',(-0.000520279317731417,0.0476911637480086,0.00351258680555556));
#3927=CARTESIAN_POINT('',(-0.000814854304617921,0.0482109610595843,0.00351258680555556));
#3928=CARTESIAN_POINT('',(-0.00124516804417369,0.048742403055196,0.00351258680555556));
#3929=CARTESIAN_POINT('',(-0.00178590474635037,0.0491835211315752,0.00351258680555556));
#3930=CARTESIAN_POINT('',(-0.00229951558236466,0.0494750266531604,0.00351258680555556));
#3931=CARTESIAN_POINT('',(-0.00280820449583031,0.0496855122870796,0.00351258680555555));
#3932=CARTESIAN_POINT('',(-0.00313802344146309,0.0497809833479226,0.00351258680555556));
#3933=CARTESIAN_POINT('',(-0.00338378635382693,0.0498389384199229,0.00351258680555555));
#3934=CARTESIAN_POINT('',(-0.00346550446941457,0.049855985417195,0.00351258680555554));
#3935=CARTESIAN_POINT('',(-0.00379129873339093,0.0499160983307667,0.0035125868055555));
#3936=CARTESIAN_POINT('',(-0.00435308899427271,0.0499787613402108,0.00351258680555541));
#3937=CARTESIAN_POINT('',(-0.00479147195707147,0.0499743923788329,0.00351258680555601));
#3938=CARTESIAN_POINT('',(-0.005,0.0499743923611111,0.00351258680555556));
#3939=CARTESIAN_POINT('',(-6.97157118055552E-6,0.045,0.00331646050347222));
#3940=CARTESIAN_POINT('',(-6.97155744228156E-6,0.0452075331846467,0.00331646050347251));
#3941=CARTESIAN_POINT('',(-3.67924669963862E-6,0.0455816244396142,0.00331646050347219));
#3942=CARTESIAN_POINT('',(-4.76590702900021E-5,0.0460451110194682,0.00331646050347218));
#3943=CARTESIAN_POINT('',(-9.18387651679941E-5,0.0463644888542542,0.0033164605034722));
#3944=CARTESIAN_POINT('',(-0.000121433667180557,0.0465291136904671,0.00331646050347221));
#3945=CARTESIAN_POINT('',(-0.000199462435777054,0.0468605586580167,0.00331646050347222));
#3946=CARTESIAN_POINT('',(-0.000296029575619485,0.0471952288085112,0.00331646050347222));
#3947=CARTESIAN_POINT('',(-0.000503473065512102,0.047699328272854,0.00331646050347222));
#3948=CARTESIAN_POINT('',(-0.000799346558699866,0.0482214502241224,0.00331646050347222));
#3949=CARTESIAN_POINT('',(-0.00123186908220693,0.0487556366648416,0.00331646050347222));
#3950=CARTESIAN_POINT('',(-0.00177540068415004,0.0491990218969346,0.00331646050347222));
#3951=CARTESIAN_POINT('',(-0.00229131133577237,0.0494918127360206,0.00331646050347222));
#3952=CARTESIAN_POINT('',(-0.00280205763257243,0.0497031459737089,0.00331646050347222));
#3953=CARTESIAN_POINT('',(-0.00313311883629158,0.0497989746556901,0.00331646050347222));
#3954=CARTESIAN_POINT('',(-0.00337977861469064,0.0498571401860476,0.00331646050347221));
#3955=CARTESIAN_POINT('',(-0.00346179038561521,0.0498742477486452,0.0033164605034722));
#3956=CARTESIAN_POINT('',(-0.00378873556395893,0.049934570709136,0.00331646050347217));
#3957=CARTESIAN_POINT('',(-0.00435239427097186,0.0499974305460346,0.00331646050347209));
#3958=CARTESIAN_POINT('',(-0.004791471957438,0.0499930284426237,0.00331646050347264));
#3959=CARTESIAN_POINT('',(-0.005,0.0499930284288194,0.00331646050347222));
#3960=CARTESIAN_POINT('',(-3.54003906249997E-6,0.045,0.00325206163194444));
#3961=CARTESIAN_POINT('',(-3.54002705070679E-6,0.0452075331845795,0.00325206163194473));
#3962=CARTESIAN_POINT('',(-2.42904707756696E-7,0.0455817330961056,0.00325206163194441));
#3963=CARTESIAN_POINT('',(-4.42474185165787E-5,0.0460454845415431,0.0032520616319444));
#3964=CARTESIAN_POINT('',(-8.84541156179682E-5,0.0463650585336306,0.00325206163194442));
#3965=CARTESIAN_POINT('',(-0.000118067810072513,0.0465297906949842,0.00325206163194443));
#3966=CARTESIAN_POINT('',(-0.000196148590291746,0.0468614574783545,0.00325206163194444));
#3967=CARTESIAN_POINT('',(-0.000292782087330071,0.0471963587847403,0.00325206163194445));
#3968=CARTESIAN_POINT('',(-0.000500378464486406,0.0477008316387825,0.00325206163194444));
#3969=CARTESIAN_POINT('',(-0.000796491056721808,0.04822338163506,0.00325206163194444));
#3970=CARTESIAN_POINT('',(-0.00122942029226702,0.0487580734212027,0.00325206163194444));
#3971=CARTESIAN_POINT('',(-0.00177346653004762,0.049201876113555,0.00325206163194444));
#3972=CARTESIAN_POINT('',(-0.002289800655723,0.0494949036231832,0.00325206163194444));
#3973=CARTESIAN_POINT('',(-0.00280092578657225,0.04970639293348,0.00325206163194444));
#3974=CARTESIAN_POINT('',(-0.00313221573213701,0.0498022874656228,0.00325206163194444));
#3975=CARTESIAN_POINT('',(-0.00337904065399087,0.049860491748521,0.00325206163194443));
#3976=CARTESIAN_POINT('',(-0.00346110649682246,0.0498776104632621,0.00325206163194443));
#3977=CARTESIAN_POINT('',(-0.00378826359753513,0.049937972100592,0.00325206163194439));
#3978=CARTESIAN_POINT('',(-0.00435226634885022,0.050000868180319,0.00325206163194431));
#3979=CARTESIAN_POINT('',(-0.00479147195750549,0.049996459973007,0.00325206163194486));
#3980=CARTESIAN_POINT('',(-0.005,0.0499964599609375,0.00325206163194444));
#3981=CARTESIAN_POINT('',(-5.08626302083112E-8,0.045,0.00312507459852431));
#3982=CARTESIAN_POINT('',(-5.0855434101074E-8,0.0452075331845112,0.0031250745985246));
#3983=CARTESIAN_POINT('',(3.25116277588046E-6,0.0455818435778543,0.00312507459852427));
#3984=CARTESIAN_POINT('',(-4.07784560014703E-5,0.0460458643381984,0.00312507459852426));
#3985=CARTESIAN_POINT('',(-8.50126091071032E-5,0.0463656377827199,0.00312507459852428));
#3986=CARTESIAN_POINT('',(-0.000114645411847815,0.0465304790721069,0.0031250745985243));
#3987=CARTESIAN_POINT('',(-0.000192779077480317,0.0468623713974529,0.00312507459852431));
#3988=CARTESIAN_POINT('',(-0.00028948004635378,0.0471975077427836,0.00312507459852431));
#3989=CARTESIAN_POINT('',(-0.000497231879060948,0.0477023602588818,0.00312507459852431));
#3990=CARTESIAN_POINT('',(-0.000793587586823854,0.0482253454906477,0.00312507459852431));
#3991=CARTESIAN_POINT('',(-0.00122693036652807,0.0487605511112178,0.00312507459852431));
#3992=CARTESIAN_POINT('',(-0.00177149988521414,0.0492047782765034,0.00312507459852431));
#3993=CARTESIAN_POINT('',(-0.00228826459863724,0.0494980464323586,0.00312507459852431));
#3994=CARTESIAN_POINT('',(-0.00279977492734874,0.0497096944370597,0.00312507459852431));
#3995=CARTESIAN_POINT('',(-0.00313129745726046,0.0498056559254858,0.00312507459852431));
#3996=CARTESIAN_POINT('',(-0.00337829029671809,0.0498638996119644,0.0031250745985243));
#3997=CARTESIAN_POINT('',(-0.00346041111977924,0.0498810296662274,0.00312507459852429));
#3998=CARTESIAN_POINT('',(-0.00378778370282161,0.0499414306303409,0.00312507459852426));
#3999=CARTESIAN_POINT('',(-0.0043521362778392,0.0500043635623815,0.00312507459852418));
#4000=CARTESIAN_POINT('',(-0.00479147195757411,0.0499999491446005,0.0031250745985247));
#4001=CARTESIAN_POINT('',(-0.005,0.0499999491373698,0.00312507459852431));
#4002=CARTESIAN_POINT('',(1.35525271560688E-20,0.045,0.0030625));
#4003=CARTESIAN_POINT('',(4.10770426706294E-12,0.0452075331845102,0.00306250000000031));
#4004=CARTESIAN_POINT('',(3.30209707825185E-6,0.0455818451883754,0.00306249999999996));
#4005=CARTESIAN_POINT('',(-4.07278876542654E-5,0.0460458698745928,0.00306249999999996));
#4006=CARTESIAN_POINT('',(-8.49624411768252E-5,0.0463656462265842,0.00306249999999997));
#4007=CARTESIAN_POINT('',(-0.000114595522622647,0.0465304891067588,0.00306249999999999));
#4008=CARTESIAN_POINT('',(-0.00019272995925598,0.0468623847198888,0.0030625));
#4009=CARTESIAN_POINT('',(-0.000289431911627932,0.0471975244914431,0.0030625));
#4010=CARTESIAN_POINT('',(-0.000497186010473494,0.0477023825419736,0.0030625));
#4011=CARTESIAN_POINT('',(-0.000793545262188499,0.0482253741182803,0.0030625));
#4012=CARTESIAN_POINT('',(-0.00122689407023484,0.0487605872291478,0.0030625));
#4013=CARTESIAN_POINT('',(-0.00177147121692202,0.049204820582087,0.0030625));
#4014=CARTESIAN_POINT('',(-0.00228824220713456,0.0494980922458986,0.0030625));
#4015=CARTESIAN_POINT('',(-0.00279975815097521,0.0497097425639519,0.0030625));
#4016=CARTESIAN_POINT('',(-0.00313128407132931,0.0498057050283608,0.0030625));
#4017=CARTESIAN_POINT('',(-0.00337827935856542,0.0498639492892933,0.00306249999999999));
#4018=CARTESIAN_POINT('',(-0.00346040098308765,0.0498810795088947,0.00306249999999998));
#4019=CARTESIAN_POINT('',(-0.00378777670727186,0.0499414810465164,0.00306249999999995));
#4020=CARTESIAN_POINT('',(-0.00435213438176032,0.0500044145164167,0.00306249999999988));
#4021=CARTESIAN_POINT('',(-0.00479147195757511,0.0500000000041274,0.00306250000000038));
#4022=CARTESIAN_POINT('',(-0.005,0.05,0.0030625));
#4023=CARTESIAN_POINT('',(0.,0.045,0.003));
#4024=CARTESIAN_POINT('',(0.,0.0452075331845102,0.00300000000000031));
#4025=CARTESIAN_POINT('',(3.3020975873095E-6,0.0455818451883754,0.00299999999999996));
#4026=CARTESIAN_POINT('',(-4.0727887136397E-5,0.0460458698745928,0.00299999999999996));
#4027=CARTESIAN_POINT('',(-8.49624409088715E-5,0.0463656462265842,0.00299999999999997));
#4028=CARTESIAN_POINT('',(-0.000114595522570631,0.0465304891067588,0.00299999999999999));
#4029=CARTESIAN_POINT('',(-0.000192729959307996,0.0468623847198888,0.003));
#4030=CARTESIAN_POINT('',(-0.000289431911603792,0.0471975244914431,0.003));
#4031=CARTESIAN_POINT('',(-0.000497186010479962,0.0477023825419736,0.003));
#4032=CARTESIAN_POINT('',(-0.000793545262186766,0.0482253741182804,0.003));
#4033=CARTESIAN_POINT('',(-0.00122689407023531,0.0487605872291473,0.003));
#4034=CARTESIAN_POINT('',(-0.0017714712169219,0.0492048205820887,0.003));
#4035=CARTESIAN_POINT('',(-0.00228824220713459,0.0494980922458921,0.003));
#4036=CARTESIAN_POINT('',(-0.0027997581509752,0.0497097425639762,0.003));
#4037=CARTESIAN_POINT('',(-0.00313128407132931,0.0498057050283086,0.003));
#4038=CARTESIAN_POINT('',(-0.00337827935856543,0.0498639492893194,0.00299999999999999));
#4039=CARTESIAN_POINT('',(-0.00346040098308765,0.0498810795089742,0.00299999999999998));
#4040=CARTESIAN_POINT('',(-0.00378777670727186,0.0499414810469111,0.00299999999999996));
#4041=CARTESIAN_POINT('',(-0.00435213438176032,0.0500044145177014,0.00299999999999989));
#4042=CARTESIAN_POINT('',(-0.00479147195757511,0.05,0.00300000000000036));
#4043=CARTESIAN_POINT('',(-0.005,0.05,0.003));
#4044=CARTESIAN_POINT('',(-0.005,0.048,0.005));
#4045=CARTESIAN_POINT('',(-0.005,0.04825,0.005));
#4046=CARTESIAN_POINT('',(-0.005,0.0487864583333333,0.00497395833333333));
#4047=CARTESIAN_POINT('',(-0.005,0.0495598958333333,0.00455989583333333));
#4048=CARTESIAN_POINT('',(-0.005,0.0499739583333333,0.00378645833333333));
#4049=CARTESIAN_POINT('',(-0.005,0.05,0.00325));
#4050=CARTESIAN_POINT('',(-0.005,0.05,0.003));
#4051=CARTESIAN_POINT('',(-0.01,0.05,0.003));
#4052=CARTESIAN_POINT('',(-0.005,0.05,0.003));
#4053=CARTESIAN_POINT('',(-0.01,0.05,0.0033));
#4054=CARTESIAN_POINT('',(-0.005,0.05,0.0033));
#4055=CARTESIAN_POINT('',(-0.01,0.05,0.0036));
#4056=CARTESIAN_POINT('',(-0.005,0.05,0.0036));
#4057=CARTESIAN_POINT('',(-0.01,0.0498,0.00433333333333334));
#4058=CARTESIAN_POINT('',(-0.005,0.0498,0.00433333333333334));
#4059=CARTESIAN_POINT('',(-0.01,0.0493333333333333,0.0048));
#4060=CARTESIAN_POINT('',(-0.005,0.0493333333333333,0.0048));
#4061=CARTESIAN_POINT('',(-0.01,0.0486,0.005));
#4062=CARTESIAN_POINT('',(-0.005,0.0486,0.005));
#4063=CARTESIAN_POINT('',(-0.01,0.0483,0.005));
#4064=CARTESIAN_POINT('',(-0.005,0.0483,0.005));
#4065=CARTESIAN_POINT('',(-0.01,0.048,0.005));
#4066=CARTESIAN_POINT('',(-0.005,0.048,0.005));
#4067=CARTESIAN_POINT('',(-0.01,0.05,0.003));
#4068=CARTESIAN_POINT('',(-0.01,0.05,0.00325));
#4069=CARTESIAN_POINT('',(-0.01,0.0499739583333334,0.00378645833333334));
#4070=CARTESIAN_POINT('',(-0.01,0.0495598958333333,0.00455989583333334));
#4071=CARTESIAN_POINT('',(-0.01,0.0487864583333333,0.00497395833333333));
#4072=CARTESIAN_POINT('',(-0.01,0.04825,0.005));
#4073=CARTESIAN_POINT('',(-0.01,0.048,0.005));
#4074=CARTESIAN_POINT('',(-0.01,0.048,0.005));
#4075=CARTESIAN_POINT('',(-0.010207533223647,0.0480000000196913,0.005));
#4076=CARTESIAN_POINT('',(-0.0105185169212011,0.0480004988808961,0.005));
#4077=CARTESIAN_POINT('',(-0.0108281699888864,0.0479708590992886,0.005));
#4078=CARTESIAN_POINT('',(-0.0110336199731194,0.0479423621924238,0.005));
#4079=CARTESIAN_POINT('',(-0.0111359105372837,0.0479236818586028,0.005));
#4080=CARTESIAN_POINT('',(-0.0113385252268918,0.047875861333015,0.005));
#4081=CARTESIAN_POINT('',(-0.0115389404011401,0.0478178343661159,0.005));
#4082=CARTESIAN_POINT('',(-0.0118261757183951,0.0476991875498445,0.005));
#4083=CARTESIAN_POINT('',(-0.012099689805243,0.0475421824074918,0.005));
#4084=CARTESIAN_POINT('',(-0.0123403724227667,0.0473458775921863,0.005));
#4085=CARTESIAN_POINT('',(-0.0125412973967909,0.0471012456711461,0.005));
#4086=CARTESIAN_POINT('',(-0.0126966303571719,0.0468312880799706,0.005));
#4087=CARTESIAN_POINT('',(-0.0128173168781118,0.0465405680000047,0.005));
#4088=CARTESIAN_POINT('',(-0.0128748998717326,0.0463423596985627,0.005));
#4089=CARTESIAN_POINT('',(-0.0129105580067878,0.0461916149776204,0.005));
#4090=CARTESIAN_POINT('',(-0.0129211884349494,0.0461410080848023,0.005));
#4091=CARTESIAN_POINT('',(-0.0129590480249442,0.0459371470832905,0.005));
#4092=CARTESIAN_POINT('',(-0.0130008583003691,0.0455733087630311,0.005));
#4093=CARTESIAN_POINT('',(-0.0130000000197851,0.0452085280817731,0.005));
#4094=CARTESIAN_POINT('',(-0.013,0.045,0.005));
#4095=CARTESIAN_POINT('',(-0.01,0.0480625,0.005));
#4096=CARTESIAN_POINT('',(-0.0102075332224237,0.0480625000196923,0.00500000000000017));
#4097=CARTESIAN_POINT('',(-0.0105204959295504,0.0480630864813413,0.00499999999999998));
#4098=CARTESIAN_POINT('',(-0.0108349731103148,0.0480329970058851,0.00499999999999998));
#4099=CARTESIAN_POINT('',(-0.0110439957935402,0.0480040082975919,0.00499999999999999));
#4100=CARTESIAN_POINT('',(-0.0111482411175798,0.0479849856904334,0.00499999999999999));
#4101=CARTESIAN_POINT('',(-0.011354895836048,0.0479362178551378,0.005));
#4102=CARTESIAN_POINT('',(-0.0115595211539621,0.0478769822949335,0.005));
#4103=CARTESIAN_POINT('',(-0.0118535571816319,0.0477555508760853,0.005));
#4104=CARTESIAN_POINT('',(-0.0121348674400254,0.0475941909178141,0.005));
#4105=CARTESIAN_POINT('',(-0.0123847541354662,0.0473904784777357,0.005));
#4106=CARTESIAN_POINT('',(-0.0125932824963312,0.047136473268394,0.005));
#4107=CARTESIAN_POINT('',(-0.0127529260411954,0.0468588027584986,0.005));
#4108=CARTESIAN_POINT('',(-0.0128764551807914,0.0465611828077866,0.005));
#4109=CARTESIAN_POINT('',(-0.0129352375328835,0.0463588083307536,0.005));
#4110=CARTESIAN_POINT('',(-0.012971601484363,0.0462050557796146,0.005));
#4111=CARTESIAN_POINT('',(-0.0129824350310008,0.0461534640514307,0.005));
#4112=CARTESIAN_POINT('',(-0.0130209990568215,0.0459457432148354,0.005));
#4113=CARTESIAN_POINT('',(-0.0130634694319681,0.0455756386647562,0.005));
#4114=CARTESIAN_POINT('',(-0.0130625000197859,0.045208528080544,0.005));
#4115=CARTESIAN_POINT('',(-0.0130625,0.045,0.005));
#4116=CARTESIAN_POINT('',(-0.01,0.0481250745985243,0.00499994913736979));
#4117=CARTESIAN_POINT('',(-0.0102075332211989,0.0481250746182177,0.00499994913737008));
#4118=CARTESIAN_POINT('',(-0.0105224772999972,0.0481257487848687,0.00499994913736976));
#4119=CARTESIAN_POINT('',(-0.0108417843517883,0.0480952090788198,0.00499994913736975));
#4120=CARTESIAN_POINT('',(-0.0110543839982952,0.0480657279820957,0.00499994913736976));
#4121=CARTESIAN_POINT('',(-0.0111605864153654,0.0480463626930701,0.00499994913736978));
#4122=CARTESIAN_POINT('',(-0.0113712859847767,0.0479966464173802,0.00499994913736979));
#4123=CARTESIAN_POINT('',(-0.0115801264714847,0.0479362008213225,0.00499994913736979));
#4124=CARTESIAN_POINT('',(-0.0118809713267368,0.0478119814762616,0.00499994913736979));
#4125=CARTESIAN_POINT('',(-0.0121700870620021,0.0476462615042663,0.00499994913736979));
#4126=CARTESIAN_POINT('',(-0.01242918882113,0.0474351325978491,0.00499994913736979));
#4127=CARTESIAN_POINT('',(-0.0126453296440589,0.0471717429124701,0.00499994913736979));
#4128=CARTESIAN_POINT('',(-0.0128092889184181,0.0468863502778972,0.00499994913736979));
#4129=CARTESIAN_POINT('',(-0.0129356640695528,0.0465818222209163,0.00499994913736979));
#4130=CARTESIAN_POINT('',(-0.012995647211642,0.0463752765956435,0.00499994913736979));
#4131=CARTESIAN_POINT('',(-0.0130327178219917,0.0462185126242327,0.00499994913736979));
#4132=CARTESIAN_POINT('',(-0.0130437547295431,0.0461659348852068,0.00499994913736979));
#4133=CARTESIAN_POINT('',(-0.0130830240319876,0.0459543496065199,0.00499994913736979));
#4134=CARTESIAN_POINT('',(-0.0131261552947354,0.045577971347397,0.00499994913736979));
#4135=CARTESIAN_POINT('',(-0.0131250746183109,0.0452085280793133,0.00499994913736979));
#4136=CARTESIAN_POINT('',(-0.0131250745985243,0.045,0.00499994913736979));
#4137=CARTESIAN_POINT('',(-0.01,0.0482520616319444,0.0049964599609375));
#4138=CARTESIAN_POINT('',(-0.0102075332187133,0.0482520616516399,0.00499645996093794));
#4139=CARTESIAN_POINT('',(-0.0105264982343874,0.0482529138042194,0.00499645996093745));
#4140=CARTESIAN_POINT('',(-0.0108556068831192,0.0482214604135658,0.00499645996093744));
#4141=CARTESIAN_POINT('',(-0.0110754655127678,0.048190980078371,0.00499645996093746));
#4142=CARTESIAN_POINT('',(-0.0111856395963598,0.0481709193609332,0.00499645996093748));
#4143=CARTESIAN_POINT('',(-0.011404547666249,0.0481192783484509,0.0049964599609375));
#4144=CARTESIAN_POINT('',(-0.0116219422914273,0.0480563771415384,0.0049964599609375));
#4145=CARTESIAN_POINT('',(-0.0119366047793312,0.0479265000617498,0.0049964599609375));
#4146=CARTESIAN_POINT('',(-0.0122415607177422,0.0477519320072812,0.0049964599609375));
#4147=CARTESIAN_POINT('',(-0.012519363253671,0.0475257523441503,0.0049964599609375));
#4148=CARTESIAN_POINT('',(-0.0127509525812217,0.0472433180815745,0.0049964599609375));
#4149=CARTESIAN_POINT('',(-0.0129236700689541,0.0469422543963256,0.0049964599609375));
#4150=CARTESIAN_POINT('',(-0.0130558208314534,0.0466237072334722,0.0049964599609375));
#4151=CARTESIAN_POINT('',(-0.0131182408211309,0.0464086968037353,0.0049964599609375));
#4152=CARTESIAN_POINT('',(-0.0131567455040224,0.0462458215453852,0.0049964599609375));
#4153=CARTESIAN_POINT('',(-0.0131681951061774,0.0461912428252152,0.0049964599609375));
#4154=CARTESIAN_POINT('',(-0.0132088956760742,0.0459718151624203,0.0049964599609375));
#4155=CARTESIAN_POINT('',(-0.0132533681245087,0.0455827052243288,0.0049964599609375));
#4156=CARTESIAN_POINT('',(-0.0132520616517326,0.0452085280768158,0.0049964599609375));
#4157=CARTESIAN_POINT('',(-0.0132520616319444,0.045,0.0049964599609375));
#4158=CARTESIAN_POINT('',(-0.01,0.0483164605034722,0.00499302842881944));
#4159=CARTESIAN_POINT('',(-0.0102075332174527,0.0483164605231687,0.00499302842881992));
#4160=CARTESIAN_POINT('',(-0.0105285373688583,0.0483174029376643,0.00499302842881939));
#4161=CARTESIAN_POINT('',(-0.0108626166966049,0.0482854861905884,0.00499302842881938));
#4162=CARTESIAN_POINT('',(-0.0110861565707882,0.0482544991120816,0.0049930284288194));
#4163=CARTESIAN_POINT('',(-0.0111983448036614,0.0482340857223767,0.00499302842881943));
#4164=CARTESIAN_POINT('',(-0.011421415646343,0.0481814686190756,0.00499302842881944));
#4165=CARTESIAN_POINT('',(-0.0116431483275382,0.0481173220994434,0.00499302842881945));
#4166=CARTESIAN_POINT('',(-0.0119648181446629,0.0479845758154372,0.00499302842881944));
#4167=CARTESIAN_POINT('',(-0.0122778071174702,0.0478055206372747,0.00499302842881944));
#4168=CARTESIAN_POINT('',(-0.0125650933691,0.0475717082913266,0.00499302842881945));
#4169=CARTESIAN_POINT('',(-0.0128045170891681,0.0472796159617249,0.00499302842881945));
#4170=CARTESIAN_POINT('',(-0.012981676125322,0.046970605024288,0.00499302842881944));
#4171=CARTESIAN_POINT('',(-0.0131167558707596,0.0466449483591989,0.00499302842881945));
#4172=CARTESIAN_POINT('',(-0.0131804116577507,0.0464256451773556,0.00499302842881944));
#4173=CARTESIAN_POINT('',(-0.013219643601142,0.0462596707050789,0.00499302842881945));
#4174=CARTESIAN_POINT('',(-0.0132313024929073,0.0462040772283298,0.00499302842881944));
#4175=CARTESIAN_POINT('',(-0.0132727289007603,0.0459806724611563,0.00499302842881945));
#4176=CARTESIAN_POINT('',(-0.0133178815040295,0.0455851059129987,0.00499302842881944));
#4177=CARTESIAN_POINT('',(-0.0133164605232611,0.0452085280755492,0.00499302842881945));
#4178=CARTESIAN_POINT('',(-0.0133164605034722,0.045,0.00499302842881944));
#4179=CARTESIAN_POINT('',(-0.01,0.0485125868055555,0.00497439236111111));
#4180=CARTESIAN_POINT('',(-0.0102075332136137,0.0485125868252552,0.00497439236111162));
#4181=CARTESIAN_POINT('',(-0.0105347475382876,0.0485138041317697,0.00497439236111105));
#4182=CARTESIAN_POINT('',(-0.0108839650333788,0.048480476236028,0.00497439236111104));
#4183=CARTESIAN_POINT('',(-0.0111187161114316,0.0484479458743931,0.00497439236111107));
#4184=CARTESIAN_POINT('',(-0.0112370384215177,0.048426458423824,0.00497439236111109));
#4185=CARTESIAN_POINT('',(-0.0114727869589294,0.0483708686429243,0.00497439236111111));
#4186=CARTESIAN_POINT('',(-0.0117077311586592,0.0483029295323217,0.00497439236111111));
#4187=CARTESIAN_POINT('',(-0.0120507417467472,0.0481614451074169,0.00497439236111111));
#4188=CARTESIAN_POINT('',(-0.0123881952682848,0.0479687244261767,0.00497439236111111));
#4189=CARTESIAN_POINT('',(-0.0127043641081699,0.0477116667993657,0.00497439236111111));
#4190=CARTESIAN_POINT('',(-0.0129676474145485,0.0473901608957969,0.00497439236111111));
#4191=CARTESIAN_POINT('',(-0.0131583331546145,0.0470569466587313,0.00497439236111111));
#4192=CARTESIAN_POINT('',(-0.0133023330966162,0.0467096380554936,0.00497439236111111));
#4193=CARTESIAN_POINT('',(-0.0133697524954766,0.0464772613278504,0.00497439236111111));
#4194=CARTESIAN_POINT('',(-0.0134111993055121,0.0463018482217533,0.00497439236111111));
#4195=CARTESIAN_POINT('',(-0.0134234955872872,0.0462431643111091,0.00497439236111111));
#4196=CARTESIAN_POINT('',(-0.0134671325294376,0.0460076473010302,0.00497439236111111));
#4197=CARTESIAN_POINT('',(-0.0135143565393856,0.0455924171931519,0.00497439236111111));
#4198=CARTESIAN_POINT('',(-0.0135125868253468,0.0452085280716915,0.00497439236111112));
#4199=CARTESIAN_POINT('',(-0.0135125868055556,0.045,0.00497439236111111));
#4200=CARTESIAN_POINT('',(-0.01,0.0486475694444444,0.00495052083333333));
#4201=CARTESIAN_POINT('',(-0.0102075332109715,0.0486475694641461,0.00495052083333375));
#4202=CARTESIAN_POINT('',(-0.0105390216465974,0.0486489759632868,0.00495052083333328));
#4203=CARTESIAN_POINT('',(-0.0108986578859081,0.0486146768537469,0.00495052083333327));
#4204=CARTESIAN_POINT('',(-0.0111411250013682,0.0485810843376382,0.0049505208333333));
#4205=CARTESIAN_POINT('',(-0.0112636690497961,0.0485588576717358,0.00495052083333332));
#4206=CARTESIAN_POINT('',(-0.0115081429273152,0.0485012219650087,0.00495052083333333));
#4207=CARTESIAN_POINT('',(-0.0117521798678789,0.0484306726285876,0.00495052083333333));
#4208=CARTESIAN_POINT('',(-0.0121098781013767,0.0482831742356176,0.00495052083333333));
#4209=CARTESIAN_POINT('',(-0.0124641691878495,0.0480810483616644,0.00495052083333333));
#4210=CARTESIAN_POINT('',(-0.0128002162793472,0.0478079923230176,0.00495052083333333));
#4211=CARTESIAN_POINT('',(-0.0130799207892501,0.0474662427204086,0.00495052083333333));
#4212=CARTESIAN_POINT('',(-0.0132799161944152,0.0471163707213854,0.00495052083333333));
#4213=CARTESIAN_POINT('',(-0.0134300554030979,0.0467541603139669,0.00495052083333333));
#4214=CARTESIAN_POINT('',(-0.013500065083101,0.0465127858043182,0.00495052083333333));
#4215=CARTESIAN_POINT('',(-0.013543036260553,0.0463308766205047,0.00495052083333333));
#4216=CARTESIAN_POINT('',(-0.0135557712218148,0.0462700657390358,0.00495052083333333));
#4217=CARTESIAN_POINT('',(-0.0136009295496726,0.0460262125573529,0.00495052083333333));
#4218=CARTESIAN_POINT('',(-0.0136495791916583,0.0455974491336835,0.00495052083333333));
#4219=CARTESIAN_POINT('',(-0.0136475694642374,0.0452085280690361,0.00495052083333335));
#4220=CARTESIAN_POINT('',(-0.0136475694444444,0.045,0.00495052083333333));
#4221=CARTESIAN_POINT('',(-0.01,0.0489149305555555,0.00487239583333333));
#4222=CARTESIAN_POINT('',(-0.010207533205738,0.048914930575261,0.00487239583333357));
#4223=CARTESIAN_POINT('',(-0.0105474874045358,0.0489167118096359,0.0048723958333333));
#4224=CARTESIAN_POINT('',(-0.0109277601275739,0.0488804890097432,0.0048723958333333));
#4225=CARTESIAN_POINT('',(-0.0111855104553905,0.0488447926764131,0.00487239583333331));
#4226=CARTESIAN_POINT('',(-0.0113164165321738,0.0488211018412331,0.00487239583333333));
#4227=CARTESIAN_POINT('',(-0.0115781727553721,0.0487594137540892,0.00487239583333334));
#4228=CARTESIAN_POINT('',(-0.0118402197549506,0.0486836943240853,0.00487239583333333));
#4229=CARTESIAN_POINT('',(-0.0122270099163343,0.0485242840200922,0.00487239583333333));
#4230=CARTESIAN_POINT('',(-0.0126146512921965,0.0483035292113764,0.00487239583333333));
#4231=CARTESIAN_POINT('',(-0.0129900713836727,0.04799878500009,0.00487239583333333));
#4232=CARTESIAN_POINT('',(-0.0133023014928391,0.04761693855308,0.00487239583333333));
#4233=CARTESIAN_POINT('',(-0.0135207366205156,0.0472340724017551,0.00487239583333333));
#4234=CARTESIAN_POINT('',(-0.0136830359201163,0.0468423458805894,0.00487239583333333));
#4235=CARTESIAN_POINT('',(-0.0137581761891352,0.0465831493975792,0.00487239583333333));
#4236=CARTESIAN_POINT('',(-0.0138041666924024,0.0463883733845909,0.00487239583333333));
#4237=CARTESIAN_POINT('',(-0.0138177705493677,0.0463233495962797,0.00487239583333333));
#4238=CARTESIAN_POINT('',(-0.0138659422971475,0.0460629848978507,0.00487239583333333));
#4239=CARTESIAN_POINT('',(-0.0139174156990539,0.0456074159355082,0.00487239583333333));
#4240=CARTESIAN_POINT('',(-0.0139149305753518,0.0452085280637762,0.00487239583333336));
#4241=CARTESIAN_POINT('',(-0.0139149305555555,0.045,0.00487239583333333));
#4242=CARTESIAN_POINT('',(-0.01,0.049046875,0.004818359375));
#4243=CARTESIAN_POINT('',(-0.0102075332031552,0.0490468750197071,0.00481835937500014));
#4244=CARTESIAN_POINT('',(-0.0105516653110509,0.0490488411883536,0.00481835937499998));
#4245=CARTESIAN_POINT('',(-0.0109421222728116,0.0490116690347803,0.00481835937499998));
#4246=CARTESIAN_POINT('',(-0.0112074149651677,0.0489749344539904,0.00481835937499999));
#4247=CARTESIAN_POINT('',(-0.0113424477572434,0.0489505210417641,0.004818359375));
#4248=CARTESIAN_POINT('',(-0.0116127329302573,0.0488868330785705,0.004818359375));
#4249=CARTESIAN_POINT('',(-0.0118836680109081,0.0488085621738114,0.004818359375));
#4250=CARTESIAN_POINT('',(-0.012284815227612,0.0486432732643784,0.004818359375));
#4251=CARTESIAN_POINT('',(-0.0126889151878482,0.0484133249553902,0.004818359375));
#4252=CARTESIAN_POINT('',(-0.0130837661104827,0.0480929424251387,0.004818359375));
#4253=CARTESIAN_POINT('',(-0.0134120478140909,0.0476913079250477,0.004818359375));
#4254=CARTESIAN_POINT('',(-0.0136395830645652,0.0472921589453141,0.004818359375));
#4255=CARTESIAN_POINT('',(-0.0138078834479955,0.0468858660303511,0.004818359375));
#4256=CARTESIAN_POINT('',(-0.0138855556960091,0.0466178742877599,0.004818359375));
#4257=CARTESIAN_POINT('',(-0.0139330362561723,0.0464167484110231,0.004818359375));
#4258=CARTESIAN_POINT('',(-0.0139470689188094,0.0463496455258286,0.004818359375));
#4259=CARTESIAN_POINT('',(-0.0139967278088884,0.0460811322866677,0.004818359375));
#4260=CARTESIAN_POINT('',(-0.0140495947546517,0.0456123346169282,0.004818359375));
#4261=CARTESIAN_POINT('',(-0.0140468750197978,0.0452085280611802,0.00481835937500004));
#4262=CARTESIAN_POINT('',(-0.014046875,0.045,0.004818359375));
#4263=CARTESIAN_POINT('',(-0.01,0.049291015625,0.0046806640625));
#4264=CARTESIAN_POINT('',(-0.0102075331983762,0.0492910156447099,0.00468066406250008));
#4265=CARTESIAN_POINT('',(-0.0105593958124151,0.0492933240025929,0.00468066406249998));
#4266=CARTESIAN_POINT('',(-0.0109686969658911,0.0492543952324231,0.00468066406249999));
#4267=CARTESIAN_POINT('',(-0.0112479455136865,0.0492157395523035,0.00468066406249999));
#4268=CARTESIAN_POINT('',(-0.011390614086525,0.0491899891348521,0.0046806640625));
#4269=CARTESIAN_POINT('',(-0.0116766806222735,0.0491226007431123,0.0046806640625));
#4270=CARTESIAN_POINT('',(-0.0119640615766189,0.0490396087707553,0.0046806640625));
#4271=CARTESIAN_POINT('',(-0.0123917740683809,0.0488634425075067,0.0046806640625));
#4272=CARTESIAN_POINT('',(-0.012826327823717,0.0486164831988366,0.0046806640625));
#4273=CARTESIAN_POINT('',(-0.013257132175715,0.048267164634316,0.0046806640625));
#4274=CARTESIAN_POINT('',(-0.0136151146091701,0.0478289157267972,0.0046806640625));
#4275=CARTESIAN_POINT('',(-0.0138594880802819,0.047399638158314,0.0046806640625));
#4276=CARTESIAN_POINT('',(-0.0140388924428378,0.046966392623249,0.0046806640625));
#4277=CARTESIAN_POINT('',(-0.0141212496848796,0.0466821267572555,0.0046806640625));
#4278=CARTESIAN_POINT('',(-0.0141714873404504,0.046469251543813,0.0046806640625));
#4279=CARTESIAN_POINT('',(-0.014186313434635,0.046398301645471,0.0046806640625));
#4280=CARTESIAN_POINT('',(-0.014238724027159,0.0461147109255152,0.0046806640625));
#4281=CARTESIAN_POINT('',(-0.0142941694874601,0.0456214357955426,0.0046806640625));
#4282=CARTESIAN_POINT('',(-0.0142910156448009,0.0452085280563767,0.00468066406250004));
#4283=CARTESIAN_POINT('',(-0.014291015625,0.045,0.0046806640625));
#4284=CARTESIAN_POINT('',(-0.01,0.0494027777777778,0.00459722222222222));
#4285=CARTESIAN_POINT('',(-0.0102075331961885,0.0494027777974888,0.00459722222222233));
#4286=CARTESIAN_POINT('',(-0.0105629346641507,0.0494052428020002,0.0045972222222222));
#4287=CARTESIAN_POINT('',(-0.0109808622698342,0.0493655098917885,0.00459722222222221));
#4288=CARTESIAN_POINT('',(-0.0112664994981195,0.0493259747750869,0.00459722222222222));
#4289=CARTESIAN_POINT('',(-0.0114126635617073,0.0492996123063546,0.00459722222222222));
#4290=CARTESIAN_POINT('',(-0.0117059544546187,0.0492305299406581,0.00459722222222223));
#4291=CARTESIAN_POINT('',(-0.0120008639644776,0.0491453767684674,0.00459722222222222));
#4292=CARTESIAN_POINT('',(-0.0124407374488217,0.0489642310943609,0.00459722222222222));
#4293=CARTESIAN_POINT('',(-0.0128892322748035,0.0487094845280587,0.00459722222222222));
#4294=CARTESIAN_POINT('',(-0.0133364953077991,0.0483469196900727,0.00459722222222222));
#4295=CARTESIAN_POINT('',(-0.013708074075362,0.0478919095204869,0.00459722222222222));
#4296=CARTESIAN_POINT('',(-0.0139601557096989,0.0474488397535984,0.00459722222222222));
#4297=CARTESIAN_POINT('',(-0.0141446432271433,0.0470032559079979,0.00459722222222222));
#4298=CARTESIAN_POINT('',(-0.0142291451553403,0.046711540109958,0.00459722222222222));
#4299=CARTESIAN_POINT('',(-0.0142806449479199,0.0464932863112679,0.00459722222222222));
#4300=CARTESIAN_POINT('',(-0.0142958342574351,0.0464205753357961,0.00459722222222222));
#4301=CARTESIAN_POINT('',(-0.0143495045181895,0.0461300824801875,0.00459722222222222));
#4302=CARTESIAN_POINT('',(-0.0144061303651457,0.0456256021128639,0.00459722222222222));
#4303=CARTESIAN_POINT('',(-0.0144027777975801,0.0452085280541777,0.00459722222222226));
#4304=CARTESIAN_POINT('',(-0.0144027777777778,0.045,0.00459722222222222));
#4305=CARTESIAN_POINT('',(-0.01,0.0495972222222222,0.00440277777777778));
#4306=CARTESIAN_POINT('',(-0.0102075331923824,0.049597222241935,0.00440277777777804));
#4307=CARTESIAN_POINT('',(-0.010569091579015,0.0495999597811633,0.00440277777777774));
#4308=CARTESIAN_POINT('',(-0.0110020275365003,0.0495588278234222,0.00440277777777774));
#4309=CARTESIAN_POINT('',(-0.0112987798283175,0.0495177626578323,0.00440277777777776));
#4310=CARTESIAN_POINT('',(-0.0114510253670729,0.0494903353387163,0.00440277777777777));
#4311=CARTESIAN_POINT('',(-0.01175688523866,0.049418305787262,0.00440277777777778));
#4312=CARTESIAN_POINT('',(-0.0120648929732571,0.0493293925470111,0.00440277777777778));
#4313=CARTESIAN_POINT('',(-0.0125259242233363,0.049139583664888,0.00440277777777778));
#4314=CARTESIAN_POINT('',(-0.0129986738052377,0.0488712887823947,0.00440277777777778));
#4315=CARTESIAN_POINT('',(-0.0134745717473085,0.0484856780006709,0.00440277777777778));
#4316=CARTESIAN_POINT('',(-0.013869805496154,0.0480015064897025,0.00440277777777778));
#4317=CARTESIAN_POINT('',(-0.0141352978377719,0.0475344409756854,0.00440277777777778));
#4318=CARTESIAN_POINT('',(-0.0143286290577022,0.0470673908655415,0.00440277777777778));
#4319=CARTESIAN_POINT('',(-0.0144168623233651,0.0467627136323296,0.00440277777777778));
#4320=CARTESIAN_POINT('',(-0.0144705579892649,0.0465351021396943,0.00440277777777778));
#4321=CARTESIAN_POINT('',(-0.0144863792229282,0.0464593272319735,0.00440277777777778));
#4322=CARTESIAN_POINT('',(-0.0145422410618077,0.0461568260005495,0.00440277777777778));
#4323=CARTESIAN_POINT('',(-0.0146009205523424,0.0456328506960092,0.00440277777777778));
#4324=CARTESIAN_POINT('',(-0.0145972222420271,0.0452085280503522,0.00440277777777782));
#4325=CARTESIAN_POINT('',(-0.0145972222222222,0.045,0.00440277777777778));
#4326=CARTESIAN_POINT('',(-0.01,0.0496806640625,0.004291015625));
#4327=CARTESIAN_POINT('',(-0.0102075331907492,0.0496806640822263,0.00429101562500038));
#4328=CARTESIAN_POINT('',(-0.0105717336925924,0.0496835185741173,0.00429101562499995));
#4329=CARTESIAN_POINT('',(-0.0110111101760461,0.0496417862438594,0.00429101562499995));
#4330=CARTESIAN_POINT('',(-0.0113126322691224,0.0496000644892105,0.00429101562499997));
#4331=CARTESIAN_POINT('',(-0.0114674875480585,0.0495721802114204,0.00429101562499999));
#4332=CARTESIAN_POINT('',(-0.0117787411387313,0.0494988859357212,0.00429101562500001));
#4333=CARTESIAN_POINT('',(-0.0120923697074933,0.0494083591394777,0.004291015625));
#4334=CARTESIAN_POINT('',(-0.012562480378248,0.0492148326195394,0.004291015625));
#4335=CARTESIAN_POINT('',(-0.0130456383905635,0.0489407237553771,0.004291015625));
#4336=CARTESIAN_POINT('',(-0.0135338244158257,0.048545223280163,0.004291015625));
#4337=CARTESIAN_POINT('',(-0.0139392092141166,0.0480485377783893,0.004291015625));
#4338=CARTESIAN_POINT('',(-0.0142104564853658,0.0475711749822619,0.004291015625));
#4339=CARTESIAN_POINT('',(-0.014407582798606,0.0470949130655142,0.004291015625));
#4340=CARTESIAN_POINT('',(-0.014497417291117,0.0467846736985705,0.004291015625));
#4341=CARTESIAN_POINT('',(-0.0145520552709581,0.0465530465437455,0.004291015625));
#4342=CARTESIAN_POINT('',(-0.0145681476818923,0.0464759568124202,0.004291015625));
#4343=CARTESIAN_POINT('',(-0.0146249499915176,0.0461683024331156,0.004291015625));
#4344=CARTESIAN_POINT('',(-0.0146845107610182,0.0456359612766111,0.004291015625));
#4345=CARTESIAN_POINT('',(-0.0146806640823189,0.0452085280487107,0.00429101562500004));
#4346=CARTESIAN_POINT('',(-0.0146806640625,0.045,0.004291015625));
#4347=CARTESIAN_POINT('',(-0.01,0.049818359375,0.004046875));
#4348=CARTESIAN_POINT('',(-0.010207533188054,0.0498183593946633,0.00404687500000057));
#4349=CARTESIAN_POINT('',(-0.0105760936953618,0.0498214068813562,0.00404687499999993));
#4350=CARTESIAN_POINT('',(-0.011026098302943,0.0497786838193381,0.00404687499999992));
#4351=CARTESIAN_POINT('',(-0.0113354914984869,0.0497358785646633,0.00404687499999995));
#4352=CARTESIAN_POINT('',(-0.0114946533577734,0.0497072402159229,0.00404687499999998));
#4353=CARTESIAN_POINT('',(-0.0118148076370285,0.0496318588985219,0.004046875));
#4354=CARTESIAN_POINT('',(-0.0121377116785542,0.0495386694201544,0.004046875));
#4355=CARTESIAN_POINT('',(-0.0126228051644416,0.0493390080726636,0.004046875));
#4356=CARTESIAN_POINT('',(-0.0131231391171935,0.0490553050046809,0.004046875));
#4357=CARTESIAN_POINT('',(-0.0136316028766167,0.048643484606139,0.004046875));
#4358=CARTESIAN_POINT('',(-0.0140537388865414,0.0481261485785759,0.004046875));
#4359=CARTESIAN_POINT('',(-0.0143344829142299,0.0476317932583938,0.004046875));
#4360=CARTESIAN_POINT('',(-0.0145378718716974,0.0471403300639086,0.004046875));
#4361=CARTESIAN_POINT('',(-0.0146303487008391,0.046820912091366,0.004046875));
#4362=CARTESIAN_POINT('',(-0.0146865416824914,0.046582658310639,0.004046875));
#4363=CARTESIAN_POINT('',(-0.0147030815888192,0.0465033988638984,0.004046875));
#4364=CARTESIAN_POINT('',(-0.0147614358586284,0.0461872407854255,0.004046875));
#4365=CARTESIAN_POINT('',(-0.0148224509103422,0.0456410943413495,0.004046875));
#4366=CARTESIAN_POINT('',(-0.0148183593947562,0.0452085280460019,0.00404687500000003));
#4367=CARTESIAN_POINT('',(-0.014818359375,0.045,0.004046875));
#4368=CARTESIAN_POINT('',(-0.01,0.0498723958333333,0.00391493055555556));
#4369=CARTESIAN_POINT('',(-0.0102075331869964,0.0498723958529458,0.0039149305555562));
#4370=CARTESIAN_POINT('',(-0.010577804712997,0.0498755190775809,0.00391493055555548));
#4371=CARTESIAN_POINT('',(-0.0110319801683446,0.0498324072177562,0.00391493055555546));
#4372=CARTESIAN_POINT('',(-0.0113444622598924,0.04978917675976,0.0039149305555555));
#4373=CARTESIAN_POINT('',(-0.0115053141719877,0.0497602424871937,0.00391493055555554));
#4374=CARTESIAN_POINT('',(-0.0118289613928614,0.0496840421416066,0.00391493055555556));
#4375=CARTESIAN_POINT('',(-0.0121555054544316,0.0495898077336116,0.00391493055555556));
#4376=CARTESIAN_POINT('',(-0.0126464787211985,0.0493877388651426,0.00391493055555556));
#4377=CARTESIAN_POINT('',(-0.0131535531139324,0.049100270695897,0.00391493055555556));
#4378=CARTESIAN_POINT('',(-0.0136699745657214,0.048682045788437,0.00391493055555556));
#4379=CARTESIAN_POINT('',(-0.0140986843371856,0.0481566057720298,0.00391493055555556));
#4380=CARTESIAN_POINT('',(-0.0143831552243751,0.0476555819908711,0.00391493055555556));
#4381=CARTESIAN_POINT('',(-0.0145890018625561,0.0471581532831367,0.00391493055555556));
#4382=CARTESIAN_POINT('',(-0.0146825156370418,0.0468351333046144,0.00391493055555556));
#4383=CARTESIAN_POINT('',(-0.0147393188558119,0.0465942790040298,0.00391493055555556));
#4384=CARTESIAN_POINT('',(-0.0147560343749896,0.046514168085046,0.00391493055555556));
#4385=CARTESIAN_POINT('',(-0.0148149976882772,0.0461946728574903,0.00391493055555556));
#4386=CARTESIAN_POINT('',(-0.0148765834512198,0.0456431087355495,0.00391493055555556));
#4387=CARTESIAN_POINT('',(-0.0148723958530387,0.0452085280449389,0.00391493055555559));
#4388=CARTESIAN_POINT('',(-0.0148723958333333,0.045,0.00391493055555556));
#4389=CARTESIAN_POINT('',(-0.01,0.0499505208333333,0.00364756944444444));
#4390=CARTESIAN_POINT('',(-0.0102075331854673,0.0499505208519196,0.00364756944444518));
#4391=CARTESIAN_POINT('',(-0.0105802784734336,0.0499537535782647,0.00364756944444435));
#4392=CARTESIAN_POINT('',(-0.01104048407013,0.0499100796011314,0.00364756944444434));
#4393=CARTESIAN_POINT('',(-0.0113574320354184,0.0498662343912872,0.00364756944444438));
#4394=CARTESIAN_POINT('',(-0.0115207273973578,0.0498368722769949,0.00364756944444442));
#4395=CARTESIAN_POINT('',(-0.0118494246543066,0.0497594877942469,0.00364756944444445));
#4396=CARTESIAN_POINT('',(-0.012181231395459,0.0496637426446397,0.00364756944444445));
#4397=CARTESIAN_POINT('',(-0.0126807055502445,0.049458193022942,0.00364756944444444));
#4398=CARTESIAN_POINT('',(-0.0131975251574104,0.0491652813338004,0.00364756944444444));
#4399=CARTESIAN_POINT('',(-0.0137254517065956,0.0487377968953736,0.00364756944444444));
#4400=CARTESIAN_POINT('',(-0.0141636657116114,0.0482006402685897,0.00364756944444444));
#4401=CARTESIAN_POINT('',(-0.0144535248294028,0.047689975339031,0.00364756944444444));
#4402=CARTESIAN_POINT('',(-0.0146629247409117,0.0471839217928641,0.00364756944444444));
#4403=CARTESIAN_POINT('',(-0.0147579377134673,0.046855694094853,0.00364756944444444));
#4404=CARTESIAN_POINT('',(-0.0148156232027874,0.0466110800065226,0.00364756944444445));
#4405=CARTESIAN_POINT('',(-0.0148325926200736,0.0465297380433315,0.00364756944444444));
#4406=CARTESIAN_POINT('',(-0.0148924364782224,0.0462054180219214,0.00364756944444444));
#4407=CARTESIAN_POINT('',(-0.0149548473660396,0.045646021112706,0.00364756944444445));
#4408=CARTESIAN_POINT('',(-0.0149505208520079,0.0452085280434022,0.00364756944444447));
#4409=CARTESIAN_POINT('',(-0.0149505208333333,0.045,0.00364756944444444));
#4410=CARTESIAN_POINT('',(-0.01,0.0499743923611111,0.00351258680555556));
#4411=CARTESIAN_POINT('',(-0.0102075331850001,0.0499743923787478,0.00351258680555629));
#4412=CARTESIAN_POINT('',(-0.0105810343446781,0.0499776585646636,0.00351258680555546));
#4413=CARTESIAN_POINT('',(-0.0110430824845645,0.0499338128294651,0.00351258680555545));
#4414=CARTESIAN_POINT('',(-0.0113613950223847,0.0498897797787398,0.00351258680555549));
#4415=CARTESIAN_POINT('',(-0.0115254369939987,0.0498602869349977,0.00351258680555553));
#4416=CARTESIAN_POINT('',(-0.0118556773175259,0.0497825406325457,0.00351258680555556));
#4417=CARTESIAN_POINT('',(-0.0121890920996618,0.0496863338674576,0.00351258680555556));
#4418=CARTESIAN_POINT('',(-0.0126911637480086,0.0494797206822686,0.00351258680555555));
#4419=CARTESIAN_POINT('',(-0.0132109610595843,0.0491851456953822,0.00351258680555556));
#4420=CARTESIAN_POINT('',(-0.013742403055196,0.0487548319558264,0.00351258680555556));
#4421=CARTESIAN_POINT('',(-0.0141835211315751,0.0482140952536496,0.00351258680555556));
#4422=CARTESIAN_POINT('',(-0.0144750266531603,0.0477004844176355,0.00351258680555556));
#4423=CARTESIAN_POINT('',(-0.0146855122870797,0.0471917955041696,0.00351258680555555));
#4424=CARTESIAN_POINT('',(-0.0147809833479226,0.046861976558537,0.00351258680555556));
#4425=CARTESIAN_POINT('',(-0.0148389384199229,0.0466162136461731,0.00351258680555556));
#4426=CARTESIAN_POINT('',(-0.014855985417195,0.0465344955305854,0.00351258680555556));
#4427=CARTESIAN_POINT('',(-0.0149160983307668,0.0462087012666087,0.00351258680555556));
#4428=CARTESIAN_POINT('',(-0.0149787613402113,0.045646911005726,0.00351258680555556));
#4429=CARTESIAN_POINT('',(-0.0149743923788316,0.0452085280429327,0.00351258680555558));
#4430=CARTESIAN_POINT('',(-0.0149743923611111,0.045,0.00351258680555556));
#4431=CARTESIAN_POINT('',(-0.01,0.0499930284288194,0.00331646050347222));
#4432=CARTESIAN_POINT('',(-0.0102075331846353,0.0499930284425574,0.00331646050347294));
#4433=CARTESIAN_POINT('',(-0.0105816244396155,0.0499963207533004,0.00331646050347213));
#4434=CARTESIAN_POINT('',(-0.0110451110194695,0.04995234092971,0.00331646050347212));
#4435=CARTESIAN_POINT('',(-0.0113644888542549,0.0499081612348321,0.00331646050347216));
#4436=CARTESIAN_POINT('',(-0.0115291136904672,0.0498785663328195,0.0033164605034722));
#4437=CARTESIAN_POINT('',(-0.0118605586580165,0.049800537564223,0.00331646050347222));
#4438=CARTESIAN_POINT('',(-0.0121952288085111,0.0497039704243806,0.00331646050347222));
#4439=CARTESIAN_POINT('',(-0.0126993282728539,0.0494965269344879,0.00331646050347222));
#4440=CARTESIAN_POINT('',(-0.0132214502241224,0.0492006534413002,0.00331646050347222));
#4441=CARTESIAN_POINT('',(-0.0137556366648416,0.0487681309177932,0.00331646050347222));
#4442=CARTESIAN_POINT('',(-0.0141990218969345,0.0482245993158499,0.00331646050347222));
#4443=CARTESIAN_POINT('',(-0.0144918127360205,0.0477086886642278,0.00331646050347222));
#4444=CARTESIAN_POINT('',(-0.014703145973709,0.0471979423674275,0.00331646050347222));
#4445=CARTESIAN_POINT('',(-0.0147989746556901,0.0468668811637085,0.00331646050347222));
#4446=CARTESIAN_POINT('',(-0.0148571401860476,0.0466202213853094,0.00331646050347222));
#4447=CARTESIAN_POINT('',(-0.0148742477486452,0.0465382096143848,0.00331646050347222));
#4448=CARTESIAN_POINT('',(-0.0149345707091361,0.0462112644360407,0.00331646050347222));
#4449=CARTESIAN_POINT('',(-0.014997430546035,0.0456476057290269,0.00331646050347222));
#4450=CARTESIAN_POINT('',(-0.0149930284426227,0.0452085280425661,0.00331646050347223));
#4451=CARTESIAN_POINT('',(-0.0149930284288194,0.045,0.00331646050347222));
#4452=CARTESIAN_POINT('',(-0.01,0.0499964599609375,0.00325206163194444));
#4453=CARTESIAN_POINT('',(-0.0102075331845682,0.049996459972949,0.00325206163194515));
#4454=CARTESIAN_POINT('',(-0.0105817330961069,0.0499997570952923,0.00325206163194436));
#4455=CARTESIAN_POINT('',(-0.0110454845415445,0.0499557525814835,0.00325206163194434));
#4456=CARTESIAN_POINT('',(-0.0113650585336313,0.0499115458843821,0.00325206163194438));
#4457=CARTESIAN_POINT('',(-0.0115297906949843,0.0498819321899275,0.00325206163194442));
#4458=CARTESIAN_POINT('',(-0.0118614574783543,0.0498038514097083,0.00325206163194444));
#4459=CARTESIAN_POINT('',(-0.0121963587847403,0.04970721791267,0.00325206163194444));
#4460=CARTESIAN_POINT('',(-0.0127008316387825,0.0494996215355136,0.00325206163194444));
#4461=CARTESIAN_POINT('',(-0.0132233816350599,0.0492035089432783,0.00325206163194444));
#4462=CARTESIAN_POINT('',(-0.0137580734212027,0.048770579707733,0.00325206163194444));
#4463=CARTESIAN_POINT('',(-0.0142018761135549,0.0482265334699524,0.00325206163194444));
#4464=CARTESIAN_POINT('',(-0.0144949036231831,0.0477101993442771,0.00325206163194444));
#4465=CARTESIAN_POINT('',(-0.01470639293348,0.0471990742134277,0.00325206163194444));
#4466=CARTESIAN_POINT('',(-0.0148022874656228,0.0468677842678631,0.00325206163194444));
#4467=CARTESIAN_POINT('',(-0.0148604917485209,0.0466209593460092,0.00325206163194444));
#4468=CARTESIAN_POINT('',(-0.0148776104632621,0.0465388935031775,0.00325206163194444));
#4469=CARTESIAN_POINT('',(-0.0149379721005921,0.0462117364024645,0.00325206163194444));
#4470=CARTESIAN_POINT('',(-0.0150008681803194,0.0456477336511485,0.00325206163194444));
#4471=CARTESIAN_POINT('',(-0.0149964599730061,0.0452085280424986,0.00325206163194445));
#4472=CARTESIAN_POINT('',(-0.0149964599609375,0.045,0.00325206163194444));
#4473=CARTESIAN_POINT('',(-0.01,0.0499999491373698,0.00312507459852431));
#4474=CARTESIAN_POINT('',(-0.0102075331844999,0.0499999491445657,0.00312507459852499));
#4475=CARTESIAN_POINT('',(-0.0105818435778556,0.0500032511627759,0.00312507459852423));
#4476=CARTESIAN_POINT('',(-0.0110458643381997,0.0499592215439985,0.00312507459852421));
#4477=CARTESIAN_POINT('',(-0.0113656377827206,0.0499149873908929,0.00312507459852424));
#4478=CARTESIAN_POINT('',(-0.011530479072107,0.0498853545881522,0.00312507459852428));
#4479=CARTESIAN_POINT('',(-0.0118623713974527,0.0498072209225197,0.00312507459852431));
#4480=CARTESIAN_POINT('',(-0.0121975077427836,0.0497105199536463,0.00312507459852431));
#4481=CARTESIAN_POINT('',(-0.0127023602588818,0.049502768120939,0.00312507459852431));
#4482=CARTESIAN_POINT('',(-0.0132253454906477,0.0492064124131762,0.00312507459852431));
#4483=CARTESIAN_POINT('',(-0.0137605511112178,0.048773069633472,0.00312507459852431));
#4484=CARTESIAN_POINT('',(-0.0142047782765033,0.0482285001147859,0.00312507459852431));
#4485=CARTESIAN_POINT('',(-0.0144980464323584,0.0477117354013629,0.00312507459852431));
#4486=CARTESIAN_POINT('',(-0.0147096944370597,0.0472002250726512,0.00312507459852431));
#4487=CARTESIAN_POINT('',(-0.0148056559254858,0.0468687025427396,0.00312507459852431));
#4488=CARTESIAN_POINT('',(-0.0148638996119644,0.046621709703282,0.00312507459852431));
#4489=CARTESIAN_POINT('',(-0.0148810296662274,0.0465395888802207,0.00312507459852431));
#4490=CARTESIAN_POINT('',(-0.0149414306303409,0.046212216297178,0.00312507459852431));
#4491=CARTESIAN_POINT('',(-0.0150043635623817,0.0456478637221596,0.00312507459852431));
#4492=CARTESIAN_POINT('',(-0.0149999491445999,0.04520852804243,0.00312507459852431));
#4493=CARTESIAN_POINT('',(-0.0149999491373698,0.045,0.00312507459852431));
#4494=CARTESIAN_POINT('',(-0.01,0.05,0.0030625));
#4495=CARTESIAN_POINT('',(-0.0102075331844989,0.0500000000041076,0.00306250000000067));
#4496=CARTESIAN_POINT('',(-0.0105818451883767,0.0500033020970782,0.00306249999999992));
#4497=CARTESIAN_POINT('',(-0.0110458698745941,0.0499592721123457,0.0030624999999999));
#4498=CARTESIAN_POINT('',(-0.0113656462265848,0.0499150375588232,0.00306249999999994));
#4499=CARTESIAN_POINT('',(-0.0115304891067589,0.0498854044773774,0.00306249999999998));
#4500=CARTESIAN_POINT('',(-0.0118623847198885,0.0498072700407441,0.0030625));
#4501=CARTESIAN_POINT('',(-0.0121975244914431,0.0497105680883721,0.0030625));
#4502=CARTESIAN_POINT('',(-0.0127023825419736,0.0495028139895265,0.0030625));
#4503=CARTESIAN_POINT('',(-0.0132253741182803,0.0492064547378116,0.0030625));
#4504=CARTESIAN_POINT('',(-0.0137605872291477,0.0487731059297652,0.0030625));
#4505=CARTESIAN_POINT('',(-0.0142048205820869,0.048228528783078,0.0030625));
#4506=CARTESIAN_POINT('',(-0.0144980922458985,0.0477117577928656,0.0030625));
#4507=CARTESIAN_POINT('',(-0.0147097425639519,0.0472002418490247,0.0030625));
#4508=CARTESIAN_POINT('',(-0.0148057050283608,0.0468687159286707,0.0030625));
#4509=CARTESIAN_POINT('',(-0.0148639492892933,0.0466217206414346,0.0030625));
#4510=CARTESIAN_POINT('',(-0.0148810795088946,0.0465395990169123,0.0030625));
#4511=CARTESIAN_POINT('',(-0.0149414810465164,0.0462122232927278,0.0030625));
#4512=CARTESIAN_POINT('',(-0.0150044145164169,0.0456478656182384,0.0030625));
#4513=CARTESIAN_POINT('',(-0.0150000000041271,0.045208528042429,0.0030625));
#4514=CARTESIAN_POINT('',(-0.015,0.045,0.0030625));
#4515=CARTESIAN_POINT('',(-0.01,0.05,0.003));
#4516=CARTESIAN_POINT('',(-0.0102075331844989,0.05,0.00300000000000067));
#4517=CARTESIAN_POINT('',(-0.0105818451883767,0.0500033020975872,0.00299999999999992));
#4518=CARTESIAN_POINT('',(-0.0110458698745941,0.0499592721128636,0.0029999999999999));
#4519=CARTESIAN_POINT('',(-0.0113656462265848,0.0499150375590912,0.00299999999999994));
#4520=CARTESIAN_POINT('',(-0.0115304891067589,0.0498854044774294,0.00299999999999998));
#4521=CARTESIAN_POINT('',(-0.0118623847198885,0.0498072700406921,0.003));
#4522=CARTESIAN_POINT('',(-0.0121975244914431,0.0497105680883963,0.003));
#4523=CARTESIAN_POINT('',(-0.0127023825419735,0.04950281398952,0.003));
#4524=CARTESIAN_POINT('',(-0.0132253741182804,0.0492064547378133,0.003));
#4525=CARTESIAN_POINT('',(-0.0137605872291472,0.0487731059297647,0.003));
#4526=CARTESIAN_POINT('',(-0.0142048205820887,0.0482285287830781,0.003));
#4527=CARTESIAN_POINT('',(-0.014498092245892,0.0477117577928655,0.003));
#4528=CARTESIAN_POINT('',(-0.0147097425639762,0.0472002418490247,0.003));
#4529=CARTESIAN_POINT('',(-0.0148057050283086,0.0468687159286707,0.003));
#4530=CARTESIAN_POINT('',(-0.0148639492893194,0.0466217206414346,0.003));
#4531=CARTESIAN_POINT('',(-0.0148810795089742,0.0465395990169123,0.003));
#4532=CARTESIAN_POINT('',(-0.0149414810469111,0.0462122232927278,0.003));
#4533=CARTESIAN_POINT('',(-0.0150044145177014,0.0456478656182384,0.003));
#4534=CARTESIAN_POINT('',(-0.015,0.045208528042429,0.003));
#4535=CARTESIAN_POINT('',(-0.015,0.045,0.003));
#4536=CARTESIAN_POINT('',(-0.013,0.045,0.005));
#4537=CARTESIAN_POINT('',(-0.01325,0.045,0.00499999999999712));
#4538=CARTESIAN_POINT('',(-0.0137864583333344,0.045,0.00497395833333004));
#4539=CARTESIAN_POINT('',(-0.0145598958333334,0.045,0.00455989583333332));
#4540=CARTESIAN_POINT('',(-0.0149739583333267,0.045,0.00378645833333472));
#4541=CARTESIAN_POINT('',(-0.0149999999999942,0.045,0.00324999999999928));
#4542=CARTESIAN_POINT('',(-0.015,0.045,0.003));
#4543=CARTESIAN_POINT('',(-0.015,0.0131370849898476,0.003));
#4544=CARTESIAN_POINT('',(-0.015,0.045,0.003));
#4545=CARTESIAN_POINT('',(-0.0149999999999931,0.0131370849898476,0.00329999999999914));
#4546=CARTESIAN_POINT('',(-0.0149999999999931,0.045,0.00329999999999914));
#4547=CARTESIAN_POINT('',(-0.0149999999999931,0.0131370849898476,0.00360000000000087));
#4548=CARTESIAN_POINT('',(-0.0149999999999931,0.045,0.00360000000000087));
#4549=CARTESIAN_POINT('',(-0.0147999999999966,0.0131370849898476,0.00433333333333506));
#4550=CARTESIAN_POINT('',(-0.0147999999999966,0.045,0.00433333333333506));
#4551=CARTESIAN_POINT('',(-0.0143333333333368,0.0131370849898476,0.00479999999999827));
#4552=CARTESIAN_POINT('',(-0.0143333333333368,0.045,0.00479999999999827));
#4553=CARTESIAN_POINT('',(-0.0136,0.0131370849898476,0.00499999999999654));
#4554=CARTESIAN_POINT('',(-0.0136,0.045,0.00499999999999654));
#4555=CARTESIAN_POINT('',(-0.0133,0.0131370849898476,0.00499999999999654));
#4556=CARTESIAN_POINT('',(-0.0133,0.045,0.00499999999999654));
#4557=CARTESIAN_POINT('',(-0.013,0.0131370849898476,0.005));
#4558=CARTESIAN_POINT('',(-0.013,0.045,0.005));
#4559=CARTESIAN_POINT('',(-0.015,0.0131370849898476,0.003));
#4560=CARTESIAN_POINT('',(-0.0149999999999942,0.0131370849898476,0.00324999999999928));
#4561=CARTESIAN_POINT('',(-0.0149739583333267,0.0131370849898476,0.00378645833333473));
#4562=CARTESIAN_POINT('',(-0.0145598958333334,0.0131370849898476,0.00455989583333332));
#4563=CARTESIAN_POINT('',(-0.0137864583333344,0.0131370849898476,0.00497395833333004));
#4564=CARTESIAN_POINT('',(-0.01325,0.0131370849898476,0.00499999999999712));
#4565=CARTESIAN_POINT('',(-0.013,0.0131370849898476,0.005));
#4566=CARTESIAN_POINT('',(-0.013,0.0131370849898476,0.005));
#4567=CARTESIAN_POINT('',(-0.0130000000019643,0.0118495703112631,0.005));
#4568=CARTESIAN_POINT('',(-0.0129951257758239,0.00927487319463234,0.005));
#4569=CARTESIAN_POINT('',(-0.0128565140509391,0.00670764017663864,0.005));
#4570=CARTESIAN_POINT('',(-0.0126971847535531,0.00478566859177059,0.005));
#4571=CARTESIAN_POINT('',(-0.0126347726064219,0.00414554675398448,0.005));
#4572=CARTESIAN_POINT('',(-0.0123472103420057,0.0015879812951506,0.005));
#4573=CARTESIAN_POINT('',(-0.0116480360708944,-0.00287073107392376,0.005));
#4574=CARTESIAN_POINT('',(-0.00996107810593692,-0.00967697559120871,0.005));
#4575=CARTESIAN_POINT('',(-0.00740647644848249,-0.0168938188647374,0.005));
#4576=CARTESIAN_POINT('',(-0.00405850462625384,-0.0238883783323316,0.005));
#4577=CARTESIAN_POINT('',(-0.00043133441653514,-0.0298673413317897,0.005));
#4578=CARTESIAN_POINT('',(0.00218965773993231,-0.0334534457949361,0.005));
#4579=CARTESIAN_POINT('',(0.00377658029456256,-0.035438614959214,0.005));
#4580=CARTESIAN_POINT('',(0.00418083785043479,-0.0359294971396291,0.005));
#4581=CARTESIAN_POINT('',(0.00541585431682835,-0.0373861502253571,0.005));
#4582=CARTESIAN_POINT('',(0.00712148965021095,-0.0392860011055347,0.005));
#4583=CARTESIAN_POINT('',(0.0089362430497333,-0.0411078159277626,0.005));
#4584=CARTESIAN_POINT('',(0.00984567106744929,-0.0420172439427031,0.005));
#4585=CARTESIAN_POINT('',(-0.0130625,0.0131370849898476,0.005));
#4586=CARTESIAN_POINT('',(-0.0130625000019643,0.0118495703112531,0.00499999999999954));
#4587=CARTESIAN_POINT('',(-0.0130576361951815,0.00927336200409609,0.0050000000000002));
#4588=CARTESIAN_POINT('',(-0.0129188955043166,0.00670367368035796,0.00500000000000007));
#4589=CARTESIAN_POINT('',(-0.0127594191513631,0.00477985385219655,0.00499999999999997));
#4590=CARTESIAN_POINT('',(-0.0126969495192762,0.00413911717111342,0.00499999999999993));
#4591=CARTESIAN_POINT('',(-0.0124091251863163,0.00157917993819265,0.00499999999999988));
#4592=CARTESIAN_POINT('',(-0.0117093268920872,-0.00288332247578016,0.00500000000000008));
#4593=CARTESIAN_POINT('',(-0.0100210621475015,-0.00969489126337457,0.00499999999999998));
#4594=CARTESIAN_POINT('',(-0.00746431326993373,-0.0169178117552861,0.005));
#4595=CARTESIAN_POINT('',(-0.00411352535781999,-0.0239182452327671,0.005));
#4596=CARTESIAN_POINT('',(-0.000483507044412221,-0.0299018795232287,0.00499999999999998));
#4597=CARTESIAN_POINT('',(0.00213969745468193,-0.0334910597930357,0.00500000000000003));
#4598=CARTESIAN_POINT('',(0.00372809675433289,-0.0354780692409982,0.00500000000000002));
#4599=CARTESIAN_POINT('',(0.00413274466253501,-0.0359694216464112,0.00500000000000001));
#4600=CARTESIAN_POINT('',(0.00536895343051049,-0.0374274716926031,0.00499999999999998));
#4601=CARTESIAN_POINT('',(0.00707622133702748,-0.0393291355583069,0.00499999999999995));
#4602=CARTESIAN_POINT('',(0.00889204887590286,-0.0411520101015812,0.00500000000000012));
#4603=CARTESIAN_POINT('',(0.00980147689362513,-0.0420614381165273,0.005));
#4604=CARTESIAN_POINT('',(-0.0131250745985243,0.0131370849898476,0.00499994913736979));
#4605=CARTESIAN_POINT('',(-0.0131250746004886,0.0118495703112431,0.00499994913736898));
#4606=CARTESIAN_POINT('',(-0.0131202212254997,0.00927184900983851,0.00499994913737014));
#4607=CARTESIAN_POINT('',(-0.012981351414724,0.00669970244976098,0.00499994913736991));
#4608=CARTESIAN_POINT('',(-0.0128217278306808,0.00477403217228665,0.00499994913736973));
#4609=CARTESIAN_POINT('',(-0.0127592006450255,0.00413267991404407,0.00499994913736968));
#4610=CARTESIAN_POINT('',(-0.0124711139307232,0.00157036807614285,0.00499994913736958));
#4611=CARTESIAN_POINT('',(-0.0117706908685571,-0.00289592890643652,0.00499994913736992));
#4612=CARTESIAN_POINT('',(-0.0100811177846018,-0.00971282831926371,0.00499994913736976));
#4613=CARTESIAN_POINT('',(-0.00752221912404946,-0.0169418332831825,0.00499994913736979));
#4614=CARTESIAN_POINT('',(-0.00416861176083223,-0.0239481477816297,0.00499994913736979));
#4615=CARTESIAN_POINT('',(-0.000535741944306084,-0.0299364589386375,0.00499994913736978));
#4616=CARTESIAN_POINT('',(0.0020896775380147,-0.0335287186863153,0.00499994913736982));
#4617=CARTESIAN_POINT('',(0.00367955534529436,-0.0355175706144816,0.00499994913736981));
#4618=CARTESIAN_POINT('',(0.00408459407174169,-0.0360093938061418,0.0049999491373698));
#4619=CARTESIAN_POINT('',(0.0053219965644021,-0.0374688424801768,0.00499994913736978));
#4620=CARTESIAN_POINT('',(0.00703089899265424,-0.0393723214953435,0.00499994913736976));
#4621=CARTESIAN_POINT('',(0.00884780195295002,-0.0411962570245221,0.00499994913736988));
#4622=CARTESIAN_POINT('',(0.00975722997067856,-0.0421056850394739,0.00499994913736979));
#4623=CARTESIAN_POINT('',(-0.0132520616319444,0.0131370849898476,0.0049964599609375));
#4624=CARTESIAN_POINT('',(-0.0132520616339088,0.0118495703112228,0.00499645996093611));
#4625=CARTESIAN_POINT('',(-0.0132472294288929,0.00926877858418838,0.0049964599609381));
#4626=CARTESIAN_POINT('',(-0.0131080975860016,0.00669164335222887,0.0049964599609377));
#4627=CARTESIAN_POINT('',(-0.0129481752155541,0.00476221782782878,0.0049964599609374));
#4628=CARTESIAN_POINT('',(-0.0128855312323949,0.0041196163355653,0.00499645996093731));
#4629=CARTESIAN_POINT('',(-0.012596912049182,0.00155248554478029,0.00499645996093714));
#4630=CARTESIAN_POINT('',(-0.0118952211015037,-0.00292151202273005,0.00499645996093773));
#4631=CARTESIAN_POINT('',(-0.0102029929124551,-0.00974922924822482,0.00499645996093743));
#4632=CARTESIAN_POINT('',(-0.00763973154610615,-0.0169905818590858,0.0049964599609375));
#4633=CARTESIAN_POINT('',(-0.00428040247248329,-0.0240088311269699,0.00499645996093747));
#4634=CARTESIAN_POINT('',(-0.000641745900143561,-0.0300066333781662,0.00499645996093755));
#4635=CARTESIAN_POINT('',(0.00198816860341035,-0.033605142526855,0.00499645996093743));
#4636=CARTESIAN_POINT('',(0.00358104685019881,-0.0355977335296735,0.00499645996093747));
#4637=CARTESIAN_POINT('',(0.00398687869159592,-0.036090512120974,0.00499645996093748));
#4638=CARTESIAN_POINT('',(0.00522670369370963,-0.037552799128851,0.00499645996093754));
#4639=CARTESIAN_POINT('',(0.00693892317186865,-0.0394599617544755,0.00499645996093761));
#4640=CARTESIAN_POINT('',(0.00875800856048302,-0.0412860504169644,0.00499645996093723));
#4641=CARTESIAN_POINT('',(0.00966743657822442,-0.042195478431928,0.0049964599609375));
#4642=CARTESIAN_POINT('',(-0.0133164605034722,0.0131370849898476,0.00499302842881944));
#4643=CARTESIAN_POINT('',(-0.0133164605054365,0.0118495703112126,0.00499302842881782));
#4644=CARTESIAN_POINT('',(-0.0133116390363386,0.00926722148074519,0.00499302842882014));
#4645=CARTESIAN_POINT('',(-0.01317237430923,0.00668755634607854,0.00499302842881968));
#4646=CARTESIAN_POINT('',(-0.0130123004153808,0.00475622642516005,0.00499302842881933));
#4647=CARTESIAN_POINT('',(-0.0129495972007612,0.00411299140946467,0.00499302842881921));
#4648=CARTESIAN_POINT('',(-0.0126607079868527,0.00154341678548423,0.00499302842881903));
#4649=CARTESIAN_POINT('',(-0.011958374057021,-0.00293448597585815,0.00499302842881971));
#4650=CARTESIAN_POINT('',(-0.010264799385838,-0.0097676892333471,0.00499302842881936));
#4651=CARTESIAN_POINT('',(-0.00769932556265357,-0.0170153037003023,0.00499302842881945));
#4652=CARTESIAN_POINT('',(-0.00433709484085918,-0.0240396054419151,0.0049930284288194));
#4653=CARTESIAN_POINT('',(-0.000695503633902309,-0.0300422209070187,0.00499302842881954));
#4654=CARTESIAN_POINT('',(0.00193669042754904,-0.033643899311355,0.00499302842881929));
#4655=CARTESIAN_POINT('',(0.0035310902857434,-0.0356383865092549,0.00499302842881936));
#4656=CARTESIAN_POINT('',(0.00393732433913321,-0.036131649611903,0.0049930284288194));
#4657=CARTESIAN_POINT('',(0.00517837786726929,-0.0375953760226194,0.00499302842881953));
#4658=CARTESIAN_POINT('',(0.00689227951930899,-0.0395044067157957,0.0049930284288197));
#4659=CARTESIAN_POINT('',(0.00871247168171839,-0.0413315872957161,0.00499302842881886));
#4660=CARTESIAN_POINT('',(0.00962189969946637,-0.042241015310686,0.00499302842881944));
#4661=CARTESIAN_POINT('',(-0.0135125868055556,0.0131370849898476,0.00497439236111111));
#4662=CARTESIAN_POINT('',(-0.0135125868075198,0.0118495703111817,0.0049743923611089));
#4663=CARTESIAN_POINT('',(-0.0135077980345831,0.00926247933335913,0.00497439236111206));
#4664=CARTESIAN_POINT('',(-0.0133681286095424,0.00667510939811436,0.00497439236111143));
#4665=CARTESIAN_POINT('',(-0.0132075932522585,0.00473797965123635,0.00497439236111095));
#4666=CARTESIAN_POINT('',(-0.0131447096486501,0.00409281524446573,0.0049743923611108));
#4667=CARTESIAN_POINT('',(-0.0128549980581919,0.00151579794398871,0.00497439236111054));
#4668=CARTESIAN_POINT('',(-0.0121507059308163,-0.00297399805720447,0.00497439236111147));
#4669=CARTESIAN_POINT('',(-0.0104530305579351,-0.0098239089858467,0.004974392361111));
#4670=CARTESIAN_POINT('',(-0.00788081871330133,-0.0170905938906961,0.00497439236111114));
#4671=CARTESIAN_POINT('',(-0.00450975104277901,-0.0241333283977087,0.004974392361111));
#4672=CARTESIAN_POINT('',(-0.000859222427110258,-0.0301506024713004,0.00497439236111142));
#4673=CARTESIAN_POINT('',(0.00177991401159395,-0.0337619328210157,0.00497439236111063));
#4674=CARTESIAN_POINT('',(0.00337894792642888,-0.0357621948674575,0.00497439236111085));
#4675=CARTESIAN_POINT('',(0.00378640691356226,-0.0362569335459454,0.00497439236111098));
#4676=CARTESIAN_POINT('',(0.00503120190890211,-0.0377250436477016,0.00497439236111138));
#4677=CARTESIAN_POINT('',(0.00675022660944963,-0.0396397635272304,0.0049743923611119));
#4678=CARTESIAN_POINT('',(0.00857378944352603,-0.0414702695338681,0.00497439236110926));
#4679=CARTESIAN_POINT('',(0.0094832174612942,-0.0423796975488582,0.00497439236111111));
#4680=CARTESIAN_POINT('',(-0.0136475694444444,0.0131370849898476,0.00495052083333333));
#4681=CARTESIAN_POINT('',(-0.0136475694464087,0.0118495703111606,0.00495052083333085));
#4682=CARTESIAN_POINT('',(-0.0136428031763902,0.00925921558157577,0.00495052083333439));
#4683=CARTESIAN_POINT('',(-0.0135028552206564,0.00666654286795254,0.0049505208333337));
#4684=CARTESIAN_POINT('',(-0.0133420022641953,0.00472542142896191,0.00495052083333315));
#4685=CARTESIAN_POINT('',(-0.0132789945090506,0.00407892913145957,0.00495052083333298));
#4686=CARTESIAN_POINT('',(-0.0129887169233349,0.00149678945778105,0.00495052083333269));
#4687=CARTESIAN_POINT('',(-0.0122830770793647,-0.00300119198760274,0.00495052083333374));
#4688=CARTESIAN_POINT('',(-0.0105825794254807,-0.00986260186114932,0.00495052083333321));
#4689=CARTESIAN_POINT('',(-0.00800573018185226,-0.0171424118695896,0.00495052083333337));
#4690=CARTESIAN_POINT('',(-0.00462858053942537,-0.024197832606288,0.00495052083333317));
#4691=CARTESIAN_POINT('',(-0.000971900810928024,-0.0302251953708671,0.00495052083333384));
#4692=CARTESIAN_POINT('',(0.00167201367330999,-0.0338431686085772,0.00495052083333253));
#4693=CARTESIAN_POINT('',(0.00327423694718278,-0.0358474051565882,0.0049505208333329));
#4694=CARTESIAN_POINT('',(0.00368253898691756,-0.0363431593904535,0.00495052083333311));
#4695=CARTESIAN_POINT('',(0.0049299090224796,-0.0378142865387681,0.00495052083333379));
#4696=CARTESIAN_POINT('',(0.00665245962750504,-0.0397329219634272,0.00495052083333467));
#4697=CARTESIAN_POINT('',(0.00847834230421109,-0.0415657166731535,0.00495052083333022));
#4698=CARTESIAN_POINT('',(0.00938777032199341,-0.042475144688159,0.00495052083333333));
#4699=CARTESIAN_POINT('',(-0.0139149305555555,0.0131370849898476,0.00487239583333333));
#4700=CARTESIAN_POINT('',(-0.0139149305575198,0.0118495703111189,0.0048723958333304));
#4701=CARTESIAN_POINT('',(-0.0139102088591977,0.00925275104428139,0.00487239583333459));
#4702=CARTESIAN_POINT('',(-0.0137697092156603,0.00664957507830726,0.00487239583333376));
#4703=CARTESIAN_POINT('',(-0.0136082271881602,0.0047005472652286,0.00487239583333312));
#4704=CARTESIAN_POINT('',(-0.0135449735251493,0.00405142480473355,0.00487239583333292));
#4705=CARTESIAN_POINT('',(-0.0132535748684414,0.00145913920857232,0.00487239583333258));
#4706=CARTESIAN_POINT('',(-0.0125452655922452,-0.00305505520665528,0.00487239583333381));
#4707=CARTESIAN_POINT('',(-0.0108391778255069,-0.00993924112541429,0.00487239583333318));
#4708=CARTESIAN_POINT('',(-0.00825314325139365,-0.0172450481236038,0.00487239583333341));
#4709=CARTESIAN_POINT('',(-0.00486394700223619,-0.0243255965692617,0.00487239583333306));
#4710=CARTESIAN_POINT('',(-0.00119508371906862,-0.0303729420786909,0.00487239583333422));
#4711=CARTESIAN_POINT('',(0.00145829467529408,-0.0340040729337789,0.00487239583333193));
#4712=CARTESIAN_POINT('',(0.0030668351362001,-0.0360161818064417,0.00487239583333256));
#4713=CARTESIAN_POINT('',(0.00347680701645728,-0.0365139475583538,0.00487239583333294));
#4714=CARTESIAN_POINT('',(0.00472927745323119,-0.0379910505930994,0.00487239583333413));
#4715=CARTESIAN_POINT('',(0.00645881184333198,-0.039917441566956,0.00487239583333567));
#4716=CARTESIAN_POINT('',(0.00828928944949045,-0.0417547695278139,0.00487239583332786));
#4717=CARTESIAN_POINT('',(0.00919871746730118,-0.0426641975428512,0.00487239583333333));
#4718=CARTESIAN_POINT('',(-0.014046875,0.0131370849898476,0.004818359375));
#4719=CARTESIAN_POINT('',(-0.0140468750019643,0.0118495703110983,0.00481835937499691));
#4720=CARTESIAN_POINT('',(-0.0140421753000637,0.00924956075314911,0.00481835937500132));
#4721=CARTESIAN_POINT('',(-0.0139014033950129,0.00664120136393686,0.00481835937500045));
#4722=CARTESIAN_POINT('',(-0.0137396109168702,0.00468827170390568,0.00481835937499978));
#4723=CARTESIAN_POINT('',(-0.0136762358967305,0.00403785124089473,0.00481835937499957));
#4724=CARTESIAN_POINT('',(-0.0133842839842082,0.00144055856610568,0.0048183593749992));
#4725=CARTESIAN_POINT('',(-0.0126746573258745,-0.00308163705501888,0.00481835937500051));
#4726=CARTESIAN_POINT('',(-0.0109658108021432,-0.00997706309998662,0.00481835937499983));
#4727=CARTESIAN_POINT('',(-0.0083752432077907,-0.0172956997814289,0.0048183593750001));
#4728=CARTESIAN_POINT('',(-0.00498010187998699,-0.0243886489146253,0.00481835937499967));
#4729=CARTESIAN_POINT('',(-0.00130522593347565,-0.0304458560383961,0.00481835937500106));
#4730=CARTESIAN_POINT('',(0.00135282296198749,-0.0340834802630991,0.00481835937499832));
#4731=CARTESIAN_POINT('',(0.00296448099571512,-0.0360994741790967,0.00481835937499908));
#4732=CARTESIAN_POINT('',(0.00337527695311324,-0.0365982326282267,0.00481835937499953));
#4733=CARTESIAN_POINT('',(0.00463026447100473,-0.0380782848017306,0.00481835937500095));
#4734=CARTESIAN_POINT('',(0.00636324540438949,-0.040008503189477,0.00481835937500279));
#4735=CARTESIAN_POINT('',(0.00819599063806972,-0.0418480683392041,0.00481835937499348));
#4736=CARTESIAN_POINT('',(0.00910541865589462,-0.0427574963542578,0.004818359375));
#4737=CARTESIAN_POINT('',(-0.014291015625,0.0131370849898476,0.0046806640625));
#4738=CARTESIAN_POINT('',(-0.0142910156269645,0.0118495703110598,0.00468066406249681));
#4739=CARTESIAN_POINT('',(-0.0142863566256792,0.00924365766511667,0.00468066406250136));
#4740=CARTESIAN_POINT('',(-0.0141450809472688,0.00662570723784037,0.00468066406250046));
#4741=CARTESIAN_POINT('',(-0.0139827140333154,0.00466555787744464,0.00468066406249977));
#4742=CARTESIAN_POINT('',(-0.0139191144625674,0.00401273568280477,0.00468066406249955));
#4743=CARTESIAN_POINT('',(-0.0136261388447966,0.00140617826548884,0.00468066406249918));
#4744=CARTESIAN_POINT('',(-0.012914074596159,-0.00313082221852053,0.00468066406250052));
#4745=CARTESIAN_POINT('',(-0.0112001234645047,-0.0100470461943844,0.00468066406249982));
#4746=CARTESIAN_POINT('',(-0.00860116829158458,-0.017389422010135,0.00468066406250013));
#4747=CARTESIAN_POINT('',(-0.00519502661266734,-0.0245053164944511,0.00468066406249962));
#4748=CARTESIAN_POINT('',(-0.00150902526112021,-0.030580770848706,0.00468066406250123));
#4749=CARTESIAN_POINT('',(0.00115766559772773,-0.0342304099431735,0.00468066406249805));
#4750=CARTESIAN_POINT('',(0.00277509216669273,-0.0362535924673151,0.00468066406249893));
#4751=CARTESIAN_POINT('',(0.0031874129378796,-0.0367541877328434,0.00468066406249945));
#4752=CARTESIAN_POINT('',(0.00444705788382585,-0.0382396967831614,0.0046806640625011));
#4753=CARTESIAN_POINT('',(0.00618641605601734,-0.0401769971456217,0.00468066406250323));
#4754=CARTESIAN_POINT('',(0.0080233571465428,-0.042020701830675,0.00468066406249243));
#4755=CARTESIAN_POINT('',(0.008932785164394,-0.0429301298457584,0.0046806640625));
#4756=CARTESIAN_POINT('',(-0.0144027777777778,0.0131370849898476,0.00459722222222222));
#4757=CARTESIAN_POINT('',(-0.0144027777797424,0.0118495703110419,0.0045972222222191));
#4758=CARTESIAN_POINT('',(-0.0143981374102943,0.00924095536259525,0.00459722222222356));
#4759=CARTESIAN_POINT('',(-0.0142566311156349,0.00661861437122735,0.00459722222222268));
#4760=CARTESIAN_POINT('',(-0.0140940012377326,0.00465515999244246,0.004597222222222));
#4761=CARTESIAN_POINT('',(-0.0140302988727061,0.00400123833843466,0.00459722222222178));
#4762=CARTESIAN_POINT('',(-0.0137368546254215,0.00139043972787308,0.00459722222222142));
#4763=CARTESIAN_POINT('',(-0.0130236745021115,-0.00315333809336791,0.00459722222222273));
#4764=CARTESIAN_POINT('',(-0.0113073865943858,-0.0100790828998199,0.00459722222222204));
#4765=CARTESIAN_POINT('',(-0.008704591774388,-0.0174323259637205,0.00459722222222235));
#4766=CARTESIAN_POINT('',(-0.00529341437918323,-0.0245587243198825,0.00459722222222185));
#4767=CARTESIAN_POINT('',(-0.00160232006444193,-0.0306425318507589,0.00459722222222344));
#4768=CARTESIAN_POINT('',(0.00106832689319993,-0.0342976710856077,0.00459722222222028));
#4769=CARTESIAN_POINT('',(0.00268839416940693,-0.0363241443948107,0.00459722222222116));
#4770=CARTESIAN_POINT('',(0.00310141296646154,-0.036825580514068,0.00459722222222168));
#4771=CARTESIAN_POINT('',(0.00436318997947285,-0.0383135876013275,0.00459722222222332));
#4772=CARTESIAN_POINT('',(0.00610546750987366,-0.0402541299344344,0.00459722222222544));
#4773=CARTESIAN_POINT('',(0.00794432937042156,-0.0420997296067709,0.00459722222221469));
#4774=CARTESIAN_POINT('',(0.00885375738828482,-0.0430091576218676,0.00459722222222222));
#4775=CARTESIAN_POINT('',(-0.0145972222222222,0.0131370849898476,0.00440277777777778));
#4776=CARTESIAN_POINT('',(-0.0145972222241869,0.0118495703110108,0.00440277777777497));
#4777=CARTESIAN_POINT('',(-0.014592614270518,0.00923625388092696,0.00440277777777898));
#4778=CARTESIAN_POINT('',(-0.014450706748365,0.00660627416057635,0.00440277777777819));
#4779=CARTESIAN_POINT('',(-0.0142876193642525,0.00463706969154545,0.00440277777777758));
#4780=CARTESIAN_POINT('',(-0.0142237381571415,0.00398123519172471,0.00440277777777738));
#4781=CARTESIAN_POINT('',(-0.0139294785854989,0.00136305772844834,0.00440277777777706));
#4782=CARTESIAN_POINT('',(-0.0132143570569337,-0.00319251134358781,0.00440277777777824));
#4783=CARTESIAN_POINT('',(-0.0114940036125866,-0.0101348205465581,0.00440277777777762));
#4784=CARTESIAN_POINT('',(-0.00888452855223628,-0.0175069705120944,0.00440277777777789));
#4785=CARTESIAN_POINT('',(-0.00546458998850021,-0.0246516435656816,0.00440277777777745));
#4786=CARTESIAN_POINT('',(-0.00176463490672592,-0.0307499840019033,0.00440277777777884));
#4787=CARTESIAN_POINT('',(0.000912894894642773,-0.0344146924130273,0.00440277777777609));
#4788=CARTESIAN_POINT('',(0.00253755648869218,-0.0364468910492497,0.00440277777777685));
#4789=CARTESIAN_POINT('',(0.00295178971521767,-0.0369497900907228,0.00440277777777731));
#4790=CARTESIAN_POINT('',(0.00421727611092863,-0.0384421432772047,0.00440277777777873));
#4791=CARTESIAN_POINT('',(0.00596463275774801,-0.0403883260097277,0.00440277777778057));
#4792=CARTESIAN_POINT('',(0.0078068363851697,-0.0422372225919793,0.00440277777777123));
#4793=CARTESIAN_POINT('',(0.00871626440305411,-0.0431466506070983,0.00440277777777778));
#4794=CARTESIAN_POINT('',(-0.0146806640625,0.0131370849898476,0.004291015625));
#4795=CARTESIAN_POINT('',(-0.0146806640644657,0.0118495703109974,0.00429101562499742));
#4796=CARTESIAN_POINT('',(-0.0146760700213613,0.00923423633661728,0.0042910156250011));
#4797=CARTESIAN_POINT('',(-0.0145339903206693,0.00660097861259051,0.00429101562500038));
#4798=CARTESIAN_POINT('',(-0.0143707066071621,0.00462930661041275,0.00429101562499982));
#4799=CARTESIAN_POINT('',(-0.0143067486536433,0.00397265125209305,0.00429101562499964));
#4800=CARTESIAN_POINT('',(-0.0140121392022958,0.00135130730570413,0.00429101562499934));
#4801=CARTESIAN_POINT('',(-0.013296184559533,-0.00320932173946901,0.00429101562500042));
#4802=CARTESIAN_POINT('',(-0.0115740864736338,-0.0101587392130434,0.00429101562499986));
#4803=CARTESIAN_POINT('',(-0.00896174472531958,-0.0175390026871499,0.0042910156250001));
#4804=CARTESIAN_POINT('',(-0.00553804648602524,-0.0246915179518533,0.00429101562499972));
#4805=CARTESIAN_POINT('',(-0.00183428898804071,-0.0307960948859601,0.00429101562500092));
#4806=CARTESIAN_POINT('',(0.000846194444368818,-0.0344649097125732,0.00429101562499854));
#4807=CARTESIAN_POINT('',(0.00247282759557281,-0.0364995652553122,0.0042910156249992));
#4808=CARTESIAN_POINT('',(0.00288758196956662,-0.0370030920798119,0.00429101562499959));
#4809=CARTESIAN_POINT('',(0.00415466017068855,-0.0384973103055246,0.00429101562500083));
#4810=CARTESIAN_POINT('',(0.00590419641601595,-0.0404459134996271,0.00429101562500243));
#4811=CARTESIAN_POINT('',(0.00774783409406449,-0.0422962248830659,0.00429101562499432));
#4812=CARTESIAN_POINT('',(0.00865726211195901,-0.0432056528981934,0.004291015625));
#4813=CARTESIAN_POINT('',(-0.014818359375,0.0131370849898476,0.004046875));
#4814=CARTESIAN_POINT('',(-0.0148183593769583,0.0118495703109759,0.00404687499999791));
#4815=CARTESIAN_POINT('',(-0.0148137882890116,0.00923090699496692,0.00404687500000089));
#4816=CARTESIAN_POINT('',(-0.0146714244601427,0.00659223992547207,0.0040468750000003));
#4817=CARTESIAN_POINT('',(-0.0145078167648367,0.00461649601228874,0.00404687499999985));
#4818=CARTESIAN_POINT('',(-0.0144437321647742,0.00395848607733033,0.00404687499999971));
#4819=CARTESIAN_POINT('',(-0.0141485453436657,0.00133191681615628,0.00404687499999946));
#4820=CARTESIAN_POINT('',(-0.0134312158999747,-0.00323706217168397,0.00404687500000034));
#4821=CARTESIAN_POINT('',(-0.0117062388152053,-0.0101982096782838,0.00404687499999989));
#4822=CARTESIAN_POINT('',(-0.00908916647257947,-0.0175918620241402,0.00404687500000006));
#4823=CARTESIAN_POINT('',(-0.00565926403525676,-0.0247573184668748,0.0040468749999998));
#4824=CARTESIAN_POINT('',(-0.00194923180883282,-0.0308721868389754,0.00404687500000064));
#4825=CARTESIAN_POINT('',(0.000736125690927231,-0.0345477780521341,0.00404687499999898));
#4826=CARTESIAN_POINT('',(0.00236601229600469,-0.0365864879698668,0.00404687499999944));
#4827=CARTESIAN_POINT('',(0.00278162666497511,-0.0370910507588155,0.00404687499999971));
#4828=CARTESIAN_POINT('',(0.00405133165551914,-0.0385883466630521,0.00404687500000058));
#4829=CARTESIAN_POINT('',(0.00580446466353254,-0.0405409440908943,0.0040468750000017));
#4830=CARTESIAN_POINT('',(0.00765046880484686,-0.0423935901722517,0.00404687499999603));
#4831=CARTESIAN_POINT('',(0.00855989682275265,-0.0433030181873998,0.004046875));
#4832=CARTESIAN_POINT('',(-0.0148723958333333,0.0131370849898476,0.00391493055555556));
#4833=CARTESIAN_POINT('',(-0.0148723958352858,0.0118495703109677,0.00391493055555373));
#4834=CARTESIAN_POINT('',(-0.0148678337557504,0.0092296004448156,0.00391493055555633));
#4835=CARTESIAN_POINT('',(-0.0147253584250429,0.006588810558896,0.00391493055555582));
#4836=CARTESIAN_POINT('',(-0.0145616235879428,0.00461146868536538,0.00391493055555543));
#4837=CARTESIAN_POINT('',(-0.0144974892873453,0.00395292716713979,0.0039149305555553));
#4838=CARTESIAN_POINT('',(-0.014202075886141,0.00132430730961984,0.00391493055555509));
#4839=CARTESIAN_POINT('',(-0.0134842069224653,-0.00324794848787239,0.00391493055555585));
#4840=CARTESIAN_POINT('',(-0.0117581000178077,-0.0102136992698438,0.00391493055555546));
#4841=CARTESIAN_POINT('',(-0.0091391712244593,-0.0176126058774272,0.0039149305555556));
#4842=CARTESIAN_POINT('',(-0.00570683404275652,-0.0247831408912094,0.0039149305555554));
#4843=CARTESIAN_POINT('',(-0.00199433939335195,-0.030902047983658,0.00391493055555606));
#4844=CARTESIAN_POINT('',(0.000692930860971808,-0.0345802984879897,0.00391493055555476));
#4845=CARTESIAN_POINT('',(0.00232409423518147,-0.0366205994843253,0.00391493055555512));
#4846=CARTESIAN_POINT('',(0.00274004609627027,-0.0371255688219704,0.00391493055555533));
#4847=CARTESIAN_POINT('',(0.0040107819308898,-0.0386240725149427,0.00391493055555601));
#4848=CARTESIAN_POINT('',(0.00576532643442495,-0.0405782374198559,0.00391493055555689));
#4849=CARTESIAN_POINT('',(0.00761225925872509,-0.0424317997183602,0.00391493055555244));
#4850=CARTESIAN_POINT('',(0.00852168727663385,-0.0433412277335186,0.00391493055555556));
#4851=CARTESIAN_POINT('',(-0.0149505208333333,0.0131370849898476,0.00364756944444444));
#4852=CARTESIAN_POINT('',(-0.0149505208351824,0.0118495703109561,0.00364756944444318));
#4853=CARTESIAN_POINT('',(-0.0149459717799916,0.00922771145664488,0.00364756944444499));
#4854=CARTESIAN_POINT('',(-0.0148033352417799,0.00658385243854501,0.00364756944444463));
#4855=CARTESIAN_POINT('',(-0.0146394165851978,0.00460420026089791,0.00364756944444435));
#4856=CARTESIAN_POINT('',(-0.0145752104283985,0.00394489018855111,0.00364756944444427));
#4857=CARTESIAN_POINT('',(-0.0142794694415026,0.00131330561342264,0.00364756944444412));
#4858=CARTESIAN_POINT('',(-0.0135608204489731,-0.00326368774019309,0.00364756944444465));
#4859=CARTESIAN_POINT('',(-0.0118330800697582,-0.0102360938600508,0.00364756944444438));
#4860=CARTESIAN_POINT('',(-0.0092114672512756,-0.0176425969906141,0.00364756944444446));
#4861=CARTESIAN_POINT('',(-0.00577560995721047,-0.0248204745167502,0.00364756944444436));
#4862=CARTESIAN_POINT('',(-0.0020595551782096,-0.0309452207229688,0.00364756944444472));
#4863=CARTESIAN_POINT('',(0.000630480504426763,-0.0346273159855948,0.00364756944444401));
#4864=CARTESIAN_POINT('',(0.00226348980990422,-0.0366699173365449,0.00364756944444421));
#4865=CARTESIAN_POINT('',(0.0026799296114006,-0.0371754744554425,0.00364756944444432));
#4866=CARTESIAN_POINT('',(0.00395215582298237,-0.0386757243490111,0.00364756944444469));
#4867=CARTESIAN_POINT('',(0.00570874104291587,-0.0406321554858532,0.00364756944444516));
#4868=CARTESIAN_POINT('',(0.00755701654150664,-0.0424870424355584,0.00364756944444277));
#4869=CARTESIAN_POINT('',(0.00846644455935365,-0.0433964704507988,0.00364756944444444));
#4870=CARTESIAN_POINT('',(-0.0149743923611111,0.0131370849898476,0.00351258680555556));
#4871=CARTESIAN_POINT('',(-0.0149743923628651,0.0118495703109528,0.00351258680555459));
#4872=CARTESIAN_POINT('',(-0.0149698472874257,0.00922713426581487,0.00351258680555597));
#4873=CARTESIAN_POINT('',(-0.0148271614913476,0.00658233745732663,0.0035125868055557));
#4874=CARTESIAN_POINT('',(-0.0146631866676877,0.00460197935342175,0.00351258680555549));
#4875=CARTESIAN_POINT('',(-0.0145989585548224,0.00394243444509348,0.00351258680555542));
#4876=CARTESIAN_POINT('',(-0.0143031174722912,0.00130994398402908,0.00351258680555531));
#4877=CARTESIAN_POINT('',(-0.0135842301376385,-0.00326849695618003,0.00351258680555571));
#4878=CARTESIAN_POINT('',(-0.0118559906411842,-0.0102429366515028,0.00351258680555551));
#4879=CARTESIAN_POINT('',(-0.0092335577039153,-0.0176517609418663,0.00351258680555557));
#4880=CARTESIAN_POINT('',(-0.00579662481995794,-0.024831882013441,0.00351258680555551));
#4881=CARTESIAN_POINT('',(-0.00207948222358993,-0.0309584123933211,0.00351258680555573));
#4882=CARTESIAN_POINT('',(0.000611398451049352,-0.0346416824431848,0.00351258680555528));
#4883=CARTESIAN_POINT('',(0.00224497179107573,-0.0366849866802724,0.0035125868055554));
#4884=CARTESIAN_POINT('',(0.0026615606854714,-0.0371907233990001,0.00351258680555548));
#4885=CARTESIAN_POINT('',(0.00393424229000426,-0.0386915068538719,0.00351258680555571));
#4886=CARTESIAN_POINT('',(0.00569145106215816,-0.0406486304504827,0.00351258680555602));
#4887=CARTESIAN_POINT('',(0.00754013682240061,-0.0425039221546573,0.00351258680555447));
#4888=CARTESIAN_POINT('',(0.0084495648401847,-0.0434133501699677,0.00351258680555556));
#4889=CARTESIAN_POINT('',(-0.0149930284288194,0.0131370849898476,0.00331646050347222));
#4890=CARTESIAN_POINT('',(-0.0149930284301853,0.0118495703109502,0.00331646050347169));
#4891=CARTESIAN_POINT('',(-0.0149884864621136,0.00922668366342823,0.00331646050347245));
#4892=CARTESIAN_POINT('',(-0.0148457622112261,0.00658115473903455,0.0033164605034723));
#4893=CARTESIAN_POINT('',(-0.0146817435388815,0.00460024553133525,0.00331646050347218));
#4894=CARTESIAN_POINT('',(-0.0146174982852932,0.00394051729082599,0.00331646050347215));
#4895=CARTESIAN_POINT('',(-0.0143215790598827,0.00130731962108204,0.00331646050347209));
#4896=CARTESIAN_POINT('',(-0.0136025056559998,-0.00327225142366088,0.00331646050347231));
#4897=CARTESIAN_POINT('',(-0.0118738765077248,-0.0102482786943742,0.0033164605034722));
#4898=CARTESIAN_POINT('',(-0.00925080331865346,-0.0176589150719944,0.00331646050347223));
#4899=CARTESIAN_POINT('',(-0.00581303074120469,-0.0248407876386878,0.00331646050347222));
#4900=CARTESIAN_POINT('',(-0.00209503890564431,-0.0309687108905523,0.00331646050347226));
#4901=CARTESIAN_POINT('',(0.000596501438980969,-0.0346528980753598,0.00331646050347216));
#4902=CARTESIAN_POINT('',(0.00223051511049879,-0.036696751042901,0.00331646050347219));
#4903=CARTESIAN_POINT('',(0.00264722039899498,-0.037202627971966,0.00331646050347221));
#4904=CARTESIAN_POINT('',(0.00392025752047677,-0.0387038279684942,0.00331646050347226));
#4905=CARTESIAN_POINT('',(0.00567795308844945,-0.0406614921559189,0.00331646050347232));
#4906=CARTESIAN_POINT('',(0.0075269591328195,-0.0425170998442322,0.00331646050347198));
#4907=CARTESIAN_POINT('',(0.00843638715033348,-0.043426527859819,0.00331646050347222));
#4908=CARTESIAN_POINT('',(-0.0149964599609375,0.0131370849898476,0.00325206163194444));
#4909=CARTESIAN_POINT('',(-0.0149964599621316,0.0118495703109497,0.00325206163194405));
#4910=CARTESIAN_POINT('',(-0.0149919185663748,0.0092266006922464,0.00325206163194462));
#4911=CARTESIAN_POINT('',(-0.0148491872346245,0.00658093696048441,0.0032520616319445));
#4912=CARTESIAN_POINT('',(-0.014685160488228,0.00459992627588555,0.00325206163194442));
#4913=CARTESIAN_POINT('',(-0.0146209120784443,0.00394016427770395,0.00325206163194439));
#4914=CARTESIAN_POINT('',(-0.0143249784642678,0.0013068363868567,0.00325206163194434));
#4915=CARTESIAN_POINT('',(-0.013605870798771,-0.00327294274845908,0.00325206163194451));
#4916=CARTESIAN_POINT('',(-0.0118771699023592,-0.010249262345645,0.00325206163194443));
#4917=CARTESIAN_POINT('',(-0.00925397882122391,-0.0176602323899883,0.00325206163194445));
#4918=CARTESIAN_POINT('',(-0.0058160516277187,-0.0248424274663317,0.00325206163194446));
#4919=CARTESIAN_POINT('',(-0.0020979034184358,-0.0309706071931835,0.00325206163194444));
#4920=CARTESIAN_POINT('',(0.00059375839383664,-0.0346549632536095,0.00325206163194446));
#4921=CARTESIAN_POINT('',(0.00222785314530791,-0.036698917261046,0.00325206163194445));
#4922=CARTESIAN_POINT('',(0.00264457986590074,-0.0372048200075943,0.00325206163194445));
#4923=CARTESIAN_POINT('',(0.00391768245009501,-0.0387060967035842,0.00325206163194444));
#4924=CARTESIAN_POINT('',(0.00567546765366796,-0.0406638604321321,0.00325206163194443));
#4925=CARTESIAN_POINT('',(0.00752453267330929,-0.0425195263037411,0.00325206163194448));
#4926=CARTESIAN_POINT('',(0.00843396069070295,-0.0434289543194495,0.00325206163194444));
#4927=CARTESIAN_POINT('',(-0.0149999491373698,0.0131370849898476,0.00312507459852431));
#4928=CARTESIAN_POINT('',(-0.0149999491380851,0.0118495703109493,0.00312507459852415));
#4929=CARTESIAN_POINT('',(-0.0149954083246914,0.00922651632727991,0.00312507459852437));
#4930=CARTESIAN_POINT('',(-0.014852669793045,0.00658071552359894,0.00312507459852433));
#4931=CARTESIAN_POINT('',(-0.0146886348368991,0.00459960165744905,0.00312507459852429));
#4932=CARTESIAN_POINT('',(-0.01462438321788,0.00393980533451959,0.00312507459852428));
#4933=CARTESIAN_POINT('',(-0.0143284349731936,0.00130634503506035,0.00312507459852427));
#4934=CARTESIAN_POINT('',(-0.0136092924706697,-0.00327364568642101,0.00312507459852433));
#4935=CARTESIAN_POINT('',(-0.0118805186208011,-0.0102502625207013,0.0031250745985243));
#4936=CARTESIAN_POINT('',(-0.00925720766722372,-0.0176615718368446,0.00312507459852431));
#4937=CARTESIAN_POINT('',(-0.0058191232603386,-0.024844094840477,0.00312507459852435));
#4938=CARTESIAN_POINT('',(-0.00210081605054815,-0.0309725353507354,0.0031250745985242));
#4939=CARTESIAN_POINT('',(0.000590969269925999,-0.0346570631235334,0.00312507459852448));
#4940=CARTESIAN_POINT('',(0.00222514646334078,-0.0367011198682007,0.0031250745985244));
#4941=CARTESIAN_POINT('',(0.00264189497604084,-0.0372070488659399,0.00312507459852435));
#4942=CARTESIAN_POINT('',(0.00391506412257094,-0.0387084035498679,0.00312507459852421));
#4943=CARTESIAN_POINT('',(0.00567294046741998,-0.0406662684917331,0.00312507459852403));
#4944=CARTESIAN_POINT('',(0.00752206545333017,-0.0425219935237186,0.00312507459852496));
#4945=CARTESIAN_POINT('',(0.00843149347038692,-0.0434314215397655,0.00312507459852431));
#4946=CARTESIAN_POINT('',(-0.015,0.0131370849898476,0.0030625));
#4947=CARTESIAN_POINT('',(-0.0150000000004083,0.0118495703109493,0.00306249999999994));
#4948=CARTESIAN_POINT('',(-0.0149954591959321,0.00922651509746989,0.00306250000000002));
#4949=CARTESIAN_POINT('',(-0.0148527205592463,0.00658071229565601,0.00306250000000001));
#4950=CARTESIAN_POINT('',(-0.0146886854833594,0.00459959692540186,0.0030625));
#4951=CARTESIAN_POINT('',(-0.0146244338175379,0.00393980010211164,0.00306249999999999));
#4952=CARTESIAN_POINT('',(-0.0143284853595438,0.00130633787249768,0.00306249999999999));
#4953=CARTESIAN_POINT('',(-0.0136093423493174,-0.00327365593333021,0.00306250000000001));
#4954=CARTESIAN_POINT('',(-0.0118805674359235,-0.0102502771005118,0.0030625));
#4955=CARTESIAN_POINT('',(-0.00925725473495629,-0.0176615913623118,0.0030625));
#4956=CARTESIAN_POINT('',(-0.00581916803631303,-0.0248441191462123,0.00306250000000006));
#4957=CARTESIAN_POINT('',(-0.00210085850877656,-0.0309725634580226,0.00306249999999984));
#4958=CARTESIAN_POINT('',(0.000590928612197569,-0.0346570937338275,0.00306250000000026));
#4959=CARTESIAN_POINT('',(0.00222510700736532,-0.0367011519761468,0.00306250000000014));
#4960=CARTESIAN_POINT('',(0.00264185583772005,-0.037207081356571,0.00306250000000007));
#4961=CARTESIAN_POINT('',(0.00391502595450051,-0.0387084371773955,0.00306249999999986));
#4962=CARTESIAN_POINT('',(0.00567290362787986,-0.0406663035947333,0.00306249999999958));
#4963=CARTESIAN_POINT('',(0.00752202948823596,-0.0425220294888126,0.00306250000000099));
#4964=CARTESIAN_POINT('',(0.00843145750507619,-0.0434314575050763,0.0030625));
#4965=CARTESIAN_POINT('',(-0.015,0.0131370849898476,0.003));
#4966=CARTESIAN_POINT('',(-0.015,0.0118495703109493,0.003));
#4967=CARTESIAN_POINT('',(-0.0149954591961066,0.00922651509746989,0.003));
#4968=CARTESIAN_POINT('',(-0.0148527205593056,0.00658071229565602,0.003));
#4969=CARTESIAN_POINT('',(-0.0146886854833298,0.00459959692540186,0.003));
#4970=CARTESIAN_POINT('',(-0.0146244338174802,0.00393980010211163,0.003));
#4971=CARTESIAN_POINT('',(-0.0143284853594385,0.00130633787249762,0.003));
#4972=CARTESIAN_POINT('',(-0.0136093423493835,-0.00327365593333039,0.003));
#4973=CARTESIAN_POINT('',(-0.0118805674359028,-0.0102502771005108,0.003));
#4974=CARTESIAN_POINT('',(-0.00925725473496533,-0.0176615913623155,0.003));
#4975=CARTESIAN_POINT('',(-0.00581916803629766,-0.0248441191461984,0.00300000000000007));
#4976=CARTESIAN_POINT('',(-0.00210085850882337,-0.0309725634580691,0.00299999999999977));
#4977=CARTESIAN_POINT('',(0.000590928612271852,-0.0346570937337532,0.00300000000000036));
#4978=CARTESIAN_POINT('',(0.00222510700740605,-0.0367011519761061,0.0030000000000002));
#4979=CARTESIAN_POINT('',(0.00264185583774098,-0.03720708135655,0.0030000000000001));
#4980=CARTESIAN_POINT('',(0.00391502595445866,-0.0387084371774373,0.0029999999999998));
#4981=CARTESIAN_POINT('',(0.00567290362775663,-0.0406663035948565,0.0029999999999994));
#4982=CARTESIAN_POINT('',(0.00752202948852426,-0.0425220294885243,0.0030000000000014));
#4983=CARTESIAN_POINT('',(0.00843145750507619,-0.0434314575050763,0.003));
#4984=CARTESIAN_POINT('',(0.00984567106744928,-0.0420172439427031,0.00500000000000003));
#4985=CARTESIAN_POINT('',(0.00966889437216159,-0.0421940206380005,0.00500000000000003));
#4986=CARTESIAN_POINT('',(0.00928956104684616,-0.0425733539633147,0.00497395833333741));
#4987=CARTESIAN_POINT('',(0.0087426581457557,-0.0431202568643558,0.0045598958333414));
#4988=CARTESIAN_POINT('',(0.00844987174415579,-0.04341304326598,0.00378645833331647));
#4989=CARTESIAN_POINT('',(0.00843145750507011,-0.0434314575050824,0.00324999999999371));
#4990=CARTESIAN_POINT('',(0.00843145750507565,-0.0434314575050768,0.00300000000000002));
#4991=CARTESIAN_POINT('',(0.0134946641455994,-0.0484946641455985,0.00300000000000002));
#4992=CARTESIAN_POINT('',(0.00843145750507565,-0.0434314575050768,0.00300000000000002));
#4993=CARTESIAN_POINT('',(0.0134946641455927,-0.0484946641456052,0.00329999999999143));
#4994=CARTESIAN_POINT('',(0.00843145750506898,-0.0434314575050835,0.00329999999999143));
#4995=CARTESIAN_POINT('',(0.0134946641455813,-0.0484946641456052,0.0035999999999771));
#4996=CARTESIAN_POINT('',(0.00843145750505751,-0.0434314575050835,0.0035999999999771));
#4997=CARTESIAN_POINT('',(0.0136360855018419,-0.0483532427893214,0.00433333333333582));
#4998=CARTESIAN_POINT('',(0.00857287886131817,-0.0432900361487997,0.00433333333333582));
#4999=CARTESIAN_POINT('',(0.0139660686663849,-0.0480232596247671,0.00480000000000735));
#5000=CARTESIAN_POINT('',(0.00890286202586115,-0.0429600529842454,0.00480000000000735));
#5001=CARTESIAN_POINT('',(0.0144846136392786,-0.0475047146519421,0.00500000000000071));
#5002=CARTESIAN_POINT('',(0.00942140699875483,-0.0424415080114204,0.00500000000000071));
#5003=CARTESIAN_POINT('',(0.0146967456736227,-0.0472925826175867,0.00500000000000003));
#5004=CARTESIAN_POINT('',(0.00963353903309898,-0.0422293759770649,0.00500000000000003));
#5005=CARTESIAN_POINT('',(0.0149088777079672,-0.0470804505832305,0.00500000000000003));
#5006=CARTESIAN_POINT('',(0.00984567106744347,-0.0420172439427088,0.00500000000000003));
#5007=CARTESIAN_POINT('',(0.00843145750507624,-0.0434314575050761,0.002));
#5008=CARTESIAN_POINT('',(0.013494664145601,-0.0484946641456012,0.002));
#5009=CARTESIAN_POINT('',(0.00843145750507718,-0.0434314575050752,0.00169999999999982));
#5010=CARTESIAN_POINT('',(0.013494664145602,-0.0484946641456002,0.00169999999999982));
#5011=CARTESIAN_POINT('',(0.00843145750507718,-0.0434314575050751,0.00139999999999981));
#5012=CARTESIAN_POINT('',(0.013494664145602,-0.0484946641456002,0.00139999999999981));
#5013=CARTESIAN_POINT('',(0.00857287886131389,-0.0432900361488378,0.000666666666666673));
#5014=CARTESIAN_POINT('',(0.0136360855018387,-0.0483532427893629,0.000666666666666673));
#5015=CARTESIAN_POINT('',(0.00890286202586691,-0.0429600529842842,0.000200000000000113));
#5016=CARTESIAN_POINT('',(0.0139660686663917,-0.0480232596248092,0.000200000000000112));
#5017=CARTESIAN_POINT('',(0.00942140699873817,-0.0424415080114143,-7.76219832162657E-17));
#5018=CARTESIAN_POINT('',(0.0144846136392629,-0.0475047146519393,-7.81841120753403E-17));
#5019=CARTESIAN_POINT('',(0.00963353903309415,-0.0422293759770582,-5.03710895010617E-17));
#5020=CARTESIAN_POINT('',(0.0146967456736189,-0.0472925826175833,-5.09332183601363E-17));
#5021=CARTESIAN_POINT('',(0.00984567106745009,-0.0420172439427023,2.93357505932564E-19));
#5022=CARTESIAN_POINT('',(0.0149088777079749,-0.0470804505832273,-2.68771353142068E-19));
#5023=CARTESIAN_POINT('',(0.00843145750507625,-0.0434314575050761,0.002));
#5024=CARTESIAN_POINT('',(0.00843145750507704,-0.0434314575050753,0.00174999999999997));
#5025=CARTESIAN_POINT('',(0.0084498717441705,-0.0434130432659818,0.00121354166666684));
#5026=CARTESIAN_POINT('',(0.00874265814575442,-0.043120256864397,0.000440104166667077));
#5027=CARTESIAN_POINT('',(0.00928956104682851,-0.0425733539633236,2.60416666668987E-5));
#5028=CARTESIAN_POINT('',(0.00966889437215277,-0.0421940206379996,-4.19270149997886E-17));
#5029=CARTESIAN_POINT('',(0.0098456710674493,-0.0420172439427031,2.93357505741631E-19));
#5030=CARTESIAN_POINT('',(-0.015,0.0131370849898476,0.002));
#5031=CARTESIAN_POINT('',(-0.015,0.0118495703109426,0.00200000000000503));
#5032=CARTESIAN_POINT('',(-0.0149954591961066,0.00922651509747276,0.00199999999999785));
#5033=CARTESIAN_POINT('',(-0.0148527205593055,0.006580712295657,0.00199999999999927));
#5034=CARTESIAN_POINT('',(-0.0146886854833298,0.00459959692540139,0.00200000000000036));
#5035=CARTESIAN_POINT('',(-0.0146244338174802,0.0039398001021107,0.00200000000000071));
#5036=CARTESIAN_POINT('',(-0.0143284853594385,0.00130633787249592,0.00200000000000129));
#5037=CARTESIAN_POINT('',(-0.0136093423493835,-0.00327365593332927,0.00199999999999919));
#5038=CARTESIAN_POINT('',(-0.0118805674359027,-0.0102502771005112,0.00200000000000024));
#5039=CARTESIAN_POINT('',(-0.00925725473496563,-0.0176615913623151,0.00199999999999993));
#5040=CARTESIAN_POINT('',(-0.00581916803629665,-0.0248441191461994,0.002));
#5041=CARTESIAN_POINT('',(-0.00210085850882682,-0.0309725634580656,0.002));
#5042=CARTESIAN_POINT('',(0.000590928612277269,-0.0346570937337586,0.002));
#5043=CARTESIAN_POINT('',(0.002225107007409,-0.036701151976109,0.002));
#5044=CARTESIAN_POINT('',(0.00264185583774248,-0.0372070813565515,0.002));
#5045=CARTESIAN_POINT('',(0.00391502595445555,-0.0387084371774343,0.002));
#5046=CARTESIAN_POINT('',(0.00567290362774757,-0.0406663035948475,0.002));
#5047=CARTESIAN_POINT('',(0.00752202948854546,-0.0425220294885455,0.002));
#5048=CARTESIAN_POINT('',(0.00843145750507619,-0.0434314575050762,0.002));
#5049=CARTESIAN_POINT('',(-0.015,0.0131370849898476,0.0019375));
#5050=CARTESIAN_POINT('',(-0.0150000000004076,0.0118495703109426,0.00193750000000517));
#5051=CARTESIAN_POINT('',(-0.0149954591959324,0.00922651509747276,0.00193749999999779));
#5052=CARTESIAN_POINT('',(-0.0148527205592464,0.006580712295657,0.00193749999999925));
#5053=CARTESIAN_POINT('',(-0.0146886854833594,0.0045995969254014,0.00193750000000037));
#5054=CARTESIAN_POINT('',(-0.0146244338175378,0.00393980010211072,0.00193750000000073));
#5055=CARTESIAN_POINT('',(-0.0143284853595436,0.00130633787249598,0.00193750000000133));
#5056=CARTESIAN_POINT('',(-0.0136093423493175,-0.00327365593332909,0.00193749999999916));
#5057=CARTESIAN_POINT('',(-0.0118805674359234,-0.0102502771005122,0.00193750000000025));
#5058=CARTESIAN_POINT('',(-0.00925725473495661,-0.0176615913623114,0.00193749999999994));
#5059=CARTESIAN_POINT('',(-0.00581916803631198,-0.0248441191462133,0.00193749999999998));
#5060=CARTESIAN_POINT('',(-0.00210085850878013,-0.0309725634580192,0.00193750000000007));
#5061=CARTESIAN_POINT('',(0.000590928612203167,-0.0346570937338327,0.00193749999999989));
#5062=CARTESIAN_POINT('',(0.00222510700736837,-0.0367011519761497,0.00193749999999994));
#5063=CARTESIAN_POINT('',(0.0026418558377216,-0.0372070813565724,0.00193749999999997));
#5064=CARTESIAN_POINT('',(0.0039150259544973,-0.0387084371773925,0.00193750000000006));
#5065=CARTESIAN_POINT('',(0.00567290362787049,-0.0406663035947246,0.00193750000000019));
#5066=CARTESIAN_POINT('',(0.00752202948825786,-0.0425220294888331,0.00193749999999956));
#5067=CARTESIAN_POINT('',(0.00843145750507619,-0.0434314575050762,0.0019375));
#5068=CARTESIAN_POINT('',(-0.0149999491373698,0.0131370849898476,0.00187492540147569));
#5069=CARTESIAN_POINT('',(-0.0149999491380837,0.0118495703109426,0.00187492540148109));
#5070=CARTESIAN_POINT('',(-0.014995408324692,0.00922651632728278,0.00187492540147339));
#5071=CARTESIAN_POINT('',(-0.0148526697930452,0.00658071552359993,0.00187492540147491));
#5072=CARTESIAN_POINT('',(-0.014688634836899,0.00459960165744858,0.00187492540147608));
#5073=CARTESIAN_POINT('',(-0.0146243832178799,0.00393980533451866,0.00187492540147646));
#5074=CARTESIAN_POINT('',(-0.0143284349731933,0.00130634503505865,0.00187492540147709));
#5075=CARTESIAN_POINT('',(-0.0136092924706699,-0.0032736456864199,0.00187492540147482));
#5076=CARTESIAN_POINT('',(-0.011880518620801,-0.0102502625207016,0.00187492540147595));
#5077=CARTESIAN_POINT('',(-0.00925720766722404,-0.0176615718368442,0.00187492540147564));
#5078=CARTESIAN_POINT('',(-0.00581912326033754,-0.024844094840478,0.00187492540147566));
#5079=CARTESIAN_POINT('',(-0.00210081605055176,-0.0309725353507322,0.00187492540147584));
#5080=CARTESIAN_POINT('',(0.000590969269931674,-0.0346570631235385,0.00187492540147546));
#5081=CARTESIAN_POINT('',(0.00222514646334387,-0.0367011198682035,0.00187492540147557));
#5082=CARTESIAN_POINT('',(0.00264189497604241,-0.0372070488659413,0.00187492540147563));
#5083=CARTESIAN_POINT('',(0.00391506412256769,-0.038708403549865,0.00187492540147583));
#5084=CARTESIAN_POINT('',(0.00567294046741049,-0.0406662684917247,0.00187492540147608));
#5085=CARTESIAN_POINT('',(0.00752206545335236,-0.0425219935237386,0.00187492540147478));
#5086=CARTESIAN_POINT('',(0.00843149347038692,-0.0434314215397655,0.00187492540147569));
#5087=CARTESIAN_POINT('',(-0.0149964599609375,0.0131370849898476,0.00174793836805556));
#5088=CARTESIAN_POINT('',(-0.0149964599621289,0.0118495703109431,0.00174793836806143));
#5089=CARTESIAN_POINT('',(-0.014991918566376,0.00922660069224926,0.00174793836805305));
#5090=CARTESIAN_POINT('',(-0.0148491872346248,0.00658093696048538,0.0017479383680547));
#5091=CARTESIAN_POINT('',(-0.0146851604882278,0.00459992627588509,0.00174793836805598));
#5092=CARTESIAN_POINT('',(-0.0146209120784439,0.00394016427770304,0.00174793836805639));
#5093=CARTESIAN_POINT('',(-0.0143249784642671,0.00130683638685502,0.00174793836805707));
#5094=CARTESIAN_POINT('',(-0.0136058707987714,-0.00327294274845797,0.00174793836805461));
#5095=CARTESIAN_POINT('',(-0.011877169902359,-0.0102492623456454,0.00174793836805583));
#5096=CARTESIAN_POINT('',(-0.00925397882122426,-0.017660232389988,0.0017479383680555));
#5097=CARTESIAN_POINT('',(-0.00581605162771763,-0.0248424274663326,0.00174793836805548));
#5098=CARTESIAN_POINT('',(-0.00209790341843943,-0.0309706071931803,0.00174793836805584));
#5099=CARTESIAN_POINT('',(0.000593758393842347,-0.0346549632536145,0.00174793836805509));
#5100=CARTESIAN_POINT('',(0.00222785314531102,-0.0366989172610487,0.0017479383680553));
#5101=CARTESIAN_POINT('',(0.00264457986590232,-0.0372048200075957,0.00174793836805542));
#5102=CARTESIAN_POINT('',(0.00391768245009174,-0.0387060967035814,0.00174793836805582));
#5103=CARTESIAN_POINT('',(0.00567546765365842,-0.0406638604321239,0.00174793836805632));
#5104=CARTESIAN_POINT('',(0.00752453267333161,-0.0425195263037603,0.00174793836805376));
#5105=CARTESIAN_POINT('',(0.00843396069070295,-0.0434289543194494,0.00174793836805556));
#5106=CARTESIAN_POINT('',(-0.0149930284288194,0.0131370849898476,0.00168353949652778));
#5107=CARTESIAN_POINT('',(-0.0149930284301819,0.0118495703109436,0.00168353949653391));
#5108=CARTESIAN_POINT('',(-0.0149884864621151,0.00922668366343105,0.00168353949652516));
#5109=CARTESIAN_POINT('',(-0.0148457622112266,0.00658115473903552,0.00168353949652689));
#5110=CARTESIAN_POINT('',(-0.0146817435388813,0.00460024553133479,0.00168353949652822));
#5111=CARTESIAN_POINT('',(-0.0146174982852927,0.00394051729082508,0.00168353949652864));
#5112=CARTESIAN_POINT('',(-0.0143215790598818,0.00130731962108038,0.00168353949652936));
#5113=CARTESIAN_POINT('',(-0.0136025056560003,-0.00327225142365979,0.00168353949652679));
#5114=CARTESIAN_POINT('',(-0.0118738765077245,-0.0102482786943745,0.00168353949652807));
#5115=CARTESIAN_POINT('',(-0.00925080331865382,-0.017658915071994,0.00168353949652773));
#5116=CARTESIAN_POINT('',(-0.00581303074120362,-0.0248407876386887,0.00168353949652769));
#5117=CARTESIAN_POINT('',(-0.00209503890564791,-0.0309687108905492,0.00168353949652813));
#5118=CARTESIAN_POINT('',(0.000596501438986631,-0.0346528980753647,0.00168353949652721));
#5119=CARTESIAN_POINT('',(0.00223051511050188,-0.0366967510429037,0.00168353949652747));
#5120=CARTESIAN_POINT('',(0.00264722039899655,-0.0372026279719673,0.00168353949652762));
#5121=CARTESIAN_POINT('',(0.00392025752047352,-0.0387038279684915,0.0016835394965281));
#5122=CARTESIAN_POINT('',(0.00567795308843998,-0.0406614921559108,0.00168353949652872));
#5123=CARTESIAN_POINT('',(0.00752695913284164,-0.0425170998442513,0.00168353949652558));
#5124=CARTESIAN_POINT('',(0.00843638715033348,-0.0434265278598189,0.00168353949652778));
#5125=CARTESIAN_POINT('',(-0.0149743923611111,0.0131370849898476,0.00148741319444444));
#5126=CARTESIAN_POINT('',(-0.0149743923628599,0.0118495703109465,0.0014874131944513));
#5127=CARTESIAN_POINT('',(-0.014969847287428,0.00922713426581758,0.00148741319444151));
#5128=CARTESIAN_POINT('',(-0.0148271614913483,0.00658233745732756,0.00148741319444345));
#5129=CARTESIAN_POINT('',(-0.0146631866676873,0.00460197935342131,0.00148741319444494));
#5130=CARTESIAN_POINT('',(-0.0145989585548217,0.00394243444509261,0.00148741319444541));
#5131=CARTESIAN_POINT('',(-0.0143031174722899,0.00130994398402749,0.00148741319444621));
#5132=CARTESIAN_POINT('',(-0.0135842301376394,-0.00326849695617897,0.00148741319444334));
#5133=CARTESIAN_POINT('',(-0.0118559906411839,-0.0102429366515031,0.00148741319444476));
#5134=CARTESIAN_POINT('',(-0.00923355770391566,-0.0176517609418659,0.0014874131944444));
#5135=CARTESIAN_POINT('',(-0.00579662481995691,-0.0248318820134419,0.00148741319444431));
#5136=CARTESIAN_POINT('',(-0.00207948222359338,-0.030958412393318,0.00148741319444495));
#5137=CARTESIAN_POINT('',(0.000611398451054786,-0.0346416824431896,0.00148741319444362));
#5138=CARTESIAN_POINT('',(0.00224497179107869,-0.036684986680275,0.00148741319444399));
#5139=CARTESIAN_POINT('',(0.0026615606854729,-0.0371907233990015,0.00148741319444421));
#5140=CARTESIAN_POINT('',(0.00393424229000114,-0.0386915068538691,0.00148741319444491));
#5141=CARTESIAN_POINT('',(0.00569145106214907,-0.0406486304504747,0.0014874131944458));
#5142=CARTESIAN_POINT('',(0.00754013682242186,-0.0425039221546763,0.00148741319444126));
#5143=CARTESIAN_POINT('',(0.0084495648401847,-0.0434133501699677,0.00148741319444444));
#5144=CARTESIAN_POINT('',(-0.0149505208333333,0.0131370849898476,0.00135243055555556));
#5145=CARTESIAN_POINT('',(-0.0149505208351762,0.0118495703109501,0.00135243055556283));
#5146=CARTESIAN_POINT('',(-0.0149459717799942,0.00922771145664748,0.00135243055555245));
#5147=CARTESIAN_POINT('',(-0.0148033352417808,0.0065838524385459,0.0013524305555545));
#5148=CARTESIAN_POINT('',(-0.0146394165851973,0.00460420026089749,0.00135243055555608));
#5149=CARTESIAN_POINT('',(-0.0145752104283976,0.00394489018855028,0.00135243055555658));
#5150=CARTESIAN_POINT('',(-0.014279469441501,0.00131330561342111,0.00135243055555743));
#5151=CARTESIAN_POINT('',(-0.0135608204489741,-0.00326368774019208,0.00135243055555438));
#5152=CARTESIAN_POINT('',(-0.0118330800697578,-0.0102360938600511,0.00135243055555589));
#5153=CARTESIAN_POINT('',(-0.00921146725127596,-0.0176425969906138,0.00135243055555551));
#5154=CARTESIAN_POINT('',(-0.00577560995720949,-0.0248204745167511,0.00135243055555541));
#5155=CARTESIAN_POINT('',(-0.00205955517821289,-0.0309452207229656,0.00135243055555612));
#5156=CARTESIAN_POINT('',(0.000630480504431928,-0.0346273159855998,0.00135243055555465));
#5157=CARTESIAN_POINT('',(0.00226348980990703,-0.0366699173365477,0.00135243055555506));
#5158=CARTESIAN_POINT('',(0.00267992961140203,-0.0371754744554439,0.0013524305555553));
#5159=CARTESIAN_POINT('',(0.0039521558229794,-0.0386757243490083,0.00135243055555606));
#5160=CARTESIAN_POINT('',(0.00570874104290723,-0.0406321554858449,0.00135243055555705));
#5161=CARTESIAN_POINT('',(0.00755701654152684,-0.0424870424355779,0.00135243055555206));
#5162=CARTESIAN_POINT('',(0.00846644455935365,-0.0433964704507987,0.00135243055555556));
#5163=CARTESIAN_POINT('',(-0.0148723958333333,0.0131370849898476,0.00108506944444444));
#5164=CARTESIAN_POINT('',(-0.0148723958352784,0.0118495703109621,0.00108506944445239));
#5165=CARTESIAN_POINT('',(-0.0148678337557536,0.009229600444818,0.00108506944444105));
#5166=CARTESIAN_POINT('',(-0.014725358425044,0.00658881055889682,0.00108506944444329));
#5167=CARTESIAN_POINT('',(-0.0145616235879423,0.004611468685365,0.00108506944444502));
#5168=CARTESIAN_POINT('',(-0.0144974892873443,0.00395292716713903,0.00108506944444557));
#5169=CARTESIAN_POINT('',(-0.0142020758861391,0.00132430730961843,0.00108506944444649));
#5170=CARTESIAN_POINT('',(-0.0134842069224665,-0.00324794848787145,0.00108506944444316));
#5171=CARTESIAN_POINT('',(-0.0117581000178073,-0.0102136992698441,0.00108506944444482));
#5172=CARTESIAN_POINT('',(-0.00913917122445965,-0.0176126058774268,0.00108506944444438));
#5173=CARTESIAN_POINT('',(-0.00570683404275563,-0.0247831408912105,0.00108506944444431));
#5174=CARTESIAN_POINT('',(-0.0019943393933549,-0.0309020479836543,0.00108506944444498));
#5175=CARTESIAN_POINT('',(0.000692930860976441,-0.0345802984879954,0.00108506944444359));
#5176=CARTESIAN_POINT('',(0.002324094235184,-0.0366205994843284,0.00108506944444397));
#5177=CARTESIAN_POINT('',(0.00274004609627155,-0.037125568821972,0.0010850694444442));
#5178=CARTESIAN_POINT('',(0.00401078193088713,-0.0386240725149395,0.00108506944444493));
#5179=CARTESIAN_POINT('',(0.00576532643441719,-0.0405782374198465,0.00108506944444586));
#5180=CARTESIAN_POINT('',(0.00761225925874323,-0.0424317997183824,0.00108506944444112));
#5181=CARTESIAN_POINT('',(0.00852168727663385,-0.0433412277335185,0.00108506944444444));
#5182=CARTESIAN_POINT('',(-0.014818359375,0.0131370849898476,0.000953124999999999));
#5183=CARTESIAN_POINT('',(-0.0148183593769506,0.0118495703109704,0.000953125000008205));
#5184=CARTESIAN_POINT('',(-0.0148137882890149,0.00923090699496927,0.000953124999996493));
#5185=CARTESIAN_POINT('',(-0.0146714244601438,0.00659223992547288,0.000953124999998809));
#5186=CARTESIAN_POINT('',(-0.0145078167648361,0.00461649601228836,0.000953125000000596));
#5187=CARTESIAN_POINT('',(-0.0144437321647731,0.00395848607732958,0.00095312500000116));
#5188=CARTESIAN_POINT('',(-0.0141485453436637,0.0013319168161549,0.000953125000002118));
#5189=CARTESIAN_POINT('',(-0.0134312158999759,-0.00323706217168305,0.000953124999998677));
#5190=CARTESIAN_POINT('',(-0.0117062388152049,-0.0101982096782841,0.000953125000000387));
#5191=CARTESIAN_POINT('',(-0.00908916647257981,-0.0175918620241398,0.00095312499999993));
#5192=CARTESIAN_POINT('',(-0.00565926403525592,-0.024757318466876,0.000953124999999893));
#5193=CARTESIAN_POINT('',(-0.00194923180883561,-0.0308721868389715,0.000953125000000454));
#5194=CARTESIAN_POINT('',(0.000736125690931595,-0.0345477780521403,0.000953124999999266));
#5195=CARTESIAN_POINT('',(0.00236601229600706,-0.0365864879698702,0.000953124999999598));
#5196=CARTESIAN_POINT('',(0.00278162666497631,-0.0370910507588172,0.000953124999999794));
#5197=CARTESIAN_POINT('',(0.00405133165551662,-0.0385883466630486,0.000953125000000412));
#5198=CARTESIAN_POINT('',(0.00580446466352523,-0.0405409440908841,0.000953125000001213));
#5199=CARTESIAN_POINT('',(0.00765046880486396,-0.0423935901722758,0.00095312499999716));
#5200=CARTESIAN_POINT('',(0.00855989682275265,-0.0433030181873997,0.000953125));
#5201=CARTESIAN_POINT('',(-0.0146806640625,0.0131370849898476,0.000708984374999998));
#5202=CARTESIAN_POINT('',(-0.0146806640644581,0.0118495703109918,0.000708984375008782));
#5203=CARTESIAN_POINT('',(-0.0146760700213645,0.0092342363366197,0.000708984374996247));
#5204=CARTESIAN_POINT('',(-0.0145339903206704,0.00660097861259134,0.000708984374998725));
#5205=CARTESIAN_POINT('',(-0.0143707066071616,0.00462930661041236,0.000708984375000638));
#5206=CARTESIAN_POINT('',(-0.0143067486536422,0.00397265125209227,0.000708984375001242));
#5207=CARTESIAN_POINT('',(-0.0140121392022938,0.00135130730570272,0.000708984375002266));
#5208=CARTESIAN_POINT('',(-0.0132961845595342,-0.00320932173946806,0.000708984374998583));
#5209=CARTESIAN_POINT('',(-0.0115740864736334,-0.0101587392130438,0.00070898437500042));
#5210=CARTESIAN_POINT('',(-0.00896174472531989,-0.0175390026871494,0.000708984374999905));
#5211=CARTESIAN_POINT('',(-0.00553804648602449,-0.0246915179518546,0.000708984374999959));
#5212=CARTESIAN_POINT('',(-0.00183428898804319,-0.0307960948859554,0.000708984375000241));
#5213=CARTESIAN_POINT('',(0.000846194444372698,-0.0344649097125805,0.000708984374999605));
#5214=CARTESIAN_POINT('',(0.00247282759557492,-0.0364995652553161,0.000708984374999784));
#5215=CARTESIAN_POINT('',(0.00288758196956769,-0.037003092079814,0.000708984374999889));
#5216=CARTESIAN_POINT('',(0.0041546601706863,-0.0384973103055204,0.000708984375000222));
#5217=CARTESIAN_POINT('',(0.00590419641600944,-0.040445913499615,0.000708984375000652));
#5218=CARTESIAN_POINT('',(0.00774783409407971,-0.0422962248830944,0.000708984374998473));
#5219=CARTESIAN_POINT('',(0.00865726211195901,-0.0432056528981934,0.000708984375));
#5220=CARTESIAN_POINT('',(-0.0145972222222222,0.0131370849898476,0.00059722222222222));
#5221=CARTESIAN_POINT('',(-0.0145972222241797,0.0118495703110048,0.000597222222231335));
#5222=CARTESIAN_POINT('',(-0.014592614270521,0.0092362538809295,0.000597222222218327));
#5223=CARTESIAN_POINT('',(-0.0144507067483661,0.00660627416057722,0.000597222222220899));
#5224=CARTESIAN_POINT('',(-0.014287619364252,0.00463706969154504,0.000597222222222884));
#5225=CARTESIAN_POINT('',(-0.0142237381571405,0.0039812351917239,0.00059722222222351));
#5226=CARTESIAN_POINT('',(-0.0139294785854971,0.00136305772844684,0.000597222222224573));
#5227=CARTESIAN_POINT('',(-0.0132143570569349,-0.00319251134358681,0.000597222222220751));
#5228=CARTESIAN_POINT('',(-0.0114940036125862,-0.0101348205465585,0.000597222222222661));
#5229=CARTESIAN_POINT('',(-0.00888452855223658,-0.0175069705120939,0.000597222222222113));
#5230=CARTESIAN_POINT('',(-0.0054645899884995,-0.0246516435656831,0.000597222222222222));
#5231=CARTESIAN_POINT('',(-0.00176463490672827,-0.0307499840018983,0.000597222222222331));
#5232=CARTESIAN_POINT('',(0.000912894894646431,-0.0344146924130352,0.000597222222222039));
#5233=CARTESIAN_POINT('',(0.00253755648869417,-0.036446891049254,0.000597222222222122));
#5234=CARTESIAN_POINT('',(0.00295178971521867,-0.036949790090725,0.000597222222222171));
#5235=CARTESIAN_POINT('',(0.00421727611092652,-0.0384421432772002,0.000597222222222325));
#5236=CARTESIAN_POINT('',(0.00596463275774186,-0.0403883260097145,0.000597222222222523));
#5237=CARTESIAN_POINT('',(0.00780683638518406,-0.0422372225920102,0.000597222222221517));
#5238=CARTESIAN_POINT('',(0.00871626440305411,-0.0431466506070983,0.000597222222222222));
#5239=CARTESIAN_POINT('',(-0.0144027777777778,0.0131370849898476,0.000402777777777775));
#5240=CARTESIAN_POINT('',(-0.0144027777797362,0.0118495703110355,0.000402777777787598));
#5241=CARTESIAN_POINT('',(-0.014398137410297,0.00924095536259798,0.000402777777773581));
#5242=CARTESIAN_POINT('',(-0.0142566311156358,0.00661861437122828,0.000402777777776352));
#5243=CARTESIAN_POINT('',(-0.0140940012377321,0.00465515999244201,0.000402777777778491));
#5244=CARTESIAN_POINT('',(-0.0140302988727052,0.00400123833843378,0.000402777777779166));
#5245=CARTESIAN_POINT('',(-0.0137368546254199,0.00139043972787146,0.000402777777780311));
#5246=CARTESIAN_POINT('',(-0.0130236745021125,-0.00315333809336684,0.000402777777776192));
#5247=CARTESIAN_POINT('',(-0.0113073865943854,-0.0100790828998203,0.000402777777778255));
#5248=CARTESIAN_POINT('',(-0.00870459177438827,-0.0174323259637199,0.000402777777777643));
#5249=CARTESIAN_POINT('',(-0.00529341437918259,-0.0245587243198841,0.00040277777777784));
#5250=CARTESIAN_POINT('',(-0.00160232006444406,-0.0306425318507534,0.000402777777777682));
#5251=CARTESIAN_POINT('',(0.00106832689320323,-0.0342976710856163,0.000402777777777919));
#5252=CARTESIAN_POINT('',(0.00268839416940872,-0.0363241443948154,0.000402777777777855));
#5253=CARTESIAN_POINT('',(0.00310141296646244,-0.0368255805140704,0.000402777777777818));
#5254=CARTESIAN_POINT('',(0.00436318997947094,-0.0383135876013226,0.000402777777777698));
#5255=CARTESIAN_POINT('',(0.0061054675098681,-0.04025412993442,0.000402777777777541));
#5256=CARTESIAN_POINT('',(0.00794432937043453,-0.0420997296068046,0.000402777777778332));
#5257=CARTESIAN_POINT('',(0.00885375738828483,-0.0430091576218676,0.000402777777777778));
#5258=CARTESIAN_POINT('',(-0.014291015625,0.0131370849898476,0.000319335937499997));
#5259=CARTESIAN_POINT('',(-0.0142910156269586,0.0118495703110533,0.000319335937510173));
#5260=CARTESIAN_POINT('',(-0.0142863566256817,0.00924365766511942,0.000319335937495652));
#5261=CARTESIAN_POINT('',(-0.0141450809472697,0.00662570723784132,0.000319335937498523));
#5262=CARTESIAN_POINT('',(-0.013982714033315,0.00466555787744419,0.000319335937500739));
#5263=CARTESIAN_POINT('',(-0.0139191144625666,0.00401273568280388,0.000319335937501437));
#5264=CARTESIAN_POINT('',(-0.0136261388447951,0.00140617826548722,0.000319335937502624));
#5265=CARTESIAN_POINT('',(-0.01291407459616,-0.00313082221851945,0.000319335937498357));
#5266=CARTESIAN_POINT('',(-0.0112001234645044,-0.0100470461943848,0.000319335937500496));
#5267=CARTESIAN_POINT('',(-0.00860116829158484,-0.0173894220101345,0.000319335937499856));
#5268=CARTESIAN_POINT('',(-0.00519502661266672,-0.0245053164944527,0.000319335937500082));
#5269=CARTESIAN_POINT('',(-0.00150902526112225,-0.0305807708487005,0.000319335937499843));
#5270=CARTESIAN_POINT('',(0.0011576655977309,-0.0342304099431821,0.000319335937500239));
#5271=CARTESIAN_POINT('',(0.00277509216669445,-0.0362535924673198,0.000319335937500132));
#5272=CARTESIAN_POINT('',(0.00318741293788047,-0.0367541877328458,0.000319335937500068));
#5273=CARTESIAN_POINT('',(0.00444705788382401,-0.0382396967831565,0.000319335937499864));
#5274=CARTESIAN_POINT('',(0.00618641605601202,-0.0401769971456073,0.0003193359374996));
#5275=CARTESIAN_POINT('',(0.00802335714655524,-0.0420207018307086,0.000319335937500938));
#5276=CARTESIAN_POINT('',(0.008932785164394,-0.0429301298457584,0.0003193359375));
#5277=CARTESIAN_POINT('',(-0.014046875,0.0131370849898476,0.000181640624999997));
#5278=CARTESIAN_POINT('',(-0.0140468750019589,0.0118495703110925,0.000181640625010636));
#5279=CARTESIAN_POINT('',(-0.014042175300066,0.00924956075315159,0.000181640624995454));
#5280=CARTESIAN_POINT('',(-0.0139014033950136,0.00664120136393771,0.000181640624998455));
#5281=CARTESIAN_POINT('',(-0.0137396109168698,0.00468827170390527,0.000181640625000772));
#5282=CARTESIAN_POINT('',(-0.0136762358967298,0.00403785124089393,0.000181640625001503));
#5283=CARTESIAN_POINT('',(-0.0133842839842069,0.00144055856610422,0.000181640625002743));
#5284=CARTESIAN_POINT('',(-0.0126746573258754,-0.0030816370550179,0.000181640624998282));
#5285=CARTESIAN_POINT('',(-0.0109658108021429,-0.00997706309998698,0.000181640625000519));
#5286=CARTESIAN_POINT('',(-0.00837524320779095,-0.0172956997814284,0.000181640624999848));
#5287=CARTESIAN_POINT('',(-0.00498010187998639,-0.0243886489146268,0.00018164062500009));
#5288=CARTESIAN_POINT('',(-0.00130522593347763,-0.0304458560383912,0.000181640624999821));
#5289=CARTESIAN_POINT('',(0.00135282296199056,-0.0340834802631068,0.000181640625000274));
#5290=CARTESIAN_POINT('',(0.00296448099571679,-0.0360994741791009,0.000181640625000151));
#5291=CARTESIAN_POINT('',(0.00337527695311408,-0.0365982326282288,0.000181640625000077));
#5292=CARTESIAN_POINT('',(0.00463026447100294,-0.0380782848017261,0.000181640624999845));
#5293=CARTESIAN_POINT('',(0.00636324540438432,-0.0400085031894641,0.000181640624999543));
#5294=CARTESIAN_POINT('',(0.00819599063808182,-0.0418480683392344,0.000181640625001072));
#5295=CARTESIAN_POINT('',(0.00910541865589462,-0.0427574963542578,0.000181640625));
#5296=CARTESIAN_POINT('',(-0.0139149305555556,0.0131370849898476,0.000127604166666663));
#5297=CARTESIAN_POINT('',(-0.0139149305575145,0.0118495703111137,0.000127604166677431));
#5298=CARTESIAN_POINT('',(-0.0139102088592,0.0092527510442836,0.000127604166662066));
#5299=CARTESIAN_POINT('',(-0.0137697092156611,0.00664957507830801,0.000127604166665103));
#5300=CARTESIAN_POINT('',(-0.0136082271881599,0.00470054726522825,0.000127604166667448));
#5301=CARTESIAN_POINT('',(-0.0135449735251486,0.00405142480473284,0.000127604166668188));
#5302=CARTESIAN_POINT('',(-0.0132535748684401,0.00145913920857103,0.000127604166669443));
#5303=CARTESIAN_POINT('',(-0.0125452655922461,-0.00305505520665441,0.000127604166664928));
#5304=CARTESIAN_POINT('',(-0.0108391778255066,-0.00993924112541462,0.000127604166667191));
#5305=CARTESIAN_POINT('',(-0.0082531432513939,-0.0172450481236033,0.000127604166666516));
#5306=CARTESIAN_POINT('',(-0.00486394700223559,-0.024325596569263,0.000127604166666746));
#5307=CARTESIAN_POINT('',(-0.00119508371907063,-0.0303729420786864,0.000127604166666523));
#5308=CARTESIAN_POINT('',(0.0014582946752972,-0.0340040729337858,0.000127604166666883));
#5309=CARTESIAN_POINT('',(0.00306683513620179,-0.0360161818064455,0.000127604166666786));
#5310=CARTESIAN_POINT('',(0.00347680701645813,-0.0365139475583558,0.000127604166666728));
#5311=CARTESIAN_POINT('',(0.00472927745322938,-0.0379910505930955,0.000127604166666544));
#5312=CARTESIAN_POINT('',(0.00645881184332672,-0.0399174415669445,0.000127604166666305));
#5313=CARTESIAN_POINT('',(0.00828928944950273,-0.0417547695278409,0.000127604166667515));
#5314=CARTESIAN_POINT('',(0.00919871746730118,-0.0426641975428512,0.000127604166666667));
#5315=CARTESIAN_POINT('',(-0.0136475694444444,0.0131370849898476,4.9479166666663E-5));
#5316=CARTESIAN_POINT('',(-0.0136475694464038,0.0118495703111568,4.9479166677013E-5));
#5317=CARTESIAN_POINT('',(-0.0136428031763923,0.00925921558157739,4.94791666622447E-5));
#5318=CARTESIAN_POINT('',(-0.0135028552206571,0.0066665428679531,4.94791666651641E-5));
#5319=CARTESIAN_POINT('',(-0.013342002264195,0.00472542142896165,4.94791666674177E-5));
#5320=CARTESIAN_POINT('',(-0.0132789945090499,0.00407892913145906,4.94791666681285E-5));
#5321=CARTESIAN_POINT('',(-0.0129887169233337,0.00149678945778011,4.9479166669335E-5));
#5322=CARTESIAN_POINT('',(-0.0122830770793655,-0.0030011919876021,4.94791666649958E-5));
#5323=CARTESIAN_POINT('',(-0.0105825794254805,-0.00986260186114955,4.94791666671685E-5));
#5324=CARTESIAN_POINT('',(-0.00800573018185252,-0.0171424118695893,4.9479166666528E-5));
#5325=CARTESIAN_POINT('',(-0.00462858053942471,-0.0241978326062889,4.94791666667195E-5));
#5326=CARTESIAN_POINT('',(-0.000971900810930239,-0.0302251953708638,4.94791666666064E-5));
#5327=CARTESIAN_POINT('',(0.00167201367331343,-0.0338431686085824,4.94791666667507E-5));
#5328=CARTESIAN_POINT('',(0.00327423694718465,-0.0358474051565911,4.94791666667134E-5));
#5329=CARTESIAN_POINT('',(0.0036825389869185,-0.0363431593904549,4.94791666666907E-5));
#5330=CARTESIAN_POINT('',(0.0049299090224776,-0.0378142865387651,4.94791666666184E-5));
#5331=CARTESIAN_POINT('',(0.00665245962749925,-0.0397329219634185,4.9479166666524E-5));
#5332=CARTESIAN_POINT('',(0.00847834230422461,-0.0415657166731739,4.94791666670014E-5));
#5333=CARTESIAN_POINT('',(0.00938777032199342,-0.042475144688159,4.94791666666668E-5));
#5334=CARTESIAN_POINT('',(-0.0135125868055556,0.0131370849898476,2.56076388888851E-5));
#5335=CARTESIAN_POINT('',(-0.0135125868075154,0.0118495703111786,2.56076388987075E-5));
#5336=CARTESIAN_POINT('',(-0.013507798034585,0.00926247933336046,2.56076388846925E-5));
#5337=CARTESIAN_POINT('',(-0.013368128609543,0.00667510939811482,2.5607638887463E-5));
#5338=CARTESIAN_POINT('',(-0.0132075932522582,0.00473797965123614,2.56076388896016E-5));
#5339=CARTESIAN_POINT('',(-0.0131447096486495,0.00409281524446531,2.56076388902762E-5));
#5340=CARTESIAN_POINT('',(-0.0128549980581908,0.00151579794398794,2.56076388914212E-5));
#5341=CARTESIAN_POINT('',(-0.012150705930817,-0.00297399805720393,2.56076388873034E-5));
#5342=CARTESIAN_POINT('',(-0.0104530305579348,-0.00982390898584689,2.56076388893643E-5));
#5343=CARTESIAN_POINT('',(-0.0078808187133016,-0.0170905938906958,2.56076388887605E-5));
#5344=CARTESIAN_POINT('',(-0.0045097510427783,-0.0241333283977095,2.56076388889271E-5));
#5345=CARTESIAN_POINT('',(-0.000859222427112647,-0.0301506024712976,2.56076388888712E-5));
#5346=CARTESIAN_POINT('',(0.00177991401159767,-0.0337619328210201,2.56076388889055E-5));
#5347=CARTESIAN_POINT('',(0.0033789479264309,-0.0357621948674599,2.56076388888986E-5));
#5348=CARTESIAN_POINT('',(0.00378640691356328,-0.0362569335459466,2.5607638888894E-5));
#5349=CARTESIAN_POINT('',(0.00503120190889996,-0.0377250436476991,2.56076388888788E-5));
#5350=CARTESIAN_POINT('',(0.00675022660944338,-0.039639763527223,2.56076388888583E-5));
#5351=CARTESIAN_POINT('',(0.00857378944354064,-0.0414702695338853,2.56076388889609E-5));
#5352=CARTESIAN_POINT('',(0.0094832174612942,-0.0423796975488582,2.5607638888889E-5));
#5353=CARTESIAN_POINT('',(-0.0133164605034722,0.0131370849898476,6.97157118055172E-6));
#5354=CARTESIAN_POINT('',(-0.0133164605054334,0.0118495703112101,6.97157118818746E-6));
#5355=CARTESIAN_POINT('',(-0.0133116390363399,0.00926722148074626,6.97157117729371E-6));
#5356=CARTESIAN_POINT('',(-0.0131723743092305,0.00668755634607891,6.97157117944725E-6));
#5357=CARTESIAN_POINT('',(-0.0130123004153806,0.00475622642515989,6.97157118110959E-6));
#5358=CARTESIAN_POINT('',(-0.0129495972007607,0.00411299140946434,6.97157118163395E-6));
#5359=CARTESIAN_POINT('',(-0.0126607079868519,0.00154341678548362,6.97157118252396E-6));
#5360=CARTESIAN_POINT('',(-0.0119583740570215,-0.00293448597585771,6.97157117932323E-6));
#5361=CARTESIAN_POINT('',(-0.0102647993858378,-0.00976768923334726,6.97157118092464E-6));
#5362=CARTESIAN_POINT('',(-0.00769932556265385,-0.017015303700302,6.97157118045731E-6));
#5363=CARTESIAN_POINT('',(-0.00433709484085837,-0.0240396054419158,6.97157118057946E-6));
#5364=CARTESIAN_POINT('',(-0.000695503633905049,-0.0300422209070163,6.97157118056108E-6));
#5365=CARTESIAN_POINT('',(0.00193669042755333,-0.0336438993113587,6.97157118053765E-6));
#5366=CARTESIAN_POINT('',(0.00353109028574573,-0.0356383865092569,6.97157118054627E-6));
#5367=CARTESIAN_POINT('',(0.00393732433913439,-0.036131649611904,6.97157118055085E-6));
#5368=CARTESIAN_POINT('',(0.00517837786726682,-0.0375953760226172,6.97157118056505E-6));
#5369=CARTESIAN_POINT('',(0.00689227951930181,-0.0395044067157895,6.97157118058278E-6));
#5370=CARTESIAN_POINT('',(0.00871247168173517,-0.0413315872957307,6.97157118049186E-6));
#5371=CARTESIAN_POINT('',(0.00962189969946637,-0.042241015310686,6.97157118055563E-6));
#5372=CARTESIAN_POINT('',(-0.0132520616319444,0.0131370849898476,3.54003906249614E-6));
#5373=CARTESIAN_POINT('',(-0.0132520616339062,0.0118495703112205,3.54003906916294E-6));
#5374=CARTESIAN_POINT('',(-0.013247229428894,0.00926877858418941,3.54003905965229E-6));
#5375=CARTESIAN_POINT('',(-0.013108097586002,0.00669164335222923,3.54003906153242E-6));
#5376=CARTESIAN_POINT('',(-0.0129481752155539,0.00476221782782862,3.54003906298372E-6));
#5377=CARTESIAN_POINT('',(-0.0128855312323945,0.00411961633556498,3.5400390634415E-6));
#5378=CARTESIAN_POINT('',(-0.0125969120491813,0.00155248554477971,3.54003906421852E-6));
#5379=CARTESIAN_POINT('',(-0.0118952211015042,-0.00292151202272964,3.54003906142413E-6));
#5380=CARTESIAN_POINT('',(-0.0102029929124549,-0.00974922924822497,3.54003906282217E-6));
#5381=CARTESIAN_POINT('',(-0.00763973154610643,-0.0169905818590856,3.54003906241441E-6));
#5382=CARTESIAN_POINT('',(-0.00428040247248244,-0.0240088311269705,3.54003906252018E-6));
#5383=CARTESIAN_POINT('',(-0.000641745900146433,-0.0300066333781638,3.54003906250707E-6));
#5384=CARTESIAN_POINT('',(0.00198816860341485,-0.0336051425268585,3.54003906248076E-6));
#5385=CARTESIAN_POINT('',(0.00358104685020125,-0.0355977335296754,3.54003906248992E-6));
#5386=CARTESIAN_POINT('',(0.00398687869159716,-0.0360905121209749,3.54003906249488E-6));
#5387=CARTESIAN_POINT('',(0.00522670369370705,-0.037552799128849,3.54003906251032E-6));
#5388=CARTESIAN_POINT('',(0.00693892317186112,-0.0394599617544696,3.54003906252974E-6));
#5389=CARTESIAN_POINT('',(0.00875800856050061,-0.0412860504169784,3.54003906243034E-6));
#5390=CARTESIAN_POINT('',(0.00966743657822442,-0.042195478431928,3.54003906250005E-6));
#5391=CARTESIAN_POINT('',(-0.0131250745985243,0.0131370849898476,5.08626302044403E-8));
#5392=CARTESIAN_POINT('',(-0.0131250746004873,0.0118495703112408,5.08626341872841E-8));
#5393=CARTESIAN_POINT('',(-0.0131202212255003,0.00927184900983948,5.08626285077523E-8));
#5394=CARTESIAN_POINT('',(-0.0129813514147242,0.00669970244976131,5.08626296305315E-8));
#5395=CARTESIAN_POINT('',(-0.0128217278306807,0.00477403217228651,5.08626304972176E-8));
#5396=CARTESIAN_POINT('',(-0.0127592006450253,0.00413267991404377,5.08626307705939E-8));
#5397=CARTESIAN_POINT('',(-0.0124711139307229,0.0015703680761423,5.08626312346097E-8));
#5398=CARTESIAN_POINT('',(-0.0117706908685573,-0.00289592890643612,5.08626295658456E-8));
#5399=CARTESIAN_POINT('',(-0.0100811177846016,-0.00971282831926386,5.08626304007247E-8));
#5400=CARTESIAN_POINT('',(-0.00752221912404975,-0.0169418332831822,5.08626301571839E-8));
#5401=CARTESIAN_POINT('',(-0.0041686117608313,-0.0239481477816304,5.08626302205404E-8));
#5402=CARTESIAN_POINT('',(-0.000535741944309236,-0.0299364589386353,5.08626302120021E-8));
#5403=CARTESIAN_POINT('',(0.00208967753801964,-0.0335287186863187,5.08626301977162E-8));
#5404=CARTESIAN_POINT('',(0.00367955534529706,-0.0355175706144834,5.08626302027895E-8));
#5405=CARTESIAN_POINT('',(0.00408459407174306,-0.0360093938061428,5.086263020552E-8));
#5406=CARTESIAN_POINT('',(0.00532199656439927,-0.0374688424801748,5.08626302139973E-8));
#5407=CARTESIAN_POINT('',(0.00703089899264596,-0.0393723214953378,5.08626302246281E-8));
#5408=CARTESIAN_POINT('',(0.00884780195296935,-0.0411962570245355,5.08626301700964E-8));
#5409=CARTESIAN_POINT('',(0.00975722997067856,-0.0421056850394738,5.08626302083481E-8));
#5410=CARTESIAN_POINT('',(-0.0130625,0.0131370849898476,-3.90312782094781E-18));
#5411=CARTESIAN_POINT('',(-0.0130625000019636,0.0118495703112508,2.2644769660866E-15));
#5412=CARTESIAN_POINT('',(-0.0130576361951818,0.00927336200409706,-9.67824482335671E-16));
#5413=CARTESIAN_POINT('',(-0.0129188955043167,0.0067036736803583,-3.28828001415253E-16));
#5414=CARTESIAN_POINT('',(-0.012759419151363,0.00477985385219641,1.64417382545714E-16));
#5415=CARTESIAN_POINT('',(-0.0126969495192761,0.00413911717111313,3.1999957089513E-16));
#5416=CARTESIAN_POINT('',(-0.0124091251863161,0.0015791799381921,5.84073541555757E-16));
#5417=CARTESIAN_POINT('',(-0.0117093268920874,-0.00288332247577977,-3.65664991484963E-16));
#5418=CARTESIAN_POINT('',(-0.0100210621475014,-0.00969489126337471,1.09564351296436E-16));
#5419=CARTESIAN_POINT('',(-0.00746431326993402,-0.0169178117552858,-2.93897461751977E-17));
#5420=CARTESIAN_POINT('',(-0.00411352535781902,-0.0239182452327677,7.99463340435629E-18));
#5421=CARTESIAN_POINT('',(-0.000483507044415524,-0.0299018795232264,-1.4231134677525E-18));
#5422=CARTESIAN_POINT('',(0.00213969745468712,-0.0334910597930391,-4.3595377357209E-19));
#5423=CARTESIAN_POINT('',(0.00372809675433572,-0.0354780692410001,-8.74770954523991E-20));
#5424=CARTESIAN_POINT('',(0.00413274466253645,-0.0359694216464121,-2.86340737978399E-20));
#5425=CARTESIAN_POINT('',(0.00536895343050752,-0.0374274716926011,5.72681475956765E-20));
#5426=CARTESIAN_POINT('',(0.00707622133701882,-0.0393291355583012,-2.86340737978382E-20));
#5427=CARTESIAN_POINT('',(0.00889204887592313,-0.0411520101015945,0.));
#5428=CARTESIAN_POINT('',(0.00980147689362513,-0.0420614381165273,0.));
#5429=CARTESIAN_POINT('',(-0.013,0.0131370849898476,-3.90312782094781E-18));
#5430=CARTESIAN_POINT('',(-0.0130000000019643,0.0118495703112608,-3.90312782094781E-18));
#5431=CARTESIAN_POINT('',(-0.0129951257758239,0.00927487319463331,1.66817307741744E-18));
#5432=CARTESIAN_POINT('',(-0.0128565140509391,0.00670764017663898,5.66781666112929E-19));
#5433=CARTESIAN_POINT('',(-0.0126971847535531,0.00478566859177045,-2.83390833056463E-19));
#5434=CARTESIAN_POINT('',(-0.0126347726064219,0.00414554675398418,-5.51557205401198E-19));
#5435=CARTESIAN_POINT('',(-0.0123472103420057,0.00158798129515005,-1.0067246050314E-18));
#5436=CARTESIAN_POINT('',(-0.0116480360708944,-0.00287073107392337,6.30267482066984E-19));
#5437=CARTESIAN_POINT('',(-0.00996107810593684,-0.00967697559120886,-1.88836732294751E-19));
#5438=CARTESIAN_POINT('',(-0.00740647644848278,-0.0168938188647371,5.06154276245902E-20));
#5439=CARTESIAN_POINT('',(-0.00405850462625283,-0.0238883783323322,-1.36249782036113E-20));
#5440=CARTESIAN_POINT('',(-0.000431334416538591,-0.0298673413317874,2.42536324039923E-21));
#5441=CARTESIAN_POINT('',(0.00218965773993774,-0.0334534457949395,7.42980992657544E-22));
#5442=CARTESIAN_POINT('',(0.00377658029456552,-0.0354386149592159,1.49084199183505E-22));
#5443=CARTESIAN_POINT('',(0.00418083785043629,-0.0359294971396301,4.88000651991846E-23));
#5444=CARTESIAN_POINT('',(0.00541585431682525,-0.0373861502253551,-9.76001303983633E-23));
#5445=CARTESIAN_POINT('',(0.00712148965020189,-0.0392860011055291,4.88000651991814E-23));
#5446=CARTESIAN_POINT('',(0.00893624304975449,-0.0411078159277759,0.));
#5447=CARTESIAN_POINT('',(0.00984567106744929,-0.0420172439427031,0.));
#5448=CARTESIAN_POINT('',(-0.013,0.0131370849898476,0.));
#5449=CARTESIAN_POINT('',(-0.01325,0.0131370849898476,2.15911510473085E-15));
#5450=CARTESIAN_POINT('',(-0.0137864583333335,0.0131370849898476,2.60416666693569E-5));
#5451=CARTESIAN_POINT('',(-0.0145598958333316,0.0131370849898476,0.000440104166668449));
#5452=CARTESIAN_POINT('',(-0.0149739583333296,0.0131370849898476,0.00121354166666856));
#5453=CARTESIAN_POINT('',(-0.0149999999999971,0.0131370849898476,0.00175000000000108));
#5454=CARTESIAN_POINT('',(-0.015,0.0131370849898476,0.002));
#5455=CARTESIAN_POINT('',(-0.015,0.045,0.002));
#5456=CARTESIAN_POINT('',(-0.015,0.0131370849898476,0.002));
#5457=CARTESIAN_POINT('',(-0.0149999999999965,0.045,0.0017000000000013));
#5458=CARTESIAN_POINT('',(-0.0149999999999965,0.0131370849898476,0.0017000000000013));
#5459=CARTESIAN_POINT('',(-0.0149999999999965,0.045,0.00140000000000216));
#5460=CARTESIAN_POINT('',(-0.0149999999999965,0.0131370849898476,0.00140000000000216));
#5461=CARTESIAN_POINT('',(-0.0147999999999965,0.045,0.000666666666667529));
#5462=CARTESIAN_POINT('',(-0.0147999999999965,0.0131370849898476,0.000666666666667529));
#5463=CARTESIAN_POINT('',(-0.0143333333333333,0.045,0.000200000000002806));
#5464=CARTESIAN_POINT('',(-0.0143333333333333,0.0131370849898476,0.000200000000002806));
#5465=CARTESIAN_POINT('',(-0.0136,0.045,2.46097089589494E-15));
#5466=CARTESIAN_POINT('',(-0.0136,0.0131370849898476,2.46097089589494E-15));
#5467=CARTESIAN_POINT('',(-0.0133,0.045,2.59093812567702E-15));
#5468=CARTESIAN_POINT('',(-0.0133,0.0131370849898476,2.59093812567702E-15));
#5469=CARTESIAN_POINT('',(-0.013,0.045,-9.20486132001849E-30));
#5470=CARTESIAN_POINT('',(-0.013,0.0131370849898476,-9.20486132001849E-30));
#5471=CARTESIAN_POINT('',(-0.015,0.045,0.002));
#5472=CARTESIAN_POINT('',(-0.0149999999999971,0.045,0.00175000000000108));
#5473=CARTESIAN_POINT('',(-0.0149739583333296,0.045,0.00121354166666856));
#5474=CARTESIAN_POINT('',(-0.0145598958333316,0.045,0.000440104166668452));
#5475=CARTESIAN_POINT('',(-0.0137864583333335,0.045,2.60416666693584E-5));
#5476=CARTESIAN_POINT('',(-0.01325,0.045,2.15911510473085E-15));
#5477=CARTESIAN_POINT('',(-0.013,0.045,0.));
#5478=CARTESIAN_POINT('',(-0.01,0.05,0.002));
#5479=CARTESIAN_POINT('',(-0.0102075331845068,0.05,0.00200000000000027));
#5480=CARTESIAN_POINT('',(-0.0105818451883758,0.0500033020975873,0.00199999999999997));
#5481=CARTESIAN_POINT('',(-0.0110458698745931,0.0499592721128636,0.00199999999999996));
#5482=CARTESIAN_POINT('',(-0.0113656462265843,0.0499150375590912,0.00199999999999998));
#5483=CARTESIAN_POINT('',(-0.0115304891067588,0.0498854044774294,0.00199999999999999));
#5484=CARTESIAN_POINT('',(-0.0118623847198886,0.0498072700406921,0.002));
#5485=CARTESIAN_POINT('',(-0.0121975244914431,0.0497105680883963,0.002));
#5486=CARTESIAN_POINT('',(-0.0127023825419736,0.0495028139895201,0.002));
#5487=CARTESIAN_POINT('',(-0.0132253741182803,0.0492064547378133,0.002));
#5488=CARTESIAN_POINT('',(-0.0137605872291473,0.0487731059297646,0.002));
#5489=CARTESIAN_POINT('',(-0.0142048205820887,0.0482285287830782,0.002));
#5490=CARTESIAN_POINT('',(-0.014498092245892,0.0477117577928655,0.002));
#5491=CARTESIAN_POINT('',(-0.0147097425639762,0.0472002418490248,0.002));
#5492=CARTESIAN_POINT('',(-0.0148057050283086,0.0468687159286707,0.002));
#5493=CARTESIAN_POINT('',(-0.0148639492893194,0.0466217206414347,0.00200000000000001));
#5494=CARTESIAN_POINT('',(-0.0148810795089742,0.0465395990169125,0.00200000000000002));
#5495=CARTESIAN_POINT('',(-0.0149414810469111,0.0462122232927284,0.00200000000000006));
#5496=CARTESIAN_POINT('',(-0.0150044145177014,0.0456478656182402,0.00200000000000017));
#5497=CARTESIAN_POINT('',(-0.015,0.0452085280424232,0.00199999999999946));
#5498=CARTESIAN_POINT('',(-0.015,0.045,0.002));
#5499=CARTESIAN_POINT('',(-0.01,0.05,0.0019375));
#5500=CARTESIAN_POINT('',(-0.0102075331845068,0.0500000000041088,0.00193750000000012));
#5501=CARTESIAN_POINT('',(-0.0105818451883758,0.0500033020970781,0.00193749999999999));
#5502=CARTESIAN_POINT('',(-0.0110458698745931,0.0499592721123456,0.00193749999999998));
#5503=CARTESIAN_POINT('',(-0.0113656462265843,0.0499150375588231,0.00193749999999999));
#5504=CARTESIAN_POINT('',(-0.0115304891067588,0.0498854044773774,0.0019375));
#5505=CARTESIAN_POINT('',(-0.0118623847198886,0.0498072700407441,0.0019375));
#5506=CARTESIAN_POINT('',(-0.012197524491443,0.0497105680883721,0.0019375));
#5507=CARTESIAN_POINT('',(-0.0127023825419736,0.0495028139895266,0.0019375));
#5508=CARTESIAN_POINT('',(-0.0132253741182802,0.0492064547378115,0.0019375));
#5509=CARTESIAN_POINT('',(-0.0137605872291478,0.0487731059297651,0.0019375));
#5510=CARTESIAN_POINT('',(-0.0142048205820869,0.0482285287830781,0.0019375));
#5511=CARTESIAN_POINT('',(-0.0144980922458985,0.0477117577928655,0.0019375));
#5512=CARTESIAN_POINT('',(-0.0147097425639519,0.0472002418490248,0.0019375));
#5513=CARTESIAN_POINT('',(-0.0148057050283608,0.0468687159286707,0.0019375));
#5514=CARTESIAN_POINT('',(-0.0148639492892933,0.0466217206414347,0.00193750000000001));
#5515=CARTESIAN_POINT('',(-0.0148810795088946,0.0465395990169125,0.00193750000000002));
#5516=CARTESIAN_POINT('',(-0.0149414810465165,0.0462122232927284,0.00193750000000007));
#5517=CARTESIAN_POINT('',(-0.0150044145164169,0.0456478656182402,0.00193750000000019));
#5518=CARTESIAN_POINT('',(-0.0150000000041271,0.0452085280424232,0.00193749999999938));
#5519=CARTESIAN_POINT('',(-0.015,0.045,0.0019375));
#5520=CARTESIAN_POINT('',(-0.01,0.0499999491373698,0.00187492540147569));
#5521=CARTESIAN_POINT('',(-0.0102075331845078,0.0499999491445678,0.00187492540147567));
#5522=CARTESIAN_POINT('',(-0.0105818435778547,0.0500032511627756,0.0018749254014757));
#5523=CARTESIAN_POINT('',(-0.0110458643381987,0.0499592215439983,0.0018749254014757));
#5524=CARTESIAN_POINT('',(-0.01136563778272,0.0499149873908928,0.0018749254014757));
#5525=CARTESIAN_POINT('',(-0.0115304790721068,0.0498853545881522,0.00187492540147569));
#5526=CARTESIAN_POINT('',(-0.0118623713974528,0.0498072209225197,0.00187492540147569));
#5527=CARTESIAN_POINT('',(-0.0121975077427835,0.0497105199536462,0.0018749254014757));
#5528=CARTESIAN_POINT('',(-0.0127023602588818,0.0495027681209391,0.0018749254014757));
#5529=CARTESIAN_POINT('',(-0.0132253454906476,0.0492064124131762,0.00187492540147569));
#5530=CARTESIAN_POINT('',(-0.0137605511112179,0.0487730696334719,0.00187492540147569));
#5531=CARTESIAN_POINT('',(-0.0142047782765033,0.048228500114786,0.00187492540147569));
#5532=CARTESIAN_POINT('',(-0.0144980464323585,0.0477117354013628,0.00187492540147569));
#5533=CARTESIAN_POINT('',(-0.0147096944370597,0.0472002250726512,0.00187492540147569));
#5534=CARTESIAN_POINT('',(-0.0148056559254858,0.0468687025427395,0.00187492540147569));
#5535=CARTESIAN_POINT('',(-0.0148638996119644,0.046621709703282,0.00187492540147571));
#5536=CARTESIAN_POINT('',(-0.0148810296662274,0.0465395888802209,0.00187492540147571));
#5537=CARTESIAN_POINT('',(-0.0149414306303409,0.0462122162971786,0.00187492540147577));
#5538=CARTESIAN_POINT('',(-0.0150043635623817,0.0456478637221614,0.00187492540147591));
#5539=CARTESIAN_POINT('',(-0.0149999491445998,0.0452085280424242,0.001874925401475));
#5540=CARTESIAN_POINT('',(-0.0149999491373698,0.045,0.00187492540147569));
#5541=CARTESIAN_POINT('',(-0.01,0.0499964599609375,0.00174793836805556));
#5542=CARTESIAN_POINT('',(-0.0102075331845761,0.0499964599729525,0.00174793836805528));
#5543=CARTESIAN_POINT('',(-0.010581733096106,0.0499997570952918,0.00174793836805559));
#5544=CARTESIAN_POINT('',(-0.0110454845415435,0.049955752581483,0.00174793836805559));
#5545=CARTESIAN_POINT('',(-0.0113650585336308,0.0499115458843818,0.00174793836805558));
#5546=CARTESIAN_POINT('',(-0.0115297906949842,0.0498819321899275,0.00174793836805556));
#5547=CARTESIAN_POINT('',(-0.0118614574783544,0.0498038514097083,0.00174793836805555));
#5548=CARTESIAN_POINT('',(-0.0121963587847402,0.0497072179126699,0.00174793836805556));
#5549=CARTESIAN_POINT('',(-0.0127008316387825,0.0494996215355137,0.00174793836805556));
#5550=CARTESIAN_POINT('',(-0.0132233816350599,0.0492035089432783,0.00174793836805556));
#5551=CARTESIAN_POINT('',(-0.0137580734212028,0.0487705797077329,0.00174793836805556));
#5552=CARTESIAN_POINT('',(-0.0142018761135549,0.0482265334699525,0.00174793836805556));
#5553=CARTESIAN_POINT('',(-0.0144949036231832,0.047710199344277,0.00174793836805556));
#5554=CARTESIAN_POINT('',(-0.01470639293348,0.0471990742134277,0.00174793836805556));
#5555=CARTESIAN_POINT('',(-0.0148022874656228,0.046867784267863,0.00174793836805555));
#5556=CARTESIAN_POINT('',(-0.014860491748521,0.0466209593460092,0.00174793836805556));
#5557=CARTESIAN_POINT('',(-0.0148776104632621,0.0465388935031776,0.00174793836805557));
#5558=CARTESIAN_POINT('',(-0.0149379721005921,0.0462117364024651,0.00174793836805564));
#5559=CARTESIAN_POINT('',(-0.0150008681803194,0.0456477336511503,0.00174793836805581));
#5560=CARTESIAN_POINT('',(-0.0149964599730059,0.0452085280424928,0.00174793836805475));
#5561=CARTESIAN_POINT('',(-0.0149964599609375,0.045,0.00174793836805556));
#5562=CARTESIAN_POINT('',(-0.01,0.0499930284288194,0.00168353949652778));
#5563=CARTESIAN_POINT('',(-0.0102075331846432,0.0499930284425614,0.00168353949652739));
#5564=CARTESIAN_POINT('',(-0.0105816244396146,0.0499963207532999,0.00168353949652783));
#5565=CARTESIAN_POINT('',(-0.0110451110194685,0.0499523409297095,0.00168353949652783));
#5566=CARTESIAN_POINT('',(-0.0113644888542544,0.0499081612348318,0.00168353949652781));
#5567=CARTESIAN_POINT('',(-0.0115291136904671,0.0498785663328194,0.00168353949652778));
#5568=CARTESIAN_POINT('',(-0.0118605586580166,0.049800537564223,0.00168353949652777));
#5569=CARTESIAN_POINT('',(-0.0121952288085111,0.0497039704243805,0.00168353949652778));
#5570=CARTESIAN_POINT('',(-0.0126993282728539,0.049496526934488,0.00168353949652778));
#5571=CARTESIAN_POINT('',(-0.0132214502241223,0.0492006534413002,0.00168353949652778));
#5572=CARTESIAN_POINT('',(-0.0137556366648417,0.048768130917793,0.00168353949652778));
#5573=CARTESIAN_POINT('',(-0.0141990218969345,0.0482245993158501,0.00168353949652778));
#5574=CARTESIAN_POINT('',(-0.0144918127360205,0.0477086886642277,0.00168353949652778));
#5575=CARTESIAN_POINT('',(-0.014703145973709,0.0471979423674275,0.00168353949652778));
#5576=CARTESIAN_POINT('',(-0.0147989746556901,0.0468668811637084,0.00168353949652777));
#5577=CARTESIAN_POINT('',(-0.0148571401860476,0.0466202213853094,0.00168353949652778));
#5578=CARTESIAN_POINT('',(-0.0148742477486452,0.0465382096143849,0.0016835394965278));
#5579=CARTESIAN_POINT('',(-0.0149345707091361,0.0462112644360413,0.00168353949652786));
#5580=CARTESIAN_POINT('',(-0.014997430546035,0.0456476057290287,0.00168353949652804));
#5581=CARTESIAN_POINT('',(-0.0149930284426224,0.0452085280425603,0.00168353949652692));
#5582=CARTESIAN_POINT('',(-0.0149930284288194,0.045,0.00168353949652778));
#5583=CARTESIAN_POINT('',(-0.01,0.0499743923611111,0.00148741319444444));
#5584=CARTESIAN_POINT('',(-0.010207533185008,0.0499743923787529,0.00148741319444379));
#5585=CARTESIAN_POINT('',(-0.0105810343446772,0.049977658564663,0.00148741319444453));
#5586=CARTESIAN_POINT('',(-0.0110430824845635,0.0499338128294644,0.00148741319444453));
#5587=CARTESIAN_POINT('',(-0.0113613950223841,0.0498897797787395,0.00148741319444449));
#5588=CARTESIAN_POINT('',(-0.0115254369939986,0.0498602869349977,0.00148741319444445));
#5589=CARTESIAN_POINT('',(-0.011855677317526,0.0497825406325457,0.00148741319444443));
#5590=CARTESIAN_POINT('',(-0.0121890920996618,0.0496863338674576,0.00148741319444445));
#5591=CARTESIAN_POINT('',(-0.0126911637480086,0.0494797206822686,0.00148741319444444));
#5592=CARTESIAN_POINT('',(-0.0132109610595842,0.0491851456953821,0.00148741319444444));
#5593=CARTESIAN_POINT('',(-0.0137424030551961,0.0487548319558263,0.00148741319444444));
#5594=CARTESIAN_POINT('',(-0.0141835211315751,0.0482140952536497,0.00148741319444444));
#5595=CARTESIAN_POINT('',(-0.0144750266531603,0.0477004844176354,0.00148741319444444));
#5596=CARTESIAN_POINT('',(-0.0146855122870797,0.0471917955041697,0.00148741319444445));
#5597=CARTESIAN_POINT('',(-0.0147809833479225,0.0468619765585369,0.00148741319444443));
#5598=CARTESIAN_POINT('',(-0.0148389384199229,0.0466162136461731,0.00148741319444445));
#5599=CARTESIAN_POINT('',(-0.014855985417195,0.0465344955305855,0.00148741319444446));
#5600=CARTESIAN_POINT('',(-0.0149160983307669,0.0462087012666093,0.00148741319444454));
#5601=CARTESIAN_POINT('',(-0.0149787613402114,0.0456469110057278,0.00148741319444475));
#5602=CARTESIAN_POINT('',(-0.0149743923788313,0.0452085280429269,0.00148741319444347));
#5603=CARTESIAN_POINT('',(-0.0149743923611111,0.045,0.00148741319444444));
#5604=CARTESIAN_POINT('',(-0.01,0.0499505208333333,0.00135243055555555));
#5605=CARTESIAN_POINT('',(-0.0102075331854752,0.049950520851925,0.00135243055555481));
#5606=CARTESIAN_POINT('',(-0.0105802784734327,0.049953753578264,0.00135243055555565));
#5607=CARTESIAN_POINT('',(-0.011040484070129,0.0499100796011307,0.00135243055555565));
#5608=CARTESIAN_POINT('',(-0.0113574320354179,0.0498662343912869,0.0013524305555556));
#5609=CARTESIAN_POINT('',(-0.0115207273973577,0.0498368722769948,0.00135243055555556));
#5610=CARTESIAN_POINT('',(-0.0118494246543066,0.049759487794247,0.00135243055555554));
#5611=CARTESIAN_POINT('',(-0.012181231395459,0.0496637426446397,0.00135243055555556));
#5612=CARTESIAN_POINT('',(-0.0126807055502446,0.049458193022942,0.00135243055555556));
#5613=CARTESIAN_POINT('',(-0.0131975251574104,0.0491652813338003,0.00135243055555556));
#5614=CARTESIAN_POINT('',(-0.0137254517065957,0.0487377968953735,0.00135243055555556));
#5615=CARTESIAN_POINT('',(-0.0141636657116114,0.0482006402685898,0.00135243055555556));
#5616=CARTESIAN_POINT('',(-0.0144535248294029,0.047689975339031,0.00135243055555556));
#5617=CARTESIAN_POINT('',(-0.0146629247409117,0.0471839217928641,0.00135243055555556));
#5618=CARTESIAN_POINT('',(-0.0147579377134673,0.0468556940948529,0.00135243055555554));
#5619=CARTESIAN_POINT('',(-0.0148156232027875,0.0466110800065226,0.00135243055555556));
#5620=CARTESIAN_POINT('',(-0.0148325926200737,0.0465297380433316,0.00135243055555557));
#5621=CARTESIAN_POINT('',(-0.0148924364782225,0.046205418021922,0.00135243055555565));
#5622=CARTESIAN_POINT('',(-0.0149548473660397,0.0456460211127078,0.00135243055555587));
#5623=CARTESIAN_POINT('',(-0.0149505208520075,0.0452085280433964,0.00135243055555455));
#5624=CARTESIAN_POINT('',(-0.0149505208333333,0.045,0.00135243055555556));
#5625=CARTESIAN_POINT('',(-0.01,0.0498723958333333,0.00108506944444444));
#5626=CARTESIAN_POINT('',(-0.0102075331870043,0.0498723958529514,0.00108506944444367));
#5627=CARTESIAN_POINT('',(-0.0105778047129961,0.0498755190775802,0.00108506944444454));
#5628=CARTESIAN_POINT('',(-0.0110319801683436,0.0498324072177555,0.00108506944444454));
#5629=CARTESIAN_POINT('',(-0.0113444622598919,0.0497891767597596,0.00108506944444449));
#5630=CARTESIAN_POINT('',(-0.0115053141719876,0.0497602424871936,0.00108506944444445));
#5631=CARTESIAN_POINT('',(-0.0118289613928615,0.0496840421416066,0.00108506944444443));
#5632=CARTESIAN_POINT('',(-0.0121555054544315,0.0495898077336116,0.00108506944444445));
#5633=CARTESIAN_POINT('',(-0.0126464787211985,0.0493877388651426,0.00108506944444444));
#5634=CARTESIAN_POINT('',(-0.0131535531139323,0.049100270695897,0.00108506944444444));
#5635=CARTESIAN_POINT('',(-0.0136699745657215,0.0486820457884369,0.00108506944444445));
#5636=CARTESIAN_POINT('',(-0.0140986843371856,0.0481566057720299,0.00108506944444444));
#5637=CARTESIAN_POINT('',(-0.0143831552243752,0.047655581990871,0.00108506944444444));
#5638=CARTESIAN_POINT('',(-0.0145890018625561,0.0471581532831367,0.00108506944444445));
#5639=CARTESIAN_POINT('',(-0.0146825156370418,0.0468351333046143,0.00108506944444443));
#5640=CARTESIAN_POINT('',(-0.0147393188558119,0.0465942790040298,0.00108506944444445));
#5641=CARTESIAN_POINT('',(-0.0147560343749896,0.0465141680850461,0.00108506944444446));
#5642=CARTESIAN_POINT('',(-0.0148149976882772,0.0461946728574909,0.00108506944444454));
#5643=CARTESIAN_POINT('',(-0.0148765834512199,0.0456431087355513,0.00108506944444477));
#5644=CARTESIAN_POINT('',(-0.0148723958530382,0.0452085280449331,0.00108506944444338));
#5645=CARTESIAN_POINT('',(-0.0148723958333333,0.045,0.00108506944444444));
#5646=CARTESIAN_POINT('',(-0.01,0.049818359375,0.000953124999999997));
#5647=CARTESIAN_POINT('',(-0.0102075331880619,0.0498183593946689,0.000953124999999289));
#5648=CARTESIAN_POINT('',(-0.0105760936953609,0.0498214068813555,0.000953125000000091));
#5649=CARTESIAN_POINT('',(-0.011026098302942,0.0497786838193374,0.000953125000000089));
#5650=CARTESIAN_POINT('',(-0.0113354914984864,0.049735878564663,0.000953125000000045));
#5651=CARTESIAN_POINT('',(-0.0114946533577732,0.0497072402159228,0.000953125000000006));
#5652=CARTESIAN_POINT('',(-0.0118148076370285,0.049631858898522,0.000953124999999988));
#5653=CARTESIAN_POINT('',(-0.0121377116785542,0.0495386694201544,0.000953125000000003));
#5654=CARTESIAN_POINT('',(-0.0126228051644417,0.0493390080726636,0.000953125));
#5655=CARTESIAN_POINT('',(-0.0131231391171934,0.0490553050046809,0.000953125000000001));
#5656=CARTESIAN_POINT('',(-0.0136316028766167,0.048643484606139,0.000953125000000001));
#5657=CARTESIAN_POINT('',(-0.0140537388865414,0.048126148578576,0.000953124999999999));
#5658=CARTESIAN_POINT('',(-0.0143344829142299,0.0476317932583937,0.000953124999999999));
#5659=CARTESIAN_POINT('',(-0.0145378718716974,0.0471403300639087,0.000953125000000006));
#5660=CARTESIAN_POINT('',(-0.0146303487008391,0.0468209120913659,0.000953124999999984));
#5661=CARTESIAN_POINT('',(-0.0146865416824914,0.046582658310639,0.000953125000000004));
#5662=CARTESIAN_POINT('',(-0.0147030815888192,0.0465033988638986,0.000953125000000018));
#5663=CARTESIAN_POINT('',(-0.0147614358586284,0.046187240785426,0.0009531250000001));
#5664=CARTESIAN_POINT('',(-0.0148224509103423,0.0456410943413514,0.000953125000000334));
#5665=CARTESIAN_POINT('',(-0.0148183593947558,0.0452085280459961,0.000953124999998923));
#5666=CARTESIAN_POINT('',(-0.014818359375,0.045,0.000953125000000001));
#5667=CARTESIAN_POINT('',(-0.01,0.0496806640625,0.000708984374999997));
#5668=CARTESIAN_POINT('',(-0.010207533190757,0.049680664082232,0.000708984374999496));
#5669=CARTESIAN_POINT('',(-0.0105717336925915,0.0496835185741165,0.000708984375000065));
#5670=CARTESIAN_POINT('',(-0.0110111101760452,0.0496417862438587,0.000708984375000062));
#5671=CARTESIAN_POINT('',(-0.0113126322691218,0.0496000644892101,0.000708984375000031));
#5672=CARTESIAN_POINT('',(-0.0114674875480584,0.0495721802114204,0.000708984375000004));
#5673=CARTESIAN_POINT('',(-0.0117787411387314,0.0494988859357212,0.000708984374999991));
#5674=CARTESIAN_POINT('',(-0.0120923697074933,0.0494083591394776,0.000708984375000002));
#5675=CARTESIAN_POINT('',(-0.012562480378248,0.0492148326195394,0.000708984375));
#5676=CARTESIAN_POINT('',(-0.0130456383905634,0.048940723755377,0.000708984375));
#5677=CARTESIAN_POINT('',(-0.0135338244158257,0.048545223280163,0.000708984375000001));
#5678=CARTESIAN_POINT('',(-0.0139392092141166,0.0480485377783893,0.000708984374999998));
#5679=CARTESIAN_POINT('',(-0.0142104564853658,0.0475711749822618,0.000708984374999999));
#5680=CARTESIAN_POINT('',(-0.014407582798606,0.0470949130655142,0.000708984375000007));
#5681=CARTESIAN_POINT('',(-0.014497417291117,0.0467846736985704,0.000708984374999984));
#5682=CARTESIAN_POINT('',(-0.0145520552709581,0.0465530465437456,0.000708984375000005));
#5683=CARTESIAN_POINT('',(-0.0145681476818924,0.0464759568124203,0.000708984375000019));
#5684=CARTESIAN_POINT('',(-0.0146249499915176,0.0461683024331161,0.000708984375000104));
#5685=CARTESIAN_POINT('',(-0.0146845107610183,0.0456359612766129,0.000708984375000348));
#5686=CARTESIAN_POINT('',(-0.0146806640823185,0.0452085280487049,0.000708984374998878));
#5687=CARTESIAN_POINT('',(-0.0146806640625,0.045,0.000708984375000001));
#5688=CARTESIAN_POINT('',(-0.01,0.0495972222222222,0.000597222222222218));
#5689=CARTESIAN_POINT('',(-0.0102075331923901,0.0495972222419407,0.000597222222221859));
#5690=CARTESIAN_POINT('',(-0.0105690915790141,0.0495999597811625,0.000597222222222269));
#5691=CARTESIAN_POINT('',(-0.0110020275364993,0.0495588278234215,0.000597222222222267));
#5692=CARTESIAN_POINT('',(-0.011298779828317,0.0495177626578319,0.000597222222222243));
#5693=CARTESIAN_POINT('',(-0.0114510253670728,0.0494903353387162,0.000597222222222224));
#5694=CARTESIAN_POINT('',(-0.0117568852386601,0.0494183057872621,0.000597222222222215));
#5695=CARTESIAN_POINT('',(-0.012064892973257,0.0493293925470111,0.000597222222222224));
#5696=CARTESIAN_POINT('',(-0.0125259242233364,0.049139583664888,0.000597222222222223));
#5697=CARTESIAN_POINT('',(-0.0129986738052376,0.0488712887823947,0.000597222222222223));
#5698=CARTESIAN_POINT('',(-0.0134745717473086,0.0484856780006708,0.000597222222222224));
#5699=CARTESIAN_POINT('',(-0.013869805496154,0.0480015064897025,0.000597222222222221));
#5700=CARTESIAN_POINT('',(-0.0141352978377719,0.0475344409756854,0.000597222222222222));
#5701=CARTESIAN_POINT('',(-0.0143286290577022,0.0470673908655415,0.00059722222222223));
#5702=CARTESIAN_POINT('',(-0.0144168623233651,0.0467627136323295,0.000597222222222207));
#5703=CARTESIAN_POINT('',(-0.0144705579892649,0.0465351021396943,0.000597222222222227));
#5704=CARTESIAN_POINT('',(-0.0144863792229282,0.0464593272319736,0.000597222222222242));
#5705=CARTESIAN_POINT('',(-0.0145422410618077,0.0461568260005501,0.00059722222222233));
#5706=CARTESIAN_POINT('',(-0.0146009205523424,0.045632850696011,0.000597222222222581));
#5707=CARTESIAN_POINT('',(-0.0145972222420268,0.0452085280503464,0.000597222222221067));
#5708=CARTESIAN_POINT('',(-0.0145972222222222,0.045,0.000597222222222223));
#5709=CARTESIAN_POINT('',(-0.01,0.0494027777777778,0.000402777777777774));
#5710=CARTESIAN_POINT('',(-0.010207533196196,0.0494027777974945,0.000402777777777667));
#5711=CARTESIAN_POINT('',(-0.0105629346641498,0.0494052428019994,0.000402777777777792));
#5712=CARTESIAN_POINT('',(-0.0109808622698333,0.0493655098917877,0.00040277777777779));
#5713=CARTESIAN_POINT('',(-0.011266499498119,0.0493259747750865,0.000402777777777782));
#5714=CARTESIAN_POINT('',(-0.0114126635617072,0.0492996123063546,0.000402777777777776));
#5715=CARTESIAN_POINT('',(-0.0117059544546187,0.0492305299406582,0.000402777777777774));
#5716=CARTESIAN_POINT('',(-0.0120008639644776,0.0491453767684674,0.000402777777777777));
#5717=CARTESIAN_POINT('',(-0.0124407374488218,0.048964231094361,0.000402777777777779));
#5718=CARTESIAN_POINT('',(-0.0128892322748035,0.0487094845280587,0.000402777777777778));
#5719=CARTESIAN_POINT('',(-0.0133364953077991,0.0483469196900727,0.000402777777777779));
#5720=CARTESIAN_POINT('',(-0.0137080740753619,0.047891909520487,0.000402777777777776));
#5721=CARTESIAN_POINT('',(-0.0139601557096989,0.0474488397535983,0.000402777777777777));
#5722=CARTESIAN_POINT('',(-0.0141446432271433,0.047003255907998,0.000402777777777787));
#5723=CARTESIAN_POINT('',(-0.0142291451553403,0.0467115401099579,0.000402777777777762));
#5724=CARTESIAN_POINT('',(-0.0142806449479199,0.0464932863112679,0.000402777777777784));
#5725=CARTESIAN_POINT('',(-0.0142958342574352,0.0464205753357962,0.000402777777777799));
#5726=CARTESIAN_POINT('',(-0.0143495045181896,0.0461300824801881,0.000402777777777893));
#5727=CARTESIAN_POINT('',(-0.0144061303651457,0.0456256021128657,0.000402777777778161));
#5728=CARTESIAN_POINT('',(-0.01440277779758,0.045208528054172,0.000402777777776543));
#5729=CARTESIAN_POINT('',(-0.0144027777777778,0.045,0.000402777777777778));
#5730=CARTESIAN_POINT('',(-0.01,0.049291015625,0.000319335937499996));
#5731=CARTESIAN_POINT('',(-0.0102075331983836,0.0492910156447157,0.000319335937499996));
#5732=CARTESIAN_POINT('',(-0.0105593958124142,0.0492933240025921,0.000319335937500001));
#5733=CARTESIAN_POINT('',(-0.0109686969658902,0.0492543952324224,0.000319335937499999));
#5734=CARTESIAN_POINT('',(-0.011247945513686,0.0492157395523031,0.000319335937499997));
#5735=CARTESIAN_POINT('',(-0.0113906140865249,0.0491899891348521,0.000319335937499997));
#5736=CARTESIAN_POINT('',(-0.0116766806222736,0.0491226007431124,0.000319335937499997));
#5737=CARTESIAN_POINT('',(-0.0119640615766188,0.0490396087707553,0.000319335937499999));
#5738=CARTESIAN_POINT('',(-0.0123917740683809,0.0488634425075067,0.000319335937500002));
#5739=CARTESIAN_POINT('',(-0.0128263278237169,0.0486164831988365,0.0003193359375));
#5740=CARTESIAN_POINT('',(-0.013257132175715,0.0482671646343159,0.000319335937500001));
#5741=CARTESIAN_POINT('',(-0.0136151146091701,0.0478289157267973,0.000319335937499998));
#5742=CARTESIAN_POINT('',(-0.0138594880802819,0.0473996381583139,0.000319335937499999));
#5743=CARTESIAN_POINT('',(-0.0140388924428378,0.0469663926232491,0.000319335937500009));
#5744=CARTESIAN_POINT('',(-0.0141212496848796,0.0466821267572554,0.000319335937499983));
#5745=CARTESIAN_POINT('',(-0.0141714873404504,0.046469251543813,0.000319335937500006));
#5746=CARTESIAN_POINT('',(-0.014186313434635,0.0463983016454711,0.000319335937500023));
#5747=CARTESIAN_POINT('',(-0.014238724027159,0.0461147109255157,0.000319335937500119));
#5748=CARTESIAN_POINT('',(-0.0142941694874601,0.0456214357955445,0.000319335937500397));
#5749=CARTESIAN_POINT('',(-0.0142910156448008,0.0452085280563709,0.000319335937498722));
#5750=CARTESIAN_POINT('',(-0.014291015625,0.045,0.000319335937500001));
#5751=CARTESIAN_POINT('',(-0.01,0.049046875,0.000181640624999996));
#5752=CARTESIAN_POINT('',(-0.0102075332031622,0.0490468750197129,0.000181640625000135));
#5753=CARTESIAN_POINT('',(-0.01055166531105,0.0490488411883528,0.000181640624999983));
#5754=CARTESIAN_POINT('',(-0.0109421222728107,0.0490116690347796,0.000181640624999981));
#5755=CARTESIAN_POINT('',(-0.0112074149651673,0.04897493445399,0.000181640624999988));
#5756=CARTESIAN_POINT('',(-0.0113424477572433,0.0489505210417641,0.000181640624999995));
#5757=CARTESIAN_POINT('',(-0.0116127329302574,0.0488868330785705,0.000181640624999999));
#5758=CARTESIAN_POINT('',(-0.011883668010908,0.0488085621738113,0.000181640624999998));
#5759=CARTESIAN_POINT('',(-0.0122848152276121,0.0486432732643785,0.000181640625000002));
#5760=CARTESIAN_POINT('',(-0.0126889151878481,0.0484133249553901,0.000181640625));
#5761=CARTESIAN_POINT('',(-0.0130837661104827,0.0480929424251387,0.000181640625000001));
#5762=CARTESIAN_POINT('',(-0.0134120478140908,0.0476913079250478,0.000181640624999998));
#5763=CARTESIAN_POINT('',(-0.0136395830645652,0.0472921589453141,0.000181640624999999));
#5764=CARTESIAN_POINT('',(-0.0138078834479955,0.0468858660303512,0.000181640625000009));
#5765=CARTESIAN_POINT('',(-0.0138855556960091,0.0466178742877598,0.000181640624999982));
#5766=CARTESIAN_POINT('',(-0.0139330362561723,0.0464167484110232,0.000181640625000007));
#5767=CARTESIAN_POINT('',(-0.0139470689188095,0.0463496455258287,0.000181640625000024));
#5768=CARTESIAN_POINT('',(-0.0139967278088885,0.0460811322866683,0.000181640625000126));
#5769=CARTESIAN_POINT('',(-0.0140495947546517,0.0456123346169301,0.000181640625000416));
#5770=CARTESIAN_POINT('',(-0.0140468750197976,0.0452085280611744,0.000181640624998661));
#5771=CARTESIAN_POINT('',(-0.014046875,0.045,0.000181640625000001));
#5772=CARTESIAN_POINT('',(-0.01,0.0489149305555555,0.000127604166666663));
#5773=CARTESIAN_POINT('',(-0.0102075332057449,0.0489149305752667,0.000127604166666838));
#5774=CARTESIAN_POINT('',(-0.010547487404535,0.0489167118096351,0.000127604166666645));
#5775=CARTESIAN_POINT('',(-0.0109277601275731,0.0488804890097424,0.000127604166666643));
#5776=CARTESIAN_POINT('',(-0.01118551045539,0.0488447926764128,0.000127604166666653));
#5777=CARTESIAN_POINT('',(-0.0113164165321737,0.048821101841233,0.000127604166666662));
#5778=CARTESIAN_POINT('',(-0.0115781727553722,0.0487594137540893,0.000127604166666666));
#5779=CARTESIAN_POINT('',(-0.0118402197549505,0.0486836943240852,0.000127604166666664));
#5780=CARTESIAN_POINT('',(-0.0122270099163343,0.0485242840200922,0.000127604166666669));
#5781=CARTESIAN_POINT('',(-0.0126146512921964,0.0483035292113764,0.000127604166666667));
#5782=CARTESIAN_POINT('',(-0.0129900713836728,0.0479987850000899,0.000127604166666668));
#5783=CARTESIAN_POINT('',(-0.0133023014928391,0.0476169385530801,0.000127604166666664));
#5784=CARTESIAN_POINT('',(-0.0135207366205156,0.0472340724017551,0.000127604166666666));
#5785=CARTESIAN_POINT('',(-0.0136830359201163,0.0468423458805894,0.000127604166666676));
#5786=CARTESIAN_POINT('',(-0.0137581761891351,0.0465831493975791,0.000127604166666649));
#5787=CARTESIAN_POINT('',(-0.0138041666924024,0.046388373384591,0.000127604166666674));
#5788=CARTESIAN_POINT('',(-0.0138177705493677,0.0463233495962797,0.000127604166666691));
#5789=CARTESIAN_POINT('',(-0.0138659422971476,0.0460629848978512,0.000127604166666794));
#5790=CARTESIAN_POINT('',(-0.013917415699054,0.04560741593551,0.000127604166667089));
#5791=CARTESIAN_POINT('',(-0.0139149305753513,0.0452085280637704,0.000127604166665306));
#5792=CARTESIAN_POINT('',(-0.0139149305555556,0.045,0.000127604166666667));
#5793=CARTESIAN_POINT('',(-0.01,0.0486475694444444,4.94791666666635E-5));
#5794=CARTESIAN_POINT('',(-0.0102075332109781,0.0486475694641519,4.94791666668679E-5));
#5795=CARTESIAN_POINT('',(-0.0105390216465966,0.0486489759632861,4.94791666666411E-5));
#5796=CARTESIAN_POINT('',(-0.0108986578859073,0.0486146768537462,4.94791666666402E-5));
#5797=CARTESIAN_POINT('',(-0.0111411250013677,0.0485810843376378,4.94791666666521E-5));
#5798=CARTESIAN_POINT('',(-0.011263669049796,0.0485588576717357,4.94791666666625E-5));
#5799=CARTESIAN_POINT('',(-0.0115081429273153,0.0485012219650088,4.94791666666674E-5));
#5800=CARTESIAN_POINT('',(-0.0117521798678788,0.0484306726285875,4.94791666666639E-5));
#5801=CARTESIAN_POINT('',(-0.0121098781013768,0.0482831742356176,4.9479166666669E-5));
#5802=CARTESIAN_POINT('',(-0.0124641691878495,0.0480810483616644,4.9479166666666E-5));
#5803=CARTESIAN_POINT('',(-0.0128002162793473,0.0478079923230175,4.94791666666688E-5));
#5804=CARTESIAN_POINT('',(-0.0130799207892501,0.0474662427204087,4.9479166666664E-5));
#5805=CARTESIAN_POINT('',(-0.0132799161944152,0.0471163707213854,4.94791666666662E-5));
#5806=CARTESIAN_POINT('',(-0.0134300554030979,0.0467541603139669,4.9479166666676E-5));
#5807=CARTESIAN_POINT('',(-0.013500065083101,0.0465127858043181,4.94791666666494E-5));
#5808=CARTESIAN_POINT('',(-0.013543036260553,0.0463308766205047,4.94791666666733E-5));
#5809=CARTESIAN_POINT('',(-0.0135557712218148,0.0462700657390359,4.94791666666901E-5));
#5810=CARTESIAN_POINT('',(-0.0136009295496726,0.0460262125573535,4.94791666667904E-5));
#5811=CARTESIAN_POINT('',(-0.0136495791916586,0.0455974491336853,4.9479166667077E-5));
#5812=CARTESIAN_POINT('',(-0.0136475694642366,0.0452085280690303,4.94791666653448E-5));
#5813=CARTESIAN_POINT('',(-0.0136475694444444,0.045,4.94791666666674E-5));
#5814=CARTESIAN_POINT('',(-0.01,0.0485125868055555,2.5607638888886E-5));
#5815=CARTESIAN_POINT('',(-0.0102075332136201,0.048512586825261,2.56076388890871E-5));
#5816=CARTESIAN_POINT('',(-0.0105347475382868,0.048513804131769,2.56076388888638E-5));
#5817=CARTESIAN_POINT('',(-0.010883965033378,0.0484804762360273,2.56076388888633E-5));
#5818=CARTESIAN_POINT('',(-0.0111187161114312,0.0484479458743927,2.56076388888752E-5));
#5819=CARTESIAN_POINT('',(-0.0112370384215176,0.048426458423824,2.56076388888854E-5));
#5820=CARTESIAN_POINT('',(-0.0114727869589295,0.0483708686429243,2.560763888889E-5));
#5821=CARTESIAN_POINT('',(-0.0117077311586591,0.0483029295323217,2.56076388888861E-5));
#5822=CARTESIAN_POINT('',(-0.0120507417467472,0.0481614451074169,2.56076388888913E-5));
#5823=CARTESIAN_POINT('',(-0.0123881952682847,0.0479687244261767,2.56076388888878E-5));
#5824=CARTESIAN_POINT('',(-0.01270436410817,0.0477116667993657,2.56076388888912E-5));
#5825=CARTESIAN_POINT('',(-0.0129676474145485,0.047390160895797,2.56076388888861E-5));
#5826=CARTESIAN_POINT('',(-0.0131583331546145,0.0470569466587312,2.56076388888886E-5));
#5827=CARTESIAN_POINT('',(-0.0133023330966162,0.0467096380554936,2.56076388888979E-5));
#5828=CARTESIAN_POINT('',(-0.0133697524954766,0.0464772613278503,2.56076388888723E-5));
#5829=CARTESIAN_POINT('',(-0.0134111993055121,0.0463018482217533,2.56076388888951E-5));
#5830=CARTESIAN_POINT('',(-0.0134234955872872,0.0462431643111092,2.56076388889112E-5));
#5831=CARTESIAN_POINT('',(-0.0134671325294377,0.0460076473010308,2.56076388890072E-5));
#5832=CARTESIAN_POINT('',(-0.0135143565393859,0.0455924171931537,2.56076388892815E-5));
#5833=CARTESIAN_POINT('',(-0.013512586825346,0.0452085280716857,2.56076388876241E-5));
#5834=CARTESIAN_POINT('',(-0.0135125868055556,0.045,2.56076388888896E-5));
#5835=CARTESIAN_POINT('',(-0.01,0.0483164605034722,6.97157118055321E-6));
#5836=CARTESIAN_POINT('',(-0.0102075332174589,0.0483164605231745,6.97157118072014E-6));
#5837=CARTESIAN_POINT('',(-0.0105285373688576,0.0483174029376635,6.97157118053455E-6));
#5838=CARTESIAN_POINT('',(-0.0108626166966041,0.0482854861905877,6.97157118053493E-6));
#5839=CARTESIAN_POINT('',(-0.0110861565707878,0.0482544991120812,6.97157118054508E-6));
#5840=CARTESIAN_POINT('',(-0.0111983448036614,0.0482340857223766,6.97157118055355E-6));
#5841=CARTESIAN_POINT('',(-0.0114214156463431,0.0481814686190757,6.97157118055685E-6));
#5842=CARTESIAN_POINT('',(-0.0116431483275381,0.0481173220994434,6.97157118055282E-6));
#5843=CARTESIAN_POINT('',(-0.0119648181446629,0.0479845758154373,6.97157118055809E-6));
#5844=CARTESIAN_POINT('',(-0.0122778071174702,0.0478055206372747,6.9715711805537E-6));
#5845=CARTESIAN_POINT('',(-0.0125650933691,0.0475717082913266,6.9715711805581E-6));
#5846=CARTESIAN_POINT('',(-0.0128045170891681,0.047279615961725,6.97157118055261E-6));
#5847=CARTESIAN_POINT('',(-0.0129816761253221,0.046970605024288,6.97157118055569E-6));
#5848=CARTESIAN_POINT('',(-0.0131167558707596,0.0466449483591989,6.97157118056292E-6));
#5849=CARTESIAN_POINT('',(-0.0131804116577507,0.0464256451773555,6.97157118054238E-6));
#5850=CARTESIAN_POINT('',(-0.013219643601142,0.0462596707050788,6.97157118056012E-6));
#5851=CARTESIAN_POINT('',(-0.0132313024929074,0.0462040772283298,6.97157118057269E-6));
#5852=CARTESIAN_POINT('',(-0.0132727289007604,0.0459806724611568,6.97157118064798E-6));
#5853=CARTESIAN_POINT('',(-0.0133178815040298,0.0455851059130005,6.97157118086388E-6));
#5854=CARTESIAN_POINT('',(-0.0133164605232601,0.0452085280755434,6.97157117956173E-6));
#5855=CARTESIAN_POINT('',(-0.0133164605034722,0.045,6.97157118055637E-6));
#5856=CARTESIAN_POINT('',(-0.01,0.0482520616319444,3.54003906249785E-6));
#5857=CARTESIAN_POINT('',(-0.0102075332187194,0.0482520616516457,3.54003906264801E-6));
#5858=CARTESIAN_POINT('',(-0.0105264982343866,0.0482529138042187,3.54003906248099E-6));
#5859=CARTESIAN_POINT('',(-0.0108556068831184,0.0482214604135651,3.5400390624817E-6));
#5860=CARTESIAN_POINT('',(-0.0110754655127674,0.0481909800783706,3.54003906249097E-6));
#5861=CARTESIAN_POINT('',(-0.0111856395963597,0.0481709193609332,3.54003906249856E-6));
#5862=CARTESIAN_POINT('',(-0.0114045476662491,0.048119278348451,3.54003906250127E-6));
#5863=CARTESIAN_POINT('',(-0.0116219422914273,0.0480563771415384,3.54003906249727E-6));
#5864=CARTESIAN_POINT('',(-0.0119366047793312,0.0479265000617499,3.54003906250258E-6));
#5865=CARTESIAN_POINT('',(-0.0122415607177421,0.0477519320072812,3.54003906249785E-6));
#5866=CARTESIAN_POINT('',(-0.012519363253671,0.0475257523441503,3.54003906250262E-6));
#5867=CARTESIAN_POINT('',(-0.0127509525812217,0.0472433180815746,3.54003906249703E-6));
#5868=CARTESIAN_POINT('',(-0.0129236700689541,0.0469422543963256,3.54003906250034E-6));
#5869=CARTESIAN_POINT('',(-0.0130558208314534,0.0466237072334722,3.54003906250662E-6));
#5870=CARTESIAN_POINT('',(-0.0131182408211309,0.0464086968037352,3.54003906248838E-6));
#5871=CARTESIAN_POINT('',(-0.0131567455040225,0.0462458215453852,3.54003906250381E-6));
#5872=CARTESIAN_POINT('',(-0.0131681951061774,0.0461912428252153,3.54003906251479E-6));
#5873=CARTESIAN_POINT('',(-0.0132088956760743,0.0459718151624209,3.54003906258076E-6));
#5874=CARTESIAN_POINT('',(-0.013253368124509,0.0455827052243306,3.54003906277026E-6));
#5875=CARTESIAN_POINT('',(-0.0132520616517315,0.04520852807681,3.54003906162848E-6));
#5876=CARTESIAN_POINT('',(-0.0132520616319444,0.045,3.54003906250084E-6));
#5877=CARTESIAN_POINT('',(-0.01,0.0481250745985243,5.08626302065977E-8));
#5878=CARTESIAN_POINT('',(-0.0102075332212049,0.0481250746182234,5.08626303023104E-8));
#5879=CARTESIAN_POINT('',(-0.0105224772999965,0.0481257487848679,5.08626301958315E-8));
#5880=CARTESIAN_POINT('',(-0.0108417843517875,0.048095209078819,5.08626301972768E-8));
#5881=CARTESIAN_POINT('',(-0.0110543839982948,0.0480657279820953,5.08626302035014E-8));
#5882=CARTESIAN_POINT('',(-0.0111605864153653,0.04804636269307,5.08626302082528E-8));
#5883=CARTESIAN_POINT('',(-0.0113712859847768,0.0479966464173803,5.08626302092527E-8));
#5884=CARTESIAN_POINT('',(-0.0115801264714847,0.0479362008213225,5.08626302057194E-8));
#5885=CARTESIAN_POINT('',(-0.0118809713267368,0.0478119814762617,5.08626302109899E-8));
#5886=CARTESIAN_POINT('',(-0.0121700870620021,0.0476462615042663,5.0862630205584E-8));
#5887=CARTESIAN_POINT('',(-0.01242918882113,0.047435132597849,5.08626302110936E-8));
#5888=CARTESIAN_POINT('',(-0.0126453296440589,0.0471717429124702,5.08626302053119E-8));
#5889=CARTESIAN_POINT('',(-0.0128092889184181,0.0468863502778972,5.08626302092516E-8));
#5890=CARTESIAN_POINT('',(-0.0129356640695528,0.0465818222209163,5.08626302128177E-8));
#5891=CARTESIAN_POINT('',(-0.012995647211642,0.0463752765956434,5.08626302010891E-8));
#5892=CARTESIAN_POINT('',(-0.0130327178219917,0.0462185126242327,5.08626302099869E-8));
#5893=CARTESIAN_POINT('',(-0.0130437547295431,0.0461659348852069,5.08626302165018E-8));
#5894=CARTESIAN_POINT('',(-0.0130830240319878,0.0459543496065205,5.08626302560227E-8));
#5895=CARTESIAN_POINT('',(-0.0131261552947357,0.0455779713473988,5.08626303706908E-8));
#5896=CARTESIAN_POINT('',(-0.0131250746183098,0.0452085280793075,5.08626296834727E-8));
#5897=CARTESIAN_POINT('',(-0.0131250745985243,0.045,5.08626302091953E-8));
#5898=CARTESIAN_POINT('',(-0.01,0.0480625,-1.51788304147971E-18));
#5899=CARTESIAN_POINT('',(-0.0102075332224297,0.0480625000196981,5.66091759410133E-17));
#5900=CARTESIAN_POINT('',(-0.0105204959295496,0.0480630864813406,-7.99756563568351E-18));
#5901=CARTESIAN_POINT('',(-0.010834973110314,0.0480329970058844,-6.15472834956988E-18));
#5902=CARTESIAN_POINT('',(-0.0110439957935398,0.0480040082975915,-2.07615804382577E-18));
#5903=CARTESIAN_POINT('',(-0.0111482411175797,0.0479849856904333,7.13803737985935E-19));
#5904=CARTESIAN_POINT('',(-0.0113548958360481,0.0479362178551379,5.98825593794228E-19));
#5905=CARTESIAN_POINT('',(-0.0115595211539621,0.0478769822949335,-2.51373654396783E-18));
#5906=CARTESIAN_POINT('',(-0.011853557181632,0.0477555508760854,2.69566908526571E-18));
#5907=CARTESIAN_POINT('',(-0.0121348674400254,0.0475941909178141,-3.06476936916452E-18));
#5908=CARTESIAN_POINT('',(-0.0123847541354662,0.0473904784777357,2.82920579680192E-18));
#5909=CARTESIAN_POINT('',(-0.0125932824963312,0.0471364732683941,-3.04788339011282E-18));
#5910=CARTESIAN_POINT('',(-0.0127529260411954,0.0468588027584986,1.28838885480884E-18));
#5911=CARTESIAN_POINT('',(-0.0128764551807914,0.0465611828077866,3.09849839880789E-18));
#5912=CARTESIAN_POINT('',(-0.0129352375328834,0.0463588083307535,-4.41473478595249E-18));
#5913=CARTESIAN_POINT('',(-0.012971601484363,0.0462050557796146,2.55803482502329E-19));
#5914=CARTESIAN_POINT('',(-0.0129824350310008,0.0461534640514308,3.87728331334946E-18));
#5915=CARTESIAN_POINT('',(-0.0130209990568216,0.0459457432148359,2.62880969186111E-17));
#5916=CARTESIAN_POINT('',(-0.0130634694319684,0.045575638664758,9.25363406696167E-17));
#5917=CARTESIAN_POINT('',(-0.0130625000197848,0.0452085280805382,-3.00581423834526E-16));
#5918=CARTESIAN_POINT('',(-0.0130625,0.045,8.67361737988404E-19));
#5919=CARTESIAN_POINT('',(-0.01,0.048,-1.3010426069826E-18));
#5920=CARTESIAN_POINT('',(-0.010207533223653,0.048000000019697,-1.3010426069826E-18));
#5921=CARTESIAN_POINT('',(-0.0105185169212004,0.0480004988808954,-9.6735783184459E-19));
#5922=CARTESIAN_POINT('',(-0.0108281699888857,0.0479708590992878,1.29261848359025E-18));
#5923=CARTESIAN_POINT('',(-0.011033619973119,0.0479423621924234,1.97185215786838E-18));
#5924=CARTESIAN_POINT('',(-0.0111359105372836,0.0479236818586028,1.72747498453816E-18));
#5925=CARTESIAN_POINT('',(-0.0113385252268919,0.0478758613330151,7.24849143864673E-21));
#5926=CARTESIAN_POINT('',(-0.0115389404011401,0.0478178343661159,-2.26330851157959E-18));
#5927=CARTESIAN_POINT('',(-0.0118261757183951,0.0476991875498446,2.70653662544022E-18));
#5928=CARTESIAN_POINT('',(-0.012099689805243,0.0475421824074918,-3.35866756225082E-18));
#5929=CARTESIAN_POINT('',(-0.0123403724227667,0.0473458775921863,2.92187798166741E-18));
#5930=CARTESIAN_POINT('',(-0.0125412973967909,0.0471012456711462,-3.12467393648849E-18));
#5931=CARTESIAN_POINT('',(-0.0126966303571719,0.0468312880799706,1.77056212239088E-18));
#5932=CARTESIAN_POINT('',(-0.0128173168781118,0.0465405680000047,1.24659587485541E-18));
#5933=CARTESIAN_POINT('',(-0.0128748998717326,0.0463423596985627,-6.19651504302939E-19));
#5934=CARTESIAN_POINT('',(-0.0129105580067878,0.0461916149776204,-1.64173815832245E-18));
#5935=CARTESIAN_POINT('',(-0.0129211884349495,0.0461410080848024,-1.91154020650371E-18));
#5936=CARTESIAN_POINT('',(-0.0129590480249443,0.0459371470832911,-2.50313601478297E-18));
#5937=CARTESIAN_POINT('',(-0.0130008583003695,0.0455733087630328,-1.31279863114649E-18));
#5938=CARTESIAN_POINT('',(-0.013000000019784,0.0452085280817673,8.67361737988404E-19));
#5939=CARTESIAN_POINT('',(-0.013,0.045,8.67361737988404E-19));
#5940=CARTESIAN_POINT('',(-0.01,0.048,0.));
#5941=CARTESIAN_POINT('',(-0.01,0.04825,-1.3561200773447E-15));
#5942=CARTESIAN_POINT('',(-0.01,0.0487864583333333,2.60416666650623E-5));
#5943=CARTESIAN_POINT('',(-0.01,0.0495598958333333,0.000440104166665468));
#5944=CARTESIAN_POINT('',(-0.01,0.0499739583333333,0.00121354166666598));
#5945=CARTESIAN_POINT('',(-0.01,0.05,0.00174999999999978));
#5946=CARTESIAN_POINT('',(-0.01,0.05,0.002));
#5947=CARTESIAN_POINT('',(-0.005,0.05,0.002));
#5948=CARTESIAN_POINT('',(-0.01,0.05,0.002));
#5949=CARTESIAN_POINT('',(-0.005,0.05,0.00169999999999973));
#5950=CARTESIAN_POINT('',(-0.01,0.05,0.00169999999999973));
#5951=CARTESIAN_POINT('',(-0.005,0.05,0.00139999999999946));
#5952=CARTESIAN_POINT('',(-0.01,0.05,0.00139999999999946));
#5953=CARTESIAN_POINT('',(-0.005,0.0498,0.000666666666665578));
#5954=CARTESIAN_POINT('',(-0.01,0.0498,0.000666666666665578));
#5955=CARTESIAN_POINT('',(-0.005,0.0493333333333333,0.000199999999998642));
#5956=CARTESIAN_POINT('',(-0.01,0.0493333333333333,0.000199999999998642));
#5957=CARTESIAN_POINT('',(-0.005,0.0486,-1.62838492689921E-15));
#5958=CARTESIAN_POINT('',(-0.01,0.0486,-1.62838492689921E-15));
#5959=CARTESIAN_POINT('',(-0.005,0.0483,-1.62734409281362E-15));
#5960=CARTESIAN_POINT('',(-0.01,0.0483,-1.62734409281362E-15));
#5961=CARTESIAN_POINT('',(-0.005,0.048,0.));
#5962=CARTESIAN_POINT('',(-0.01,0.048,0.));
#5963=CARTESIAN_POINT('',(-0.005,0.05,0.002));
#5964=CARTESIAN_POINT('',(-0.005,0.05,0.00174999999999977));
#5965=CARTESIAN_POINT('',(-0.005,0.0499739583333334,0.00121354166666597));
#5966=CARTESIAN_POINT('',(-0.005,0.0495598958333333,0.000440104166665459));
#5967=CARTESIAN_POINT('',(-0.005,0.0487864583333333,2.6041666665057E-5));
#5968=CARTESIAN_POINT('',(-0.005,0.04825,-1.35612007734469E-15));
#5969=CARTESIAN_POINT('',(-0.005,0.048,0.));
#5970=CARTESIAN_POINT('',(4.33680868994202E-19,0.045,0.002));
#5971=CARTESIAN_POINT('',(4.33680868994202E-19,0.0452075331845138,0.00200000000000077));
#5972=CARTESIAN_POINT('',(3.30209758730894E-6,0.0455818451883749,0.00199999999999991));
#5973=CARTESIAN_POINT('',(-4.07278871364012E-5,0.0460458698745923,0.0019999999999999));
#5974=CARTESIAN_POINT('',(-8.49624409088767E-5,0.046365646226584,0.00199999999999995));
#5975=CARTESIAN_POINT('',(-0.000114595522570635,0.0465304891067588,0.00199999999999999));
#5976=CARTESIAN_POINT('',(-0.000192729959307997,0.0468623847198888,0.00200000000000001));
#5977=CARTESIAN_POINT('',(-0.000289431911603789,0.0471975244914431,0.002));
#5978=CARTESIAN_POINT('',(-0.000497186010479968,0.0477023825419736,0.002));
#5979=CARTESIAN_POINT('',(-0.000793545262186772,0.0482253741182805,0.002));
#5980=CARTESIAN_POINT('',(-0.00122689407023539,0.0487605872291474,0.002));
#5981=CARTESIAN_POINT('',(-0.00177147121692189,0.0492048205820887,0.002));
#5982=CARTESIAN_POINT('',(-0.00228824220713465,0.0494980922458921,0.002));
#5983=CARTESIAN_POINT('',(-0.00279975815097522,0.0497097425639762,0.002));
#5984=CARTESIAN_POINT('',(-0.00313128407132918,0.0498057050283086,0.002));
#5985=CARTESIAN_POINT('',(-0.00337827935856549,0.0498639492893194,0.002));
#5986=CARTESIAN_POINT('',(-0.00346040098308784,0.0498810795089742,0.002));
#5987=CARTESIAN_POINT('',(-0.00378777670727277,0.0499414810469112,0.002));
#5988=CARTESIAN_POINT('',(-0.0043521343817632,0.0500044145177015,0.002));
#5989=CARTESIAN_POINT('',(-0.00479147195756579,0.05,0.002));
#5990=CARTESIAN_POINT('',(-0.005,0.05,0.002));
#5991=CARTESIAN_POINT('',(4.20128341838133E-19,0.045,0.0019375));
#5992=CARTESIAN_POINT('',(4.1076582657577E-12,0.0452075331845138,0.00193750000000076));
#5993=CARTESIAN_POINT('',(3.30209707825706E-6,0.0455818451883749,0.00193749999999991));
#5994=CARTESIAN_POINT('',(-4.07278876542638E-5,0.0460458698745923,0.0019374999999999));
#5995=CARTESIAN_POINT('',(-8.49624411768275E-5,0.046365646226584,0.00193749999999995));
#5996=CARTESIAN_POINT('',(-0.000114595522622651,0.0465304891067588,0.00193749999999999));
#5997=CARTESIAN_POINT('',(-0.000192729959255982,0.0468623847198888,0.00193750000000001));
#5998=CARTESIAN_POINT('',(-0.000289431911627929,0.0471975244914431,0.0019375));
#5999=CARTESIAN_POINT('',(-0.0004971860104735,0.0477023825419736,0.0019375));
#6000=CARTESIAN_POINT('',(-0.000793545262188505,0.0482253741182804,0.0019375));
#6001=CARTESIAN_POINT('',(-0.00122689407023493,0.0487605872291479,0.0019375));
#6002=CARTESIAN_POINT('',(-0.00177147121692202,0.049204820582087,0.0019375));
#6003=CARTESIAN_POINT('',(-0.00228824220713461,0.0494980922458986,0.0019375));
#6004=CARTESIAN_POINT('',(-0.00279975815097523,0.0497097425639519,0.0019375));
#6005=CARTESIAN_POINT('',(-0.00313128407132918,0.0498057050283609,0.0019375));
#6006=CARTESIAN_POINT('',(-0.00337827935856548,0.0498639492892933,0.0019375));
#6007=CARTESIAN_POINT('',(-0.00346040098308783,0.0498810795088947,0.0019375));
#6008=CARTESIAN_POINT('',(-0.00378777670727276,0.0499414810465166,0.0019375));
#6009=CARTESIAN_POINT('',(-0.00435213438176321,0.0500044145164171,0.00193750000000001));
#6010=CARTESIAN_POINT('',(-0.00479147195756579,0.0500000000041265,0.00193749999999999));
#6011=CARTESIAN_POINT('',(-0.005,0.05,0.0019375));
#6012=CARTESIAN_POINT('',(-5.08626302079173E-8,0.045,0.00187492540147569));
#6013=CARTESIAN_POINT('',(-5.08554341920982E-8,0.0452075331845148,0.00187492540147646));
#6014=CARTESIAN_POINT('',(3.25116277589123E-6,0.0455818435778538,0.0018749254014756));
#6015=CARTESIAN_POINT('',(-4.07784560014631E-5,0.0460458643381979,0.0018749254014756));
#6016=CARTESIAN_POINT('',(-8.50126091071026E-5,0.0463656377827197,0.00187492540147565));
#6017=CARTESIAN_POINT('',(-0.000114645411847819,0.0465304790721069,0.00187492540147569));
#6018=CARTESIAN_POINT('',(-0.00019277907748032,0.046862371397453,0.00187492540147571));
#6019=CARTESIAN_POINT('',(-0.000289480046353776,0.0471975077427836,0.00187492540147569));
#6020=CARTESIAN_POINT('',(-0.000497231879060955,0.0477023602588818,0.00187492540147569));
#6021=CARTESIAN_POINT('',(-0.00079358758682386,0.0482253454906478,0.00187492540147569));
#6022=CARTESIAN_POINT('',(-0.00122693036652816,0.048760551111218,0.0018749254014757));
#6023=CARTESIAN_POINT('',(-0.00177149988521414,0.0492047782765034,0.00187492540147569));
#6024=CARTESIAN_POINT('',(-0.0022882645986373,0.0494980464323585,0.0018749254014757));
#6025=CARTESIAN_POINT('',(-0.00279977492734876,0.0497096944370597,0.00187492540147569));
#6026=CARTESIAN_POINT('',(-0.00313129745726033,0.0498056559254858,0.00187492540147569));
#6027=CARTESIAN_POINT('',(-0.00337829029671815,0.0498638996119645,0.0018749254014757));
#6028=CARTESIAN_POINT('',(-0.00346041111977942,0.0498810296662275,0.0018749254014757));
#6029=CARTESIAN_POINT('',(-0.00378778370282252,0.0499414306303411,0.0018749254014757));
#6030=CARTESIAN_POINT('',(-0.00435213627784209,0.0500043635623821,0.0018749254014757));
#6031=CARTESIAN_POINT('',(-0.00479147195756479,0.0499999491445989,0.00187492540147568));
#6032=CARTESIAN_POINT('',(-0.005,0.0499999491373698,0.00187492540147569));
#6033=CARTESIAN_POINT('',(-3.54003906249959E-6,0.045,0.00174793836805556));
#6034=CARTESIAN_POINT('',(-3.54002705087903E-6,0.0452075331845831,0.00174793836805634));
#6035=CARTESIAN_POINT('',(-2.4290470773587E-7,0.0455817330961051,0.00174793836805546));
#6036=CARTESIAN_POINT('',(-4.42474185165613E-5,0.0460454845415427,0.00174793836805546));
#6037=CARTESIAN_POINT('',(-8.84541156179623E-5,0.0463650585336304,0.00174793836805551));
#6038=CARTESIAN_POINT('',(-0.000118067810072516,0.0465297906949842,0.00174793836805555));
#6039=CARTESIAN_POINT('',(-0.000196148590291749,0.0468614574783546,0.00174793836805557));
#6040=CARTESIAN_POINT('',(-0.000292782087330067,0.0471963587847403,0.00174793836805556));
#6041=CARTESIAN_POINT('',(-0.000500378464486413,0.0477008316387826,0.00174793836805556));
#6042=CARTESIAN_POINT('',(-0.000796491056721814,0.04822338163506,0.00174793836805556));
#6043=CARTESIAN_POINT('',(-0.00122942029226711,0.0487580734212029,0.00174793836805556));
#6044=CARTESIAN_POINT('',(-0.00177346653004762,0.049201876113555,0.00174793836805555));
#6045=CARTESIAN_POINT('',(-0.00228980065572305,0.0494949036231832,0.00174793836805556));
#6046=CARTESIAN_POINT('',(-0.00280092578657227,0.04970639293348,0.00174793836805556));
#6047=CARTESIAN_POINT('',(-0.00313221573213688,0.0498022874656228,0.00174793836805556));
#6048=CARTESIAN_POINT('',(-0.00337904065399093,0.049860491748521,0.00174793836805556));
#6049=CARTESIAN_POINT('',(-0.00346110649682264,0.0498776104632622,0.00174793836805556));
#6050=CARTESIAN_POINT('',(-0.00378826359753604,0.0499379721005924,0.00174793836805556));
#6051=CARTESIAN_POINT('',(-0.00435226634885312,0.0500008681803199,0.00174793836805556));
#6052=CARTESIAN_POINT('',(-0.00479147195749613,0.0499964599730044,0.00174793836805554));
#6053=CARTESIAN_POINT('',(-0.005,0.0499964599609375,0.00174793836805556));
#6054=CARTESIAN_POINT('',(-6.97157118055515E-6,0.045,0.00168353949652778));
#6055=CARTESIAN_POINT('',(-6.97155744249003E-6,0.0452075331846502,0.00168353949652857));
#6056=CARTESIAN_POINT('',(-3.67924669961333E-6,0.0455816244396138,0.00168353949652768));
#6057=CARTESIAN_POINT('',(-4.76590702899801E-5,0.0460451110194677,0.00168353949652768));
#6058=CARTESIAN_POINT('',(-9.18387651679859E-5,0.046364488854254,0.00168353949652773));
#6059=CARTESIAN_POINT('',(-0.00012143366718056,0.0465291136904671,0.00168353949652777));
#6060=CARTESIAN_POINT('',(-0.000199462435777058,0.0468605586580168,0.00168353949652779));
#6061=CARTESIAN_POINT('',(-0.000296029575619481,0.0471952288085111,0.00168353949652778));
#6062=CARTESIAN_POINT('',(-0.000503473065512108,0.047699328272854,0.00168353949652778));
#6063=CARTESIAN_POINT('',(-0.000799346558699873,0.0482214502241225,0.00168353949652778));
#6064=CARTESIAN_POINT('',(-0.00123186908220701,0.0487556366648417,0.00168353949652778));
#6065=CARTESIAN_POINT('',(-0.00177540068415004,0.0491990218969345,0.00168353949652778));
#6066=CARTESIAN_POINT('',(-0.00229131133577242,0.0494918127360206,0.00168353949652778));
#6067=CARTESIAN_POINT('',(-0.00280205763257245,0.049703145973709,0.00168353949652778));
#6068=CARTESIAN_POINT('',(-0.00313311883629145,0.0497989746556901,0.00168353949652778));
#6069=CARTESIAN_POINT('',(-0.0033797786146907,0.0498571401860477,0.00168353949652778));
#6070=CARTESIAN_POINT('',(-0.00346179038561539,0.0498742477486453,0.00168353949652778));
#6071=CARTESIAN_POINT('',(-0.00378873556395984,0.0499345707091364,0.00168353949652778));
#6072=CARTESIAN_POINT('',(-0.00435239427097476,0.0499974305460356,0.00168353949652778));
#6073=CARTESIAN_POINT('',(-0.00479147195742861,0.0499930284426207,0.00168353949652777));
#6074=CARTESIAN_POINT('',(-0.005,0.0499930284288194,0.00168353949652778));
#6075=CARTESIAN_POINT('',(-2.56076388888885E-5,0.045,0.00148741319444444));
#6076=CARTESIAN_POINT('',(-2.56076212520301E-5,0.0452075331850149,0.00148741319444527));
#6077=CARTESIAN_POINT('',(-2.23414353364049E-5,0.0455810343446763,0.00148741319444434));
#6078=CARTESIAN_POINT('',(-6.61871705349359E-5,0.0460430824845627,0.00148741319444434));
#6079=CARTESIAN_POINT('',(-0.00011022022126023,0.0463613950223838,0.00148741319444439));
#6080=CARTESIAN_POINT('',(-0.000139713065002317,0.0465254369939986,0.00148741319444444));
#6081=CARTESIAN_POINT('',(-0.000217459367454377,0.0468556773175262,0.00148741319444446));
#6082=CARTESIAN_POINT('',(-0.000313666132542446,0.0471890920996618,0.00148741319444444));
#6083=CARTESIAN_POINT('',(-0.000520279317731424,0.0476911637480087,0.00148741319444445));
#6084=CARTESIAN_POINT('',(-0.000814854304617929,0.0482109610595844,0.00148741319444444));
#6085=CARTESIAN_POINT('',(-0.00124516804417377,0.0487424030551961,0.00148741319444445));
#6086=CARTESIAN_POINT('',(-0.00178590474635037,0.0491835211315752,0.00148741319444444));
#6087=CARTESIAN_POINT('',(-0.00229951558236472,0.0494750266531604,0.00148741319444444));
#6088=CARTESIAN_POINT('',(-0.00280820449583034,0.0496855122870797,0.00148741319444444));
#6089=CARTESIAN_POINT('',(-0.00313802344146296,0.0497809833479226,0.00148741319444445));
#6090=CARTESIAN_POINT('',(-0.00338378635382699,0.049838938419923,0.00148741319444444));
#6091=CARTESIAN_POINT('',(-0.00346550446941476,0.0498559854171951,0.00148741319444444));
#6092=CARTESIAN_POINT('',(-0.00379129873339185,0.0499160983307671,0.00148741319444444));
#6093=CARTESIAN_POINT('',(-0.00435308899427568,0.0499787613402121,0.00148741319444444));
#6094=CARTESIAN_POINT('',(-0.00479147195706191,0.049974392378829,0.00148741319444446));
#6095=CARTESIAN_POINT('',(-0.005,0.0499743923611111,0.00148741319444444));
#6096=CARTESIAN_POINT('',(-4.94791666666663E-5,0.045,0.00135243055555556));
#6097=CARTESIAN_POINT('',(-4.94791480802392E-5,0.0452075331854821,0.00135243055555641));
#6098=CARTESIAN_POINT('',(-4.62464217352892E-5,0.0455802784734318,0.00135243055555545));
#6099=CARTESIAN_POINT('',(-8.9920398868645E-5,0.0460404840701282,0.00135243055555545));
#6100=CARTESIAN_POINT('',(-0.00013376560871281,0.0463574320354175,0.0013524305555555));
#6101=CARTESIAN_POINT('',(-0.000163127723005172,0.0465207273973577,0.00135243055555555));
#6102=CARTESIAN_POINT('',(-0.000240512205753105,0.0468494246543068,0.00135243055555557));
#6103=CARTESIAN_POINT('',(-0.000336257355360321,0.047181231395459,0.00135243055555555));
#6104=CARTESIAN_POINT('',(-0.000541806977058023,0.0476807055502446,0.00135243055555556));
#6105=CARTESIAN_POINT('',(-0.000834718666199758,0.0481975251574105,0.00135243055555555));
#6106=CARTESIAN_POINT('',(-0.00126220310462656,0.0487254517065957,0.00135243055555556));
#6107=CARTESIAN_POINT('',(-0.00179935973141034,0.0491636657116115,0.00135243055555556));
#6108=CARTESIAN_POINT('',(-0.00231002466096914,0.0494535248294029,0.00135243055555556));
#6109=CARTESIAN_POINT('',(-0.00281607820713592,0.0496629247409117,0.00135243055555556));
#6110=CARTESIAN_POINT('',(-0.00314430590514697,0.0497579377134673,0.00135243055555556));
#6111=CARTESIAN_POINT('',(-0.00338891999347755,0.0498156232027875,0.00135243055555555));
#6112=CARTESIAN_POINT('',(-0.00347026195666868,0.0498325926200738,0.00135243055555555));
#6113=CARTESIAN_POINT('',(-0.00379458197807916,0.0498924364782228,0.00135243055555555));
#6114=CARTESIAN_POINT('',(-0.00435397888729577,0.0499548473660405,0.00135243055555554));
#6115=CARTESIAN_POINT('',(-0.00479147195659219,0.0499505208520051,0.0013524305555556));
#6116=CARTESIAN_POINT('',(-0.005,0.0499505208333333,0.00135243055555555));
#6117=CARTESIAN_POINT('',(-0.000127604166666666,0.045,0.00108506944444444));
#6118=CARTESIAN_POINT('',(-0.000127604147054346,0.0452075331870111,0.00108506944444537));
#6119=CARTESIAN_POINT('',(-0.000124480922419102,0.0455778047129953,0.00108506944444433));
#6120=CARTESIAN_POINT('',(-0.000167592782243782,0.0460319801683428,0.00108506944444433));
#6121=CARTESIAN_POINT('',(-0.000210823240239999,0.0463444622598915,0.00108506944444439));
#6122=CARTESIAN_POINT('',(-0.000239757512806334,0.0465053141719876,0.00108506944444444));
#6123=CARTESIAN_POINT('',(-0.000315957858393486,0.0468289613928616,0.00108506944444446));
#6124=CARTESIAN_POINT('',(-0.000410192266388404,0.0471555054544316,0.00108506944444444));
#6125=CARTESIAN_POINT('',(-0.000612261134857444,0.0476464787211986,0.00108506944444445));
#6126=CARTESIAN_POINT('',(-0.000899729304103047,0.0481535531139325,0.00108506944444444));
#6127=CARTESIAN_POINT('',(-0.00131795421156319,0.0486699745657215,0.00108506944444445));
#6128=CARTESIAN_POINT('',(-0.00184339422797019,0.0490986843371856,0.00108506944444445));
#6129=CARTESIAN_POINT('',(-0.00234441800912909,0.0493831552243752,0.00108506944444444));
#6130=CARTESIAN_POINT('',(-0.00284184671686327,0.0495890018625561,0.00108506944444445));
#6131=CARTESIAN_POINT('',(-0.00316486669538556,0.0496825156370418,0.00108506944444445));
#6132=CARTESIAN_POINT('',(-0.0034057209959703,0.049739318855812,0.00108506944444444));
#6133=CARTESIAN_POINT('',(-0.00348583191495424,0.0497560343749897,0.00108506944444444));
#6134=CARTESIAN_POINT('',(-0.00380532714251034,0.0498149976882776,0.00108506944444443));
#6135=CARTESIAN_POINT('',(-0.00435689126445243,0.0498765834512208,0.0010850694444444));
#6136=CARTESIAN_POINT('',(-0.00479147195505492,0.0498723958530356,0.00108506944444461));
#6137=CARTESIAN_POINT('',(-0.005,0.0498723958333333,0.00108506944444444));
#6138=CARTESIAN_POINT('',(-0.000181640625,0.045,0.000953125000000001));
#6139=CARTESIAN_POINT('',(-0.000181640605337025,0.0452075331880686,0.000953125000000964));
#6140=CARTESIAN_POINT('',(-0.000178593118643747,0.0455760936953601,0.000953124999999881));
#6141=CARTESIAN_POINT('',(-0.000221316180661847,0.0460260983029412,0.00095312499999988));
#6142=CARTESIAN_POINT('',(-0.000264121435336655,0.0463354914984861,0.000953124999999939));
#6143=CARTESIAN_POINT('',(-0.000292759784077127,0.0464946533577733,0.00095312499999999));
#6144=CARTESIAN_POINT('',(-0.000368141101478093,0.0468148076370287,0.000953125000000014));
#6145=CARTESIAN_POINT('',(-0.000461330579845622,0.0471377116785543,0.000953124999999996));
#6146=CARTESIAN_POINT('',(-0.000660991927336414,0.0476228051644417,0.000953125000000002));
#6147=CARTESIAN_POINT('',(-0.000944694995319211,0.0481231391171935,0.000953124999999999));
#6148=CARTESIAN_POINT('',(-0.00135651539386109,0.0486316028766168,0.000953125000000001));
#6149=CARTESIAN_POINT('',(-0.00187385142142407,0.0490537388865414,0.000953125000000001));
#6150=CARTESIAN_POINT('',(-0.0023682067416064,0.04933448291423,0.000953124999999999));
#6151=CARTESIAN_POINT('',(-0.00285966993609135,0.0495378718716974,0.000953125000000003));
#6152=CARTESIAN_POINT('',(-0.00317908790863392,0.0496303487008392,0.000953125000000003));
#6153=CARTESIAN_POINT('',(-0.00341734168936111,0.0496865416824915,0.000953124999999996));
#6154=CARTESIAN_POINT('',(-0.00349660113610175,0.0497030815888193,0.000953124999999992));
#6155=CARTESIAN_POINT('',(-0.00381275921457524,0.0497614358586288,0.000953124999999973));
#6156=CARTESIAN_POINT('',(-0.00435890565865245,0.0498224509103432,0.000953124999999927));
#6157=CARTESIAN_POINT('',(-0.00479147195399163,0.0498183593947531,0.000953125000000246));
#6158=CARTESIAN_POINT('',(-0.005,0.049818359375,0.000953124999999998));
#6159=CARTESIAN_POINT('',(-0.0003193359375,0.045,0.000708984375000001));
#6160=CARTESIAN_POINT('',(-0.00031933591777458,0.0452075331907636,0.000708984375001044));
#6161=CARTESIAN_POINT('',(-0.000316481425882627,0.0455717336925907,0.00070898437499987));
#6162=CARTESIAN_POINT('',(-0.000358213756140443,0.0460111101760444,0.000708984374999869));
#6163=CARTESIAN_POINT('',(-0.000399935510789451,0.0463126322691215,0.000708984374999933));
#6164=CARTESIAN_POINT('',(-0.00042781978857957,0.0464674875480584,0.000708984374999989));
#6165=CARTESIAN_POINT('',(-0.000501114064278869,0.0467787411387316,0.000708984375000015));
#6166=CARTESIAN_POINT('',(-0.000591640860522359,0.0470923697074933,0.000708984374999995));
#6167=CARTESIAN_POINT('',(-0.000785167380460642,0.0475624803782481,0.000708984375000002));
#6168=CARTESIAN_POINT('',(-0.00105927624462302,0.0480456383905635,0.000708984374999999));
#6169=CARTESIAN_POINT('',(-0.00145477671983709,0.0485338244158258,0.000708984375000001));
#6170=CARTESIAN_POINT('',(-0.00195146222161075,0.0489392092141167,0.000708984375000001));
#6171=CARTESIAN_POINT('',(-0.00242882501773832,0.0492104564853659,0.000708984374999999));
#6172=CARTESIAN_POINT('',(-0.0029050869344858,0.049407582798606,0.000708984375000003));
#6173=CARTESIAN_POINT('',(-0.00321532630142943,0.049497417291117,0.000708984375000006));
#6174=CARTESIAN_POINT('',(-0.00344695345625458,0.0495520552709582,0.000708984374999994));
#6175=CARTESIAN_POINT('',(-0.00352404318758004,0.0495681476818925,0.000708984374999987));
#6176=CARTESIAN_POINT('',(-0.0038316975668852,0.049624949991518,0.000708984374999951));
#6177=CARTESIAN_POINT('',(-0.00436403872339107,0.0496845107610192,0.000708984374999859));
#6178=CARTESIAN_POINT('',(-0.00479147195128216,0.0496806640823158,0.000708984375000465));
#6179=CARTESIAN_POINT('',(-0.005,0.0496806640625,0.000708984374999997));
#6180=CARTESIAN_POINT('',(-0.000402777777777778,0.045,0.000597222222222223));
#6181=CARTESIAN_POINT('',(-0.000402777758066238,0.0452075331923968,0.000597222222223307));
#6182=CARTESIAN_POINT('',(-0.000400040218836579,0.0455690915790133,0.000597222222222088));
#6183=CARTESIAN_POINT('',(-0.000441172176577611,0.0460020275364985,0.000597222222222086));
#6184=CARTESIAN_POINT('',(-0.000482237342167637,0.0462987798283167,0.000597222222222153));
#6185=CARTESIAN_POINT('',(-0.000509664661283705,0.0464510253670728,0.00059722222222221));
#6186=CARTESIAN_POINT('',(-0.000581694212737992,0.0467568852386603,0.000597222222222237));
#6187=CARTESIAN_POINT('',(-0.000670607452988887,0.0470648929732571,0.000597222222222216));
#6188=CARTESIAN_POINT('',(-0.000860416335112048,0.0475259242233364,0.000597222222222224));
#6189=CARTESIAN_POINT('',(-0.00112871121760537,0.0479986738052378,0.000597222222222221));
#6190=CARTESIAN_POINT('',(-0.00151432199932925,0.0484745717473086,0.000597222222222223));
#6191=CARTESIAN_POINT('',(-0.00199849351029756,0.048869805496154,0.000597222222222223));
#6192=CARTESIAN_POINT('',(-0.00246555902431473,0.049135297837772,0.000597222222222221));
#6193=CARTESIAN_POINT('',(-0.00293260913445848,0.0493286290577022,0.000597222222222225));
#6194=CARTESIAN_POINT('',(-0.00323728636767037,0.0494168623233652,0.00059722222222223));
#6195=CARTESIAN_POINT('',(-0.00346489786030586,0.049470557989265,0.000597222222222215));
#6196=CARTESIAN_POINT('',(-0.0035406727680267,0.0494863792229284,0.000597222222222206));
#6197=CARTESIAN_POINT('',(-0.00384317399945129,0.0495422410618081,0.000597222222222159));
#6198=CARTESIAN_POINT('',(-0.00436714930399312,0.0496009205523433,0.000597222222222039));
#6199=CARTESIAN_POINT('',(-0.00479147194964024,0.0495972222420241,0.000597222222222826));
#6200=CARTESIAN_POINT('',(-0.005,0.0495972222222222,0.000597222222222219));
#6201=CARTESIAN_POINT('',(-0.000597222222222222,0.045,0.000402777777777778));
#6202=CARTESIAN_POINT('',(-0.000597222202513098,0.045207533196203,0.000402777777778932));
#6203=CARTESIAN_POINT('',(-0.000594757197999562,0.045562934664149,0.000402777777777634));
#6204=CARTESIAN_POINT('',(-0.000634490108211299,0.0459808622698325,0.000402777777777633));
#6205=CARTESIAN_POINT('',(-0.000674025224913035,0.0462664994981186,0.000402777777777704));
#6206=CARTESIAN_POINT('',(-0.000700387693645346,0.0464126635617072,0.000402777777777764));
#6207=CARTESIAN_POINT('',(-0.000769470059341969,0.0467059544546189,0.000402777777777793));
#6208=CARTESIAN_POINT('',(-0.000854623231532651,0.0470008639644776,0.000402777777777771));
#6209=CARTESIAN_POINT('',(-0.00103576890563908,0.0474407374488218,0.000402777777777779));
#6210=CARTESIAN_POINT('',(-0.00129051547194137,0.0478892322748036,0.000402777777777777));
#6211=CARTESIAN_POINT('',(-0.00165308030992736,0.0483364953077992,0.000402777777777778));
#6212=CARTESIAN_POINT('',(-0.00210809047951311,0.048708074075362,0.000402777777777778));
#6213=CARTESIAN_POINT('',(-0.00255116024640174,0.0489601557096989,0.000402777777777777));
#6214=CARTESIAN_POINT('',(-0.00299674409200209,0.0491446432271433,0.000402777777777779));
#6215=CARTESIAN_POINT('',(-0.00328845989004196,0.0492291451553403,0.000402777777777788));
#6216=CARTESIAN_POINT('',(-0.00350671368873225,0.04928064494792,0.000402777777777769));
#6217=CARTESIAN_POINT('',(-0.00357942466420409,0.0492958342574353,0.000402777777777758));
#6218=CARTESIAN_POINT('',(-0.00386991751981335,0.0493495045181899,0.000402777777777694));
#6219=CARTESIAN_POINT('',(-0.00437439788713861,0.0494061303651465,0.000402777777777527));
#6220=CARTESIAN_POINT('',(-0.00479147194581404,0.0494027777975776,0.000402777777778596));
#6221=CARTESIAN_POINT('',(-0.005,0.0494027777777778,0.000402777777777775));
#6222=CARTESIAN_POINT('',(-0.000708984375,0.045,0.000319335937500001));
#6223=CARTESIAN_POINT('',(-0.000708984355292256,0.045207533198391,0.000319335937501184));
#6224=CARTESIAN_POINT('',(-0.000706675997406858,0.0455593958124133,0.000319335937499853));
#6225=CARTESIAN_POINT('',(-0.000745604767576645,0.0459686969658894,0.000319335937499851));
#6226=CARTESIAN_POINT('',(-0.000784260447696385,0.0462479455136856,0.000319335937499924));
#6227=CARTESIAN_POINT('',(-0.000810010865147851,0.0463906140865249,0.000319335937499986));
#6228=CARTESIAN_POINT('',(-0.000877399256887781,0.0466766806222737,0.000319335937500016));
#6229=CARTESIAN_POINT('',(-0.000960391229244748,0.0469640615766189,0.000319335937499993));
#6230=CARTESIAN_POINT('',(-0.00113655749249334,0.047391774068381,0.000319335937500002));
#6231=CARTESIAN_POINT('',(-0.00138351680116351,0.047826327823717,0.000319335937499999));
#6232=CARTESIAN_POINT('',(-0.00173283536568409,0.048257132175715,0.0003193359375));
#6233=CARTESIAN_POINT('',(-0.00217108427320285,0.0486151146091702,0.0003193359375));
#6234=CARTESIAN_POINT('',(-0.00260036184168613,0.048859488080282,0.000319335937499999));
#6235=CARTESIAN_POINT('',(-0.00303360737675094,0.0490388924428378,0.000319335937500001));
#6236=CARTESIAN_POINT('',(-0.00331787324274439,0.0491212496848796,0.000319335937500011));
#6237=CARTESIAN_POINT('',(-0.00353074845618715,0.0491714873404504,0.000319335937499991));
#6238=CARTESIAN_POINT('',(-0.00360169835452926,0.0491863134346351,0.000319335937499979));
#6239=CARTESIAN_POINT('',(-0.00388528907448574,0.0492387240271593,0.000319335937499911));
#6240=CARTESIAN_POINT('',(-0.00437856420445997,0.0492941694874608,0.000319335937499732));
#6241=CARTESIAN_POINT('',(-0.00479147194361482,0.0492910156447987,0.000319335937500875));
#6242=CARTESIAN_POINT('',(-0.005,0.049291015625,0.000319335937499997));
#6243=CARTESIAN_POINT('',(-0.000953125,0.045,0.000181640625));
#6244=CARTESIAN_POINT('',(-0.000953124980295264,0.0452075332031709,0.000181640625001215));
#6245=CARTESIAN_POINT('',(-0.000951158811646098,0.045551665311049,0.000181640624999849));
#6246=CARTESIAN_POINT('',(-0.000988330965219392,0.0459421222728097,0.000181640624999847));
#6247=CARTESIAN_POINT('',(-0.00102506554600953,0.0462074149651668,0.000181640624999922));
#6248=CARTESIAN_POINT('',(-0.00104947895823585,0.0463424477572432,0.000181640624999985));
#6249=CARTESIAN_POINT('',(-0.0011131669214296,0.0466127329302576,0.000181640625000016));
#6250=CARTESIAN_POINT('',(-0.00119143782618865,0.0468836680109081,0.000181640624999993));
#6251=CARTESIAN_POINT('',(-0.00135672673562158,0.0472848152276121,0.000181640625000002));
#6252=CARTESIAN_POINT('',(-0.00158667504460994,0.0476889151878483,0.000181640624999999));
#6253=CARTESIAN_POINT('',(-0.00190705757486141,0.0480837661104827,0.000181640625));
#6254=CARTESIAN_POINT('',(-0.00230869207495229,0.0484120478140909,0.000181640625));
#6255=CARTESIAN_POINT('',(-0.002707841054686,0.0486395830645652,0.000181640624999999));
#6256=CARTESIAN_POINT('',(-0.0031141339696489,0.0488078834479955,0.000181640625));
#6257=CARTESIAN_POINT('',(-0.00338212571223998,0.0488855556960092,0.000181640625000009));
#6258=CARTESIAN_POINT('',(-0.00358325158897698,0.0489330362561723,0.000181640624999991));
#6259=CARTESIAN_POINT('',(-0.00365035447417163,0.0489470689188096,0.00018164062499998));
#6260=CARTESIAN_POINT('',(-0.0039188677133332,0.0489967278088887,0.000181640624999918));
#6261=CARTESIAN_POINT('',(-0.00438766538307457,0.0490495947546522,0.000181640624999753));
#6262=CARTESIAN_POINT('',(-0.00479147193881068,0.0490468750197962,0.000181640625000806));
#6263=CARTESIAN_POINT('',(-0.005,0.049046875,0.000181640624999997));
#6264=CARTESIAN_POINT('',(-0.00108506944444444,0.045,0.000127604166666667));
#6265=CARTESIAN_POINT('',(-0.00108506942474133,0.0452075332057543,0.000127604166667885));
#6266=CARTESIAN_POINT('',(-0.00108328819036384,0.0455474874045339,0.000127604166666515));
#6267=CARTESIAN_POINT('',(-0.00111951099025654,0.0459277601275719,0.000127604166666513));
#6268=CARTESIAN_POINT('',(-0.00115520732358676,0.0461855104553895,0.000127604166666588));
#6269=CARTESIAN_POINT('',(-0.00117889815876696,0.0463164165321737,0.000127604166666652));
#6270=CARTESIAN_POINT('',(-0.00124058624591087,0.0465781727553724,0.000127604166666683));
#6271=CARTESIAN_POINT('',(-0.00131630567591477,0.0468402197549506,0.00012760416666666));
#6272=CARTESIAN_POINT('',(-0.00147571597990778,0.0472270099163343,0.000127604166666668));
#6273=CARTESIAN_POINT('',(-0.00169647078862365,0.0476146512921966,0.000127604166666666));
#6274=CARTESIAN_POINT('',(-0.00200121499991013,0.0479900713836728,0.000127604166666667));
#6275=CARTESIAN_POINT('',(-0.00238306144691999,0.0483023014928392,0.000127604166666666));
#6276=CARTESIAN_POINT('',(-0.00276592759824505,0.0485207366205157,0.000127604166666666));
#6277=CARTESIAN_POINT('',(-0.00315765411941064,0.0486830359201163,0.000127604166666667));
#6278=CARTESIAN_POINT('',(-0.00341685060242071,0.0487581761891352,0.000127604166666675));
#6279=CARTESIAN_POINT('',(-0.00361162661540917,0.0488041666924025,0.000127604166666659));
#6280=CARTESIAN_POINT('',(-0.00367665040372058,0.0488177705493678,0.000127604166666649));
#6281=CARTESIAN_POINT('',(-0.00393701510215032,0.0488659422971477,0.000127604166666597));
#6282=CARTESIAN_POINT('',(-0.00439258406449474,0.0489174156990543,0.000127604166666458));
#6283=CARTESIAN_POINT('',(-0.00479147193621431,0.0489149305753504,0.000127604166667351));
#6284=CARTESIAN_POINT('',(-0.005,0.0489149305555555,0.000127604166666664));
#6285=CARTESIAN_POINT('',(-0.00135243055555556,0.045,4.94791666666673E-5));
#6286=CARTESIAN_POINT('',(-0.00135243053585574,0.045207533210989,4.9479166667819E-5));
#6287=CARTESIAN_POINT('',(-0.00135102403671294,0.0455390216465953,4.94791666665235E-5));
#6288=CARTESIAN_POINT('',(-0.00138532314625286,0.045898657885906,4.94791666665216E-5));
#6289=CARTESIAN_POINT('',(-0.00141891566236169,0.0461411250013671,4.94791666665919E-5));
#6290=CARTESIAN_POINT('',(-0.00144114232826422,0.0462636690497959,4.94791666666525E-5));
#6291=CARTESIAN_POINT('',(-0.00149877803499134,0.0465081429273155,4.94791666666816E-5));
#6292=CARTESIAN_POINT('',(-0.00156932737141245,0.0467521798678788,4.94791666666599E-5));
#6293=CARTESIAN_POINT('',(-0.00171682576438244,0.0471098781013768,4.94791666666685E-5));
#6294=CARTESIAN_POINT('',(-0.00191895163833565,0.0474641691878496,4.94791666666659E-5));
#6295=CARTESIAN_POINT('',(-0.00219200767698253,0.0478002162793473,4.94791666666667E-5));
#6296=CARTESIAN_POINT('',(-0.00253375727959137,0.0480799207892501,4.94791666666666E-5));
#6297=CARTESIAN_POINT('',(-0.00288362927861469,0.0482799161944152,4.94791666666661E-5));
#6298=CARTESIAN_POINT('',(-0.00324583968603311,0.0484300554030979,4.94791666666679E-5));
#6299=CARTESIAN_POINT('',(-0.00348721419568165,0.048500065083101,4.94791666666708E-5));
#6300=CARTESIAN_POINT('',(-0.00366912337949546,0.048543036260553,4.94791666666616E-5));
#6301=CARTESIAN_POINT('',(-0.00372993426096449,0.0485557712218148,4.94791666666562E-5));
#6302=CARTESIAN_POINT('',(-0.00397378744264816,0.0486009295496727,4.94791666666271E-5));
#6303=CARTESIAN_POINT('',(-0.0044025508663198,0.0486495791916587,4.94791666665522E-5));
#6304=CARTESIAN_POINT('',(-0.00479147193095323,0.0486475694642362,4.94791666670439E-5));
#6305=CARTESIAN_POINT('',(-0.005,0.0486475694444444,4.94791666666647E-5));
#6306=CARTESIAN_POINT('',(-0.00148741319444444,0.045,2.56076388888896E-5));
#6307=CARTESIAN_POINT('',(-0.0014874131747463,0.0452075332136317,2.56076388899735E-5));
#6308=CARTESIAN_POINT('',(-0.00148619586823011,0.0455347475382854,2.56076388887542E-5));
#6309=CARTESIAN_POINT('',(-0.00151952376397179,0.0458839650333766,2.56076388887523E-5));
#6310=CARTESIAN_POINT('',(-0.00155205412560682,0.0461187161114305,2.56076388888185E-5));
#6311=CARTESIAN_POINT('',(-0.00157354157617598,0.0462370384215175,2.56076388888756E-5));
#6312=CARTESIAN_POINT('',(-0.0016291313570758,0.0464727869589297,2.56076388889029E-5));
#6313=CARTESIAN_POINT('',(-0.00169707046767832,0.0467077311586591,2.56076388888824E-5));
#6314=CARTESIAN_POINT('',(-0.00183855489258312,0.0470507417467472,2.56076388888907E-5));
#6315=CARTESIAN_POINT('',(-0.00203127557382336,0.0473881952682848,2.56076388888882E-5));
#6316=CARTESIAN_POINT('',(-0.00228833320063435,0.04770436410817,2.5607638888889E-5));
#6317=CARTESIAN_POINT('',(-0.00260983910420306,0.0479676474145486,2.5607638888889E-5));
#6318=CARTESIAN_POINT('',(-0.00294305334126884,0.0481583331546145,2.56076388888882E-5));
#6319=CARTESIAN_POINT('',(-0.00329036194450647,0.0483023330966162,2.56076388888907E-5));
#6320=CARTESIAN_POINT('',(-0.00352273867214944,0.0483697524954766,2.56076388888908E-5));
#6321=CARTESIAN_POINT('',(-0.00369815177824681,0.0484111993055121,2.56076388888854E-5));
#6322=CARTESIAN_POINT('',(-0.0037568356888912,0.0484234955872873,2.56076388888825E-5));
#6323=CARTESIAN_POINT('',(-0.00399235269897093,0.0484671325294378,2.56076388888673E-5));
#6324=CARTESIAN_POINT('',(-0.00440758280685162,0.048514356539386,2.56076388888304E-5));
#6325=CARTESIAN_POINT('',(-0.00479147192829707,0.0485125868253456,2.5607638889084E-5));
#6326=CARTESIAN_POINT('',(-0.005,0.0485125868055555,2.56076388888873E-5));
#6327=CARTESIAN_POINT('',(-0.00168353949652778,0.045,6.97157118055633E-6));
#6328=CARTESIAN_POINT('',(-0.00168353947683209,0.045207533217471,6.97157118139062E-6));
#6329=CARTESIAN_POINT('',(-0.00168259706233562,0.0455285373688561,6.97157118045188E-6));
#6330=CARTESIAN_POINT('',(-0.00171451380941145,0.0458626166966026,6.97157118045039E-6));
#6331=CARTESIAN_POINT('',(-0.00174550088791837,0.0460861565707871,6.97157118050133E-6));
#6332=CARTESIAN_POINT('',(-0.00176591427762334,0.0461983448036613,6.97157118054525E-6));
#6333=CARTESIAN_POINT('',(-0.0018185313809244,0.0464214156463434,6.97157118056627E-6));
#6334=CARTESIAN_POINT('',(-0.00188267790055659,0.0466431483275381,6.97157118055057E-6));
#6335=CARTESIAN_POINT('',(-0.00201542418456281,0.0469648181446629,6.97157118055696E-6));
#6336=CARTESIAN_POINT('',(-0.00219447936272533,0.0472778071174703,6.97157118055507E-6));
#6337=CARTESIAN_POINT('',(-0.00242829170867346,0.0475650933691001,6.97157118055561E-6));
#6338=CARTESIAN_POINT('',(-0.00272038403827511,0.0478045170891682,6.9715711805557E-6));
#6339=CARTESIAN_POINT('',(-0.00302939497571207,0.0479816761253221,6.97157118055501E-6));
#6340=CARTESIAN_POINT('',(-0.00335505164080116,0.0481167558707596,6.97157118055737E-6));
#6341=CARTESIAN_POINT('',(-0.00357435482264423,0.0481804116577507,6.97157118055546E-6));
#6342=CARTESIAN_POINT('',(-0.00374032929492131,0.0482196436011421,6.97157118055399E-6));
#6343=CARTESIAN_POINT('',(-0.00379592277167058,0.0482313024929074,6.97157118055349E-6));
#6344=CARTESIAN_POINT('',(-0.00401932753884506,0.0482727289007605,6.9715711805519E-6));
#6345=CARTESIAN_POINT('',(-0.00441489408700535,0.04831788150403,6.97157118055128E-6));
#6346=CARTESIAN_POINT('',(-0.00479147192443775,0.0483164605232594,6.97157118057369E-6));
#6347=CARTESIAN_POINT('',(-0.005,0.0483164605034722,6.97157118055451E-6));
#6348=CARTESIAN_POINT('',(-0.00174793836805556,0.045,3.54003906250081E-6));
#6349=CARTESIAN_POINT('',(-0.00174793834836068,0.0452075332187315,3.54003906322644E-6));
#6350=CARTESIAN_POINT('',(-0.00174708619578051,0.0455264982343851,3.54003906240982E-6));
#6351=CARTESIAN_POINT('',(-0.00177853958643411,0.0458556068831169,3.54003906240851E-6));
#6352=CARTESIAN_POINT('',(-0.00180901992162897,0.0460754655127667,3.54003906245282E-6));
#6353=CARTESIAN_POINT('',(-0.00182908063906677,0.0461856395963596,3.54003906249102E-6));
#6354=CARTESIAN_POINT('',(-0.00188072165154909,0.0464045476662493,3.54003906250931E-6));
#6355=CARTESIAN_POINT('',(-0.00194362285846157,0.0466219422914273,3.54003906249566E-6));
#6356=CARTESIAN_POINT('',(-0.00207349993825019,0.0469366047793312,3.54003906250122E-6));
#6357=CARTESIAN_POINT('',(-0.00224806799271886,0.0472415607177422,3.5400390624996E-6));
#6358=CARTESIAN_POINT('',(-0.00247424765584978,0.047519363253671,3.54003906250005E-6));
#6359=CARTESIAN_POINT('',(-0.00275668191842546,0.0477509525812217,3.54003906250014E-6));
#6360=CARTESIAN_POINT('',(-0.00305774560367449,0.0479236700689542,3.54003906249952E-6));
#6361=CARTESIAN_POINT('',(-0.0033762927665278,0.0480558208314534,3.5400390625017E-6));
#6362=CARTESIAN_POINT('',(-0.00359130319626451,0.0481182408211309,3.54003906249944E-6));
#6363=CARTESIAN_POINT('',(-0.00375417845461498,0.0481567455040225,3.54003906249899E-6));
#6364=CARTESIAN_POINT('',(-0.00380875717478513,0.0481681951061774,3.5400390624991E-6));
#6365=CARTESIAN_POINT('',(-0.00402818483758105,0.0482088956760745,3.5400390625008E-6));
#6366=CARTESIAN_POINT('',(-0.00441729477567547,0.0482533681245093,3.54003906250873E-6));
#6367=CARTESIAN_POINT('',(-0.00479147192317053,0.0482520616517306,3.54003906247541E-6));
#6368=CARTESIAN_POINT('',(-0.005,0.0482520616319444,3.54003906249915E-6));
#6369=CARTESIAN_POINT('',(-0.00187492540147569,0.045,5.08626302091873E-8));
#6370=CARTESIAN_POINT('',(-0.00187492538178242,0.0452075332212171,5.08626306395304E-8));
#6371=CARTESIAN_POINT('',(-0.00187425121513133,0.045522477299995,5.08626301548249E-8));
#6372=CARTESIAN_POINT('',(-0.00190479092118022,0.045841784351786,5.0862630154028E-8));
#6373=CARTESIAN_POINT('',(-0.00193427201790434,0.0460543839982941,5.08626301803183E-8));
#6374=CARTESIAN_POINT('',(-0.0019536373069299,0.0461605864153653,5.08626302029918E-8));
#6375=CARTESIAN_POINT('',(-0.00200335358261981,0.046371285984777,5.08626302138534E-8));
#6376=CARTESIAN_POINT('',(-0.00206379917867753,0.0465801264714846,5.08626302057593E-8));
#6377=CARTESIAN_POINT('',(-0.00218801852373842,0.0468809713267369,5.08626302090456E-8));
#6378=CARTESIAN_POINT('',(-0.0023537384957337,0.0471700870620022,5.08626302081238E-8));
#6379=CARTESIAN_POINT('',(-0.00256486740215104,0.0474291888211301,5.08626302083611E-8));
#6380=CARTESIAN_POINT('',(-0.00282825708752985,0.0476453296440589,5.08626302084223E-8));
#6381=CARTESIAN_POINT('',(-0.00311364972210289,0.0478092889184182,5.08626302080305E-8));
#6382=CARTESIAN_POINT('',(-0.00341817777908375,0.0479356640695528,5.08626302094595E-8));
#6383=CARTESIAN_POINT('',(-0.00362472340435631,0.047995647211642,5.08626302075011E-8));
#6384=CARTESIAN_POINT('',(-0.00378148737576747,0.0480327178219917,5.08626302081105E-8));
#6385=CARTESIAN_POINT('',(-0.00383406511479356,0.0480437547295432,5.0862630208731E-8));
#6386=CARTESIAN_POINT('',(-0.00404565039348157,0.0480830240319879,5.08626302129438E-8));
#6387=CARTESIAN_POINT('',(-0.00442202865260765,0.0481261552947362,5.08626302264188E-8));
#6388=CARTESIAN_POINT('',(-0.00479147192067172,0.0481250746183084,5.0862630151897E-8));
#6389=CARTESIAN_POINT('',(-0.005,0.0481250745985243,5.08626302079004E-8));
#6390=CARTESIAN_POINT('',(-0.0019375,0.045,8.67361737988404E-19));
#6391=CARTESIAN_POINT('',(-0.00193749998030753,0.0452075332224419,2.44625983375988E-16));
#6392=CARTESIAN_POINT('',(-0.0019369135186587,0.0455204959295481,-3.03486922604397E-17));
#6393=CARTESIAN_POINT('',(-0.00196700299411493,0.0458349731103125,-3.08078035835572E-17));
#6394=CARTESIAN_POINT('',(-0.0019959917024081,0.046043995793539,-1.58962234388227E-17));
#6395=CARTESIAN_POINT('',(-0.00201501430956665,0.0461482411175796,-3.03331132452914E-18));
#6396=CARTESIAN_POINT('',(-0.00206378214486223,0.0463548958360483,3.13288857879159E-18));
#6397=CARTESIAN_POINT('',(-0.00212301770506645,0.046559521153962,-1.45371529056744E-18));
#6398=CARTESIAN_POINT('',(-0.00224444912391465,0.046853557181632,3.8867064879873E-19));
#6399=CARTESIAN_POINT('',(-0.00240580908218593,0.0471348674400255,-1.00967304627489E-19));
#6400=CARTESIAN_POINT('',(-0.00260952152226435,0.0473847541354663,1.51985697112296E-20));
#6401=CARTESIAN_POINT('',(-0.00286352673160602,0.0475932824963313,4.01730257825709E-20));
#6402=CARTESIAN_POINT('',(-0.0031411972415015,0.0477529260411955,-1.75890672841518E-19));
#6403=CARTESIAN_POINT('',(-0.00343881719221346,0.0478764551807914,6.63389665583498E-19));
#6404=CARTESIAN_POINT('',(-0.00364119166924619,0.0479352375328835,-6.30328268555177E-19));
#6405=CARTESIAN_POINT('',(-0.00379494422038558,0.047971601484363,3.40574340376108E-21));
#6406=CARTESIAN_POINT('',(-0.00384653594856967,0.0479824350310009,5.36828570365769E-19));
#6407=CARTESIAN_POINT('',(-0.00405425678516616,0.0480209990568218,3.95778631859417E-18));
#6408=CARTESIAN_POINT('',(-0.00442436133524868,0.048063469431969,1.43992858629522E-17));
#6409=CARTESIAN_POINT('',(-0.00479147191944039,0.0480625000197831,-4.54341602009282E-17));
#6410=CARTESIAN_POINT('',(-0.005,0.0480625,-2.16840434497101E-19));
#6411=CARTESIAN_POINT('',(-0.002,0.045,8.67361737988404E-19));
#6412=CARTESIAN_POINT('',(-0.00199999998030834,0.0452075332236652,8.67361737988404E-19));
#6413=CARTESIAN_POINT('',(-0.00199950111910394,0.0455185169211989,-1.07490002440115E-19));
#6414=CARTESIAN_POINT('',(-0.00202914090071147,0.0458281699888842,-1.09350432056984E-19));
#6415=CARTESIAN_POINT('',(-0.00205763780757626,0.0460336199731183,-5.65797451323477E-20));
#6416=CARTESIAN_POINT('',(-0.00207631814139718,0.0461359105372836,-1.09834293654581E-20));
#6417=CARTESIAN_POINT('',(-0.00212413866698494,0.0463385252268921,1.09834293654578E-20));
#6418=CARTESIAN_POINT('',(-0.00218216563388409,0.0465389404011401,-5.09742725300867E-21));
#6419=CARTESIAN_POINT('',(-0.00230081245015548,0.0468261757183952,1.36585133734395E-21));
#6420=CARTESIAN_POINT('',(-0.00245781759250822,0.0470996898052431,-3.6597809636715E-22));
#6421=CARTESIAN_POINT('',(-0.00265412240781374,0.0473403724227668,9.80610481246585E-23));
#6422=CARTESIAN_POINT('',(-0.00289875432885388,0.047541297396791,-2.62660961314827E-23));
#6423=CARTESIAN_POINT('',(-0.00316871192002947,0.047696630357172,7.00333640127404E-24));
#6424=CARTESIAN_POINT('',(-0.00345943199999534,0.0478173168781118,-1.74724947361408E-24));
#6425=CARTESIAN_POINT('',(-0.00365764030143706,0.0478748998717326,-5.91975495749753E-25));
#6426=CARTESIAN_POINT('',(-0.00380838502237977,0.0479105580067878,2.95987747874852E-25));
#6427=CARTESIAN_POINT('',(-0.00385899191519812,0.0479211884349496,5.75281377097962E-25));
#6428=CARTESIAN_POINT('',(-0.00406285291671111,0.0479590480249446,1.04312637097078E-24));
#6429=CARTESIAN_POINT('',(-0.00442669123697401,0.0480008583003701,-6.95417580647181E-25));
#6430=CARTESIAN_POINT('',(-0.00479147191821054,0.048000000019782,0.));
#6431=CARTESIAN_POINT('',(-0.005,0.048,0.));
#6432=CARTESIAN_POINT('',(-0.002,0.045,0.));
#6433=CARTESIAN_POINT('',(-0.00174999999999729,0.045,-5.42101086242211E-15));
#6434=CARTESIAN_POINT('',(-0.00121354166666047,0.045,2.60416666620827E-5));
#6435=CARTESIAN_POINT('',(-0.000440104166662155,0.045,0.000440104166662155));
#6436=CARTESIAN_POINT('',(-2.60416666620823E-5,0.045,0.00121354166666048));
#6437=CARTESIAN_POINT('',(5.42101086242211E-15,0.045,0.00174999999999729));
#6438=CARTESIAN_POINT('',(0.,0.045,0.002));
#6439=CARTESIAN_POINT('',(-2.62346732221179E-30,0.025,0.002));
#6440=CARTESIAN_POINT('',(-2.62346732221179E-30,0.045,0.002));
#6441=CARTESIAN_POINT('',(6.50521303490653E-15,0.025,0.00169999999999675));
#6442=CARTESIAN_POINT('',(6.50521303490653E-15,0.045,0.00169999999999675));
#6443=CARTESIAN_POINT('',(5.36697118675047E-15,0.025,0.00139999999999458));
#6444=CARTESIAN_POINT('',(5.36697118675047E-15,0.045,0.00139999999999458));
#6445=CARTESIAN_POINT('',(-0.000199999999997292,0.025,0.000666666666660151));
#6446=CARTESIAN_POINT('',(-0.000199999999997292,0.045,0.000666666666660151));
#6447=CARTESIAN_POINT('',(-0.000666666666660169,0.025,0.000199999999997282));
#6448=CARTESIAN_POINT('',(-0.000666666666660169,0.045,0.000199999999997282));
#6449=CARTESIAN_POINT('',(-0.00139999999999459,0.025,-5.37003948252757E-15));
#6450=CARTESIAN_POINT('',(-0.00139999999999459,0.045,-5.37003948252757E-15));
#6451=CARTESIAN_POINT('',(-0.00169999999999676,0.025,-6.50521303490657E-15));
#6452=CARTESIAN_POINT('',(-0.00169999999999676,0.045,-6.50521303490657E-15));
#6453=CARTESIAN_POINT('',(-0.00200000000000001,0.025,2.02222644160458E-28));
#6454=CARTESIAN_POINT('',(-0.00200000000000001,0.045,2.02222644160458E-28));
#6455=CARTESIAN_POINT('',(0.,0.025,0.002));
#6456=CARTESIAN_POINT('',(5.42101086242211E-15,0.025,0.00174999999999729));
#6457=CARTESIAN_POINT('',(-2.60416666620824E-5,0.025,0.00121354166666047));
#6458=CARTESIAN_POINT('',(-0.000440104166662154,0.025,0.000440104166662155));
#6459=CARTESIAN_POINT('',(-0.00121354166666047,0.025,2.60416666620824E-5));
#6460=CARTESIAN_POINT('',(-0.00174999999999729,0.025,-5.42101086242211E-15));
#6461=CARTESIAN_POINT('',(-0.002,0.025,0.));
#6462=CARTESIAN_POINT('',(-0.002,0.025,0.));
#6463=CARTESIAN_POINT('',(-0.00200000002227611,0.0247646318693978,0.));
#6464=CARTESIAN_POINT('',(-0.0019972779690775,0.0242941033582713,0.));
#6465=CARTESIAN_POINT('',(-0.00195893000663757,0.0238285349541855,0.));
#6466=CARTESIAN_POINT('',(-0.00189927358779244,0.0233647013990484,0.));
#6467=CARTESIAN_POINT('',(-0.0018585355711094,0.0231332737164009,0.));
#6468=CARTESIAN_POINT('',(-0.00175430021201653,0.0226744346319086,0.));
#6469=CARTESIAN_POINT('',(-0.00156419155337384,0.0219927679207041,0.));
#6470=CARTESIAN_POINT('',(-0.00107822680517775,0.0209223331460075,0.));
#6471=CARTESIAN_POINT('',(-0.000207557677090419,0.0197935763829719,0.));
#6472=CARTESIAN_POINT('',(0.000914777342398669,0.0189264817099481,0.));
#6473=CARTESIAN_POINT('',(0.00198955486187819,0.0184368531548309,0.));
#6474=CARTESIAN_POINT('',(0.00267207987359064,0.0182462046050644,0.));
#6475=CARTESIAN_POINT('',(0.00313140707750408,0.0181417516450584,0.));
#6476=CARTESIAN_POINT('',(0.00336305568983962,0.0181009656258,0.));
#6477=CARTESIAN_POINT('',(0.00382745668952872,0.018041181149876,0.));
#6478=CARTESIAN_POINT('',(0.00429364248159755,0.0180027145399091,0.));
#6479=CARTESIAN_POINT('',(0.00476447554056361,0.0179999999777092,0.));
#6480=CARTESIAN_POINT('',(0.005,0.018,0.));
#6481=CARTESIAN_POINT('',(-0.0019375,0.025,0.));
#6482=CARTESIAN_POINT('',(-0.00193750002227517,0.0247646318727628,3.18983294409536E-17));
#6483=CARTESIAN_POINT('',(-0.00193476702511324,0.0242966281345928,-1.36344847441951E-17));
#6484=CARTESIAN_POINT('',(-0.00189669986878671,0.0238346175865799,-4.62935995256338E-18));
#6485=CARTESIAN_POINT('',(-0.00183752366654501,0.0233745544168128,4.62935995256332E-18));
#6486=CARTESIAN_POINT('',(-0.00179712896198729,0.0231451002897629,6.86618144976663E-18));
#6487=CARTESIAN_POINT('',(-0.00169380518445816,0.0226902600473917,4.73273327963303E-18));
#6488=CARTESIAN_POINT('',(-0.00150539608626291,0.0220146960483622,-4.59907170421643E-18));
#6489=CARTESIAN_POINT('',(-0.00102397216412837,0.0209544871644252,1.65721976029439E-18));
#6490=CARTESIAN_POINT('',(-0.000162864585497726,0.01983825399546,-4.434409991602E-19));
#6491=CARTESIAN_POINT('',(0.000947008960897229,0.0189806886685099,1.16544236346428E-19));
#6492=CARTESIAN_POINT('',(0.00201151216506213,0.0184956393268736,-8.2649565890368E-21));
#6493=CARTESIAN_POINT('',(0.00268792569726892,0.0183066954515629,-8.39018320402322E-21));
#6494=CARTESIAN_POINT('',(0.00314324933707746,0.018203155983891,-4.33284087849564E-21));
#6495=CARTESIAN_POINT('',(0.00337292239510251,0.0181627135954324,-8.34844099902831E-22));
#6496=CARTESIAN_POINT('',(0.00383354774535395,0.0181034103953319,8.34844099902822E-22));
#6497=CARTESIAN_POINT('',(0.00429616994733164,0.018065225622276,-4.17422049951408E-22));
#6498=CARTESIAN_POINT('',(0.00476447554393067,0.0180624999777101,0.));
#6499=CARTESIAN_POINT('',(0.005,0.0180625,0.));
#6500=CARTESIAN_POINT('',(-0.00187492540147569,0.025,5.08626302083265E-8));
#6501=CARTESIAN_POINT('',(-0.00187492542374993,0.0247646318761318,5.08626302699183E-8));
#6502=CARTESIAN_POINT('',(-0.00187218146956221,0.0242991559244277,5.08626301819966E-8));
#6503=CARTESIAN_POINT('',(-0.00183439545451262,0.0238407074790606,5.08626301993892E-8));
#6504=CARTESIAN_POINT('',(-0.00177570004204957,0.0233844191949067,5.08626302172705E-8));
#6505=CARTESIAN_POINT('',(-0.00173564905938641,0.0231569409790436,5.08626302215907E-8));
#6506=CARTESIAN_POINT('',(-0.00163323795146326,0.022706104351717,5.08626302174747E-8));
#6507=CARTESIAN_POINT('',(-0.00144653044227067,0.0220366503489157,5.08626301994585E-8));
#6508=CARTESIAN_POINT('',(-0.000969652766020459,0.0209866795611202,5.08626302115599E-8));
#6509=CARTESIAN_POINT('',(-0.000118118149286162,0.0198829849340914,5.08626302074194E-8));
#6510=CARTESIAN_POINT('',(0.000979279050294604,0.0190349603272177,5.0862630208742E-8));
#6511=CARTESIAN_POINT('',(0.00203349567596472,0.0185544956647031,5.08626302077444E-8));
#6512=CARTESIAN_POINT('',(0.00270379043414821,0.0183672584985076,5.08626302089187E-8));
#6513=CARTESIAN_POINT('',(0.00315510573129226,0.0182646336134927,5.08626302091937E-8));
#6514=CARTESIAN_POINT('',(0.00338280087703185,0.0182245352659833,5.08626302089166E-8));
#6515=CARTESIAN_POINT('',(0.00383964607131959,0.018165713916146,5.08626302077512E-8));
#6516=CARTESIAN_POINT('',(0.00429870042978916,0.0181278113163948,5.08626302066139E-8));
#6517=CARTESIAN_POINT('',(0.00476447554730175,0.0181250745762353,5.08626302123557E-8));
#6518=CARTESIAN_POINT('',(0.005,0.0181250745985243,5.08626302083337E-8));
#6519=CARTESIAN_POINT('',(-0.00174793836805556,0.025,3.54003906249998E-6));
#6520=CARTESIAN_POINT('',(-0.00174793839032791,0.0247646318829687,3.54003906261455E-6));
#6521=CARTESIAN_POINT('',(-0.00174517220027718,0.0243042857461095,3.540039062451E-6));
#6522=CARTESIAN_POINT('',(-0.0017079567249925,0.0238530661261508,3.54003906248335E-6));
#6523=CARTESIAN_POINT('',(-0.00165023701303936,0.023404438482845,3.54003906251662E-6));
#6524=CARTESIAN_POINT('',(-0.0016108835693895,0.0231809701225118,3.54003906252466E-6));
#6525=CARTESIAN_POINT('',(-0.00151032460608237,0.0227382583127544,3.540039062517E-6));
#6526=CARTESIAN_POINT('',(-0.00132707025111917,0.0220812037549918,3.5400390624835E-6));
#6527=CARTESIAN_POINT('',(-0.000859418591362314,0.0210520098557028,3.54003906250604E-6));
#6528=CARTESIAN_POINT('',(-2.73110594344722E-5,0.0199737605736139,3.54003906249826E-6));
#6529=CARTESIAN_POINT('',(0.00104476701214199,0.0191450976209537,3.54003906250084E-6));
#6530=CARTESIAN_POINT('',(0.00207810836065649,0.0186739369702041,3.54003906249865E-6));
#6531=CARTESIAN_POINT('',(0.00273598586040427,0.0184901633488423,3.54003906250134E-6));
#6532=CARTESIAN_POINT('',(0.0031791667458877,0.0183893944907323,3.54003906250197E-6));
#6533=CARTESIAN_POINT('',(0.00340284797512729,0.0183499943297166,3.54003906250134E-6));
#6534=CARTESIAN_POINT('',(0.00385202183307386,0.0182921508325048,3.54003906249868E-6));
#6535=CARTESIAN_POINT('',(0.00430383571579946,0.0182548208668852,3.54003906249608E-6));
#6536=CARTESIAN_POINT('',(0.00476447555414292,0.0182520616096572,3.54003906250918E-6));
#6537=CARTESIAN_POINT('',(0.005,0.0182520616319444,3.5400390625E-6));
#6538=CARTESIAN_POINT('',(-0.00168353949652778,0.025,6.97157118055552E-6));
#6539=CARTESIAN_POINT('',(-0.00168353951879919,0.0247646318864358,6.97157118069339E-6));
#6540=CARTESIAN_POINT('',(-0.00168076205228621,0.0243068872300449,6.97157118049659E-6));
#6541=CARTESIAN_POINT('',(-0.00164383591455067,0.0238593335607446,6.97157118053552E-6));
#6542=CARTESIAN_POINT('',(-0.00158661100911515,0.0234145908544478,6.97157118057554E-6));
#6543=CARTESIAN_POINT('',(-0.00154761130808052,0.0231931560101686,6.97157118058522E-6));
#6544=CARTESIAN_POINT('',(-0.00144799162195757,0.0227545645351314,6.97157118057601E-6));
#6545=CARTESIAN_POINT('',(-0.00126648846339289,0.0221037981018061,6.9715711805357E-6));
#6546=CARTESIAN_POINT('',(-0.000803515588822727,0.0210851407757218,6.97157118056284E-6));
#6547=CARTESIAN_POINT('',(1.87398951840402E-5,0.0200197955788425,6.97157118055346E-6));
#6548=CARTESIAN_POINT('',(0.00107797788988313,0.0192009514923191,6.97157118055653E-6));
#6549=CARTESIAN_POINT('',(0.00210073276940591,0.0187345091804598,6.97157118055401E-6));
#6550=CARTESIAN_POINT('',(0.00275231311101722,0.0185524920248785,6.97157118055707E-6));
#6551=CARTESIAN_POINT('',(0.00319136879633354,0.018452664412776,6.97157118055779E-6));
#6552=CARTESIAN_POINT('',(0.00341301445008133,0.0184136183227319,6.97157118055708E-6));
#6553=CARTESIAN_POINT('',(0.00385829794701878,0.0183562707234391,6.97157118055407E-6));
#6554=CARTESIAN_POINT('',(0.00430643997085707,0.0183192311574837,6.97157118055112E-6));
#6555=CARTESIAN_POINT('',(0.00476447555761228,0.0183164604811859,6.97157118056595E-6));
#6556=CARTESIAN_POINT('',(0.005,0.0183164605034722,6.97157118055555E-6));
#6557=CARTESIAN_POINT('',(-0.00148741319444444,0.025,2.56076388888888E-5));
#6558=CARTESIAN_POINT('',(-0.00148741321671301,0.0247646318969951,2.56076388890845E-5));
#6559=CARTESIAN_POINT('',(-0.00148460140781499,0.0243148100307412,2.56076388888052E-5));
#6560=CARTESIAN_POINT('',(-0.00144855644551343,0.0238784209879195,2.56076388888604E-5));
#6561=CARTESIAN_POINT('',(-0.00139283846978404,0.0234455098294639,2.56076388889173E-5));
#6562=CARTESIAN_POINT('',(-0.001354916089351,0.0232302680437654,2.5607638888931E-5));
#6563=CARTESIAN_POINT('',(-0.00125815696516637,0.0228042250186134,2.56076388889179E-5));
#6564=CARTESIAN_POINT('',(-0.00108198706269322,0.0221726090232331,2.56076388888607E-5));
#6565=CARTESIAN_POINT('',(-0.000633263394904783,0.0211860407553922,2.56076388888993E-5));
#6566=CARTESIAN_POINT('',(0.000158987747707986,0.0201599948576136,2.5607638888886E-5));
#6567=CARTESIAN_POINT('',(0.00117912138022366,0.0193710540575979,2.56076388888898E-5));
#6568=CARTESIAN_POINT('',(0.00216963524424094,0.0189189814130414,2.56076388888881E-5));
#6569=CARTESIAN_POINT('',(0.00280203763584099,0.0187423135614168,2.56076388888895E-5));
#6570=CARTESIAN_POINT('',(0.00322853005358854,0.0186453525072899,2.56076388888899E-5));
#6571=CARTESIAN_POINT('',(0.00344397637675265,0.0186073847378542,2.56076388888896E-5));
#6572=CARTESIAN_POINT('',(0.00387741180709533,0.0185515473921225,2.56076388888883E-5));
#6573=CARTESIAN_POINT('',(0.0043143712109862,0.0185153922362652,2.5607638888887E-5));
#6574=CARTESIAN_POINT('',(0.00476447556817817,0.018512586783272,2.56076388888935E-5));
#6575=CARTESIAN_POINT('',(0.005,0.0185125868055556,2.56076388888889E-5));
#6576=CARTESIAN_POINT('',(-0.00135243055555556,0.025,4.94791666666666E-5));
#6577=CARTESIAN_POINT('',(-0.0013524305778222,0.0247646319042623,4.94791666668845E-5));
#6578=CARTESIAN_POINT('',(-0.00134959513300324,0.0243202628462689,4.94791666665735E-5));
#6579=CARTESIAN_POINT('',(-0.00131415663390495,0.0238915577842712,4.9479166666635E-5));
#6580=CARTESIAN_POINT('',(-0.00125947579264551,0.0234667896108857,4.94791666666982E-5));
#6581=CARTESIAN_POINT('',(-0.00122229487103868,0.023255810157068,4.94791666667135E-5));
#6582=CARTESIAN_POINT('',(-0.00112750450981464,0.022838403520108,4.94791666666989E-5));
#6583=CARTESIAN_POINT('',(-0.000955005185807804,0.022219967687828,4.94791666666352E-5));
#6584=CARTESIAN_POINT('',(-0.00051608844097177,0.0212554845035028,4.94791666666783E-5));
#6585=CARTESIAN_POINT('',(0.000255512410800539,0.0202564860901399,4.94791666666636E-5));
#6586=CARTESIAN_POINT('',(0.00124873272295319,0.0194881260306031,4.94791666666669E-5));
#6587=CARTESIAN_POINT('',(0.00221705691986738,0.0190459432151611,4.94791666666683E-5));
#6588=CARTESIAN_POINT('',(0.00283626021336839,0.0188729569868407,4.94791666666647E-5));
#6589=CARTESIAN_POINT('',(0.00325410604475049,0.0187779688224076,4.94791666666639E-5));
#6590=CARTESIAN_POINT('',(0.00346528571936903,0.0187407432000463,4.94791666666649E-5));
#6591=CARTESIAN_POINT('',(0.00389056679571787,0.0186859452764059,4.94791666666687E-5));
#6592=CARTESIAN_POINT('',(0.00431982983489804,0.018650398809988,4.94791666666722E-5));
#6593=CARTESIAN_POINT('',(0.00476447557545007,0.018647569422163,4.94791666666538E-5));
#6594=CARTESIAN_POINT('',(0.005,0.0186475694444444,4.94791666666667E-5));
#6595=CARTESIAN_POINT('',(-0.00108506944444444,0.025,0.000127604166666667));
#6596=CARTESIAN_POINT('',(-0.00108506946670732,0.0247646319186566,0.000127604166666891));
#6597=CARTESIAN_POINT('',(-0.00108218720604491,0.0243310632783109,0.000127604166666571));
#6598=CARTESIAN_POINT('',(-0.00104794993309843,0.0239175779339581,0.000127604166666634));
#6599=CARTESIAN_POINT('',(-0.000995323351753768,0.0235089386313226,0.000127604166666699));
#6600=CARTESIAN_POINT('',(-0.000959611043127481,0.023306401609783,0.000127604166666715));
#6601=CARTESIAN_POINT('',(-0.000868720225259466,0.0229061011307855,0.0001276041666667));
#6602=CARTESIAN_POINT('',(-0.00070349124316658,0.022313771345032,0.000127604166666634));
#6603=CARTESIAN_POINT('',(-0.00028399914314947,0.0213930322489566,0.000127604166666679));
#6604=CARTESIAN_POINT('',(0.00044669952483595,0.0204476069880056,0.000127604166666664));
#6605=CARTESIAN_POINT('',(0.00138661242430814,0.01972001135334,0.000127604166666665));
#6606=CARTESIAN_POINT('',(0.00231098538348759,0.0192974173955655,0.000127604166666674));
#6607=CARTESIAN_POINT('',(0.00290404512576992,0.019131723385751,0.000127604166666659));
#6608=CARTESIAN_POINT('',(0.00330476459959216,0.0190406429385251,0.000127604166666655));
#6609=CARTESIAN_POINT('',(0.00350749329188251,0.0190048872923625,0.000127604166666659));
#6610=CARTESIAN_POINT('',(0.00391662297897023,0.0189521481597453,0.000127604166666674));
#6611=CARTESIAN_POINT('',(0.00433064177164946,0.0189178073290018,0.000127604166666689));
#6612=CARTESIAN_POINT('',(0.00476447558985356,0.0189149305332781,0.000127604166666615));
#6613=CARTESIAN_POINT('',(0.005,0.0189149305555556,0.000127604166666667));
#6614=CARTESIAN_POINT('',(-0.000953125,0.025,0.000181640625));
#6615=CARTESIAN_POINT('',(-0.000953125022261039,0.0247646319257601,0.000181640625000208));
#6616=CARTESIAN_POINT('',(-0.000950219657675848,0.0243363933616563,0.000181640624999911));
#6617=CARTESIAN_POINT('',(-0.000916575197635469,0.0239304190467906,0.00018164062499997));
#6618=CARTESIAN_POINT('',(-0.000864962406898106,0.0235297394466031,0.00018164062500003));
#6619=CARTESIAN_POINT('',(-0.000829974868314165,0.0233313688202138,0.000181640625000045));
#6620=CARTESIAN_POINT('',(-0.000741008500414056,0.0229395103412497,0.00018164062500003));
#6621=CARTESIAN_POINT('',(-0.000579367479265712,0.0223600640589769,0.00018164062499997));
#6622=CARTESIAN_POINT('',(-0.000169461567600804,0.0214609129545053,0.000181640625000012));
#6623=CARTESIAN_POINT('',(0.000541051607087193,0.020541926392147,0.000181640624999997));
#6624=CARTESIAN_POINT('',(0.00145465695224954,0.0198344482658595,0.000181640624999998));
#6625=CARTESIAN_POINT('',(0.00235733969020925,0.0194215215365443,0.00018164062500001));
#6626=CARTESIAN_POINT('',(0.00293749742020184,0.0192594262839146,0.000181640624999989));
#6627=CARTESIAN_POINT('',(0.00332976492535818,0.0191702743205051,0.000181640624999985));
#6628=CARTESIAN_POINT('',(0.00352832300299305,0.0191352441171419,0.00018164062499999));
#6629=CARTESIAN_POINT('',(0.00392948187460127,0.0190835210112634,0.000181640625000011));
#6630=CARTESIAN_POINT('',(0.00433597753264368,0.019049775169554,0.000181640625000031));
#6631=CARTESIAN_POINT('',(0.00476447559696176,0.0190468749777246,0.000181640624999929));
#6632=CARTESIAN_POINT('',(0.005,0.019046875,0.000181640625));
#6633=CARTESIAN_POINT('',(-0.000708984375,0.025,0.0003193359375));
#6634=CARTESIAN_POINT('',(-0.000708984397257659,0.024764631938904,0.000319335937500145));
#6635=CARTESIAN_POINT('',(-0.00070603628281533,0.0243462557691622,0.000319335937499938));
#6636=CARTESIAN_POINT('',(-0.000673488721655481,0.023954179329581,0.000319335937499979));
#6637=CARTESIAN_POINT('',(-0.00062375177702538,0.0235682277972454,0.000319335937500021));
#6638=CARTESIAN_POINT('',(-0.000590105301430977,0.0233775663724089,0.000319335937500031));
#6639=CARTESIAN_POINT('',(-0.000504699799014247,0.0230013283704802,0.000319335937500021));
#6640=CARTESIAN_POINT('',(-0.000349697685863612,0.0224457208076413,0.000319335937499978));
#6641=CARTESIAN_POINT('',(4.24706239982897E-5,0.0215865145889497,0.000319335937500009));
#6642=CARTESIAN_POINT('',(0.000715633996121153,0.0207164483159285,0.000319335937499998));
#6643=CARTESIAN_POINT('',(0.00158056171200954,0.0200461941977419,0.000319335937499997));
#6644=CARTESIAN_POINT('',(0.00244311040577154,0.0196511550210857,0.000319335937500011));
#6645=CARTESIAN_POINT('',(0.00299939516894512,0.0194957186530494,0.000319335937499988));
#6646=CARTESIAN_POINT('',(0.00337602375181668,0.0194101350190701,0.000319335937499982));
#6647=CARTESIAN_POINT('',(0.00356686482042621,0.0193764471235183,0.000319335937499988));
#6648=CARTESIAN_POINT('',(0.00395327506141857,0.0193266040013257,0.000319335937500012));
#6649=CARTESIAN_POINT('',(0.00434585044566751,0.0192939590850495,0.000319335937500035));
#6650=CARTESIAN_POINT('',(0.00476447561011427,0.0192910156027283,0.000319335937499918));
#6651=CARTESIAN_POINT('',(0.005,0.019291015625,0.0003193359375));
#6652=CARTESIAN_POINT('',(-0.000597222222222222,0.025,0.000402777777777778));
#6653=CARTESIAN_POINT('',(-0.000597222244478343,0.024764631944921,0.000402777777777877));
#6654=CARTESIAN_POINT('',(-0.0005942545601014,0.0243507705601539,0.000402777777777735));
#6655=CARTESIAN_POINT('',(-0.000562209134873529,0.0239650562590361,0.000402777777777764));
#6656=CARTESIAN_POINT('',(-0.000513330910905867,0.0235858469088728,0.000402777777777792));
#6657=CARTESIAN_POINT('',(-0.000480298344146675,0.0233987145851916,0.000402777777777799));
#6658=CARTESIAN_POINT('',(-0.000396522926817891,0.023029627290528,0.000402777777777792));
#6659=CARTESIAN_POINT('',(-0.000244559958217316,0.0224849325636966,0.000402777777777762));
#6660=CARTESIAN_POINT('',(0.000139488471708097,0.0216440122260509,0.000402777777777785));
#6661=CARTESIAN_POINT('',(0.000795553934212255,0.0207963405743707,0.000402777777777776));
#6662=CARTESIAN_POINT('',(0.00163819811314411,0.0201431267798925,0.000402777777777775));
#6663=CARTESIAN_POINT('',(0.00248237433334005,0.0197562761273424,0.000402777777777787));
#6664=CARTESIAN_POINT('',(0.00302773058281426,0.0196038880486978,0.000402777777777767));
#6665=CARTESIAN_POINT('',(0.00339720001459546,0.0195199379166354,0.000402777777777762));
#6666=CARTESIAN_POINT('',(0.00358450840796228,0.0194868644997706,0.000402777777777767));
#6667=CARTESIAN_POINT('',(0.00396416705360604,0.0194378819923321,0.000402777777777788));
#6668=CARTESIAN_POINT('',(0.00435037004585176,0.0194057410552541,0.000402777777777808));
#6669=CARTESIAN_POINT('',(0.00476447561613519,0.0194027777555077,0.000402777777777707));
#6670=CARTESIAN_POINT('',(0.005,0.0194027777777778,0.000402777777777778));
#6671=CARTESIAN_POINT('',(-0.000402777777777778,0.025,0.000597222222222222));
#6672=CARTESIAN_POINT('',(-0.000402777800031208,0.0247646319553892,0.000597222222222227));
#6673=CARTESIAN_POINT('',(-0.000399776067768044,0.0243586254198209,0.00059722222222222));
#6674=CARTESIAN_POINT('',(-0.000368604261559689,0.023983980004263,0.000597222222222222));
#6675=CARTESIAN_POINT('',(-0.000321220044802789,0.0236165007419177,0.000597222222222223));
#6676=CARTESIAN_POINT('',(-0.000289255560211265,0.0234355083689842,0.000597222222222224));
#6677=CARTESIAN_POINT('',(-0.000208316174414132,0.0230788619164752,0.000597222222222222));
#6678=CARTESIAN_POINT('',(-6.16407272055095E-5,0.0225531534052995,0.000597222222222219));
#6679=CARTESIAN_POINT('',(0.00030828068830613,0.0217440469500173,0.000597222222222226));
#6680=CARTESIAN_POINT('',(0.000934599108056191,0.0209353375910003,0.00059722222222222));
#6681=CARTESIAN_POINT('',(0.00173847425958407,0.0203117706509738,0.000597222222222219));
#6682=CARTESIAN_POINT('',(0.00255068594324566,0.0199391664403638,0.000597222222222231));
#6683=CARTESIAN_POINT('',(0.00307702870092446,0.0197920817933598,0.000597222222222213));
#6684=CARTESIAN_POINT('',(0.00343404259993485,0.0197109736374481,0.000597222222222209));
#6685=CARTESIAN_POINT('',(0.00361520482433572,0.0196789692941823,0.000597222222222213));
#6686=CARTESIAN_POINT('',(0.00398311700506231,0.0196314840893062,0.000597222222222231));
#6687=CARTESIAN_POINT('',(0.00435823327258008,0.0196002199781733,0.000597222222222249));
#6688=CARTESIAN_POINT('',(0.00476447562661042,0.0195972221999549,0.000597222222222161));
#6689=CARTESIAN_POINT('',(0.005,0.0195972222222222,0.000597222222222222));
#6690=CARTESIAN_POINT('',(-0.0003193359375,0.025,0.000708984375));
#6691=CARTESIAN_POINT('',(-0.000319335959766749,0.0247646319598813,0.00070898437499996));
#6692=CARTESIAN_POINT('',(-0.000316319616531753,0.0243619961715419,0.000708984375000017));
#6693=CARTESIAN_POINT('',(-0.000285522705989316,0.0239921007409145,0.000708984375000006));
#6694=CARTESIAN_POINT('',(-0.000238779611750612,0.0236296552048706,0.000708984374999994));
#6695=CARTESIAN_POINT('',(-0.000207273472688532,0.0234512976657122,0.000708984374999991));
#6696=CARTESIAN_POINT('',(-0.000127551111582315,0.0230999899451322,0.000708984374999993));
#6697=CARTESIAN_POINT('',(1.68553044082028E-5,0.0225824289785097,0.000708984375000004));
#6698=CARTESIAN_POINT('',(0.000380714401789743,0.0217869747975229,0.000708984375000002));
#6699=CARTESIAN_POINT('',(0.000994267489019541,0.020994985306284,0.000708984374999998));
#6700=CARTESIAN_POINT('',(0.00178150570858644,0.0203841407050254,0.000708984374999996));
#6701=CARTESIAN_POINT('',(0.00258000046780896,0.0200176500624158,0.000708984375000011));
#6702=CARTESIAN_POINT('',(0.00309818397593939,0.0198728412741864,0.000708984374999989));
#6703=CARTESIAN_POINT('',(0.00344985283884444,0.0197929526939767,0.000708984374999983));
#6704=CARTESIAN_POINT('',(0.00362837756104954,0.0197614071216928,0.000708984374999988));
#6705=CARTESIAN_POINT('',(0.00399124898757898,0.0197145644534674,0.000708984375000011));
#6706=CARTESIAN_POINT('',(0.00436160761485357,0.0196836766141867,0.000708984375000032));
#6707=CARTESIAN_POINT('',(0.00476447563110565,0.0196806640402193,0.000708984374999925));
#6708=CARTESIAN_POINT('',(0.005,0.0196806640625,0.000708984375));
#6709=CARTESIAN_POINT('',(-0.000181640625,0.025,0.000953125));
#6710=CARTESIAN_POINT('',(-0.000181640647192369,0.024764631967294,0.000953124999999897));
#6711=CARTESIAN_POINT('',(-0.000178600193141395,0.0243675585693755,0.000953125000000044));
#6712=CARTESIAN_POINT('',(-0.000148421933547127,0.0240055015404083,0.000953125000000016));
#6713=CARTESIAN_POINT('',(-0.000102736816491871,0.0236513626346328,0.000953124999999986));
#6714=CARTESIAN_POINT('',(-7.19870369507849E-5,0.0234773530851502,0.000953124999999978));
#6715=CARTESIAN_POINT('',(5.72699601800388E-6,0.0231348553136182,0.000953124999999984));
#6716=CARTESIAN_POINT('',(0.000146389067876667,0.0226307393847565,0.000953125000000013));
#6717=CARTESIAN_POINT('',(0.000500244157855138,0.0218578141193498,0.000953125));
#6718=CARTESIAN_POINT('',(0.00109273195643376,0.0210934156712958,0.000953124999999999));
#6719=CARTESIAN_POINT('',(0.00185251599309132,0.0205035654106105,0.000953124999999992));
#6720=CARTESIAN_POINT('',(0.00262837515138607,0.0201471633476868,0.000953125000000023));
#6721=CARTESIAN_POINT('',(0.00313309430623058,0.0200061101703892,0.000953124999999977));
#6722=CARTESIAN_POINT('',(0.00347594281696702,0.0199282341279829,0.000953124999999966));
#6723=CARTESIAN_POINT('',(0.00365011514608184,0.0198974456172996,0.000953124999999977));
#6724=CARTESIAN_POINT('',(0.00400466834494394,0.0198516632598521,0.000953125000000022));
#6725=CARTESIAN_POINT('',(0.00436717593779902,0.0198213963424953,0.000953125000000066));
#6726=CARTESIAN_POINT('',(0.00476447563852364,0.0198183593527936,0.000953124999999846));
#6727=CARTESIAN_POINT('',(0.005,0.019818359375,0.000953125));
#6728=CARTESIAN_POINT('',(-0.000127604166666667,0.025,0.00108506944444444));
#6729=CARTESIAN_POINT('',(-0.000127604188800309,0.0247646319702029,0.00108506944444432));
#6730=CARTESIAN_POINT('',(-0.000124554272863714,0.0243697414489036,0.0010850694444445));
#6731=CARTESIAN_POINT('',(-9.46187935386418E-5,0.0240107604829993,0.00108506944444446));
#6732=CARTESIAN_POINT('',(-4.93488637382881E-5,0.023659881389575,0.00108506944444443));
#6733=CARTESIAN_POINT('',(-1.88959061348028E-5,0.0234875781433693,0.00108506944444442));
#6734=CARTESIAN_POINT('',(5.80299886031559E-5,0.0231485377040879,0.00108506944444443));
#6735=CARTESIAN_POINT('',(0.000197222648808076,0.0226496980784609,0.00108506944444446));
#6736=CARTESIAN_POINT('',(0.000547151816265209,0.0218856139477737,0.00108506944444444));
#6737=CARTESIAN_POINT('',(0.00113137285853919,0.0211320431904254,0.00108506944444444));
#6738=CARTESIAN_POINT('',(0.00188038291325174,0.0205504318435366,0.00108506944444443));
#6739=CARTESIAN_POINT('',(0.00264735906976384,0.0201979888922571,0.00108506944444448));
#6740=CARTESIAN_POINT('',(0.00314679434128574,0.0200584095480997,0.00108506944444441));
#6741=CARTESIAN_POINT('',(0.00348618143722316,0.0199813232959445,0.0010850694444444));
#6742=CARTESIAN_POINT('',(0.00365864573500704,0.0199508318827193,0.00108506944444441));
#6743=CARTESIAN_POINT('',(0.00400993457029284,0.0199054656283109,0.00108506944444448));
#6744=CARTESIAN_POINT('',(0.00436936114254829,0.0198754423824336,0.00108506944444454));
#6745=CARTESIAN_POINT('',(0.00476447564143473,0.0198723958111855,0.00108506944444423));
#6746=CARTESIAN_POINT('',(0.005,0.0198723958333333,0.00108506944444444));
#6747=CARTESIAN_POINT('',(-4.94791666666666E-5,0.025,0.00135243055555556));
#6748=CARTESIAN_POINT('',(-4.94791876404134E-5,0.0247646319744085,0.00135243055555543));
#6749=CARTESIAN_POINT('',(-4.64155934036179E-5,0.0243728974193057,0.00135243055555561));
#6750=CARTESIAN_POINT('',(-1.68311213933196E-5,0.0240183637734924,0.00135243055555557));
#6751=CARTESIAN_POINT('',(2.78385379892582E-5,0.0236721976617804,0.00135243055555554));
#6752=CARTESIAN_POINT('',(5.78623555177169E-5,0.0235023613600715,0.00135243055555553));
#6753=CARTESIAN_POINT('',(0.000133648773224201,0.0231683194734413,0.00135243055555554));
#6754=CARTESIAN_POINT('',(0.000270716982531734,0.0226771082380333,0.00135243055555557));
#6755=CARTESIAN_POINT('',(0.000614970117632983,0.0219258064708,0.00135243055555556));
#6756=CARTESIAN_POINT('',(0.00118723922301503,0.0211878902060204,0.00135243055555555));
#6757=CARTESIAN_POINT('',(0.00192067243637898,0.020618190541795,0.00135243055555554));
#6758=CARTESIAN_POINT('',(0.00267480569874349,0.0202714716071452,0.0013524305555556));
#6759=CARTESIAN_POINT('',(0.0031666016208833,0.0201340231063961,0.00135243055555551));
#6760=CARTESIAN_POINT('',(0.00350098426168973,0.0200580787197353,0.00135243055555549));
#6761=CARTESIAN_POINT('',(0.00367097911658562,0.0200280168449281,0.00135243055555551));
#6762=CARTESIAN_POINT('',(0.0040175483900744,0.0199832521849625,0.0013524305555556));
#6763=CARTESIAN_POINT('',(0.00437252047471591,0.0199535812348967,0.00135243055555568));
#6764=CARTESIAN_POINT('',(0.00476447564564352,0.019950520812346,0.00135243055555526));
#6765=CARTESIAN_POINT('',(0.005,0.0199505208333333,0.00135243055555556));
#6766=CARTESIAN_POINT('',(-2.56076388888888E-5,0.025,0.00148741319444444));
#6767=CARTESIAN_POINT('',(-2.56076587904384E-5,0.0247646319756934,0.00148741319444434));
#6768=CARTESIAN_POINT('',(-2.25398860975876E-5,0.0243738617435952,0.00148741319444449));
#6769=CARTESIAN_POINT('',(6.9373338801867E-6,0.024020687001143,0.00148741319444446));
#6770=CARTESIAN_POINT('',(5.14235775102395E-5,0.0236759609671765,0.00148741319444443));
#6771=CARTESIAN_POINT('',(8.13162689552223E-5,0.0235068784540637,0.00148741319444442));
#6772=CARTESIAN_POINT('',(0.000156754513076745,0.0231743639029658,0.00148741319444443));
#6773=CARTESIAN_POINT('',(0.000293173584400639,0.0226854835645692,0.00148741319444445));
#6774=CARTESIAN_POINT('',(0.000635692376418975,0.0219380875195049,0.00148741319444444));
#6775=CARTESIAN_POINT('',(0.00120430950104,0.0212049545718874,0.00148741319444444));
#6776=CARTESIAN_POINT('',(0.0019329831240037,0.0206388945885198,0.00148741319444443));
#6777=CARTESIAN_POINT('',(0.00268319216870932,0.0202939246588143,0.00148741319444449));
#6778=CARTESIAN_POINT('',(0.00317265384520459,0.0201571272493161,0.0014874131944444));
#6779=CARTESIAN_POINT('',(0.00350550734694331,0.0200815317660484,0.00148741319444438));
#6780=CARTESIAN_POINT('',(0.00367474764984573,0.0200516011390406,0.0014874131944444));
#6781=CARTESIAN_POINT('',(0.00401987483500768,0.0200070202993906,0.00148741319444449));
#6782=CARTESIAN_POINT('',(0.00437348582621156,0.0199774569950646,0.00148741319444458));
#6783=CARTESIAN_POINT('',(0.00476447564692953,0.0199743923411966,0.00148741319444413));
#6784=CARTESIAN_POINT('',(0.005,0.0199743923611111,0.00148741319444444));
#6785=CARTESIAN_POINT('',(-6.97157118055552E-6,0.025,0.00168353949652778));
#6786=CARTESIAN_POINT('',(-6.97158668226295E-6,0.0247646319766966,0.00168353949652772));
#6787=CARTESIAN_POINT('',(-3.90055703025693E-6,0.0243746145740348,0.0016835394965278));
#6788=CARTESIAN_POINT('',(2.54929342411193E-5,0.0240225007027295,0.00168353949652779));
#6789=CARTESIAN_POINT('',(6.98359895627307E-5,0.0236788989112754,0.00168353949652777));
#6790=CARTESIAN_POINT('',(9.96263135094144E-5,0.023510404867214,0.00168353949652777));
#6791=CARTESIAN_POINT('',(0.000174792744607484,0.0231790826791959,0.00168353949652777));
#6792=CARTESIAN_POINT('',(0.000310705044670501,0.0226920220297162,0.00168353949652778));
#6793=CARTESIAN_POINT('',(0.000651869867257229,0.0219476751109495,0.00168353949652778));
#6794=CARTESIAN_POINT('',(0.00121763595667921,0.0212182764120123,0.00168353949652778));
#6795=CARTESIAN_POINT('',(0.00194259385401407,0.0206550578615332,0.00168353949652777));
#6796=CARTESIAN_POINT('',(0.00268973933332948,0.0203114533475074,0.00168353949652782));
#6797=CARTESIAN_POINT('',(0.00317737870669089,0.020175164234151,0.00168353949652774));
#6798=CARTESIAN_POINT('',(0.0035090384373624,0.0200998411336549,0.00168353949652772));
#6799=CARTESIAN_POINT('',(0.00367768967524302,0.0200700129691666,0.00168353949652774));
#6800=CARTESIAN_POINT('',(0.00402169104826818,0.0200255756336594,0.00168353949652781));
#6801=CARTESIAN_POINT('',(0.00437423945857233,0.0199960963653992,0.00168353949652789));
#6802=CARTESIAN_POINT('',(0.0047644756479335,0.0199930284133076,0.00168353949652753));
#6803=CARTESIAN_POINT('',(0.005,0.0199930284288194,0.00168353949652778));
#6804=CARTESIAN_POINT('',(-3.54003906249998E-6,0.025,0.00174793836805556));
#6805=CARTESIAN_POINT('',(-3.54005261603984E-6,0.0247646319768813,0.00174793836805553));
#6806=CARTESIAN_POINT('',(-4.68424871776532E-7,0.0243747531956514,0.00174793836805557));
#6807=CARTESIAN_POINT('',(2.89096494261695E-5,0.0240228346667043,0.00174793836805556));
#6808=CARTESIAN_POINT('',(7.32263392543881E-5,0.0236794398864261,0.00174793836805555));
#6809=CARTESIAN_POINT('',(0.000102997813952942,0.0235110541994751,0.00174793836805555));
#6810=CARTESIAN_POINT('',(0.000178114194979285,0.0231799515659396,0.00174793836805555));
#6811=CARTESIAN_POINT('',(0.000313933180933686,0.0226932259829052,0.00174793836805556));
#6812=CARTESIAN_POINT('',(0.000654848692044513,0.0219494405117071,0.00174793836805555));
#6813=CARTESIAN_POINT('',(0.00122008980912203,0.0212207294145824,0.00174793836805556));
#6814=CARTESIAN_POINT('',(0.00194436351536639,0.0206580340683367,0.00174793836805555));
#6815=CARTESIAN_POINT('',(0.00269094488838663,0.0203146809734292,0.00174793836805559));
#6816=CARTESIAN_POINT('',(0.00317824871393663,0.020178485454964,0.00174793836805552));
#6817=CARTESIAN_POINT('',(0.00350968863086737,0.0201032125094496,0.00174793836805551));
#6818=CARTESIAN_POINT('',(0.00367823140189911,0.020073403211706,0.00174793836805552));
#6819=CARTESIAN_POINT('',(0.00402202547472738,0.0200289922998478,0.00174793836805559));
#6820=CARTESIAN_POINT('',(0.00437437822784981,0.019999528505156,0.00174793836805565));
#6821=CARTESIAN_POINT('',(0.00476447564811837,0.0199964599473751,0.00174793836805534));
#6822=CARTESIAN_POINT('',(0.005,0.0199964599609375,0.00174793836805556));
#6823=CARTESIAN_POINT('',(-5.08626302083265E-8,0.025,0.00187492540147569));
#6824=CARTESIAN_POINT('',(-5.0870749893438E-8,0.0247646319770691,0.00187492540147572));
#6825=CARTESIAN_POINT('',(3.02136020489589E-6,0.024374894145892,0.00187492540147568));
#6826=CARTESIAN_POINT('',(3.23837595229953E-5,0.024023174240746,0.00187492540147569));
#6827=CARTESIAN_POINT('',(7.66736419620406E-5,0.0236799899491038,0.0018749254014757));
#6828=CARTESIAN_POINT('',(0.000106425951018121,0.0235117144394912,0.0018749254014757));
#6829=CARTESIAN_POINT('',(0.000181491440981838,0.023180835048606,0.0018749254014757));
#6830=CARTESIAN_POINT('',(0.000317215544290619,0.0226944501606036,0.0018749254014757));
#6831=CARTESIAN_POINT('',(0.000657877556545676,0.0219512355684184,0.00187492540147569));
#6832=CARTESIAN_POINT('',(0.00122258488236151,0.0212232236236726,0.0018749254014757));
#6833=CARTESIAN_POINT('',(0.00194616290424359,0.0206610602708763,0.00187492540147569));
#6834=CARTESIAN_POINT('',(0.00269217069486186,0.0203179628178715,0.00187492540147571));
#6835=CARTESIAN_POINT('',(0.00317913333592772,0.0201818624675518,0.00187492540147568));
#6836=CARTESIAN_POINT('',(0.00351034974659481,0.0201066405197725,0.00187492540147567));
#6837=CARTESIAN_POINT('',(0.00367878222870646,0.0200768504054617,0.00187492540147568));
#6838=CARTESIAN_POINT('',(0.00402236551902244,0.0200324663601245,0.00187492540147571));
#6839=CARTESIAN_POINT('',(0.00437451932823171,0.0200030182979578,0.00187492540147575));
#6840=CARTESIAN_POINT('',(0.00476447564830634,0.0199999491292448,0.00187492540147557));
#6841=CARTESIAN_POINT('',(0.005,0.0199999491373698,0.00187492540147569));
#6842=CARTESIAN_POINT('',(0.,0.025,0.0019375));
#6843=CARTESIAN_POINT('',(-4.63490329212239E-12,0.0247646319770718,0.00193750000000006));
#6844=CARTESIAN_POINT('',(3.07223025195093E-6,0.0243748962005602,0.00193749999999997));
#6845=CARTESIAN_POINT('',(3.24344020327918E-5,0.024023179190805,0.00193749999999999));
#6846=CARTESIAN_POINT('',(7.672389468263E-5,0.0236799979675101,0.00193750000000001));
#6847=CARTESIAN_POINT('',(0.000106475924596053,0.0235117240639808,0.00193750000000002));
#6848=CARTESIAN_POINT('',(0.000181540672481861,0.0231808479273612,0.00193750000000001));
#6849=CARTESIAN_POINT('',(0.000317263391668014,0.0226944680057587,0.0019375));
#6850=CARTESIAN_POINT('',(0.000657921709254189,0.0219512617354377,0.0019375));
#6851=CARTESIAN_POINT('',(0.00122262125364737,0.0212232599823615,0.0019375));
#6852=CARTESIAN_POINT('',(0.00194618913441404,0.0206611043847808,0.0019375));
#6853=CARTESIAN_POINT('',(0.00269218856376007,0.0203180106576843,0.00193750000000001));
#6854=CARTESIAN_POINT('',(0.00317914623129116,0.0201819116956496,0.00193749999999999));
#6855=CARTESIAN_POINT('',(0.00351035938384986,0.0201066904915034,0.00193749999999999));
#6856=CARTESIAN_POINT('',(0.00367879025825167,0.0200769006565944,0.00193749999999999));
#6857=CARTESIAN_POINT('',(0.00402237047593645,0.0200325170019077,0.00193750000000001));
#6858=CARTESIAN_POINT('',(0.00437452138508854,0.0200030691681165,0.00193750000000003));
#6859=CARTESIAN_POINT('',(0.00476447564830908,0.0199999999953621,0.00193749999999994));
#6860=CARTESIAN_POINT('',(0.005,0.02,0.0019375));
#6861=CARTESIAN_POINT('',(0.,0.025,0.002));
#6862=CARTESIAN_POINT('',(0.,0.0247646319770718,0.0020000000000001));
#6863=CARTESIAN_POINT('',(3.07222827102147E-6,0.0243748962005601,0.00199999999999995));
#6864=CARTESIAN_POINT('',(3.24344013597475E-5,0.0240231791908051,0.00199999999999999));
#6865=CARTESIAN_POINT('',(7.67238953556744E-5,0.02367999796751,0.00200000000000002));
#6866=CARTESIAN_POINT('',(0.000106475925595575,0.0235117240639802,0.00200000000000003));
#6867=CARTESIAN_POINT('',(0.000181540673174234,0.02318084792736,0.00200000000000002));
#6868=CARTESIAN_POINT('',(0.000317263391008006,0.0226944680057575,0.002));
#6869=CARTESIAN_POINT('',(0.000657921709478429,0.0219512617354539,0.002));
#6870=CARTESIAN_POINT('',(0.00122262125358727,0.0212232599823014,0.002));
#6871=CARTESIAN_POINT('',(0.00194618913443022,0.0206611043850051,0.002));
#6872=CARTESIAN_POINT('',(0.00269218856375892,0.0203180106570238,0.002));
#6873=CARTESIAN_POINT('',(0.00317914623129,0.0201819116963424,0.002));
#6874=CARTESIAN_POINT('',(0.00351035938384926,0.0201066904925035,0.002));
#6875=CARTESIAN_POINT('',(0.00367879025825156,0.0200769006572678,0.002));
#6876=CARTESIAN_POINT('',(0.00402237047593657,0.0200325170012343,0.002));
#6877=CARTESIAN_POINT('',(0.00437452138508848,0.0200030691661343,0.002));
#6878=CARTESIAN_POINT('',(0.00476447564830908,0.02,0.002));
#6879=CARTESIAN_POINT('',(0.005,0.02,0.002));
#6880=CARTESIAN_POINT('',(0.005,0.018,0.));
#6881=CARTESIAN_POINT('',(0.005,0.01825,-1.23426906836431E-31));
#6882=CARTESIAN_POINT('',(0.005,0.0187864583333333,2.60416666666657E-5));
#6883=CARTESIAN_POINT('',(0.005,0.0195598958333333,0.000440104166666665));
#6884=CARTESIAN_POINT('',(0.005,0.0199739583333333,0.00121354166666667));
#6885=CARTESIAN_POINT('',(0.005,0.02,0.00175));
#6886=CARTESIAN_POINT('',(0.005,0.02,0.002));
#6887=CARTESIAN_POINT('',(0.015,0.02,0.002));
#6888=CARTESIAN_POINT('',(0.00499999999999999,0.02,0.002));
#6889=CARTESIAN_POINT('',(0.015,0.02,0.0017));
#6890=CARTESIAN_POINT('',(0.00499999999999999,0.02,0.0017));
#6891=CARTESIAN_POINT('',(0.015,0.02,0.0014));
#6892=CARTESIAN_POINT('',(0.00499999999999999,0.02,0.0014));
#6893=CARTESIAN_POINT('',(0.015,0.0198,0.000666666666666665));
#6894=CARTESIAN_POINT('',(0.00499999999999999,0.0198,0.000666666666666665));
#6895=CARTESIAN_POINT('',(0.015,0.0193333333333334,0.0002));
#6896=CARTESIAN_POINT('',(0.00499999999999999,0.0193333333333334,0.0002));
#6897=CARTESIAN_POINT('',(0.015,0.0186,-2.22044604925179E-19));
#6898=CARTESIAN_POINT('',(0.00499999999999999,0.0186,-2.22044604925179E-19));
#6899=CARTESIAN_POINT('',(0.015,0.0183,-1.48112288203717E-31));
#6900=CARTESIAN_POINT('',(0.00499999999999999,0.0183,-1.48112288203717E-31));
#6901=CARTESIAN_POINT('',(0.015,0.018,3.28875345187368E-46));
#6902=CARTESIAN_POINT('',(0.00499999999999999,0.018,3.28875345187368E-46));
#6903=MECHANICAL_DESIGN_GEOMETRIC_PRESENTATION_REPRESENTATION('',(#1678),
#6904);
#6904=(
GEOMETRIC_REPRESENTATION_CONTEXT(3)
GLOBAL_UNCERTAINTY_ASSIGNED_CONTEXT((#6905))
GLOBAL_UNIT_ASSIGNED_CONTEXT((#6908,#6907,#6906))
REPRESENTATION_CONTEXT('Part 1','TOP_LEVEL_ASSEMBLY_PART')
);
#6905=UNCERTAINTY_MEASURE_WITH_UNIT(LENGTH_MEASURE(2.00000000011189E-5),
#6908,'DISTANCE_ACCURACY_VALUE','Maximum Tolerance applied to model');
#6906=(
NAMED_UNIT(*)
SI_UNIT($,.STERADIAN.)
SOLID_ANGLE_UNIT()
);
#6907=(
NAMED_UNIT(*)
PLANE_ANGLE_UNIT()
SI_UNIT($,.RADIAN.)
);
#6908=(
LENGTH_UNIT()
NAMED_UNIT(*)
SI_UNIT($,.METRE.)
);
#6909=PRODUCT_DEFINITION_SHAPE('','',#6910);
#6910=PRODUCT_DEFINITION('','',#6912,#6911);
#6911=PRODUCT_DEFINITION_CONTEXT('',#6918,'design');
#6912=PRODUCT_DEFINITION_FORMATION_WITH_SPECIFIED_SOURCE('','',#6914,
 .NOT_KNOWN.);
#6913=PRODUCT_RELATED_PRODUCT_CATEGORY('','',(#6914));
#6914=PRODUCT('Part 1','Part 1','Part 1',(#6916));
#6915=PRODUCT_CATEGORY('','');
#6916=PRODUCT_CONTEXT('',#6918,'mechanical');
#6917=APPLICATION_PROTOCOL_DEFINITION('international standard',
'ap242_managed_model_based_3d_engineering',2020,#6918);
#6918=APPLICATION_CONTEXT('managed model based 3d engineering');
ENDSEC;
END-ISO-10303-21;
