ISO-10303-21;
HEADER;
/* Generated by software containing ST-Developer
 * from STEP Tools, Inc. (www.steptools.com) 
 */
/* OPTION: using custom renumber hook */

FILE_DESCRIPTION(
/* description */ ('STEP AP242 Edition 2',
'CAx-IF Rec.Pracs.---Representation and Presentation of Product Manufa
cturing Information (PMI)---4.0---2014-10-13',
'CAx-IF Rec.Pracs.---3D Tessellated Geometry---0.4---2014-09-14','2;1',
'CAx-IF Rec.Pracs.---User Defined Attributes---1.5---2016-08-15'),
/* implementation_level */ '2;1');

FILE_NAME(
/* name */ 'Claw Gear',
/* time_stamp */ '2026-09-01T03:59:57Z',
/* author */ (''),
/* organization */ (''),
/* preprocessor_version */ 'ST-DEVELOPER v20',
/* originating_system */ 'ONSHAPE BY PTC INC, 1.220',
/* authorisation */ '  ');

FILE_SCHEMA (('AP242_MANAGED_MODEL_BASED_3D_ENGINEERING_MIM_LF { 1 0 10303 442 3 1 4 }'));
ENDSEC;

DATA;
#10=SHAPE_REPRESENTATION_RELATIONSHIP('','',#2317,#11);
#11=ADVANCED_BREP_SHAPE_REPRESENTATION('',(#2315),#7431);
#12=B_SPLINE_SURFACE_WITH_KNOTS('',3,1,((#4791,#4792),(#4793,#4794),(#4795,
#4796),(#4797,#4798),(#4799,#4800),(#4801,#4802),(#4803,#4804),(#4805,#4806),
(#4807,#4808),(#4809,#4810),(#4811,#4812),(#4813,#4814),(#4815,#4816),(#4817,
#4818)),.SURF_OF_LINEAR_EXTRUSION.,.F.,.F.,.F.,(4,1,1,1,1,1,1,1,1,1,1,4),
(2,2),(0.0460055534118447,0.0750381937384563,0.104070834065068,0.13310347439168,
0.162136114718291,0.220201395371515,0.278266676024738,0.394397237331184,
0.510527798637631,0.626658359944077,0.742788921250524,0.975050043863417),
(0.,1.),.UNSPECIFIED.);
#13=B_SPLINE_SURFACE_WITH_KNOTS('',3,1,((#4855,#4856),(#4857,#4858),(#4859,
#4860),(#4861,#4862),(#4863,#4864),(#4865,#4866),(#4867,#4868),(#4869,#4870),
(#4871,#4872),(#4873,#4874),(#4875,#4876),(#4877,#4878),(#4879,#4880),(#4881,
#4882)),.SURF_OF_LINEAR_EXTRUSION.,.F.,.F.,.F.,(4,1,1,1,1,1,1,1,1,1,1,4),
(2,2),(0.0460055534118409,0.0750381937384527,0.104070834065064,0.133103474391676,
0.162136114718288,0.220201395371511,0.278266676024735,0.394397237331182,
0.510527798637629,0.626658359944076,0.742788921250523,0.975050043863417),
(0.,1.),.UNSPECIFIED.);
#14=B_SPLINE_SURFACE_WITH_KNOTS('',3,1,((#4929,#4930),(#4931,#4932),(#4933,
#4934),(#4935,#4936),(#4937,#4938),(#4939,#4940),(#4941,#4942),(#4943,#4944),
(#4945,#4946),(#4947,#4948),(#4949,#4950),(#4951,#4952),(#4953,#4954),(#4955,
#4956)),.SURF_OF_LINEAR_EXTRUSION.,.F.,.F.,.F.,(4,1,1,1,1,1,1,1,1,1,1,4),
(2,2),(0.0460055534118443,0.075038193738456,0.104070834065068,0.133103474391679,
0.162136114718291,0.220201395371514,0.278266676024737,0.394397237331184,
0.510527798637631,0.626658359944077,0.742788921250524,0.975050043863417),
(0.,1.),.UNSPECIFIED.);
#15=B_SPLINE_SURFACE_WITH_KNOTS('',3,1,((#4993,#4994),(#4995,#4996),(#4997,
#4998),(#4999,#5000),(#5001,#5002),(#5003,#5004),(#5005,#5006),(#5007,#5008),
(#5009,#5010),(#5011,#5012),(#5013,#5014),(#5015,#5016),(#5017,#5018),(#5019,
#5020)),.SURF_OF_LINEAR_EXTRUSION.,.F.,.F.,.F.,(4,1,1,1,1,1,1,1,1,1,1,4),
(2,2),(0.0460055534118426,0.0750381937384543,0.104070834065066,0.133103474391678,
0.162136114718289,0.220201395371513,0.278266676024736,0.394397237331183,
0.51052779863763,0.626658359944077,0.742788921250523,0.975050043863417),
(0.,1.),.UNSPECIFIED.);
#16=B_SPLINE_SURFACE_WITH_KNOTS('',3,1,((#5067,#5068),(#5069,#5070),(#5071,
#5072),(#5073,#5074),(#5075,#5076),(#5077,#5078),(#5079,#5080),(#5081,#5082),
(#5083,#5084),(#5085,#5086),(#5087,#5088),(#5089,#5090),(#5091,#5092),(#5093,
#5094)),.SURF_OF_LINEAR_EXTRUSION.,.F.,.F.,.F.,(4,1,1,1,1,1,1,1,1,1,1,4),
(2,2),(0.0460055534118438,0.0750381937384554,0.104070834065067,0.133103474391679,
0.16213611471829,0.220201395371514,0.278266676024737,0.394397237331184,
0.51052779863763,0.626658359944077,0.742788921250524,0.975050043863417),
(0.,1.),.UNSPECIFIED.);
#17=B_SPLINE_SURFACE_WITH_KNOTS('',3,1,((#5131,#5132),(#5133,#5134),(#5135,
#5136),(#5137,#5138),(#5139,#5140),(#5141,#5142),(#5143,#5144),(#5145,#5146),
(#5147,#5148),(#5149,#5150),(#5151,#5152),(#5153,#5154),(#5155,#5156),(#5157,
#5158)),.SURF_OF_LINEAR_EXTRUSION.,.F.,.F.,.F.,(4,1,1,1,1,1,1,1,1,1,1,4),
(2,2),(0.0460055534118415,0.0750381937384532,0.104070834065065,0.133103474391677,
0.162136114718288,0.220201395371512,0.278266676024735,0.394397237331182,
0.510527798637629,0.626658359944076,0.742788921250523,0.975050043863417),
(0.,1.),.UNSPECIFIED.);
#18=B_SPLINE_SURFACE_WITH_KNOTS('',3,1,((#5205,#5206),(#5207,#5208),(#5209,
#5210),(#5211,#5212),(#5213,#5214),(#5215,#5216),(#5217,#5218),(#5219,#5220),
(#5221,#5222),(#5223,#5224),(#5225,#5226),(#5227,#5228),(#5229,#5230),(#5231,
#5232)),.SURF_OF_LINEAR_EXTRUSION.,.F.,.F.,.F.,(4,1,1,1,1,1,1,1,1,1,1,4),
(2,2),(0.0460055534118444,0.075038193738456,0.104070834065068,0.133103474391679,
0.162136114718291,0.220201395371514,0.278266676024737,0.394397237331184,
0.510527798637631,0.626658359944077,0.742788921250524,0.975050043863417),
(0.,1.),.UNSPECIFIED.);
#19=B_SPLINE_SURFACE_WITH_KNOTS('',3,1,((#5269,#5270),(#5271,#5272),(#5273,
#5274),(#5275,#5276),(#5277,#5278),(#5279,#5280),(#5281,#5282),(#5283,#5284),
(#5285,#5286),(#5287,#5288),(#5289,#5290),(#5291,#5292),(#5293,#5294),(#5295,
#5296)),.SURF_OF_LINEAR_EXTRUSION.,.F.,.F.,.F.,(4,1,1,1,1,1,1,1,1,1,1,4),
(2,2),(0.0460055534118426,0.0750381937384543,0.104070834065066,0.133103474391678,
0.162136114718289,0.220201395371513,0.278266676024736,0.394397237331183,
0.51052779863763,0.626658359944077,0.742788921250523,0.975050043863417),
(0.,1.),.UNSPECIFIED.);
#20=B_SPLINE_SURFACE_WITH_KNOTS('',3,1,((#5343,#5344),(#5345,#5346),(#5347,
#5348),(#5349,#5350),(#5351,#5352),(#5353,#5354),(#5355,#5356),(#5357,#5358),
(#5359,#5360),(#5361,#5362),(#5363,#5364),(#5365,#5366),(#5367,#5368),(#5369,
#5370)),.SURF_OF_LINEAR_EXTRUSION.,.F.,.F.,.F.,(4,1,1,1,1,1,1,1,1,1,1,4),
(2,2),(0.0460055534118438,0.0750381937384554,0.104070834065067,0.133103474391679,
0.16213611471829,0.220201395371514,0.278266676024737,0.394397237331184,
0.51052779863763,0.626658359944077,0.742788921250524,0.975050043863417),
(0.,1.),.UNSPECIFIED.);
#21=B_SPLINE_SURFACE_WITH_KNOTS('',3,1,((#5407,#5408),(#5409,#5410),(#5411,
#5412),(#5413,#5414),(#5415,#5416),(#5417,#5418),(#5419,#5420),(#5421,#5422),
(#5423,#5424),(#5425,#5426),(#5427,#5428),(#5429,#5430),(#5431,#5432),(#5433,
#5434)),.SURF_OF_LINEAR_EXTRUSION.,.F.,.F.,.F.,(4,1,1,1,1,1,1,1,1,1,1,4),
(2,2),(0.0460055534118412,0.0750381937384529,0.104070834065065,0.133103474391676,
0.162136114718288,0.220201395371512,0.278266676024735,0.394397237331182,
0.510527798637629,0.626658359944076,0.742788921250523,0.975050043863417),
(0.,1.),.UNSPECIFIED.);
#22=B_SPLINE_SURFACE_WITH_KNOTS('',3,1,((#5481,#5482),(#5483,#5484),(#5485,
#5486),(#5487,#5488),(#5489,#5490),(#5491,#5492),(#5493,#5494),(#5495,#5496),
(#5497,#5498),(#5499,#5500),(#5501,#5502),(#5503,#5504),(#5505,#5506),(#5507,
#5508)),.SURF_OF_LINEAR_EXTRUSION.,.F.,.F.,.F.,(4,1,1,1,1,1,1,1,1,1,1,4),
(2,2),(0.0460055534118432,0.0750381937384549,0.104070834065067,0.133103474391678,
0.16213611471829,0.220201395371513,0.278266676024737,0.394397237331183,
0.51052779863763,0.626658359944077,0.742788921250524,0.975050043863417),
(0.,1.),.UNSPECIFIED.);
#23=B_SPLINE_SURFACE_WITH_KNOTS('',3,1,((#5545,#5546),(#5547,#5548),(#5549,
#5550),(#5551,#5552),(#5553,#5554),(#5555,#5556),(#5557,#5558),(#5559,#5560),
(#5561,#5562),(#5563,#5564),(#5565,#5566),(#5567,#5568),(#5569,#5570),(#5571,
#5572)),.SURF_OF_LINEAR_EXTRUSION.,.F.,.F.,.F.,(4,1,1,1,1,1,1,1,1,1,1,4),
(2,2),(0.0460055534118422,0.0750381937384539,0.104070834065066,0.133103474391677,
0.162136114718289,0.220201395371512,0.278266676024736,0.394397237331183,
0.51052779863763,0.626658359944076,0.742788921250523,0.975050043863417),
(0.,1.),.UNSPECIFIED.);
#24=B_SPLINE_SURFACE_WITH_KNOTS('',3,1,((#5619,#5620),(#5621,#5622),(#5623,
#5624),(#5625,#5626),(#5627,#5628),(#5629,#5630),(#5631,#5632),(#5633,#5634),
(#5635,#5636),(#5637,#5638),(#5639,#5640),(#5641,#5642),(#5643,#5644),(#5645,
#5646)),.SURF_OF_LINEAR_EXTRUSION.,.F.,.F.,.F.,(4,1,1,1,1,1,1,1,1,1,1,4),
(2,2),(0.046005553411843,0.0750381937384547,0.104070834065066,0.133103474391678,
0.16213611471829,0.220201395371513,0.278266676024737,0.394397237331183,
0.51052779863763,0.626658359944077,0.742788921250523,0.975050043863417),
(0.,1.),.UNSPECIFIED.);
#25=B_SPLINE_SURFACE_WITH_KNOTS('',3,1,((#5683,#5684),(#5685,#5686),(#5687,
#5688),(#5689,#5690),(#5691,#5692),(#5693,#5694),(#5695,#5696),(#5697,#5698),
(#5699,#5700),(#5701,#5702),(#5703,#5704),(#5705,#5706),(#5707,#5708),(#5709,
#5710)),.SURF_OF_LINEAR_EXTRUSION.,.F.,.F.,.F.,(4,1,1,1,1,1,1,1,1,1,1,4),
(2,2),(0.0460055534118427,0.0750381937384544,0.104070834065066,0.133103474391678,
0.162136114718289,0.220201395371513,0.278266676024736,0.394397237331183,
0.51052779863763,0.626658359944077,0.742788921250523,0.975050043863417),
(0.,1.),.UNSPECIFIED.);
#26=B_SPLINE_SURFACE_WITH_KNOTS('',3,1,((#5757,#5758),(#5759,#5760),(#5761,
#5762),(#5763,#5764),(#5765,#5766),(#5767,#5768),(#5769,#5770),(#5771,#5772),
(#5773,#5774),(#5775,#5776),(#5777,#5778),(#5779,#5780),(#5781,#5782),(#5783,
#5784)),.SURF_OF_LINEAR_EXTRUSION.,.F.,.F.,.F.,(4,1,1,1,1,1,1,1,1,1,1,4),
(2,2),(0.0460055534118447,0.0750381937384563,0.104070834065068,0.13310347439168,
0.162136114718291,0.220201395371515,0.278266676024738,0.394397237331184,
0.510527798637631,0.626658359944077,0.742788921250524,0.975050043863417),
(0.,1.),.UNSPECIFIED.);
#27=B_SPLINE_SURFACE_WITH_KNOTS('',3,1,((#5821,#5822),(#5823,#5824),(#5825,
#5826),(#5827,#5828),(#5829,#5830),(#5831,#5832),(#5833,#5834),(#5835,#5836),
(#5837,#5838),(#5839,#5840),(#5841,#5842),(#5843,#5844),(#5845,#5846),(#5847,
#5848)),.SURF_OF_LINEAR_EXTRUSION.,.F.,.F.,.F.,(4,1,1,1,1,1,1,1,1,1,1,4),
(2,2),(0.046005553411841,0.0750381937384527,0.104070834065064,0.133103474391676,
0.162136114718288,0.220201395371511,0.278266676024735,0.394397237331182,
0.510527798637629,0.626658359944076,0.742788921250523,0.975050043863417),
(0.,1.),.UNSPECIFIED.);
#28=B_SPLINE_SURFACE_WITH_KNOTS('',3,1,((#5895,#5896),(#5897,#5898),(#5899,
#5900),(#5901,#5902),(#5903,#5904),(#5905,#5906),(#5907,#5908),(#5909,#5910),
(#5911,#5912),(#5913,#5914),(#5915,#5916),(#5917,#5918),(#5919,#5920),(#5921,
#5922)),.SURF_OF_LINEAR_EXTRUSION.,.F.,.F.,.F.,(4,1,1,1,1,1,1,1,1,1,1,4),
(2,2),(0.046005553411843,0.0750381937384547,0.104070834065066,0.133103474391678,
0.16213611471829,0.220201395371513,0.278266676024737,0.394397237331183,
0.51052779863763,0.626658359944077,0.742788921250523,0.975050043863417),
(0.,1.),.UNSPECIFIED.);
#29=B_SPLINE_SURFACE_WITH_KNOTS('',3,1,((#5959,#5960),(#5961,#5962),(#5963,
#5964),(#5965,#5966),(#5967,#5968),(#5969,#5970),(#5971,#5972),(#5973,#5974),
(#5975,#5976),(#5977,#5978),(#5979,#5980),(#5981,#5982),(#5983,#5984),(#5985,
#5986)),.SURF_OF_LINEAR_EXTRUSION.,.F.,.F.,.F.,(4,1,1,1,1,1,1,1,1,1,1,4),
(2,2),(0.0460055534118426,0.0750381937384543,0.104070834065066,0.133103474391678,
0.162136114718289,0.220201395371513,0.278266676024736,0.394397237331183,
0.51052779863763,0.626658359944077,0.742788921250523,0.975050043863417),
(0.,1.),.UNSPECIFIED.);
#30=B_SPLINE_SURFACE_WITH_KNOTS('',3,1,((#6033,#6034),(#6035,#6036),(#6037,
#6038),(#6039,#6040),(#6041,#6042),(#6043,#6044),(#6045,#6046),(#6047,#6048),
(#6049,#6050),(#6051,#6052),(#6053,#6054),(#6055,#6056),(#6057,#6058),(#6059,
#6060)),.SURF_OF_LINEAR_EXTRUSION.,.F.,.F.,.F.,(4,1,1,1,1,1,1,1,1,1,1,4),
(2,2),(0.0460055534118438,0.0750381937384554,0.104070834065067,0.133103474391679,
0.16213611471829,0.220201395371514,0.278266676024737,0.394397237331184,
0.51052779863763,0.626658359944077,0.742788921250524,0.975050043863417),
(0.,1.),.UNSPECIFIED.);
#31=B_SPLINE_SURFACE_WITH_KNOTS('',3,1,((#6097,#6098),(#6099,#6100),(#6101,
#6102),(#6103,#6104),(#6105,#6106),(#6107,#6108),(#6109,#6110),(#6111,#6112),
(#6113,#6114),(#6115,#6116),(#6117,#6118),(#6119,#6120),(#6121,#6122),(#6123,
#6124)),.SURF_OF_LINEAR_EXTRUSION.,.F.,.F.,.F.,(4,1,1,1,1,1,1,1,1,1,1,4),
(2,2),(0.0460055534118415,0.0750381937384532,0.104070834065065,0.133103474391677,
0.162136114718288,0.220201395371512,0.278266676024735,0.394397237331182,
0.510527798637629,0.626658359944076,0.742788921250523,0.975050043863417),
(0.,1.),.UNSPECIFIED.);
#32=B_SPLINE_SURFACE_WITH_KNOTS('',3,1,((#6171,#6172),(#6173,#6174),(#6175,
#6176),(#6177,#6178),(#6179,#6180),(#6181,#6182),(#6183,#6184),(#6185,#6186),
(#6187,#6188),(#6189,#6190),(#6191,#6192),(#6193,#6194),(#6195,#6196),(#6197,
#6198)),.SURF_OF_LINEAR_EXTRUSION.,.F.,.F.,.F.,(4,1,1,1,1,1,1,1,1,1,1,4),
(2,2),(0.0460055534118432,0.0750381937384549,0.104070834065067,0.133103474391678,
0.16213611471829,0.220201395371513,0.278266676024737,0.394397237331183,
0.51052779863763,0.626658359944077,0.742788921250524,0.975050043863417),
(0.,1.),.UNSPECIFIED.);
#33=B_SPLINE_SURFACE_WITH_KNOTS('',3,1,((#6235,#6236),(#6237,#6238),(#6239,
#6240),(#6241,#6242),(#6243,#6244),(#6245,#6246),(#6247,#6248),(#6249,#6250),
(#6251,#6252),(#6253,#6254),(#6255,#6256),(#6257,#6258),(#6259,#6260),(#6261,
#6262)),.SURF_OF_LINEAR_EXTRUSION.,.F.,.F.,.F.,(4,1,1,1,1,1,1,1,1,1,1,4),
(2,2),(0.046005553411842,0.0750381937384537,0.104070834065065,0.133103474391677,
0.162136114718289,0.220201395371512,0.278266676024736,0.394397237331183,
0.51052779863763,0.626658359944076,0.742788921250523,0.975050043863417),
(0.,1.),.UNSPECIFIED.);
#34=B_SPLINE_SURFACE_WITH_KNOTS('',3,1,((#6309,#6310),(#6311,#6312),(#6313,
#6314),(#6315,#6316),(#6317,#6318),(#6319,#6320),(#6321,#6322),(#6323,#6324),
(#6325,#6326),(#6327,#6328),(#6329,#6330),(#6331,#6332),(#6333,#6334),(#6335,
#6336)),.SURF_OF_LINEAR_EXTRUSION.,.F.,.F.,.F.,(4,1,1,1,1,1,1,1,1,1,1,4),
(2,2),(0.046005553411843,0.0750381937384547,0.104070834065066,0.133103474391678,
0.16213611471829,0.220201395371513,0.278266676024737,0.394397237331183,
0.51052779863763,0.626658359944077,0.742788921250523,0.975050043863417),
(0.,1.),.UNSPECIFIED.);
#35=B_SPLINE_SURFACE_WITH_KNOTS('',3,1,((#6373,#6374),(#6375,#6376),(#6377,
#6378),(#6379,#6380),(#6381,#6382),(#6383,#6384),(#6385,#6386),(#6387,#6388),
(#6389,#6390),(#6391,#6392),(#6393,#6394),(#6395,#6396),(#6397,#6398),(#6399,
#6400)),.SURF_OF_LINEAR_EXTRUSION.,.F.,.F.,.F.,(4,1,1,1,1,1,1,1,1,1,1,4),
(2,2),(0.0460055534118429,0.0750381937384546,0.104070834065066,0.133103474391678,
0.16213611471829,0.220201395371513,0.278266676024736,0.394397237331183,
0.51052779863763,0.626658359944077,0.742788921250523,0.975050043863417),
(0.,1.),.UNSPECIFIED.);
#36=B_SPLINE_SURFACE_WITH_KNOTS('',3,1,((#6447,#6448),(#6449,#6450),(#6451,
#6452),(#6453,#6454),(#6455,#6456),(#6457,#6458),(#6459,#6460),(#6461,#6462),
(#6463,#6464),(#6465,#6466),(#6467,#6468),(#6469,#6470),(#6471,#6472),(#6473,
#6474)),.SURF_OF_LINEAR_EXTRUSION.,.F.,.F.,.F.,(4,1,1,1,1,1,1,1,1,1,1,4),
(2,2),(0.0460055534118447,0.0750381937384563,0.104070834065068,0.13310347439168,
0.162136114718291,0.220201395371515,0.278266676024738,0.394397237331184,
0.510527798637631,0.626658359944077,0.742788921250524,0.975050043863417),
(0.,1.),.UNSPECIFIED.);
#37=B_SPLINE_SURFACE_WITH_KNOTS('',3,1,((#6511,#6512),(#6513,#6514),(#6515,
#6516),(#6517,#6518),(#6519,#6520),(#6521,#6522),(#6523,#6524),(#6525,#6526),
(#6527,#6528),(#6529,#6530),(#6531,#6532),(#6533,#6534),(#6535,#6536),(#6537,
#6538)),.SURF_OF_LINEAR_EXTRUSION.,.F.,.F.,.F.,(4,1,1,1,1,1,1,1,1,1,1,4),
(2,2),(0.046005553411841,0.0750381937384527,0.104070834065064,0.133103474391676,
0.162136114718288,0.220201395371511,0.278266676024735,0.394397237331182,
0.510527798637629,0.626658359944076,0.742788921250523,0.975050043863417),
(0.,1.),.UNSPECIFIED.);
#38=B_SPLINE_SURFACE_WITH_KNOTS('',3,1,((#6585,#6586),(#6587,#6588),(#6589,
#6590),(#6591,#6592),(#6593,#6594),(#6595,#6596),(#6597,#6598),(#6599,#6600),
(#6601,#6602),(#6603,#6604),(#6605,#6606),(#6607,#6608),(#6609,#6610),(#6611,
#6612)),.SURF_OF_LINEAR_EXTRUSION.,.F.,.F.,.F.,(4,1,1,1,1,1,1,1,1,1,1,4),
(2,2),(0.0460055534118443,0.075038193738456,0.104070834065068,0.133103474391679,
0.162136114718291,0.220201395371514,0.278266676024737,0.394397237331184,
0.510527798637631,0.626658359944077,0.742788921250524,0.975050043863417),
(0.,1.),.UNSPECIFIED.);
#39=B_SPLINE_SURFACE_WITH_KNOTS('',3,1,((#6649,#6650),(#6651,#6652),(#6653,
#6654),(#6655,#6656),(#6657,#6658),(#6659,#6660),(#6661,#6662),(#6663,#6664),
(#6665,#6666),(#6667,#6668),(#6669,#6670),(#6671,#6672),(#6673,#6674),(#6675,
#6676)),.SURF_OF_LINEAR_EXTRUSION.,.F.,.F.,.F.,(4,1,1,1,1,1,1,1,1,1,1,4),
(2,2),(0.0460055534118426,0.0750381937384543,0.104070834065066,0.133103474391678,
0.162136114718289,0.220201395371513,0.278266676024736,0.394397237331183,
0.51052779863763,0.626658359944077,0.742788921250523,0.975050043863417),
(0.,1.),.UNSPECIFIED.);
#40=B_SPLINE_SURFACE_WITH_KNOTS('',3,1,((#6723,#6724),(#6725,#6726),(#6727,
#6728),(#6729,#6730),(#6731,#6732),(#6733,#6734),(#6735,#6736),(#6737,#6738),
(#6739,#6740),(#6741,#6742),(#6743,#6744),(#6745,#6746),(#6747,#6748),(#6749,
#6750)),.SURF_OF_LINEAR_EXTRUSION.,.F.,.F.,.F.,(4,1,1,1,1,1,1,1,1,1,1,4),
(2,2),(0.0460055534118438,0.0750381937384554,0.104070834065067,0.133103474391679,
0.16213611471829,0.220201395371514,0.278266676024737,0.394397237331184,
0.51052779863763,0.626658359944077,0.742788921250524,0.975050043863417),
(0.,1.),.UNSPECIFIED.);
#41=B_SPLINE_SURFACE_WITH_KNOTS('',3,1,((#6787,#6788),(#6789,#6790),(#6791,
#6792),(#6793,#6794),(#6795,#6796),(#6797,#6798),(#6799,#6800),(#6801,#6802),
(#6803,#6804),(#6805,#6806),(#6807,#6808),(#6809,#6810),(#6811,#6812),(#6813,
#6814)),.SURF_OF_LINEAR_EXTRUSION.,.F.,.F.,.F.,(4,1,1,1,1,1,1,1,1,1,1,4),
(2,2),(0.0460055534118415,0.0750381937384532,0.104070834065065,0.133103474391677,
0.162136114718288,0.220201395371512,0.278266676024735,0.394397237331182,
0.510527798637629,0.626658359944076,0.742788921250523,0.975050043863417),
(0.,1.),.UNSPECIFIED.);
#42=B_SPLINE_SURFACE_WITH_KNOTS('',3,1,((#6861,#6862),(#6863,#6864),(#6865,
#6866),(#6867,#6868),(#6869,#6870),(#6871,#6872),(#6873,#6874),(#6875,#6876),
(#6877,#6878),(#6879,#6880),(#6881,#6882),(#6883,#6884),(#6885,#6886),(#6887,
#6888)),.SURF_OF_LINEAR_EXTRUSION.,.F.,.F.,.F.,(4,1,1,1,1,1,1,1,1,1,1,4),
(2,2),(0.0460055534118432,0.0750381937384549,0.104070834065067,0.133103474391678,
0.16213611471829,0.220201395371513,0.278266676024737,0.394397237331183,
0.51052779863763,0.626658359944077,0.742788921250524,0.975050043863417),
(0.,1.),.UNSPECIFIED.);
#43=B_SPLINE_SURFACE_WITH_KNOTS('',3,1,((#6925,#6926),(#6927,#6928),(#6929,
#6930),(#6931,#6932),(#6933,#6934),(#6935,#6936),(#6937,#6938),(#6939,#6940),
(#6941,#6942),(#6943,#6944),(#6945,#6946),(#6947,#6948),(#6949,#6950),(#6951,
#6952)),.SURF_OF_LINEAR_EXTRUSION.,.F.,.F.,.F.,(4,1,1,1,1,1,1,1,1,1,1,4),
(2,2),(0.046005553411842,0.0750381937384537,0.104070834065065,0.133103474391677,
0.162136114718289,0.220201395371512,0.278266676024736,0.394397237331183,
0.51052779863763,0.626658359944076,0.742788921250523,0.975050043863417),
(0.,1.),.UNSPECIFIED.);
#44=B_SPLINE_SURFACE_WITH_KNOTS('',3,1,((#6999,#7000),(#7001,#7002),(#7003,
#7004),(#7005,#7006),(#7007,#7008),(#7009,#7010),(#7011,#7012),(#7013,#7014),
(#7015,#7016),(#7017,#7018),(#7019,#7020),(#7021,#7022),(#7023,#7024),(#7025,
#7026)),.SURF_OF_LINEAR_EXTRUSION.,.F.,.F.,.F.,(4,1,1,1,1,1,1,1,1,1,1,4),
(2,2),(0.046005553411843,0.0750381937384547,0.104070834065066,0.133103474391678,
0.16213611471829,0.220201395371513,0.278266676024737,0.394397237331183,
0.51052779863763,0.626658359944077,0.742788921250523,0.975050043863417),
(0.,1.),.UNSPECIFIED.);
#45=B_SPLINE_SURFACE_WITH_KNOTS('',3,1,((#7063,#7064),(#7065,#7066),(#7067,
#7068),(#7069,#7070),(#7071,#7072),(#7073,#7074),(#7075,#7076),(#7077,#7078),
(#7079,#7080),(#7081,#7082),(#7083,#7084),(#7085,#7086),(#7087,#7088),(#7089,
#7090)),.SURF_OF_LINEAR_EXTRUSION.,.F.,.F.,.F.,(4,1,1,1,1,1,1,1,1,1,1,4),
(2,2),(0.0460055534118429,0.0750381937384546,0.104070834065066,0.133103474391678,
0.16213611471829,0.220201395371513,0.278266676024736,0.394397237331183,
0.51052779863763,0.626658359944077,0.742788921250523,0.975050043863417),
(0.,1.),.UNSPECIFIED.);
#46=B_SPLINE_SURFACE_WITH_KNOTS('',3,1,((#7137,#7138),(#7139,#7140),(#7141,
#7142),(#7143,#7144),(#7145,#7146),(#7147,#7148),(#7149,#7150),(#7151,#7152),
(#7153,#7154),(#7155,#7156),(#7157,#7158),(#7159,#7160),(#7161,#7162),(#7163,
#7164)),.SURF_OF_LINEAR_EXTRUSION.,.F.,.F.,.F.,(4,1,1,1,1,1,1,1,1,1,1,4),
(2,2),(0.0460055534118447,0.0750381937384563,0.104070834065068,0.13310347439168,
0.162136114718291,0.220201395371515,0.278266676024738,0.394397237331184,
0.510527798637631,0.626658359944077,0.742788921250524,0.975050043863417),
(0.,1.),.UNSPECIFIED.);
#47=B_SPLINE_SURFACE_WITH_KNOTS('',3,1,((#7201,#7202),(#7203,#7204),(#7205,
#7206),(#7207,#7208),(#7209,#7210),(#7211,#7212),(#7213,#7214),(#7215,#7216),
(#7217,#7218),(#7219,#7220),(#7221,#7222),(#7223,#7224),(#7225,#7226),(#7227,
#7228)),.SURF_OF_LINEAR_EXTRUSION.,.F.,.F.,.F.,(4,1,1,1,1,1,1,1,1,1,1,4),
(2,2),(0.046005553411841,0.0750381937384527,0.104070834065064,0.133103474391676,
0.162136114718288,0.220201395371511,0.278266676024735,0.394397237331182,
0.510527798637629,0.626658359944076,0.742788921250523,0.975050043863417),
(0.,1.),.UNSPECIFIED.);
#48=B_SPLINE_SURFACE_WITH_KNOTS('',3,1,((#7275,#7276),(#7277,#7278),(#7279,
#7280),(#7281,#7282),(#7283,#7284),(#7285,#7286),(#7287,#7288),(#7289,#7290),
(#7291,#7292),(#7293,#7294),(#7295,#7296),(#7297,#7298),(#7299,#7300),(#7301,
#7302)),.SURF_OF_LINEAR_EXTRUSION.,.F.,.F.,.F.,(4,1,1,1,1,1,1,1,1,1,1,4),
(2,2),(0.0460055534118444,0.075038193738456,0.104070834065068,0.133103474391679,
0.162136114718291,0.220201395371514,0.278266676024737,0.394397237331184,
0.510527798637631,0.626658359944077,0.742788921250524,0.975050043863417),
(0.,1.),.UNSPECIFIED.);
#49=B_SPLINE_SURFACE_WITH_KNOTS('',3,1,((#7339,#7340),(#7341,#7342),(#7343,
#7344),(#7345,#7346),(#7347,#7348),(#7349,#7350),(#7351,#7352),(#7353,#7354),
(#7355,#7356),(#7357,#7358),(#7359,#7360),(#7361,#7362),(#7363,#7364),(#7365,
#7366)),.SURF_OF_LINEAR_EXTRUSION.,.F.,.F.,.F.,(4,1,1,1,1,1,1,1,1,1,1,4),
(2,2),(0.0460055534118426,0.0750381937384543,0.104070834065066,0.133103474391678,
0.162136114718289,0.220201395371513,0.278266676024736,0.394397237331183,
0.51052779863763,0.626658359944077,0.742788921250523,0.975050043863417),
(0.,1.),.UNSPECIFIED.);
#50=B_SPLINE_CURVE_WITH_KNOTS('',3,(#3357,#3358,#3359,#3360,#3361,#3362,
#3363,#3364,#3365,#3366,#3367,#3368,#3369,#3370,#3371,#3372,#3373,#3374,
#3375,#3376,#3377,#3378,#3379,#3380,#3381,#3382,#3383,#3384,#3385,#3386,
#3387,#3388,#3389,#3390),.UNSPECIFIED.,.F.,.F.,(4,1,1,1,1,1,1,1,1,1,1,1,
1,1,1,1,1,1,1,1,1,1,1,1,1,1,1,1,1,1,1,4),(0.,0.103000416310752,0.112602086818187,
0.124997787693312,0.139664577964044,0.156295154557826,0.174680948552336,
0.19466841374522,0.216138395335842,0.238994936075389,0.263158603014358,
0.288562227667103,0.315148041388082,0.342865668217029,0.371670670958546,
0.401523468631775,0.432388511559897,0.464233640246041,0.497029578518293,
0.530749526817626,0.565368831540411,0.600864713071815,0.637216039758935,
0.674403138303366,0.712407633358659,0.751212310791611,0.790801000299535,
0.831158473997035,0.872270358283008,0.91412305683221,0.956703682968573,
0.975050043863417),.UNSPECIFIED.);
#51=B_SPLINE_CURVE_WITH_KNOTS('',3,(#3398,#3399,#3400,#3401,#3402,#3403,
#3404,#3405,#3406,#3407,#3408,#3409,#3410,#3411,#3412,#3413,#3414,#3415,
#3416,#3417,#3418,#3419,#3420,#3421,#3422,#3423,#3424,#3425,#3426,#3427,
#3428,#3429,#3430,#3431),.UNSPECIFIED.,.F.,.F.,(4,1,1,1,1,1,1,1,1,1,1,1,
1,1,1,1,1,1,1,1,1,1,1,1,1,1,1,1,1,1,1,4),(0.,0.103000416310752,0.112602086818187,
0.124997787693312,0.139664577964044,0.156295154557826,0.174680948552336,
0.19466841374522,0.216138395335842,0.238994936075389,0.263158603014358,
0.288562227667103,0.315148041388082,0.342865668217029,0.371670670958546,
0.401523468631775,0.432388511559897,0.464233640246041,0.497029578518293,
0.530749526817626,0.565368831540411,0.600864713071815,0.637216039758935,
0.674403138303366,0.712407633358659,0.751212310791611,0.790801000299535,
0.831158473997035,0.872270358283008,0.91412305683221,0.956703682968573,
0.975050043863417),.UNSPECIFIED.);
#52=B_SPLINE_CURVE_WITH_KNOTS('',3,(#3432,#3433,#3434,#3435,#3436,#3437,
#3438,#3439,#3440,#3441,#3442,#3443,#3444,#3445,#3446,#3447,#3448,#3449,
#3450,#3451,#3452,#3453,#3454,#3455,#3456,#3457,#3458,#3459,#3460,#3461,
#3462,#3463,#3464,#3465),.UNSPECIFIED.,.F.,.F.,(4,1,1,1,1,1,1,1,1,1,1,1,
1,1,1,1,1,1,1,1,1,1,1,1,1,1,1,1,1,1,1,4),(0.,0.103000416310752,0.112602086818187,
0.124997787693312,0.139664577964044,0.156295154557826,0.174680948552336,
0.19466841374522,0.216138395335842,0.238994936075389,0.263158603014358,
0.288562227667103,0.315148041388082,0.342865668217029,0.371670670958546,
0.401523468631775,0.432388511559897,0.464233640246041,0.497029578518293,
0.530749526817626,0.565368831540411,0.600864713071815,0.637216039758935,
0.674403138303366,0.712407633358659,0.751212310791611,0.790801000299535,
0.831158473997035,0.872270358283008,0.91412305683221,0.956703682968573,
0.975050043863417),.UNSPECIFIED.);
#53=B_SPLINE_CURVE_WITH_KNOTS('',3,(#3473,#3474,#3475,#3476,#3477,#3478,
#3479,#3480,#3481,#3482,#3483,#3484,#3485,#3486,#3487,#3488,#3489,#3490,
#3491,#3492,#3493,#3494,#3495,#3496,#3497,#3498,#3499,#3500,#3501,#3502,
#3503,#3504,#3505,#3506),.UNSPECIFIED.,.F.,.F.,(4,1,1,1,1,1,1,1,1,1,1,1,
1,1,1,1,1,1,1,1,1,1,1,1,1,1,1,1,1,1,1,4),(0.,0.103000416310752,0.112602086818187,
0.124997787693312,0.139664577964044,0.156295154557826,0.174680948552336,
0.19466841374522,0.216138395335842,0.238994936075389,0.263158603014358,
0.288562227667103,0.315148041388082,0.342865668217029,0.371670670958546,
0.401523468631775,0.432388511559897,0.464233640246041,0.497029578518293,
0.530749526817626,0.565368831540411,0.600864713071815,0.637216039758935,
0.674403138303366,0.712407633358659,0.751212310791611,0.790801000299535,
0.831158473997035,0.872270358283008,0.91412305683221,0.956703682968573,
0.975050043863417),.UNSPECIFIED.);
#54=B_SPLINE_CURVE_WITH_KNOTS('',3,(#3510,#3511,#3512,#3513,#3514,#3515,
#3516,#3517,#3518,#3519,#3520,#3521,#3522,#3523,#3524,#3525,#3526,#3527,
#3528,#3529,#3530,#3531,#3532,#3533,#3534,#3535,#3536,#3537,#3538,#3539,
#3540,#3541,#3542,#3543),.UNSPECIFIED.,.F.,.F.,(4,1,1,1,1,1,1,1,1,1,1,1,
1,1,1,1,1,1,1,1,1,1,1,1,1,1,1,1,1,1,1,4),(0.,0.103000416310752,0.112602086818187,
0.124997787693312,0.139664577964044,0.156295154557826,0.174680948552336,
0.19466841374522,0.216138395335842,0.238994936075389,0.263158603014358,
0.288562227667103,0.315148041388082,0.342865668217029,0.371670670958546,
0.401523468631775,0.432388511559897,0.464233640246041,0.497029578518293,
0.530749526817626,0.565368831540411,0.600864713071815,0.637216039758935,
0.674403138303366,0.712407633358659,0.751212310791611,0.790801000299535,
0.831158473997035,0.872270358283008,0.91412305683221,0.956703682968573,
0.975050043863417),.UNSPECIFIED.);
#55=B_SPLINE_CURVE_WITH_KNOTS('',3,(#3551,#3552,#3553,#3554,#3555,#3556,
#3557,#3558,#3559,#3560,#3561,#3562,#3563,#3564,#3565,#3566,#3567,#3568,
#3569,#3570,#3571,#3572,#3573,#3574,#3575,#3576,#3577,#3578,#3579,#3580,
#3581,#3582,#3583,#3584),.UNSPECIFIED.,.F.,.F.,(4,1,1,1,1,1,1,1,1,1,1,1,
1,1,1,1,1,1,1,1,1,1,1,1,1,1,1,1,1,1,1,4),(0.,0.103000416310752,0.112602086818187,
0.124997787693312,0.139664577964044,0.156295154557826,0.174680948552336,
0.19466841374522,0.216138395335842,0.238994936075389,0.263158603014358,
0.288562227667103,0.315148041388082,0.342865668217029,0.371670670958546,
0.401523468631775,0.432388511559897,0.464233640246041,0.497029578518293,
0.530749526817626,0.565368831540411,0.600864713071815,0.637216039758935,
0.674403138303366,0.712407633358659,0.751212310791611,0.790801000299535,
0.831158473997035,0.872270358283008,0.91412305683221,0.956703682968573,
0.975050043863417),.UNSPECIFIED.);
#56=B_SPLINE_CURVE_WITH_KNOTS('',3,(#3585,#3586,#3587,#3588,#3589,#3590,
#3591,#3592,#3593,#3594,#3595,#3596,#3597,#3598,#3599,#3600,#3601,#3602,
#3603,#3604,#3605,#3606,#3607,#3608,#3609,#3610,#3611,#3612,#3613,#3614,
#3615,#3616,#3617,#3618),.UNSPECIFIED.,.F.,.F.,(4,1,1,1,1,1,1,1,1,1,1,1,
1,1,1,1,1,1,1,1,1,1,1,1,1,1,1,1,1,1,1,4),(0.,0.103000416310752,0.112602086818187,
0.124997787693312,0.139664577964044,0.156295154557826,0.174680948552336,
0.19466841374522,0.216138395335842,0.238994936075389,0.263158603014358,
0.288562227667103,0.315148041388082,0.342865668217029,0.371670670958546,
0.401523468631775,0.432388511559897,0.464233640246041,0.497029578518293,
0.530749526817626,0.565368831540411,0.600864713071815,0.637216039758935,
0.674403138303366,0.712407633358659,0.751212310791611,0.790801000299535,
0.831158473997035,0.872270358283008,0.91412305683221,0.956703682968573,
0.975050043863417),.UNSPECIFIED.);
#57=B_SPLINE_CURVE_WITH_KNOTS('',3,(#3626,#3627,#3628,#3629,#3630,#3631,
#3632,#3633,#3634,#3635,#3636,#3637,#3638,#3639,#3640,#3641,#3642,#3643,
#3644,#3645,#3646,#3647,#3648,#3649,#3650,#3651,#3652,#3653,#3654,#3655,
#3656,#3657,#3658,#3659),.UNSPECIFIED.,.F.,.F.,(4,1,1,1,1,1,1,1,1,1,1,1,
1,1,1,1,1,1,1,1,1,1,1,1,1,1,1,1,1,1,1,4),(0.,0.103000416310752,0.112602086818187,
0.124997787693312,0.139664577964044,0.156295154557826,0.174680948552336,
0.19466841374522,0.216138395335842,0.238994936075389,0.263158603014358,
0.288562227667103,0.315148041388082,0.342865668217029,0.371670670958546,
0.401523468631775,0.432388511559897,0.464233640246041,0.497029578518293,
0.530749526817626,0.565368831540411,0.600864713071815,0.637216039758935,
0.674403138303366,0.712407633358659,0.751212310791611,0.790801000299535,
0.831158473997035,0.872270358283008,0.91412305683221,0.956703682968573,
0.975050043863417),.UNSPECIFIED.);
#58=B_SPLINE_CURVE_WITH_KNOTS('',3,(#3660,#3661,#3662,#3663,#3664,#3665,
#3666,#3667,#3668,#3669,#3670,#3671,#3672,#3673,#3674,#3675,#3676,#3677,
#3678,#3679,#3680,#3681,#3682,#3683,#3684,#3685,#3686,#3687,#3688,#3689,
#3690,#3691,#3692,#3693),.UNSPECIFIED.,.F.,.F.,(4,1,1,1,1,1,1,1,1,1,1,1,
1,1,1,1,1,1,1,1,1,1,1,1,1,1,1,1,1,1,1,4),(0.,0.103000416310752,0.112602086818187,
0.124997787693312,0.139664577964044,0.156295154557826,0.174680948552336,
0.19466841374522,0.216138395335842,0.238994936075389,0.263158603014358,
0.288562227667103,0.315148041388082,0.342865668217029,0.371670670958546,
0.401523468631775,0.432388511559897,0.464233640246041,0.497029578518293,
0.530749526817626,0.565368831540411,0.600864713071815,0.637216039758935,
0.674403138303366,0.712407633358659,0.751212310791611,0.790801000299535,
0.831158473997035,0.872270358283008,0.91412305683221,0.956703682968573,
0.975050043863417),.UNSPECIFIED.);
#59=B_SPLINE_CURVE_WITH_KNOTS('',3,(#3701,#3702,#3703,#3704,#3705,#3706,
#3707,#3708,#3709,#3710,#3711,#3712,#3713,#3714,#3715,#3716,#3717,#3718,
#3719,#3720,#3721,#3722,#3723,#3724,#3725,#3726,#3727,#3728,#3729,#3730,
#3731,#3732,#3733,#3734),.UNSPECIFIED.,.F.,.F.,(4,1,1,1,1,1,1,1,1,1,1,1,
1,1,1,1,1,1,1,1,1,1,1,1,1,1,1,1,1,1,1,4),(0.,0.103000416310752,0.112602086818187,
0.124997787693312,0.139664577964044,0.156295154557826,0.174680948552336,
0.19466841374522,0.216138395335842,0.238994936075389,0.263158603014358,
0.288562227667103,0.315148041388082,0.342865668217029,0.371670670958546,
0.401523468631775,0.432388511559897,0.464233640246041,0.497029578518293,
0.530749526817626,0.565368831540411,0.600864713071815,0.637216039758935,
0.674403138303366,0.712407633358659,0.751212310791611,0.790801000299535,
0.831158473997035,0.872270358283008,0.91412305683221,0.956703682968573,
0.975050043863417),.UNSPECIFIED.);
#60=B_SPLINE_CURVE_WITH_KNOTS('',3,(#3735,#3736,#3737,#3738,#3739,#3740,
#3741,#3742,#3743,#3744,#3745,#3746,#3747,#3748,#3749,#3750,#3751,#3752,
#3753,#3754,#3755,#3756,#3757,#3758,#3759,#3760,#3761,#3762,#3763,#3764,
#3765,#3766,#3767,#3768),.UNSPECIFIED.,.F.,.F.,(4,1,1,1,1,1,1,1,1,1,1,1,
1,1,1,1,1,1,1,1,1,1,1,1,1,1,1,1,1,1,1,4),(0.,0.103000416310752,0.112602086818187,
0.124997787693312,0.139664577964044,0.156295154557826,0.174680948552336,
0.19466841374522,0.216138395335842,0.238994936075389,0.263158603014358,
0.288562227667103,0.315148041388082,0.342865668217029,0.371670670958546,
0.401523468631775,0.432388511559897,0.464233640246041,0.497029578518293,
0.530749526817626,0.565368831540411,0.600864713071815,0.637216039758935,
0.674403138303366,0.712407633358659,0.751212310791611,0.790801000299535,
0.831158473997035,0.872270358283008,0.91412305683221,0.956703682968573,
0.975050043863417),.UNSPECIFIED.);
#61=B_SPLINE_CURVE_WITH_KNOTS('',3,(#3776,#3777,#3778,#3779,#3780,#3781,
#3782,#3783,#3784,#3785,#3786,#3787,#3788,#3789,#3790,#3791,#3792,#3793,
#3794,#3795,#3796,#3797,#3798,#3799,#3800,#3801,#3802,#3803,#3804,#3805,
#3806,#3807,#3808,#3809),.UNSPECIFIED.,.F.,.F.,(4,1,1,1,1,1,1,1,1,1,1,1,
1,1,1,1,1,1,1,1,1,1,1,1,1,1,1,1,1,1,1,4),(0.,0.103000416310752,0.112602086818187,
0.124997787693312,0.139664577964044,0.156295154557826,0.174680948552336,
0.19466841374522,0.216138395335842,0.238994936075389,0.263158603014358,
0.288562227667103,0.315148041388082,0.342865668217029,0.371670670958546,
0.401523468631775,0.432388511559897,0.464233640246041,0.497029578518293,
0.530749526817626,0.565368831540411,0.600864713071815,0.637216039758935,
0.674403138303366,0.712407633358659,0.751212310791611,0.790801000299535,
0.831158473997035,0.872270358283008,0.91412305683221,0.956703682968573,
0.975050043863417),.UNSPECIFIED.);
#62=B_SPLINE_CURVE_WITH_KNOTS('',3,(#3810,#3811,#3812,#3813,#3814,#3815,
#3816,#3817,#3818,#3819,#3820,#3821,#3822,#3823,#3824,#3825,#3826,#3827,
#3828,#3829,#3830,#3831,#3832,#3833,#3834,#3835,#3836,#3837,#3838,#3839,
#3840,#3841,#3842,#3843),.UNSPECIFIED.,.F.,.F.,(4,1,1,1,1,1,1,1,1,1,1,1,
1,1,1,1,1,1,1,1,1,1,1,1,1,1,1,1,1,1,1,4),(0.,0.103000416310752,0.112602086818187,
0.124997787693312,0.139664577964044,0.156295154557826,0.174680948552336,
0.19466841374522,0.216138395335842,0.238994936075389,0.263158603014358,
0.288562227667103,0.315148041388082,0.342865668217029,0.371670670958546,
0.401523468631775,0.432388511559897,0.464233640246041,0.497029578518293,
0.530749526817626,0.565368831540411,0.600864713071815,0.637216039758935,
0.674403138303366,0.712407633358659,0.751212310791611,0.790801000299535,
0.831158473997035,0.872270358283008,0.91412305683221,0.956703682968573,
0.975050043863417),.UNSPECIFIED.);
#63=B_SPLINE_CURVE_WITH_KNOTS('',3,(#3851,#3852,#3853,#3854,#3855,#3856,
#3857,#3858,#3859,#3860,#3861,#3862,#3863,#3864,#3865,#3866,#3867,#3868,
#3869,#3870,#3871,#3872,#3873,#3874,#3875,#3876,#3877,#3878,#3879,#3880,
#3881,#3882,#3883,#3884),.UNSPECIFIED.,.F.,.F.,(4,1,1,1,1,1,1,1,1,1,1,1,
1,1,1,1,1,1,1,1,1,1,1,1,1,1,1,1,1,1,1,4),(0.,0.103000416310752,0.112602086818187,
0.124997787693312,0.139664577964044,0.156295154557826,0.174680948552336,
0.19466841374522,0.216138395335842,0.238994936075389,0.263158603014358,
0.288562227667103,0.315148041388082,0.342865668217029,0.371670670958546,
0.401523468631775,0.432388511559897,0.464233640246041,0.497029578518293,
0.530749526817626,0.565368831540411,0.600864713071815,0.637216039758935,
0.674403138303366,0.712407633358659,0.751212310791611,0.790801000299535,
0.831158473997035,0.872270358283008,0.91412305683221,0.956703682968573,
0.975050043863417),.UNSPECIFIED.);
#64=B_SPLINE_CURVE_WITH_KNOTS('',3,(#3885,#3886,#3887,#3888,#3889,#3890,
#3891,#3892,#3893,#3894,#3895,#3896,#3897,#3898,#3899,#3900,#3901,#3902,
#3903,#3904,#3905,#3906,#3907,#3908,#3909,#3910,#3911,#3912,#3913,#3914,
#3915,#3916,#3917,#3918),.UNSPECIFIED.,.F.,.F.,(4,1,1,1,1,1,1,1,1,1,1,1,
1,1,1,1,1,1,1,1,1,1,1,1,1,1,1,1,1,1,1,4),(0.,0.103000416310752,0.112602086818187,
0.124997787693312,0.139664577964044,0.156295154557826,0.174680948552336,
0.19466841374522,0.216138395335842,0.238994936075389,0.263158603014358,
0.288562227667103,0.315148041388082,0.342865668217029,0.371670670958546,
0.401523468631775,0.432388511559897,0.464233640246041,0.497029578518293,
0.530749526817626,0.565368831540411,0.600864713071815,0.637216039758935,
0.674403138303366,0.712407633358659,0.751212310791611,0.790801000299535,
0.831158473997035,0.872270358283008,0.91412305683221,0.956703682968573,
0.975050043863417),.UNSPECIFIED.);
#65=B_SPLINE_CURVE_WITH_KNOTS('',3,(#3926,#3927,#3928,#3929,#3930,#3931,
#3932,#3933,#3934,#3935,#3936,#3937,#3938,#3939,#3940,#3941,#3942,#3943,
#3944,#3945,#3946,#3947,#3948,#3949,#3950,#3951,#3952,#3953,#3954,#3955,
#3956,#3957,#3958,#3959),.UNSPECIFIED.,.F.,.F.,(4,1,1,1,1,1,1,1,1,1,1,1,
1,1,1,1,1,1,1,1,1,1,1,1,1,1,1,1,1,1,1,4),(0.,0.103000416310752,0.112602086818187,
0.124997787693312,0.139664577964044,0.156295154557826,0.174680948552336,
0.19466841374522,0.216138395335842,0.238994936075389,0.263158603014358,
0.288562227667103,0.315148041388082,0.342865668217029,0.371670670958546,
0.401523468631775,0.432388511559897,0.464233640246041,0.497029578518293,
0.530749526817626,0.565368831540411,0.600864713071815,0.637216039758935,
0.674403138303366,0.712407633358659,0.751212310791611,0.790801000299535,
0.831158473997035,0.872270358283008,0.91412305683221,0.956703682968573,
0.975050043863417),.UNSPECIFIED.);
#66=B_SPLINE_CURVE_WITH_KNOTS('',3,(#3960,#3961,#3962,#3963,#3964,#3965,
#3966,#3967,#3968,#3969,#3970,#3971,#3972,#3973,#3974,#3975,#3976,#3977,
#3978,#3979,#3980,#3981,#3982,#3983,#3984,#3985,#3986,#3987,#3988,#3989,
#3990,#3991,#3992,#3993),.UNSPECIFIED.,.F.,.F.,(4,1,1,1,1,1,1,1,1,1,1,1,
1,1,1,1,1,1,1,1,1,1,1,1,1,1,1,1,1,1,1,4),(0.,0.103000416310752,0.112602086818187,
0.124997787693312,0.139664577964044,0.156295154557826,0.174680948552336,
0.19466841374522,0.216138395335842,0.238994936075389,0.263158603014358,
0.288562227667103,0.315148041388082,0.342865668217029,0.371670670958546,
0.401523468631775,0.432388511559897,0.464233640246041,0.497029578518293,
0.530749526817626,0.565368831540411,0.600864713071815,0.637216039758935,
0.674403138303366,0.712407633358659,0.751212310791611,0.790801000299535,
0.831158473997035,0.872270358283008,0.91412305683221,0.956703682968573,
0.975050043863417),.UNSPECIFIED.);
#67=B_SPLINE_CURVE_WITH_KNOTS('',3,(#4001,#4002,#4003,#4004,#4005,#4006,
#4007,#4008,#4009,#4010,#4011,#4012,#4013,#4014,#4015,#4016,#4017,#4018,
#4019,#4020,#4021,#4022,#4023,#4024,#4025,#4026,#4027,#4028,#4029,#4030,
#4031,#4032,#4033,#4034),.UNSPECIFIED.,.F.,.F.,(4,1,1,1,1,1,1,1,1,1,1,1,
1,1,1,1,1,1,1,1,1,1,1,1,1,1,1,1,1,1,1,4),(0.,0.103000416310752,0.112602086818187,
0.124997787693312,0.139664577964044,0.156295154557826,0.174680948552336,
0.19466841374522,0.216138395335842,0.238994936075389,0.263158603014358,
0.288562227667103,0.315148041388082,0.342865668217029,0.371670670958546,
0.401523468631775,0.432388511559897,0.464233640246041,0.497029578518293,
0.530749526817626,0.565368831540411,0.600864713071815,0.637216039758935,
0.674403138303366,0.712407633358659,0.751212310791611,0.790801000299535,
0.831158473997035,0.872270358283008,0.91412305683221,0.956703682968573,
0.975050043863417),.UNSPECIFIED.);
#68=B_SPLINE_CURVE_WITH_KNOTS('',3,(#4035,#4036,#4037,#4038,#4039,#4040,
#4041,#4042,#4043,#4044,#4045,#4046,#4047,#4048,#4049,#4050,#4051,#4052,
#4053,#4054,#4055,#4056,#4057,#4058,#4059,#4060,#4061,#4062,#4063,#4064,
#4065,#4066,#4067,#4068),.UNSPECIFIED.,.F.,.F.,(4,1,1,1,1,1,1,1,1,1,1,1,
1,1,1,1,1,1,1,1,1,1,1,1,1,1,1,1,1,1,1,4),(0.,0.103000416310752,0.112602086818187,
0.124997787693312,0.139664577964044,0.156295154557826,0.174680948552336,
0.19466841374522,0.216138395335842,0.238994936075389,0.263158603014358,
0.288562227667103,0.315148041388082,0.342865668217029,0.371670670958546,
0.401523468631775,0.432388511559897,0.464233640246041,0.497029578518293,
0.530749526817626,0.565368831540411,0.600864713071815,0.637216039758935,
0.674403138303366,0.712407633358659,0.751212310791611,0.790801000299535,
0.831158473997035,0.872270358283008,0.91412305683221,0.956703682968573,
0.975050043863417),.UNSPECIFIED.);
#69=B_SPLINE_CURVE_WITH_KNOTS('',3,(#4076,#4077,#4078,#4079,#4080,#4081,
#4082,#4083,#4084,#4085,#4086,#4087,#4088,#4089,#4090,#4091,#4092,#4093,
#4094,#4095,#4096,#4097,#4098,#4099,#4100,#4101,#4102,#4103,#4104,#4105,
#4106,#4107,#4108,#4109),.UNSPECIFIED.,.F.,.F.,(4,1,1,1,1,1,1,1,1,1,1,1,
1,1,1,1,1,1,1,1,1,1,1,1,1,1,1,1,1,1,1,4),(0.,0.103000416310752,0.112602086818187,
0.124997787693312,0.139664577964044,0.156295154557826,0.174680948552336,
0.19466841374522,0.216138395335842,0.238994936075389,0.263158603014358,
0.288562227667103,0.315148041388082,0.342865668217029,0.371670670958546,
0.401523468631775,0.432388511559897,0.464233640246041,0.497029578518293,
0.530749526817626,0.565368831540411,0.600864713071815,0.637216039758935,
0.674403138303366,0.712407633358659,0.751212310791611,0.790801000299535,
0.831158473997035,0.872270358283008,0.91412305683221,0.956703682968573,
0.975050043863417),.UNSPECIFIED.);
#70=B_SPLINE_CURVE_WITH_KNOTS('',3,(#4110,#4111,#4112,#4113,#4114,#4115,
#4116,#4117,#4118,#4119,#4120,#4121,#4122,#4123,#4124,#4125,#4126,#4127,
#4128,#4129,#4130,#4131,#4132,#4133,#4134,#4135,#4136,#4137,#4138,#4139,
#4140,#4141,#4142,#4143),.UNSPECIFIED.,.F.,.F.,(4,1,1,1,1,1,1,1,1,1,1,1,
1,1,1,1,1,1,1,1,1,1,1,1,1,1,1,1,1,1,1,4),(0.,0.103000416310752,0.112602086818187,
0.124997787693312,0.139664577964044,0.156295154557826,0.174680948552336,
0.19466841374522,0.216138395335842,0.238994936075389,0.263158603014358,
0.288562227667103,0.315148041388082,0.342865668217029,0.371670670958546,
0.401523468631775,0.432388511559897,0.464233640246041,0.497029578518293,
0.530749526817626,0.565368831540411,0.600864713071815,0.637216039758935,
0.674403138303366,0.712407633358659,0.751212310791611,0.790801000299535,
0.831158473997035,0.872270358283008,0.91412305683221,0.956703682968573,
0.975050043863417),.UNSPECIFIED.);
#71=B_SPLINE_CURVE_WITH_KNOTS('',3,(#4151,#4152,#4153,#4154,#4155,#4156,
#4157,#4158,#4159,#4160,#4161,#4162,#4163,#4164,#4165,#4166,#4167,#4168,
#4169,#4170,#4171,#4172,#4173,#4174,#4175,#4176,#4177,#4178,#4179,#4180,
#4181,#4182,#4183,#4184),.UNSPECIFIED.,.F.,.F.,(4,1,1,1,1,1,1,1,1,1,1,1,
1,1,1,1,1,1,1,1,1,1,1,1,1,1,1,1,1,1,1,4),(0.,0.103000416310752,0.112602086818187,
0.124997787693312,0.139664577964044,0.156295154557826,0.174680948552336,
0.19466841374522,0.216138395335842,0.238994936075389,0.263158603014358,
0.288562227667103,0.315148041388082,0.342865668217029,0.371670670958546,
0.401523468631775,0.432388511559897,0.464233640246041,0.497029578518293,
0.530749526817626,0.565368831540411,0.600864713071815,0.637216039758935,
0.674403138303366,0.712407633358659,0.751212310791611,0.790801000299535,
0.831158473997035,0.872270358283008,0.91412305683221,0.956703682968573,
0.975050043863417),.UNSPECIFIED.);
#72=B_SPLINE_CURVE_WITH_KNOTS('',3,(#4185,#4186,#4187,#4188,#4189,#4190,
#4191,#4192,#4193,#4194,#4195,#4196,#4197,#4198,#4199,#4200,#4201,#4202,
#4203,#4204,#4205,#4206,#4207,#4208,#4209,#4210,#4211,#4212,#4213,#4214,
#4215,#4216,#4217,#4218),.UNSPECIFIED.,.F.,.F.,(4,1,1,1,1,1,1,1,1,1,1,1,
1,1,1,1,1,1,1,1,1,1,1,1,1,1,1,1,1,1,1,4),(0.,0.103000416310752,0.112602086818187,
0.124997787693312,0.139664577964044,0.156295154557826,0.174680948552336,
0.19466841374522,0.216138395335842,0.238994936075389,0.263158603014358,
0.288562227667103,0.315148041388082,0.342865668217029,0.371670670958546,
0.401523468631775,0.432388511559897,0.464233640246041,0.497029578518293,
0.530749526817626,0.565368831540411,0.600864713071815,0.637216039758935,
0.674403138303366,0.712407633358659,0.751212310791611,0.790801000299535,
0.831158473997035,0.872270358283008,0.91412305683221,0.956703682968573,
0.975050043863417),.UNSPECIFIED.);
#73=B_SPLINE_CURVE_WITH_KNOTS('',3,(#4226,#4227,#4228,#4229,#4230,#4231,
#4232,#4233,#4234,#4235,#4236,#4237,#4238,#4239,#4240,#4241,#4242,#4243,
#4244,#4245,#4246,#4247,#4248,#4249,#4250,#4251,#4252,#4253,#4254,#4255,
#4256,#4257,#4258,#4259),.UNSPECIFIED.,.F.,.F.,(4,1,1,1,1,1,1,1,1,1,1,1,
1,1,1,1,1,1,1,1,1,1,1,1,1,1,1,1,1,1,1,4),(0.,0.103000416310752,0.112602086818187,
0.124997787693312,0.139664577964044,0.156295154557826,0.174680948552336,
0.19466841374522,0.216138395335842,0.238994936075389,0.263158603014358,
0.288562227667103,0.315148041388082,0.342865668217029,0.371670670958546,
0.401523468631775,0.432388511559897,0.464233640246041,0.497029578518293,
0.530749526817626,0.565368831540411,0.600864713071815,0.637216039758935,
0.674403138303366,0.712407633358659,0.751212310791611,0.790801000299535,
0.831158473997035,0.872270358283008,0.91412305683221,0.956703682968573,
0.975050043863417),.UNSPECIFIED.);
#74=B_SPLINE_CURVE_WITH_KNOTS('',3,(#4260,#4261,#4262,#4263,#4264,#4265,
#4266,#4267,#4268,#4269,#4270,#4271,#4272,#4273,#4274,#4275,#4276,#4277,
#4278,#4279,#4280,#4281,#4282,#4283,#4284,#4285,#4286,#4287,#4288,#4289,
#4290,#4291,#4292,#4293),.UNSPECIFIED.,.F.,.F.,(4,1,1,1,1,1,1,1,1,1,1,1,
1,1,1,1,1,1,1,1,1,1,1,1,1,1,1,1,1,1,1,4),(0.,0.103000416310752,0.112602086818187,
0.124997787693312,0.139664577964044,0.156295154557826,0.174680948552336,
0.19466841374522,0.216138395335842,0.238994936075389,0.263158603014358,
0.288562227667103,0.315148041388082,0.342865668217029,0.371670670958546,
0.401523468631775,0.432388511559897,0.464233640246041,0.497029578518293,
0.530749526817626,0.565368831540411,0.600864713071815,0.637216039758935,
0.674403138303366,0.712407633358659,0.751212310791611,0.790801000299535,
0.831158473997035,0.872270358283008,0.91412305683221,0.956703682968573,
0.975050043863417),.UNSPECIFIED.);
#75=B_SPLINE_CURVE_WITH_KNOTS('',3,(#4301,#4302,#4303,#4304,#4305,#4306,
#4307,#4308,#4309,#4310,#4311,#4312,#4313,#4314,#4315,#4316,#4317,#4318,
#4319,#4320,#4321,#4322,#4323,#4324,#4325,#4326,#4327,#4328,#4329,#4330,
#4331,#4332,#4333,#4334),.UNSPECIFIED.,.F.,.F.,(4,1,1,1,1,1,1,1,1,1,1,1,
1,1,1,1,1,1,1,1,1,1,1,1,1,1,1,1,1,1,1,4),(0.,0.103000416310752,0.112602086818187,
0.124997787693312,0.139664577964044,0.156295154557826,0.174680948552336,
0.19466841374522,0.216138395335842,0.238994936075389,0.263158603014358,
0.288562227667103,0.315148041388082,0.342865668217029,0.371670670958546,
0.401523468631775,0.432388511559897,0.464233640246041,0.497029578518293,
0.530749526817626,0.565368831540411,0.600864713071815,0.637216039758935,
0.674403138303366,0.712407633358659,0.751212310791611,0.790801000299535,
0.831158473997035,0.872270358283008,0.91412305683221,0.956703682968573,
0.975050043863417),.UNSPECIFIED.);
#76=B_SPLINE_CURVE_WITH_KNOTS('',3,(#4335,#4336,#4337,#4338,#4339,#4340,
#4341,#4342,#4343,#4344,#4345,#4346,#4347,#4348,#4349,#4350,#4351,#4352,
#4353,#4354,#4355,#4356,#4357,#4358,#4359,#4360,#4361,#4362,#4363,#4364,
#4365,#4366,#4367,#4368),.UNSPECIFIED.,.F.,.F.,(4,1,1,1,1,1,1,1,1,1,1,1,
1,1,1,1,1,1,1,1,1,1,1,1,1,1,1,1,1,1,1,4),(0.,0.103000416310752,0.112602086818187,
0.124997787693312,0.139664577964044,0.156295154557826,0.174680948552336,
0.19466841374522,0.216138395335842,0.238994936075389,0.263158603014358,
0.288562227667103,0.315148041388082,0.342865668217029,0.371670670958546,
0.401523468631775,0.432388511559897,0.464233640246041,0.497029578518293,
0.530749526817626,0.565368831540411,0.600864713071815,0.637216039758935,
0.674403138303366,0.712407633358659,0.751212310791611,0.790801000299535,
0.831158473997035,0.872270358283008,0.91412305683221,0.956703682968573,
0.975050043863417),.UNSPECIFIED.);
#77=B_SPLINE_CURVE_WITH_KNOTS('',3,(#4376,#4377,#4378,#4379,#4380,#4381,
#4382,#4383,#4384,#4385,#4386,#4387,#4388,#4389,#4390,#4391,#4392,#4393,
#4394,#4395,#4396,#4397,#4398,#4399,#4400,#4401,#4402,#4403,#4404,#4405,
#4406,#4407,#4408,#4409),.UNSPECIFIED.,.F.,.F.,(4,1,1,1,1,1,1,1,1,1,1,1,
1,1,1,1,1,1,1,1,1,1,1,1,1,1,1,1,1,1,1,4),(0.,0.103000416310752,0.112602086818187,
0.124997787693312,0.139664577964044,0.156295154557826,0.174680948552336,
0.19466841374522,0.216138395335842,0.238994936075389,0.263158603014358,
0.288562227667103,0.315148041388082,0.342865668217029,0.371670670958546,
0.401523468631775,0.432388511559897,0.464233640246041,0.497029578518293,
0.530749526817626,0.565368831540411,0.600864713071815,0.637216039758935,
0.674403138303366,0.712407633358659,0.751212310791611,0.790801000299535,
0.831158473997035,0.872270358283008,0.91412305683221,0.956703682968573,
0.975050043863417),.UNSPECIFIED.);
#78=B_SPLINE_CURVE_WITH_KNOTS('',3,(#4410,#4411,#4412,#4413,#4414,#4415,
#4416,#4417,#4418,#4419,#4420,#4421,#4422,#4423,#4424,#4425,#4426,#4427,
#4428,#4429,#4430,#4431,#4432,#4433,#4434,#4435,#4436,#4437,#4438,#4439,
#4440,#4441,#4442,#4443),.UNSPECIFIED.,.F.,.F.,(4,1,1,1,1,1,1,1,1,1,1,1,
1,1,1,1,1,1,1,1,1,1,1,1,1,1,1,1,1,1,1,4),(0.,0.103000416310752,0.112602086818187,
0.124997787693312,0.139664577964044,0.156295154557826,0.174680948552336,
0.19466841374522,0.216138395335842,0.238994936075389,0.263158603014358,
0.288562227667103,0.315148041388082,0.342865668217029,0.371670670958546,
0.401523468631775,0.432388511559897,0.464233640246041,0.497029578518293,
0.530749526817626,0.565368831540411,0.600864713071815,0.637216039758935,
0.674403138303366,0.712407633358659,0.751212310791611,0.790801000299535,
0.831158473997035,0.872270358283008,0.91412305683221,0.956703682968573,
0.975050043863417),.UNSPECIFIED.);
#79=B_SPLINE_CURVE_WITH_KNOTS('',3,(#4451,#4452,#4453,#4454,#4455,#4456,
#4457,#4458,#4459,#4460,#4461,#4462,#4463,#4464,#4465,#4466,#4467,#4468,
#4469,#4470,#4471,#4472,#4473,#4474,#4475,#4476,#4477,#4478,#4479,#4480,
#4481,#4482,#4483,#4484),.UNSPECIFIED.,.F.,.F.,(4,1,1,1,1,1,1,1,1,1,1,1,
1,1,1,1,1,1,1,1,1,1,1,1,1,1,1,1,1,1,1,4),(0.,0.103000416310752,0.112602086818187,
0.124997787693312,0.139664577964044,0.156295154557826,0.174680948552336,
0.19466841374522,0.216138395335842,0.238994936075389,0.263158603014358,
0.288562227667103,0.315148041388082,0.342865668217029,0.371670670958546,
0.401523468631775,0.432388511559897,0.464233640246041,0.497029578518293,
0.530749526817626,0.565368831540411,0.600864713071815,0.637216039758935,
0.674403138303366,0.712407633358659,0.751212310791611,0.790801000299535,
0.831158473997035,0.872270358283008,0.91412305683221,0.956703682968573,
0.975050043863417),.UNSPECIFIED.);
#80=B_SPLINE_CURVE_WITH_KNOTS('',3,(#4485,#4486,#4487,#4488,#4489,#4490,
#4491,#4492,#4493,#4494,#4495,#4496,#4497,#4498,#4499,#4500,#4501,#4502,
#4503,#4504,#4505,#4506,#4507,#4508,#4509,#4510,#4511,#4512,#4513,#4514,
#4515,#4516,#4517,#4518),.UNSPECIFIED.,.F.,.F.,(4,1,1,1,1,1,1,1,1,1,1,1,
1,1,1,1,1,1,1,1,1,1,1,1,1,1,1,1,1,1,1,4),(0.,0.103000416310752,0.112602086818187,
0.124997787693312,0.139664577964044,0.156295154557826,0.174680948552336,
0.19466841374522,0.216138395335842,0.238994936075389,0.263158603014358,
0.288562227667103,0.315148041388082,0.342865668217029,0.371670670958546,
0.401523468631775,0.432388511559897,0.464233640246041,0.497029578518293,
0.530749526817626,0.565368831540411,0.600864713071815,0.637216039758935,
0.674403138303366,0.712407633358659,0.751212310791611,0.790801000299535,
0.831158473997035,0.872270358283008,0.91412305683221,0.956703682968573,
0.975050043863417),.UNSPECIFIED.);
#81=B_SPLINE_CURVE_WITH_KNOTS('',3,(#4526,#4527,#4528,#4529,#4530,#4531,
#4532,#4533,#4534,#4535,#4536,#4537,#4538,#4539,#4540,#4541,#4542,#4543,
#4544,#4545,#4546,#4547,#4548,#4549,#4550,#4551,#4552,#4553,#4554,#4555,
#4556,#4557,#4558,#4559),.UNSPECIFIED.,.F.,.F.,(4,1,1,1,1,1,1,1,1,1,1,1,
1,1,1,1,1,1,1,1,1,1,1,1,1,1,1,1,1,1,1,4),(0.,0.103000416310752,0.112602086818187,
0.124997787693312,0.139664577964044,0.156295154557826,0.174680948552336,
0.19466841374522,0.216138395335842,0.238994936075389,0.263158603014358,
0.288562227667103,0.315148041388082,0.342865668217029,0.371670670958546,
0.401523468631775,0.432388511559897,0.464233640246041,0.497029578518293,
0.530749526817626,0.565368831540411,0.600864713071815,0.637216039758935,
0.674403138303366,0.712407633358659,0.751212310791611,0.790801000299535,
0.831158473997035,0.872270358283008,0.91412305683221,0.956703682968573,
0.975050043863417),.UNSPECIFIED.);
#82=B_SPLINE_CURVE_WITH_KNOTS('',3,(#4560,#4561,#4562,#4563,#4564,#4565,
#4566,#4567,#4568,#4569,#4570,#4571,#4572,#4573,#4574,#4575,#4576,#4577,
#4578,#4579,#4580,#4581,#4582,#4583,#4584,#4585,#4586,#4587,#4588,#4589,
#4590,#4591,#4592,#4593),.UNSPECIFIED.,.F.,.F.,(4,1,1,1,1,1,1,1,1,1,1,1,
1,1,1,1,1,1,1,1,1,1,1,1,1,1,1,1,1,1,1,4),(0.,0.103000416310752,0.112602086818187,
0.124997787693312,0.139664577964044,0.156295154557826,0.174680948552336,
0.19466841374522,0.216138395335842,0.238994936075389,0.263158603014358,
0.288562227667103,0.315148041388082,0.342865668217029,0.371670670958546,
0.401523468631775,0.432388511559897,0.464233640246041,0.497029578518293,
0.530749526817626,0.565368831540411,0.600864713071815,0.637216039758935,
0.674403138303366,0.712407633358659,0.751212310791611,0.790801000299535,
0.831158473997035,0.872270358283008,0.91412305683221,0.956703682968573,
0.975050043863417),.UNSPECIFIED.);
#83=B_SPLINE_CURVE_WITH_KNOTS('',3,(#4601,#4602,#4603,#4604,#4605,#4606,
#4607,#4608,#4609,#4610,#4611,#4612,#4613,#4614,#4615,#4616,#4617,#4618,
#4619,#4620,#4621,#4622,#4623,#4624,#4625,#4626,#4627,#4628,#4629,#4630,
#4631,#4632,#4633,#4634),.UNSPECIFIED.,.F.,.F.,(4,1,1,1,1,1,1,1,1,1,1,1,
1,1,1,1,1,1,1,1,1,1,1,1,1,1,1,1,1,1,1,4),(0.,0.103000416310752,0.112602086818187,
0.124997787693312,0.139664577964044,0.156295154557826,0.174680948552336,
0.19466841374522,0.216138395335842,0.238994936075389,0.263158603014358,
0.288562227667103,0.315148041388082,0.342865668217029,0.371670670958546,
0.401523468631775,0.432388511559897,0.464233640246041,0.497029578518293,
0.530749526817626,0.565368831540411,0.600864713071815,0.637216039758935,
0.674403138303366,0.712407633358659,0.751212310791611,0.790801000299535,
0.831158473997035,0.872270358283008,0.91412305683221,0.956703682968573,
0.975050043863417),.UNSPECIFIED.);
#84=B_SPLINE_CURVE_WITH_KNOTS('',3,(#4635,#4636,#4637,#4638,#4639,#4640,
#4641,#4642,#4643,#4644,#4645,#4646,#4647,#4648,#4649,#4650,#4651,#4652,
#4653,#4654,#4655,#4656,#4657,#4658,#4659,#4660,#4661,#4662,#4663,#4664,
#4665,#4666,#4667,#4668),.UNSPECIFIED.,.F.,.F.,(4,1,1,1,1,1,1,1,1,1,1,1,
1,1,1,1,1,1,1,1,1,1,1,1,1,1,1,1,1,1,1,4),(0.,0.103000416310752,0.112602086818187,
0.124997787693312,0.139664577964044,0.156295154557826,0.174680948552336,
0.19466841374522,0.216138395335842,0.238994936075389,0.263158603014358,
0.288562227667103,0.315148041388082,0.342865668217029,0.371670670958546,
0.401523468631775,0.432388511559897,0.464233640246041,0.497029578518293,
0.530749526817626,0.565368831540411,0.600864713071815,0.637216039758935,
0.674403138303366,0.712407633358659,0.751212310791611,0.790801000299535,
0.831158473997035,0.872270358283008,0.91412305683221,0.956703682968573,
0.975050043863417),.UNSPECIFIED.);
#85=B_SPLINE_CURVE_WITH_KNOTS('',3,(#4676,#4677,#4678,#4679,#4680,#4681,
#4682,#4683,#4684,#4685,#4686,#4687,#4688,#4689,#4690,#4691,#4692,#4693,
#4694,#4695,#4696,#4697,#4698,#4699,#4700,#4701,#4702,#4703,#4704,#4705,
#4706,#4707,#4708,#4709),.UNSPECIFIED.,.F.,.F.,(4,1,1,1,1,1,1,1,1,1,1,1,
1,1,1,1,1,1,1,1,1,1,1,1,1,1,1,1,1,1,1,4),(0.,0.103000416310752,0.112602086818187,
0.124997787693312,0.139664577964044,0.156295154557826,0.174680948552336,
0.19466841374522,0.216138395335842,0.238994936075389,0.263158603014358,
0.288562227667103,0.315148041388082,0.342865668217029,0.371670670958546,
0.401523468631775,0.432388511559897,0.464233640246041,0.497029578518293,
0.530749526817626,0.565368831540411,0.600864713071815,0.637216039758935,
0.674403138303366,0.712407633358659,0.751212310791611,0.790801000299535,
0.831158473997035,0.872270358283008,0.91412305683221,0.956703682968573,
0.975050043863417),.UNSPECIFIED.);
#86=B_SPLINE_CURVE_WITH_KNOTS('',3,(#4710,#4711,#4712,#4713,#4714,#4715,
#4716,#4717,#4718,#4719,#4720,#4721,#4722,#4723,#4724,#4725,#4726,#4727,
#4728,#4729,#4730,#4731,#4732,#4733,#4734,#4735,#4736,#4737,#4738,#4739,
#4740,#4741,#4742,#4743),.UNSPECIFIED.,.F.,.F.,(4,1,1,1,1,1,1,1,1,1,1,1,
1,1,1,1,1,1,1,1,1,1,1,1,1,1,1,1,1,1,1,4),(0.,0.103000416310752,0.112602086818187,
0.124997787693312,0.139664577964044,0.156295154557826,0.174680948552336,
0.19466841374522,0.216138395335842,0.238994936075389,0.263158603014358,
0.288562227667103,0.315148041388082,0.342865668217029,0.371670670958546,
0.401523468631775,0.432388511559897,0.464233640246041,0.497029578518293,
0.530749526817626,0.565368831540411,0.600864713071815,0.637216039758935,
0.674403138303366,0.712407633358659,0.751212310791611,0.790801000299535,
0.831158473997035,0.872270358283008,0.91412305683221,0.956703682968573,
0.975050043863417),.UNSPECIFIED.);
#87=B_SPLINE_CURVE_WITH_KNOTS('',3,(#4751,#4752,#4753,#4754,#4755,#4756,
#4757,#4758,#4759,#4760,#4761,#4762,#4763,#4764,#4765,#4766,#4767,#4768,
#4769,#4770,#4771,#4772,#4773,#4774,#4775,#4776,#4777,#4778,#4779,#4780,
#4781,#4782,#4783,#4784),.UNSPECIFIED.,.F.,.F.,(4,1,1,1,1,1,1,1,1,1,1,1,
1,1,1,1,1,1,1,1,1,1,1,1,1,1,1,1,1,1,1,4),(0.,0.103000416310752,0.112602086818187,
0.124997787693312,0.139664577964044,0.156295154557826,0.174680948552336,
0.19466841374522,0.216138395335842,0.238994936075389,0.263158603014358,
0.288562227667103,0.315148041388082,0.342865668217029,0.371670670958546,
0.401523468631775,0.432388511559897,0.464233640246041,0.497029578518293,
0.530749526817626,0.565368831540411,0.600864713071815,0.637216039758935,
0.674403138303366,0.712407633358659,0.751212310791611,0.790801000299535,
0.831158473997035,0.872270358283008,0.91412305683221,0.956703682968573,
0.975050043863417),.UNSPECIFIED.);
#88=B_SPLINE_CURVE_WITH_KNOTS('',3,(#4819,#4820,#4821,#4822,#4823,#4824,
#4825,#4826,#4827,#4828,#4829,#4830,#4831,#4832,#4833,#4834,#4835,#4836,
#4837,#4838,#4839,#4840,#4841,#4842,#4843,#4844,#4845,#4846,#4847,#4848,
#4849,#4850,#4851,#4852),.UNSPECIFIED.,.F.,.F.,(4,1,1,1,1,1,1,1,1,1,1,1,
1,1,1,1,1,1,1,1,1,1,1,1,1,1,1,1,1,1,1,4),(0.,0.103000416310752,0.112602086818187,
0.124997787693312,0.139664577964044,0.156295154557826,0.174680948552336,
0.19466841374522,0.216138395335842,0.238994936075389,0.263158603014358,
0.288562227667103,0.315148041388082,0.342865668217029,0.371670670958546,
0.401523468631775,0.432388511559897,0.464233640246041,0.497029578518293,
0.530749526817626,0.565368831540411,0.600864713071815,0.637216039758935,
0.674403138303366,0.712407633358659,0.751212310791611,0.790801000299535,
0.831158473997035,0.872270358283008,0.91412305683221,0.956703682968573,
0.975050043863417),.UNSPECIFIED.);
#89=B_SPLINE_CURVE_WITH_KNOTS('',3,(#4885,#4886,#4887,#4888,#4889,#4890,
#4891,#4892,#4893,#4894,#4895,#4896,#4897,#4898,#4899,#4900,#4901,#4902,
#4903,#4904,#4905,#4906,#4907,#4908,#4909,#4910,#4911,#4912,#4913,#4914,
#4915,#4916,#4917,#4918),.UNSPECIFIED.,.F.,.F.,(4,1,1,1,1,1,1,1,1,1,1,1,
1,1,1,1,1,1,1,1,1,1,1,1,1,1,1,1,1,1,1,4),(0.,0.103000416310752,0.112602086818187,
0.124997787693312,0.139664577964044,0.156295154557826,0.174680948552336,
0.19466841374522,0.216138395335842,0.238994936075389,0.263158603014358,
0.288562227667103,0.315148041388082,0.342865668217029,0.371670670958546,
0.401523468631775,0.432388511559897,0.464233640246041,0.497029578518293,
0.530749526817626,0.565368831540411,0.600864713071815,0.637216039758935,
0.674403138303366,0.712407633358659,0.751212310791611,0.790801000299535,
0.831158473997035,0.872270358283008,0.91412305683221,0.956703682968573,
0.975050043863417),.UNSPECIFIED.);
#90=B_SPLINE_CURVE_WITH_KNOTS('',3,(#4957,#4958,#4959,#4960,#4961,#4962,
#4963,#4964,#4965,#4966,#4967,#4968,#4969,#4970,#4971,#4972,#4973,#4974,
#4975,#4976,#4977,#4978,#4979,#4980,#4981,#4982,#4983,#4984,#4985,#4986,
#4987,#4988,#4989,#4990),.UNSPECIFIED.,.F.,.F.,(4,1,1,1,1,1,1,1,1,1,1,1,
1,1,1,1,1,1,1,1,1,1,1,1,1,1,1,1,1,1,1,4),(0.,0.103000416310752,0.112602086818187,
0.124997787693312,0.139664577964044,0.156295154557826,0.174680948552336,
0.19466841374522,0.216138395335842,0.238994936075389,0.263158603014358,
0.288562227667103,0.315148041388082,0.342865668217029,0.371670670958546,
0.401523468631775,0.432388511559897,0.464233640246041,0.497029578518293,
0.530749526817626,0.565368831540411,0.600864713071815,0.637216039758935,
0.674403138303366,0.712407633358659,0.751212310791611,0.790801000299535,
0.831158473997035,0.872270358283008,0.91412305683221,0.956703682968573,
0.975050043863417),.UNSPECIFIED.);
#91=B_SPLINE_CURVE_WITH_KNOTS('',3,(#5023,#5024,#5025,#5026,#5027,#5028,
#5029,#5030,#5031,#5032,#5033,#5034,#5035,#5036,#5037,#5038,#5039,#5040,
#5041,#5042,#5043,#5044,#5045,#5046,#5047,#5048,#5049,#5050,#5051,#5052,
#5053,#5054,#5055,#5056),.UNSPECIFIED.,.F.,.F.,(4,1,1,1,1,1,1,1,1,1,1,1,
1,1,1,1,1,1,1,1,1,1,1,1,1,1,1,1,1,1,1,4),(0.,0.103000416310752,0.112602086818187,
0.124997787693312,0.139664577964044,0.156295154557826,0.174680948552336,
0.19466841374522,0.216138395335842,0.238994936075389,0.263158603014358,
0.288562227667103,0.315148041388082,0.342865668217029,0.371670670958546,
0.401523468631775,0.432388511559897,0.464233640246041,0.497029578518293,
0.530749526817626,0.565368831540411,0.600864713071815,0.637216039758935,
0.674403138303366,0.712407633358659,0.751212310791611,0.790801000299535,
0.831158473997035,0.872270358283008,0.91412305683221,0.956703682968573,
0.975050043863417),.UNSPECIFIED.);
#92=B_SPLINE_CURVE_WITH_KNOTS('',3,(#5095,#5096,#5097,#5098,#5099,#5100,
#5101,#5102,#5103,#5104,#5105,#5106,#5107,#5108,#5109,#5110,#5111,#5112,
#5113,#5114,#5115,#5116,#5117,#5118,#5119,#5120,#5121,#5122,#5123,#5124,
#5125,#5126,#5127,#5128),.UNSPECIFIED.,.F.,.F.,(4,1,1,1,1,1,1,1,1,1,1,1,
1,1,1,1,1,1,1,1,1,1,1,1,1,1,1,1,1,1,1,4),(0.,0.103000416310752,0.112602086818187,
0.124997787693312,0.139664577964044,0.156295154557826,0.174680948552336,
0.19466841374522,0.216138395335842,0.238994936075389,0.263158603014358,
0.288562227667103,0.315148041388082,0.342865668217029,0.371670670958546,
0.401523468631775,0.432388511559897,0.464233640246041,0.497029578518293,
0.530749526817626,0.565368831540411,0.600864713071815,0.637216039758935,
0.674403138303366,0.712407633358659,0.751212310791611,0.790801000299535,
0.831158473997035,0.872270358283008,0.91412305683221,0.956703682968573,
0.975050043863417),.UNSPECIFIED.);
#93=B_SPLINE_CURVE_WITH_KNOTS('',3,(#5161,#5162,#5163,#5164,#5165,#5166,
#5167,#5168,#5169,#5170,#5171,#5172,#5173,#5174,#5175,#5176,#5177,#5178,
#5179,#5180,#5181,#5182,#5183,#5184,#5185,#5186,#5187,#5188,#5189,#5190,
#5191,#5192,#5193,#5194),.UNSPECIFIED.,.F.,.F.,(4,1,1,1,1,1,1,1,1,1,1,1,
1,1,1,1,1,1,1,1,1,1,1,1,1,1,1,1,1,1,1,4),(0.,0.103000416310752,0.112602086818187,
0.124997787693312,0.139664577964044,0.156295154557826,0.174680948552336,
0.19466841374522,0.216138395335842,0.238994936075389,0.263158603014358,
0.288562227667103,0.315148041388082,0.342865668217029,0.371670670958546,
0.401523468631775,0.432388511559897,0.464233640246041,0.497029578518293,
0.530749526817626,0.565368831540411,0.600864713071815,0.637216039758935,
0.674403138303366,0.712407633358659,0.751212310791611,0.790801000299535,
0.831158473997035,0.872270358283008,0.91412305683221,0.956703682968573,
0.975050043863417),.UNSPECIFIED.);
#94=B_SPLINE_CURVE_WITH_KNOTS('',3,(#5233,#5234,#5235,#5236,#5237,#5238,
#5239,#5240,#5241,#5242,#5243,#5244,#5245,#5246,#5247,#5248,#5249,#5250,
#5251,#5252,#5253,#5254,#5255,#5256,#5257,#5258,#5259,#5260,#5261,#5262,
#5263,#5264,#5265,#5266),.UNSPECIFIED.,.F.,.F.,(4,1,1,1,1,1,1,1,1,1,1,1,
1,1,1,1,1,1,1,1,1,1,1,1,1,1,1,1,1,1,1,4),(0.,0.103000416310752,0.112602086818187,
0.124997787693312,0.139664577964044,0.156295154557826,0.174680948552336,
0.19466841374522,0.216138395335842,0.238994936075389,0.263158603014358,
0.288562227667103,0.315148041388082,0.342865668217029,0.371670670958546,
0.401523468631775,0.432388511559897,0.464233640246041,0.497029578518293,
0.530749526817626,0.565368831540411,0.600864713071815,0.637216039758935,
0.674403138303366,0.712407633358659,0.751212310791611,0.790801000299535,
0.831158473997035,0.872270358283008,0.91412305683221,0.956703682968573,
0.975050043863417),.UNSPECIFIED.);
#95=B_SPLINE_CURVE_WITH_KNOTS('',3,(#5299,#5300,#5301,#5302,#5303,#5304,
#5305,#5306,#5307,#5308,#5309,#5310,#5311,#5312,#5313,#5314,#5315,#5316,
#5317,#5318,#5319,#5320,#5321,#5322,#5323,#5324,#5325,#5326,#5327,#5328,
#5329,#5330,#5331,#5332),.UNSPECIFIED.,.F.,.F.,(4,1,1,1,1,1,1,1,1,1,1,1,
1,1,1,1,1,1,1,1,1,1,1,1,1,1,1,1,1,1,1,4),(0.,0.103000416310752,0.112602086818187,
0.124997787693312,0.139664577964044,0.156295154557826,0.174680948552336,
0.19466841374522,0.216138395335842,0.238994936075389,0.263158603014358,
0.288562227667103,0.315148041388082,0.342865668217029,0.371670670958546,
0.401523468631775,0.432388511559897,0.464233640246041,0.497029578518293,
0.530749526817626,0.565368831540411,0.600864713071815,0.637216039758935,
0.674403138303366,0.712407633358659,0.751212310791611,0.790801000299535,
0.831158473997035,0.872270358283008,0.91412305683221,0.956703682968573,
0.975050043863417),.UNSPECIFIED.);
#96=B_SPLINE_CURVE_WITH_KNOTS('',3,(#5371,#5372,#5373,#5374,#5375,#5376,
#5377,#5378,#5379,#5380,#5381,#5382,#5383,#5384,#5385,#5386,#5387,#5388,
#5389,#5390,#5391,#5392,#5393,#5394,#5395,#5396,#5397,#5398,#5399,#5400,
#5401,#5402,#5403,#5404),.UNSPECIFIED.,.F.,.F.,(4,1,1,1,1,1,1,1,1,1,1,1,
1,1,1,1,1,1,1,1,1,1,1,1,1,1,1,1,1,1,1,4),(0.,0.103000416310752,0.112602086818187,
0.124997787693312,0.139664577964044,0.156295154557826,0.174680948552336,
0.19466841374522,0.216138395335842,0.238994936075389,0.263158603014358,
0.288562227667103,0.315148041388082,0.342865668217029,0.371670670958546,
0.401523468631775,0.432388511559897,0.464233640246041,0.497029578518293,
0.530749526817626,0.565368831540411,0.600864713071815,0.637216039758935,
0.674403138303366,0.712407633358659,0.751212310791611,0.790801000299535,
0.831158473997035,0.872270358283008,0.91412305683221,0.956703682968573,
0.975050043863417),.UNSPECIFIED.);
#97=B_SPLINE_CURVE_WITH_KNOTS('',3,(#5437,#5438,#5439,#5440,#5441,#5442,
#5443,#5444,#5445,#5446,#5447,#5448,#5449,#5450,#5451,#5452,#5453,#5454,
#5455,#5456,#5457,#5458,#5459,#5460,#5461,#5462,#5463,#5464,#5465,#5466,
#5467,#5468,#5469,#5470),.UNSPECIFIED.,.F.,.F.,(4,1,1,1,1,1,1,1,1,1,1,1,
1,1,1,1,1,1,1,1,1,1,1,1,1,1,1,1,1,1,1,4),(0.,0.103000416310752,0.112602086818187,
0.124997787693312,0.139664577964044,0.156295154557826,0.174680948552336,
0.19466841374522,0.216138395335842,0.238994936075389,0.263158603014358,
0.288562227667103,0.315148041388082,0.342865668217029,0.371670670958546,
0.401523468631775,0.432388511559897,0.464233640246041,0.497029578518293,
0.530749526817626,0.565368831540411,0.600864713071815,0.637216039758935,
0.674403138303366,0.712407633358659,0.751212310791611,0.790801000299535,
0.831158473997035,0.872270358283008,0.91412305683221,0.956703682968573,
0.975050043863417),.UNSPECIFIED.);
#98=B_SPLINE_CURVE_WITH_KNOTS('',3,(#5509,#5510,#5511,#5512,#5513,#5514,
#5515,#5516,#5517,#5518,#5519,#5520,#5521,#5522,#5523,#5524,#5525,#5526,
#5527,#5528,#5529,#5530,#5531,#5532,#5533,#5534,#5535,#5536,#5537,#5538,
#5539,#5540,#5541,#5542),.UNSPECIFIED.,.F.,.F.,(4,1,1,1,1,1,1,1,1,1,1,1,
1,1,1,1,1,1,1,1,1,1,1,1,1,1,1,1,1,1,1,4),(0.,0.103000416310752,0.112602086818187,
0.124997787693312,0.139664577964044,0.156295154557826,0.174680948552336,
0.19466841374522,0.216138395335842,0.238994936075389,0.263158603014358,
0.288562227667103,0.315148041388082,0.342865668217029,0.371670670958546,
0.401523468631775,0.432388511559897,0.464233640246041,0.497029578518293,
0.530749526817626,0.565368831540411,0.600864713071815,0.637216039758935,
0.674403138303366,0.712407633358659,0.751212310791611,0.790801000299535,
0.831158473997035,0.872270358283008,0.91412305683221,0.956703682968573,
0.975050043863417),.UNSPECIFIED.);
#99=B_SPLINE_CURVE_WITH_KNOTS('',3,(#5575,#5576,#5577,#5578,#5579,#5580,
#5581,#5582,#5583,#5584,#5585,#5586,#5587,#5588,#5589,#5590,#5591,#5592,
#5593,#5594,#5595,#5596,#5597,#5598,#5599,#5600,#5601,#5602,#5603,#5604,
#5605,#5606,#5607,#5608),.UNSPECIFIED.,.F.,.F.,(4,1,1,1,1,1,1,1,1,1,1,1,
1,1,1,1,1,1,1,1,1,1,1,1,1,1,1,1,1,1,1,4),(0.,0.103000416310752,0.112602086818187,
0.124997787693312,0.139664577964044,0.156295154557826,0.174680948552336,
0.19466841374522,0.216138395335842,0.238994936075389,0.263158603014358,
0.288562227667103,0.315148041388082,0.342865668217029,0.371670670958546,
0.401523468631775,0.432388511559897,0.464233640246041,0.497029578518293,
0.530749526817626,0.565368831540411,0.600864713071815,0.637216039758935,
0.674403138303366,0.712407633358659,0.751212310791611,0.790801000299535,
0.831158473997035,0.872270358283008,0.91412305683221,0.956703682968573,
0.975050043863417),.UNSPECIFIED.);
#100=B_SPLINE_CURVE_WITH_KNOTS('',3,(#5647,#5648,#5649,#5650,#5651,#5652,
#5653,#5654,#5655,#5656,#5657,#5658,#5659,#5660,#5661,#5662,#5663,#5664,
#5665,#5666,#5667,#5668,#5669,#5670,#5671,#5672,#5673,#5674,#5675,#5676,
#5677,#5678,#5679,#5680),.UNSPECIFIED.,.F.,.F.,(4,1,1,1,1,1,1,1,1,1,1,1,
1,1,1,1,1,1,1,1,1,1,1,1,1,1,1,1,1,1,1,4),(0.,0.103000416310752,0.112602086818187,
0.124997787693312,0.139664577964044,0.156295154557826,0.174680948552336,
0.19466841374522,0.216138395335842,0.238994936075389,0.263158603014358,
0.288562227667103,0.315148041388082,0.342865668217029,0.371670670958546,
0.401523468631775,0.432388511559897,0.464233640246041,0.497029578518293,
0.530749526817626,0.565368831540411,0.600864713071815,0.637216039758935,
0.674403138303366,0.712407633358659,0.751212310791611,0.790801000299535,
0.831158473997035,0.872270358283008,0.91412305683221,0.956703682968573,
0.975050043863417),.UNSPECIFIED.);
#101=B_SPLINE_CURVE_WITH_KNOTS('',3,(#5713,#5714,#5715,#5716,#5717,#5718,
#5719,#5720,#5721,#5722,#5723,#5724,#5725,#5726,#5727,#5728,#5729,#5730,
#5731,#5732,#5733,#5734,#5735,#5736,#5737,#5738,#5739,#5740,#5741,#5742,
#5743,#5744,#5745,#5746),.UNSPECIFIED.,.F.,.F.,(4,1,1,1,1,1,1,1,1,1,1,1,
1,1,1,1,1,1,1,1,1,1,1,1,1,1,1,1,1,1,1,4),(0.,0.103000416310752,0.112602086818187,
0.124997787693312,0.139664577964044,0.156295154557826,0.174680948552336,
0.19466841374522,0.216138395335842,0.238994936075389,0.263158603014358,
0.288562227667103,0.315148041388082,0.342865668217029,0.371670670958546,
0.401523468631775,0.432388511559897,0.464233640246041,0.497029578518293,
0.530749526817626,0.565368831540411,0.600864713071815,0.637216039758935,
0.674403138303366,0.712407633358659,0.751212310791611,0.790801000299535,
0.831158473997035,0.872270358283008,0.91412305683221,0.956703682968573,
0.975050043863417),.UNSPECIFIED.);
#102=B_SPLINE_CURVE_WITH_KNOTS('',3,(#5785,#5786,#5787,#5788,#5789,#5790,
#5791,#5792,#5793,#5794,#5795,#5796,#5797,#5798,#5799,#5800,#5801,#5802,
#5803,#5804,#5805,#5806,#5807,#5808,#5809,#5810,#5811,#5812,#5813,#5814,
#5815,#5816,#5817,#5818),.UNSPECIFIED.,.F.,.F.,(4,1,1,1,1,1,1,1,1,1,1,1,
1,1,1,1,1,1,1,1,1,1,1,1,1,1,1,1,1,1,1,4),(0.,0.103000416310752,0.112602086818187,
0.124997787693312,0.139664577964044,0.156295154557826,0.174680948552336,
0.19466841374522,0.216138395335842,0.238994936075389,0.263158603014358,
0.288562227667103,0.315148041388082,0.342865668217029,0.371670670958546,
0.401523468631775,0.432388511559897,0.464233640246041,0.497029578518293,
0.530749526817626,0.565368831540411,0.600864713071815,0.637216039758935,
0.674403138303366,0.712407633358659,0.751212310791611,0.790801000299535,
0.831158473997035,0.872270358283008,0.91412305683221,0.956703682968573,
0.975050043863417),.UNSPECIFIED.);
#103=B_SPLINE_CURVE_WITH_KNOTS('',3,(#5851,#5852,#5853,#5854,#5855,#5856,
#5857,#5858,#5859,#5860,#5861,#5862,#5863,#5864,#5865,#5866,#5867,#5868,
#5869,#5870,#5871,#5872,#5873,#5874,#5875,#5876,#5877,#5878,#5879,#5880,
#5881,#5882,#5883,#5884),.UNSPECIFIED.,.F.,.F.,(4,1,1,1,1,1,1,1,1,1,1,1,
1,1,1,1,1,1,1,1,1,1,1,1,1,1,1,1,1,1,1,4),(0.,0.103000416310752,0.112602086818187,
0.124997787693312,0.139664577964044,0.156295154557826,0.174680948552336,
0.19466841374522,0.216138395335842,0.238994936075389,0.263158603014358,
0.288562227667103,0.315148041388082,0.342865668217029,0.371670670958546,
0.401523468631775,0.432388511559897,0.464233640246041,0.497029578518293,
0.530749526817626,0.565368831540411,0.600864713071815,0.637216039758935,
0.674403138303366,0.712407633358659,0.751212310791611,0.790801000299535,
0.831158473997035,0.872270358283008,0.91412305683221,0.956703682968573,
0.975050043863417),.UNSPECIFIED.);
#104=B_SPLINE_CURVE_WITH_KNOTS('',3,(#5923,#5924,#5925,#5926,#5927,#5928,
#5929,#5930,#5931,#5932,#5933,#5934,#5935,#5936,#5937,#5938,#5939,#5940,
#5941,#5942,#5943,#5944,#5945,#5946,#5947,#5948,#5949,#5950,#5951,#5952,
#5953,#5954,#5955,#5956),.UNSPECIFIED.,.F.,.F.,(4,1,1,1,1,1,1,1,1,1,1,1,
1,1,1,1,1,1,1,1,1,1,1,1,1,1,1,1,1,1,1,4),(0.,0.103000416310752,0.112602086818187,
0.124997787693312,0.139664577964044,0.156295154557826,0.174680948552336,
0.19466841374522,0.216138395335842,0.238994936075389,0.263158603014358,
0.288562227667103,0.315148041388082,0.342865668217029,0.371670670958546,
0.401523468631775,0.432388511559897,0.464233640246041,0.497029578518293,
0.530749526817626,0.565368831540411,0.600864713071815,0.637216039758935,
0.674403138303366,0.712407633358659,0.751212310791611,0.790801000299535,
0.831158473997035,0.872270358283008,0.91412305683221,0.956703682968573,
0.975050043863417),.UNSPECIFIED.);
#105=B_SPLINE_CURVE_WITH_KNOTS('',3,(#5989,#5990,#5991,#5992,#5993,#5994,
#5995,#5996,#5997,#5998,#5999,#6000,#6001,#6002,#6003,#6004,#6005,#6006,
#6007,#6008,#6009,#6010,#6011,#6012,#6013,#6014,#6015,#6016,#6017,#6018,
#6019,#6020,#6021,#6022),.UNSPECIFIED.,.F.,.F.,(4,1,1,1,1,1,1,1,1,1,1,1,
1,1,1,1,1,1,1,1,1,1,1,1,1,1,1,1,1,1,1,4),(0.,0.103000416310752,0.112602086818187,
0.124997787693312,0.139664577964044,0.156295154557826,0.174680948552336,
0.19466841374522,0.216138395335842,0.238994936075389,0.263158603014358,
0.288562227667103,0.315148041388082,0.342865668217029,0.371670670958546,
0.401523468631775,0.432388511559897,0.464233640246041,0.497029578518293,
0.530749526817626,0.565368831540411,0.600864713071815,0.637216039758935,
0.674403138303366,0.712407633358659,0.751212310791611,0.790801000299535,
0.831158473997035,0.872270358283008,0.91412305683221,0.956703682968573,
0.975050043863417),.UNSPECIFIED.);
#106=B_SPLINE_CURVE_WITH_KNOTS('',3,(#6061,#6062,#6063,#6064,#6065,#6066,
#6067,#6068,#6069,#6070,#6071,#6072,#6073,#6074,#6075,#6076,#6077,#6078,
#6079,#6080,#6081,#6082,#6083,#6084,#6085,#6086,#6087,#6088,#6089,#6090,
#6091,#6092,#6093,#6094),.UNSPECIFIED.,.F.,.F.,(4,1,1,1,1,1,1,1,1,1,1,1,
1,1,1,1,1,1,1,1,1,1,1,1,1,1,1,1,1,1,1,4),(0.,0.103000416310752,0.112602086818187,
0.124997787693312,0.139664577964044,0.156295154557826,0.174680948552336,
0.19466841374522,0.216138395335842,0.238994936075389,0.263158603014358,
0.288562227667103,0.315148041388082,0.342865668217029,0.371670670958546,
0.401523468631775,0.432388511559897,0.464233640246041,0.497029578518293,
0.530749526817626,0.565368831540411,0.600864713071815,0.637216039758935,
0.674403138303366,0.712407633358659,0.751212310791611,0.790801000299535,
0.831158473997035,0.872270358283008,0.91412305683221,0.956703682968573,
0.975050043863417),.UNSPECIFIED.);
#107=B_SPLINE_CURVE_WITH_KNOTS('',3,(#6127,#6128,#6129,#6130,#6131,#6132,
#6133,#6134,#6135,#6136,#6137,#6138,#6139,#6140,#6141,#6142,#6143,#6144,
#6145,#6146,#6147,#6148,#6149,#6150,#6151,#6152,#6153,#6154,#6155,#6156,
#6157,#6158,#6159,#6160),.UNSPECIFIED.,.F.,.F.,(4,1,1,1,1,1,1,1,1,1,1,1,
1,1,1,1,1,1,1,1,1,1,1,1,1,1,1,1,1,1,1,4),(0.,0.103000416310752,0.112602086818187,
0.124997787693312,0.139664577964044,0.156295154557826,0.174680948552336,
0.19466841374522,0.216138395335842,0.238994936075389,0.263158603014358,
0.288562227667103,0.315148041388082,0.342865668217029,0.371670670958546,
0.401523468631775,0.432388511559897,0.464233640246041,0.497029578518293,
0.530749526817626,0.565368831540411,0.600864713071815,0.637216039758935,
0.674403138303366,0.712407633358659,0.751212310791611,0.790801000299535,
0.831158473997035,0.872270358283008,0.91412305683221,0.956703682968573,
0.975050043863417),.UNSPECIFIED.);
#108=B_SPLINE_CURVE_WITH_KNOTS('',3,(#6199,#6200,#6201,#6202,#6203,#6204,
#6205,#6206,#6207,#6208,#6209,#6210,#6211,#6212,#6213,#6214,#6215,#6216,
#6217,#6218,#6219,#6220,#6221,#6222,#6223,#6224,#6225,#6226,#6227,#6228,
#6229,#6230,#6231,#6232),.UNSPECIFIED.,.F.,.F.,(4,1,1,1,1,1,1,1,1,1,1,1,
1,1,1,1,1,1,1,1,1,1,1,1,1,1,1,1,1,1,1,4),(0.,0.103000416310752,0.112602086818187,
0.124997787693312,0.139664577964044,0.156295154557826,0.174680948552336,
0.19466841374522,0.216138395335842,0.238994936075389,0.263158603014358,
0.288562227667103,0.315148041388082,0.342865668217029,0.371670670958546,
0.401523468631775,0.432388511559897,0.464233640246041,0.497029578518293,
0.530749526817626,0.565368831540411,0.600864713071815,0.637216039758935,
0.674403138303366,0.712407633358659,0.751212310791611,0.790801000299535,
0.831158473997035,0.872270358283008,0.91412305683221,0.956703682968573,
0.975050043863417),.UNSPECIFIED.);
#109=B_SPLINE_CURVE_WITH_KNOTS('',3,(#6265,#6266,#6267,#6268,#6269,#6270,
#6271,#6272,#6273,#6274,#6275,#6276,#6277,#6278,#6279,#6280,#6281,#6282,
#6283,#6284,#6285,#6286,#6287,#6288,#6289,#6290,#6291,#6292,#6293,#6294,
#6295,#6296,#6297,#6298),.UNSPECIFIED.,.F.,.F.,(4,1,1,1,1,1,1,1,1,1,1,1,
1,1,1,1,1,1,1,1,1,1,1,1,1,1,1,1,1,1,1,4),(0.,0.103000416310752,0.112602086818187,
0.124997787693312,0.139664577964044,0.156295154557826,0.174680948552336,
0.19466841374522,0.216138395335842,0.238994936075389,0.263158603014358,
0.288562227667103,0.315148041388082,0.342865668217029,0.371670670958546,
0.401523468631775,0.432388511559897,0.464233640246041,0.497029578518293,
0.530749526817626,0.565368831540411,0.600864713071815,0.637216039758935,
0.674403138303366,0.712407633358659,0.751212310791611,0.790801000299535,
0.831158473997035,0.872270358283008,0.91412305683221,0.956703682968573,
0.975050043863417),.UNSPECIFIED.);
#110=B_SPLINE_CURVE_WITH_KNOTS('',3,(#6337,#6338,#6339,#6340,#6341,#6342,
#6343,#6344,#6345,#6346,#6347,#6348,#6349,#6350,#6351,#6352,#6353,#6354,
#6355,#6356,#6357,#6358,#6359,#6360,#6361,#6362,#6363,#6364,#6365,#6366,
#6367,#6368,#6369,#6370),.UNSPECIFIED.,.F.,.F.,(4,1,1,1,1,1,1,1,1,1,1,1,
1,1,1,1,1,1,1,1,1,1,1,1,1,1,1,1,1,1,1,4),(0.,0.103000416310752,0.112602086818187,
0.124997787693312,0.139664577964044,0.156295154557826,0.174680948552336,
0.19466841374522,0.216138395335842,0.238994936075389,0.263158603014358,
0.288562227667103,0.315148041388082,0.342865668217029,0.371670670958546,
0.401523468631775,0.432388511559897,0.464233640246041,0.497029578518293,
0.530749526817626,0.565368831540411,0.600864713071815,0.637216039758935,
0.674403138303366,0.712407633358659,0.751212310791611,0.790801000299535,
0.831158473997035,0.872270358283008,0.91412305683221,0.956703682968573,
0.975050043863417),.UNSPECIFIED.);
#111=B_SPLINE_CURVE_WITH_KNOTS('',3,(#6403,#6404,#6405,#6406,#6407,#6408,
#6409,#6410,#6411,#6412,#6413,#6414,#6415,#6416,#6417,#6418,#6419,#6420,
#6421,#6422,#6423,#6424,#6425,#6426,#6427,#6428,#6429,#6430,#6431,#6432,
#6433,#6434,#6435,#6436),.UNSPECIFIED.,.F.,.F.,(4,1,1,1,1,1,1,1,1,1,1,1,
1,1,1,1,1,1,1,1,1,1,1,1,1,1,1,1,1,1,1,4),(0.,0.103000416310752,0.112602086818187,
0.124997787693312,0.139664577964044,0.156295154557826,0.174680948552336,
0.19466841374522,0.216138395335842,0.238994936075389,0.263158603014358,
0.288562227667103,0.315148041388082,0.342865668217029,0.371670670958546,
0.401523468631775,0.432388511559897,0.464233640246041,0.497029578518293,
0.530749526817626,0.565368831540411,0.600864713071815,0.637216039758935,
0.674403138303366,0.712407633358659,0.751212310791611,0.790801000299535,
0.831158473997035,0.872270358283008,0.91412305683221,0.956703682968573,
0.975050043863417),.UNSPECIFIED.);
#112=B_SPLINE_CURVE_WITH_KNOTS('',3,(#6475,#6476,#6477,#6478,#6479,#6480,
#6481,#6482,#6483,#6484,#6485,#6486,#6487,#6488,#6489,#6490,#6491,#6492,
#6493,#6494,#6495,#6496,#6497,#6498,#6499,#6500,#6501,#6502,#6503,#6504,
#6505,#6506,#6507,#6508),.UNSPECIFIED.,.F.,.F.,(4,1,1,1,1,1,1,1,1,1,1,1,
1,1,1,1,1,1,1,1,1,1,1,1,1,1,1,1,1,1,1,4),(0.,0.103000416310752,0.112602086818187,
0.124997787693312,0.139664577964044,0.156295154557826,0.174680948552336,
0.19466841374522,0.216138395335842,0.238994936075389,0.263158603014358,
0.288562227667103,0.315148041388082,0.342865668217029,0.371670670958546,
0.401523468631775,0.432388511559897,0.464233640246041,0.497029578518293,
0.530749526817626,0.565368831540411,0.600864713071815,0.637216039758935,
0.674403138303366,0.712407633358659,0.751212310791611,0.790801000299535,
0.831158473997035,0.872270358283008,0.91412305683221,0.956703682968573,
0.975050043863417),.UNSPECIFIED.);
#113=B_SPLINE_CURVE_WITH_KNOTS('',3,(#6541,#6542,#6543,#6544,#6545,#6546,
#6547,#6548,#6549,#6550,#6551,#6552,#6553,#6554,#6555,#6556,#6557,#6558,
#6559,#6560,#6561,#6562,#6563,#6564,#6565,#6566,#6567,#6568,#6569,#6570,
#6571,#6572,#6573,#6574),.UNSPECIFIED.,.F.,.F.,(4,1,1,1,1,1,1,1,1,1,1,1,
1,1,1,1,1,1,1,1,1,1,1,1,1,1,1,1,1,1,1,4),(0.,0.103000416310752,0.112602086818187,
0.124997787693312,0.139664577964044,0.156295154557826,0.174680948552336,
0.19466841374522,0.216138395335842,0.238994936075389,0.263158603014358,
0.288562227667103,0.315148041388082,0.342865668217029,0.371670670958546,
0.401523468631775,0.432388511559897,0.464233640246041,0.497029578518293,
0.530749526817626,0.565368831540411,0.600864713071815,0.637216039758935,
0.674403138303366,0.712407633358659,0.751212310791611,0.790801000299535,
0.831158473997035,0.872270358283008,0.91412305683221,0.956703682968573,
0.975050043863417),.UNSPECIFIED.);
#114=B_SPLINE_CURVE_WITH_KNOTS('',3,(#6613,#6614,#6615,#6616,#6617,#6618,
#6619,#6620,#6621,#6622,#6623,#6624,#6625,#6626,#6627,#6628,#6629,#6630,
#6631,#6632,#6633,#6634,#6635,#6636,#6637,#6638,#6639,#6640,#6641,#6642,
#6643,#6644,#6645,#6646),.UNSPECIFIED.,.F.,.F.,(4,1,1,1,1,1,1,1,1,1,1,1,
1,1,1,1,1,1,1,1,1,1,1,1,1,1,1,1,1,1,1,4),(0.,0.103000416310752,0.112602086818187,
0.124997787693312,0.139664577964044,0.156295154557826,0.174680948552336,
0.19466841374522,0.216138395335842,0.238994936075389,0.263158603014358,
0.288562227667103,0.315148041388082,0.342865668217029,0.371670670958546,
0.401523468631775,0.432388511559897,0.464233640246041,0.497029578518293,
0.530749526817626,0.565368831540411,0.600864713071815,0.637216039758935,
0.674403138303366,0.712407633358659,0.751212310791611,0.790801000299535,
0.831158473997035,0.872270358283008,0.91412305683221,0.956703682968573,
0.975050043863417),.UNSPECIFIED.);
#115=B_SPLINE_CURVE_WITH_KNOTS('',3,(#6679,#6680,#6681,#6682,#6683,#6684,
#6685,#6686,#6687,#6688,#6689,#6690,#6691,#6692,#6693,#6694,#6695,#6696,
#6697,#6698,#6699,#6700,#6701,#6702,#6703,#6704,#6705,#6706,#6707,#6708,
#6709,#6710,#6711,#6712),.UNSPECIFIED.,.F.,.F.,(4,1,1,1,1,1,1,1,1,1,1,1,
1,1,1,1,1,1,1,1,1,1,1,1,1,1,1,1,1,1,1,4),(0.,0.103000416310752,0.112602086818187,
0.124997787693312,0.139664577964044,0.156295154557826,0.174680948552336,
0.19466841374522,0.216138395335842,0.238994936075389,0.263158603014358,
0.288562227667103,0.315148041388082,0.342865668217029,0.371670670958546,
0.401523468631775,0.432388511559897,0.464233640246041,0.497029578518293,
0.530749526817626,0.565368831540411,0.600864713071815,0.637216039758935,
0.674403138303366,0.712407633358659,0.751212310791611,0.790801000299535,
0.831158473997035,0.872270358283008,0.91412305683221,0.956703682968573,
0.975050043863417),.UNSPECIFIED.);
#116=B_SPLINE_CURVE_WITH_KNOTS('',3,(#6751,#6752,#6753,#6754,#6755,#6756,
#6757,#6758,#6759,#6760,#6761,#6762,#6763,#6764,#6765,#6766,#6767,#6768,
#6769,#6770,#6771,#6772,#6773,#6774,#6775,#6776,#6777,#6778,#6779,#6780,
#6781,#6782,#6783,#6784),.UNSPECIFIED.,.F.,.F.,(4,1,1,1,1,1,1,1,1,1,1,1,
1,1,1,1,1,1,1,1,1,1,1,1,1,1,1,1,1,1,1,4),(0.,0.103000416310752,0.112602086818187,
0.124997787693312,0.139664577964044,0.156295154557826,0.174680948552336,
0.19466841374522,0.216138395335842,0.238994936075389,0.263158603014358,
0.288562227667103,0.315148041388082,0.342865668217029,0.371670670958546,
0.401523468631775,0.432388511559897,0.464233640246041,0.497029578518293,
0.530749526817626,0.565368831540411,0.600864713071815,0.637216039758935,
0.674403138303366,0.712407633358659,0.751212310791611,0.790801000299535,
0.831158473997035,0.872270358283008,0.91412305683221,0.956703682968573,
0.975050043863417),.UNSPECIFIED.);
#117=B_SPLINE_CURVE_WITH_KNOTS('',3,(#6817,#6818,#6819,#6820,#6821,#6822,
#6823,#6824,#6825,#6826,#6827,#6828,#6829,#6830,#6831,#6832,#6833,#6834,
#6835,#6836,#6837,#6838,#6839,#6840,#6841,#6842,#6843,#6844,#6845,#6846,
#6847,#6848,#6849,#6850),.UNSPECIFIED.,.F.,.F.,(4,1,1,1,1,1,1,1,1,1,1,1,
1,1,1,1,1,1,1,1,1,1,1,1,1,1,1,1,1,1,1,4),(0.,0.103000416310752,0.112602086818187,
0.124997787693312,0.139664577964044,0.156295154557826,0.174680948552336,
0.19466841374522,0.216138395335842,0.238994936075389,0.263158603014358,
0.288562227667103,0.315148041388082,0.342865668217029,0.371670670958546,
0.401523468631775,0.432388511559897,0.464233640246041,0.497029578518293,
0.530749526817626,0.565368831540411,0.600864713071815,0.637216039758935,
0.674403138303366,0.712407633358659,0.751212310791611,0.790801000299535,
0.831158473997035,0.872270358283008,0.91412305683221,0.956703682968573,
0.975050043863417),.UNSPECIFIED.);
#118=B_SPLINE_CURVE_WITH_KNOTS('',3,(#6889,#6890,#6891,#6892,#6893,#6894,
#6895,#6896,#6897,#6898,#6899,#6900,#6901,#6902,#6903,#6904,#6905,#6906,
#6907,#6908,#6909,#6910,#6911,#6912,#6913,#6914,#6915,#6916,#6917,#6918,
#6919,#6920,#6921,#6922),.UNSPECIFIED.,.F.,.F.,(4,1,1,1,1,1,1,1,1,1,1,1,
1,1,1,1,1,1,1,1,1,1,1,1,1,1,1,1,1,1,1,4),(0.,0.103000416310752,0.112602086818187,
0.124997787693312,0.139664577964044,0.156295154557826,0.174680948552336,
0.19466841374522,0.216138395335842,0.238994936075389,0.263158603014358,
0.288562227667103,0.315148041388082,0.342865668217029,0.371670670958546,
0.401523468631775,0.432388511559897,0.464233640246041,0.497029578518293,
0.530749526817626,0.565368831540411,0.600864713071815,0.637216039758935,
0.674403138303366,0.712407633358659,0.751212310791611,0.790801000299535,
0.831158473997035,0.872270358283008,0.91412305683221,0.956703682968573,
0.975050043863417),.UNSPECIFIED.);
#119=B_SPLINE_CURVE_WITH_KNOTS('',3,(#6955,#6956,#6957,#6958,#6959,#6960,
#6961,#6962,#6963,#6964,#6965,#6966,#6967,#6968,#6969,#6970,#6971,#6972,
#6973,#6974,#6975,#6976,#6977,#6978,#6979,#6980,#6981,#6982,#6983,#6984,
#6985,#6986,#6987,#6988),.UNSPECIFIED.,.F.,.F.,(4,1,1,1,1,1,1,1,1,1,1,1,
1,1,1,1,1,1,1,1,1,1,1,1,1,1,1,1,1,1,1,4),(0.,0.103000416310752,0.112602086818187,
0.124997787693312,0.139664577964044,0.156295154557826,0.174680948552336,
0.19466841374522,0.216138395335842,0.238994936075389,0.263158603014358,
0.288562227667103,0.315148041388082,0.342865668217029,0.371670670958546,
0.401523468631775,0.432388511559897,0.464233640246041,0.497029578518293,
0.530749526817626,0.565368831540411,0.600864713071815,0.637216039758935,
0.674403138303366,0.712407633358659,0.751212310791611,0.790801000299535,
0.831158473997035,0.872270358283008,0.91412305683221,0.956703682968573,
0.975050043863417),.UNSPECIFIED.);
#120=B_SPLINE_CURVE_WITH_KNOTS('',3,(#7027,#7028,#7029,#7030,#7031,#7032,
#7033,#7034,#7035,#7036,#7037,#7038,#7039,#7040,#7041,#7042,#7043,#7044,
#7045,#7046,#7047,#7048,#7049,#7050,#7051,#7052,#7053,#7054,#7055,#7056,
#7057,#7058,#7059,#7060),.UNSPECIFIED.,.F.,.F.,(4,1,1,1,1,1,1,1,1,1,1,1,
1,1,1,1,1,1,1,1,1,1,1,1,1,1,1,1,1,1,1,4),(0.,0.103000416310752,0.112602086818187,
0.124997787693312,0.139664577964044,0.156295154557826,0.174680948552336,
0.19466841374522,0.216138395335842,0.238994936075389,0.263158603014358,
0.288562227667103,0.315148041388082,0.342865668217029,0.371670670958546,
0.401523468631775,0.432388511559897,0.464233640246041,0.497029578518293,
0.530749526817626,0.565368831540411,0.600864713071815,0.637216039758935,
0.674403138303366,0.712407633358659,0.751212310791611,0.790801000299535,
0.831158473997035,0.872270358283008,0.91412305683221,0.956703682968573,
0.975050043863417),.UNSPECIFIED.);
#121=B_SPLINE_CURVE_WITH_KNOTS('',3,(#7093,#7094,#7095,#7096,#7097,#7098,
#7099,#7100,#7101,#7102,#7103,#7104,#7105,#7106,#7107,#7108,#7109,#7110,
#7111,#7112,#7113,#7114,#7115,#7116,#7117,#7118,#7119,#7120,#7121,#7122,
#7123,#7124,#7125,#7126),.UNSPECIFIED.,.F.,.F.,(4,1,1,1,1,1,1,1,1,1,1,1,
1,1,1,1,1,1,1,1,1,1,1,1,1,1,1,1,1,1,1,4),(0.,0.103000416310752,0.112602086818187,
0.124997787693312,0.139664577964044,0.156295154557826,0.174680948552336,
0.19466841374522,0.216138395335842,0.238994936075389,0.263158603014358,
0.288562227667103,0.315148041388082,0.342865668217029,0.371670670958546,
0.401523468631775,0.432388511559897,0.464233640246041,0.497029578518293,
0.530749526817626,0.565368831540411,0.600864713071815,0.637216039758935,
0.674403138303366,0.712407633358659,0.751212310791611,0.790801000299535,
0.831158473997035,0.872270358283008,0.91412305683221,0.956703682968573,
0.975050043863417),.UNSPECIFIED.);
#122=B_SPLINE_CURVE_WITH_KNOTS('',3,(#7165,#7166,#7167,#7168,#7169,#7170,
#7171,#7172,#7173,#7174,#7175,#7176,#7177,#7178,#7179,#7180,#7181,#7182,
#7183,#7184,#7185,#7186,#7187,#7188,#7189,#7190,#7191,#7192,#7193,#7194,
#7195,#7196,#7197,#7198),.UNSPECIFIED.,.F.,.F.,(4,1,1,1,1,1,1,1,1,1,1,1,
1,1,1,1,1,1,1,1,1,1,1,1,1,1,1,1,1,1,1,4),(0.,0.103000416310752,0.112602086818187,
0.124997787693312,0.139664577964044,0.156295154557826,0.174680948552336,
0.19466841374522,0.216138395335842,0.238994936075389,0.263158603014358,
0.288562227667103,0.315148041388082,0.342865668217029,0.371670670958546,
0.401523468631775,0.432388511559897,0.464233640246041,0.497029578518293,
0.530749526817626,0.565368831540411,0.600864713071815,0.637216039758935,
0.674403138303366,0.712407633358659,0.751212310791611,0.790801000299535,
0.831158473997035,0.872270358283008,0.91412305683221,0.956703682968573,
0.975050043863417),.UNSPECIFIED.);
#123=B_SPLINE_CURVE_WITH_KNOTS('',3,(#7231,#7232,#7233,#7234,#7235,#7236,
#7237,#7238,#7239,#7240,#7241,#7242,#7243,#7244,#7245,#7246,#7247,#7248,
#7249,#7250,#7251,#7252,#7253,#7254,#7255,#7256,#7257,#7258,#7259,#7260,
#7261,#7262,#7263,#7264),.UNSPECIFIED.,.F.,.F.,(4,1,1,1,1,1,1,1,1,1,1,1,
1,1,1,1,1,1,1,1,1,1,1,1,1,1,1,1,1,1,1,4),(0.,0.103000416310752,0.112602086818187,
0.124997787693312,0.139664577964044,0.156295154557826,0.174680948552336,
0.19466841374522,0.216138395335842,0.238994936075389,0.263158603014358,
0.288562227667103,0.315148041388082,0.342865668217029,0.371670670958546,
0.401523468631775,0.432388511559897,0.464233640246041,0.497029578518293,
0.530749526817626,0.565368831540411,0.600864713071815,0.637216039758935,
0.674403138303366,0.712407633358659,0.751212310791611,0.790801000299535,
0.831158473997035,0.872270358283008,0.91412305683221,0.956703682968573,
0.975050043863417),.UNSPECIFIED.);
#124=B_SPLINE_CURVE_WITH_KNOTS('',3,(#7303,#7304,#7305,#7306,#7307,#7308,
#7309,#7310,#7311,#7312,#7313,#7314,#7315,#7316,#7317,#7318,#7319,#7320,
#7321,#7322,#7323,#7324,#7325,#7326,#7327,#7328,#7329,#7330,#7331,#7332,
#7333,#7334,#7335,#7336),.UNSPECIFIED.,.F.,.F.,(4,1,1,1,1,1,1,1,1,1,1,1,
1,1,1,1,1,1,1,1,1,1,1,1,1,1,1,1,1,1,1,4),(0.,0.103000416310752,0.112602086818187,
0.124997787693312,0.139664577964044,0.156295154557826,0.174680948552336,
0.19466841374522,0.216138395335842,0.238994936075389,0.263158603014358,
0.288562227667103,0.315148041388082,0.342865668217029,0.371670670958546,
0.401523468631775,0.432388511559897,0.464233640246041,0.497029578518293,
0.530749526817626,0.565368831540411,0.600864713071815,0.637216039758935,
0.674403138303366,0.712407633358659,0.751212310791611,0.790801000299535,
0.831158473997035,0.872270358283008,0.91412305683221,0.956703682968573,
0.975050043863417),.UNSPECIFIED.);
#125=B_SPLINE_CURVE_WITH_KNOTS('',3,(#7369,#7370,#7371,#7372,#7373,#7374,
#7375,#7376,#7377,#7378,#7379,#7380,#7381,#7382,#7383,#7384,#7385,#7386,
#7387,#7388,#7389,#7390,#7391,#7392,#7393,#7394,#7395,#7396,#7397,#7398,
#7399,#7400,#7401,#7402),.UNSPECIFIED.,.F.,.F.,(4,1,1,1,1,1,1,1,1,1,1,1,
1,1,1,1,1,1,1,1,1,1,1,1,1,1,1,1,1,1,1,4),(0.,0.103000416310752,0.112602086818187,
0.124997787693312,0.139664577964044,0.156295154557826,0.174680948552336,
0.19466841374522,0.216138395335842,0.238994936075389,0.263158603014358,
0.288562227667103,0.315148041388082,0.342865668217029,0.371670670958546,
0.401523468631775,0.432388511559897,0.464233640246041,0.497029578518293,
0.530749526817626,0.565368831540411,0.600864713071815,0.637216039758935,
0.674403138303366,0.712407633358659,0.751212310791611,0.790801000299535,
0.831158473997035,0.872270358283008,0.91412305683221,0.956703682968573,
0.975050043863417),.UNSPECIFIED.);
#126=PLANE('',#2376);
#127=PLANE('',#2554);
#128=PLANE('',#2555);
#129=PLANE('',#2562);
#130=CIRCLE('',#2320,0.01375);
#131=CIRCLE('',#2321,0.01375);
#132=CIRCLE('',#2323,0.01375);
#133=CIRCLE('',#2324,0.01375);
#134=CIRCLE('',#2326,0.01375);
#135=CIRCLE('',#2327,0.01375);
#136=CIRCLE('',#2329,0.01375);
#137=CIRCLE('',#2330,0.01375);
#138=CIRCLE('',#2332,0.01375);
#139=CIRCLE('',#2333,0.01375);
#140=CIRCLE('',#2335,0.01375);
#141=CIRCLE('',#2336,0.01375);
#142=CIRCLE('',#2338,0.01375);
#143=CIRCLE('',#2339,0.01375);
#144=CIRCLE('',#2341,0.01375);
#145=CIRCLE('',#2342,0.01375);
#146=CIRCLE('',#2344,0.01375);
#147=CIRCLE('',#2345,0.01375);
#148=CIRCLE('',#2347,0.01375);
#149=CIRCLE('',#2348,0.01375);
#150=CIRCLE('',#2350,0.01375);
#151=CIRCLE('',#2351,0.01375);
#152=CIRCLE('',#2353,0.01375);
#153=CIRCLE('',#2354,0.01375);
#154=CIRCLE('',#2356,0.01375);
#155=CIRCLE('',#2357,0.01375);
#156=CIRCLE('',#2359,0.01375);
#157=CIRCLE('',#2360,0.01375);
#158=CIRCLE('',#2362,0.01375);
#159=CIRCLE('',#2363,0.01375);
#160=CIRCLE('',#2365,0.01375);
#161=CIRCLE('',#2366,0.01375);
#162=CIRCLE('',#2368,0.01375);
#163=CIRCLE('',#2369,0.01375);
#164=CIRCLE('',#2371,0.01375);
#165=CIRCLE('',#2372,0.01375);
#166=CIRCLE('',#2374,0.01375);
#167=CIRCLE('',#2375,0.01375);
#168=CIRCLE('',#2377,0.00175);
#169=CIRCLE('',#2378,0.00175);
#170=CIRCLE('',#2379,0.0025);
#171=CIRCLE('',#2380,0.000495000412515919);
#172=CIRCLE('',#2381,0.0109375);
#173=CIRCLE('',#2382,0.000495000412515919);
#174=CIRCLE('',#2383,0.000495000412515919);
#175=CIRCLE('',#2384,0.0109375);
#176=CIRCLE('',#2385,0.000495000412515919);
#177=CIRCLE('',#2386,0.01375);
#178=CIRCLE('',#2387,0.000495000412515919);
#179=CIRCLE('',#2388,0.0109375);
#180=CIRCLE('',#2389,0.000495000412515919);
#181=CIRCLE('',#2390,0.000495000412515919);
#182=CIRCLE('',#2391,0.0109375);
#183=CIRCLE('',#2392,0.000495000412515919);
#184=CIRCLE('',#2393,0.000495000412515919);
#185=CIRCLE('',#2394,0.0109375);
#186=CIRCLE('',#2395,0.000495000412515919);
#187=CIRCLE('',#2396,0.000495000412515919);
#188=CIRCLE('',#2397,0.0109375);
#189=CIRCLE('',#2398,0.000495000412515919);
#190=CIRCLE('',#2399,0.000495000412515919);
#191=CIRCLE('',#2400,0.0109375);
#192=CIRCLE('',#2401,0.000495000412515919);
#193=CIRCLE('',#2402,0.000495000412515919);
#194=CIRCLE('',#2403,0.0109375);
#195=CIRCLE('',#2404,0.000495000412515919);
#196=CIRCLE('',#2405,0.000495000412515919);
#197=CIRCLE('',#2406,0.0109375);
#198=CIRCLE('',#2407,0.000495000412515919);
#199=CIRCLE('',#2408,0.000495000412515919);
#200=CIRCLE('',#2409,0.0109375);
#201=CIRCLE('',#2410,0.000495000412515919);
#202=CIRCLE('',#2411,0.000495000412515919);
#203=CIRCLE('',#2412,0.0109375);
#204=CIRCLE('',#2413,0.000495000412515919);
#205=CIRCLE('',#2414,0.000495000412515919);
#206=CIRCLE('',#2415,0.0109375);
#207=CIRCLE('',#2416,0.000495000412515919);
#208=CIRCLE('',#2417,0.000495000412515919);
#209=CIRCLE('',#2418,0.0109375);
#210=CIRCLE('',#2419,0.000495000412515919);
#211=CIRCLE('',#2420,0.000495000412515919);
#212=CIRCLE('',#2421,0.0109375);
#213=CIRCLE('',#2422,0.000495000412515919);
#214=CIRCLE('',#2423,0.000495000412515919);
#215=CIRCLE('',#2424,0.0109375);
#216=CIRCLE('',#2425,0.000495000412515919);
#217=CIRCLE('',#2426,0.000495000412515919);
#218=CIRCLE('',#2427,0.0109375);
#219=CIRCLE('',#2428,0.000495000412515919);
#220=CIRCLE('',#2429,0.000495000412515919);
#221=CIRCLE('',#2430,0.0109375);
#222=CIRCLE('',#2431,0.000495000412515919);
#223=CIRCLE('',#2432,0.000495000412515919);
#224=CIRCLE('',#2433,0.0109375);
#225=CIRCLE('',#2434,0.000495000412515919);
#226=CIRCLE('',#2435,0.000495000412515919);
#227=CIRCLE('',#2436,0.0109375);
#228=CIRCLE('',#2437,0.000495000412515919);
#229=CIRCLE('',#2439,0.01375);
#230=CIRCLE('',#2441,0.0109375);
#231=CIRCLE('',#2443,0.000495000412515919);
#232=CIRCLE('',#2445,0.000495000412515919);
#233=CIRCLE('',#2447,0.0109375);
#234=CIRCLE('',#2449,0.000495000412515919);
#235=CIRCLE('',#2451,0.000495000412515919);
#236=CIRCLE('',#2453,0.0109375);
#237=CIRCLE('',#2455,0.000495000412515919);
#238=CIRCLE('',#2457,0.000495000412515919);
#239=CIRCLE('',#2459,0.0109375);
#240=CIRCLE('',#2461,0.000495000412515919);
#241=CIRCLE('',#2463,0.000495000412515919);
#242=CIRCLE('',#2465,0.0109375);
#243=CIRCLE('',#2467,0.000495000412515919);
#244=CIRCLE('',#2469,0.000495000412515919);
#245=CIRCLE('',#2471,0.0109375);
#246=CIRCLE('',#2473,0.000495000412515919);
#247=CIRCLE('',#2475,0.000495000412515919);
#248=CIRCLE('',#2477,0.0109375);
#249=CIRCLE('',#2479,0.000495000412515919);
#250=CIRCLE('',#2481,0.000495000412515919);
#251=CIRCLE('',#2483,0.0109375);
#252=CIRCLE('',#2485,0.000495000412515919);
#253=CIRCLE('',#2487,0.000495000412515919);
#254=CIRCLE('',#2489,0.0109375);
#255=CIRCLE('',#2491,0.000495000412515919);
#256=CIRCLE('',#2493,0.000495000412515919);
#257=CIRCLE('',#2495,0.0109375);
#258=CIRCLE('',#2497,0.000495000412515919);
#259=CIRCLE('',#2499,0.000495000412515919);
#260=CIRCLE('',#2501,0.0109375);
#261=CIRCLE('',#2503,0.000495000412515919);
#262=CIRCLE('',#2505,0.000495000412515919);
#263=CIRCLE('',#2507,0.0109375);
#264=CIRCLE('',#2509,0.000495000412515919);
#265=CIRCLE('',#2511,0.000495000412515919);
#266=CIRCLE('',#2513,0.0109375);
#267=CIRCLE('',#2515,0.000495000412515919);
#268=CIRCLE('',#2517,0.000495000412515919);
#269=CIRCLE('',#2519,0.0109375);
#270=CIRCLE('',#2521,0.000495000412515919);
#271=CIRCLE('',#2523,0.000495000412515919);
#272=CIRCLE('',#2525,0.0109375);
#273=CIRCLE('',#2527,0.000495000412515919);
#274=CIRCLE('',#2529,0.000495000412515919);
#275=CIRCLE('',#2531,0.0109375);
#276=CIRCLE('',#2533,0.000495000412515919);
#277=CIRCLE('',#2535,0.000495000412515919);
#278=CIRCLE('',#2537,0.0109375);
#279=CIRCLE('',#2539,0.000495000412515919);
#280=CIRCLE('',#2541,0.000495000412515919);
#281=CIRCLE('',#2543,0.0109375);
#282=CIRCLE('',#2545,0.000495000412515919);
#283=CIRCLE('',#2547,0.000495000412515919);
#284=CIRCLE('',#2549,0.0109375);
#285=CIRCLE('',#2551,0.000495000412515919);
#286=CIRCLE('',#2553,0.000495000412515919);
#287=CIRCLE('',#2557,0.00175);
#288=CIRCLE('',#2559,0.0025);
#289=CIRCLE('',#2561,0.00175);
#290=ORIENTED_EDGE('',*,*,#1006,.F.);
#291=ORIENTED_EDGE('',*,*,#1007,.T.);
#292=ORIENTED_EDGE('',*,*,#1008,.F.);
#293=ORIENTED_EDGE('',*,*,#1009,.F.);
#294=ORIENTED_EDGE('',*,*,#1010,.T.);
#295=ORIENTED_EDGE('',*,*,#1011,.T.);
#296=ORIENTED_EDGE('',*,*,#1012,.F.);
#297=ORIENTED_EDGE('',*,*,#1013,.F.);
#298=ORIENTED_EDGE('',*,*,#1014,.T.);
#299=ORIENTED_EDGE('',*,*,#1015,.T.);
#300=ORIENTED_EDGE('',*,*,#1016,.F.);
#301=ORIENTED_EDGE('',*,*,#1017,.F.);
#302=ORIENTED_EDGE('',*,*,#1018,.T.);
#303=ORIENTED_EDGE('',*,*,#1019,.T.);
#304=ORIENTED_EDGE('',*,*,#1020,.F.);
#305=ORIENTED_EDGE('',*,*,#1021,.F.);
#306=ORIENTED_EDGE('',*,*,#1022,.T.);
#307=ORIENTED_EDGE('',*,*,#1023,.T.);
#308=ORIENTED_EDGE('',*,*,#1024,.F.);
#309=ORIENTED_EDGE('',*,*,#1025,.F.);
#310=ORIENTED_EDGE('',*,*,#1026,.T.);
#311=ORIENTED_EDGE('',*,*,#1027,.T.);
#312=ORIENTED_EDGE('',*,*,#1028,.F.);
#313=ORIENTED_EDGE('',*,*,#1029,.F.);
#314=ORIENTED_EDGE('',*,*,#1030,.T.);
#315=ORIENTED_EDGE('',*,*,#1031,.T.);
#316=ORIENTED_EDGE('',*,*,#1032,.F.);
#317=ORIENTED_EDGE('',*,*,#1033,.F.);
#318=ORIENTED_EDGE('',*,*,#1034,.T.);
#319=ORIENTED_EDGE('',*,*,#1035,.T.);
#320=ORIENTED_EDGE('',*,*,#1036,.F.);
#321=ORIENTED_EDGE('',*,*,#1037,.F.);
#322=ORIENTED_EDGE('',*,*,#1038,.T.);
#323=ORIENTED_EDGE('',*,*,#1039,.T.);
#324=ORIENTED_EDGE('',*,*,#1040,.F.);
#325=ORIENTED_EDGE('',*,*,#1041,.F.);
#326=ORIENTED_EDGE('',*,*,#1042,.T.);
#327=ORIENTED_EDGE('',*,*,#1043,.T.);
#328=ORIENTED_EDGE('',*,*,#1044,.F.);
#329=ORIENTED_EDGE('',*,*,#1045,.F.);
#330=ORIENTED_EDGE('',*,*,#1046,.T.);
#331=ORIENTED_EDGE('',*,*,#1047,.T.);
#332=ORIENTED_EDGE('',*,*,#1048,.F.);
#333=ORIENTED_EDGE('',*,*,#1049,.F.);
#334=ORIENTED_EDGE('',*,*,#1050,.T.);
#335=ORIENTED_EDGE('',*,*,#1051,.T.);
#336=ORIENTED_EDGE('',*,*,#1052,.F.);
#337=ORIENTED_EDGE('',*,*,#1053,.F.);
#338=ORIENTED_EDGE('',*,*,#1054,.T.);
#339=ORIENTED_EDGE('',*,*,#1055,.T.);
#340=ORIENTED_EDGE('',*,*,#1056,.F.);
#341=ORIENTED_EDGE('',*,*,#1057,.F.);
#342=ORIENTED_EDGE('',*,*,#1058,.T.);
#343=ORIENTED_EDGE('',*,*,#1059,.T.);
#344=ORIENTED_EDGE('',*,*,#1060,.F.);
#345=ORIENTED_EDGE('',*,*,#1061,.F.);
#346=ORIENTED_EDGE('',*,*,#1062,.T.);
#347=ORIENTED_EDGE('',*,*,#1063,.T.);
#348=ORIENTED_EDGE('',*,*,#1064,.F.);
#349=ORIENTED_EDGE('',*,*,#1065,.F.);
#350=ORIENTED_EDGE('',*,*,#1066,.T.);
#351=ORIENTED_EDGE('',*,*,#1067,.T.);
#352=ORIENTED_EDGE('',*,*,#1068,.F.);
#353=ORIENTED_EDGE('',*,*,#1069,.F.);
#354=ORIENTED_EDGE('',*,*,#1070,.T.);
#355=ORIENTED_EDGE('',*,*,#1071,.T.);
#356=ORIENTED_EDGE('',*,*,#1072,.F.);
#357=ORIENTED_EDGE('',*,*,#1073,.F.);
#358=ORIENTED_EDGE('',*,*,#1074,.T.);
#359=ORIENTED_EDGE('',*,*,#1075,.T.);
#360=ORIENTED_EDGE('',*,*,#1076,.T.);
#361=ORIENTED_EDGE('',*,*,#1077,.F.);
#362=ORIENTED_EDGE('',*,*,#1078,.T.);
#363=ORIENTED_EDGE('',*,*,#1079,.T.);
#364=ORIENTED_EDGE('',*,*,#1080,.F.);
#365=ORIENTED_EDGE('',*,*,#1081,.F.);
#366=ORIENTED_EDGE('',*,*,#1082,.F.);
#367=ORIENTED_EDGE('',*,*,#1083,.F.);
#368=ORIENTED_EDGE('',*,*,#1084,.T.);
#369=ORIENTED_EDGE('',*,*,#1085,.T.);
#370=ORIENTED_EDGE('',*,*,#1086,.F.);
#371=ORIENTED_EDGE('',*,*,#1009,.T.);
#372=ORIENTED_EDGE('',*,*,#1087,.F.);
#373=ORIENTED_EDGE('',*,*,#1088,.F.);
#374=ORIENTED_EDGE('',*,*,#1089,.T.);
#375=ORIENTED_EDGE('',*,*,#1090,.F.);
#376=ORIENTED_EDGE('',*,*,#1091,.T.);
#377=ORIENTED_EDGE('',*,*,#1081,.T.);
#378=ORIENTED_EDGE('',*,*,#1092,.F.);
#379=ORIENTED_EDGE('',*,*,#1093,.F.);
#380=ORIENTED_EDGE('',*,*,#1094,.T.);
#381=ORIENTED_EDGE('',*,*,#1095,.F.);
#382=ORIENTED_EDGE('',*,*,#1096,.T.);
#383=ORIENTED_EDGE('',*,*,#1097,.T.);
#384=ORIENTED_EDGE('',*,*,#1098,.F.);
#385=ORIENTED_EDGE('',*,*,#1099,.F.);
#386=ORIENTED_EDGE('',*,*,#1100,.T.);
#387=ORIENTED_EDGE('',*,*,#1101,.F.);
#388=ORIENTED_EDGE('',*,*,#1102,.T.);
#389=ORIENTED_EDGE('',*,*,#1061,.T.);
#390=ORIENTED_EDGE('',*,*,#1103,.F.);
#391=ORIENTED_EDGE('',*,*,#1104,.F.);
#392=ORIENTED_EDGE('',*,*,#1105,.T.);
#393=ORIENTED_EDGE('',*,*,#1106,.F.);
#394=ORIENTED_EDGE('',*,*,#1107,.T.);
#395=ORIENTED_EDGE('',*,*,#1065,.T.);
#396=ORIENTED_EDGE('',*,*,#1108,.F.);
#397=ORIENTED_EDGE('',*,*,#1109,.F.);
#398=ORIENTED_EDGE('',*,*,#1110,.T.);
#399=ORIENTED_EDGE('',*,*,#1111,.F.);
#400=ORIENTED_EDGE('',*,*,#1112,.T.);
#401=ORIENTED_EDGE('',*,*,#1069,.T.);
#402=ORIENTED_EDGE('',*,*,#1113,.F.);
#403=ORIENTED_EDGE('',*,*,#1114,.F.);
#404=ORIENTED_EDGE('',*,*,#1115,.T.);
#405=ORIENTED_EDGE('',*,*,#1116,.F.);
#406=ORIENTED_EDGE('',*,*,#1117,.T.);
#407=ORIENTED_EDGE('',*,*,#1073,.T.);
#408=ORIENTED_EDGE('',*,*,#1118,.F.);
#409=ORIENTED_EDGE('',*,*,#1119,.F.);
#410=ORIENTED_EDGE('',*,*,#1120,.T.);
#411=ORIENTED_EDGE('',*,*,#1121,.F.);
#412=ORIENTED_EDGE('',*,*,#1122,.T.);
#413=ORIENTED_EDGE('',*,*,#1057,.T.);
#414=ORIENTED_EDGE('',*,*,#1123,.F.);
#415=ORIENTED_EDGE('',*,*,#1124,.F.);
#416=ORIENTED_EDGE('',*,*,#1125,.T.);
#417=ORIENTED_EDGE('',*,*,#1126,.F.);
#418=ORIENTED_EDGE('',*,*,#1127,.T.);
#419=ORIENTED_EDGE('',*,*,#1053,.T.);
#420=ORIENTED_EDGE('',*,*,#1128,.F.);
#421=ORIENTED_EDGE('',*,*,#1129,.F.);
#422=ORIENTED_EDGE('',*,*,#1130,.T.);
#423=ORIENTED_EDGE('',*,*,#1131,.F.);
#424=ORIENTED_EDGE('',*,*,#1132,.T.);
#425=ORIENTED_EDGE('',*,*,#1045,.T.);
#426=ORIENTED_EDGE('',*,*,#1133,.F.);
#427=ORIENTED_EDGE('',*,*,#1134,.F.);
#428=ORIENTED_EDGE('',*,*,#1135,.T.);
#429=ORIENTED_EDGE('',*,*,#1136,.F.);
#430=ORIENTED_EDGE('',*,*,#1137,.T.);
#431=ORIENTED_EDGE('',*,*,#1049,.T.);
#432=ORIENTED_EDGE('',*,*,#1138,.F.);
#433=ORIENTED_EDGE('',*,*,#1139,.F.);
#434=ORIENTED_EDGE('',*,*,#1140,.T.);
#435=ORIENTED_EDGE('',*,*,#1141,.F.);
#436=ORIENTED_EDGE('',*,*,#1142,.T.);
#437=ORIENTED_EDGE('',*,*,#1013,.T.);
#438=ORIENTED_EDGE('',*,*,#1143,.F.);
#439=ORIENTED_EDGE('',*,*,#1144,.F.);
#440=ORIENTED_EDGE('',*,*,#1145,.T.);
#441=ORIENTED_EDGE('',*,*,#1146,.F.);
#442=ORIENTED_EDGE('',*,*,#1147,.T.);
#443=ORIENTED_EDGE('',*,*,#1017,.T.);
#444=ORIENTED_EDGE('',*,*,#1148,.F.);
#445=ORIENTED_EDGE('',*,*,#1149,.F.);
#446=ORIENTED_EDGE('',*,*,#1150,.T.);
#447=ORIENTED_EDGE('',*,*,#1151,.F.);
#448=ORIENTED_EDGE('',*,*,#1152,.T.);
#449=ORIENTED_EDGE('',*,*,#1021,.T.);
#450=ORIENTED_EDGE('',*,*,#1153,.F.);
#451=ORIENTED_EDGE('',*,*,#1154,.F.);
#452=ORIENTED_EDGE('',*,*,#1155,.T.);
#453=ORIENTED_EDGE('',*,*,#1156,.F.);
#454=ORIENTED_EDGE('',*,*,#1157,.T.);
#455=ORIENTED_EDGE('',*,*,#1025,.T.);
#456=ORIENTED_EDGE('',*,*,#1158,.F.);
#457=ORIENTED_EDGE('',*,*,#1159,.F.);
#458=ORIENTED_EDGE('',*,*,#1160,.T.);
#459=ORIENTED_EDGE('',*,*,#1161,.F.);
#460=ORIENTED_EDGE('',*,*,#1162,.T.);
#461=ORIENTED_EDGE('',*,*,#1029,.T.);
#462=ORIENTED_EDGE('',*,*,#1163,.F.);
#463=ORIENTED_EDGE('',*,*,#1164,.F.);
#464=ORIENTED_EDGE('',*,*,#1165,.T.);
#465=ORIENTED_EDGE('',*,*,#1166,.F.);
#466=ORIENTED_EDGE('',*,*,#1167,.T.);
#467=ORIENTED_EDGE('',*,*,#1033,.T.);
#468=ORIENTED_EDGE('',*,*,#1168,.F.);
#469=ORIENTED_EDGE('',*,*,#1169,.F.);
#470=ORIENTED_EDGE('',*,*,#1170,.T.);
#471=ORIENTED_EDGE('',*,*,#1171,.F.);
#472=ORIENTED_EDGE('',*,*,#1172,.T.);
#473=ORIENTED_EDGE('',*,*,#1037,.T.);
#474=ORIENTED_EDGE('',*,*,#1173,.F.);
#475=ORIENTED_EDGE('',*,*,#1174,.F.);
#476=ORIENTED_EDGE('',*,*,#1175,.T.);
#477=ORIENTED_EDGE('',*,*,#1176,.F.);
#478=ORIENTED_EDGE('',*,*,#1177,.T.);
#479=ORIENTED_EDGE('',*,*,#1041,.T.);
#480=ORIENTED_EDGE('',*,*,#1178,.F.);
#481=ORIENTED_EDGE('',*,*,#1179,.F.);
#482=ORIENTED_EDGE('',*,*,#1180,.T.);
#483=ORIENTED_EDGE('',*,*,#1181,.F.);
#484=ORIENTED_EDGE('',*,*,#1182,.T.);
#485=ORIENTED_EDGE('',*,*,#1077,.T.);
#486=ORIENTED_EDGE('',*,*,#1183,.T.);
#487=ORIENTED_EDGE('',*,*,#1184,.T.);
#488=ORIENTED_EDGE('',*,*,#1185,.F.);
#489=ORIENTED_EDGE('',*,*,#1097,.F.);
#490=ORIENTED_EDGE('',*,*,#1185,.T.);
#491=ORIENTED_EDGE('',*,*,#1186,.F.);
#492=ORIENTED_EDGE('',*,*,#1187,.F.);
#493=ORIENTED_EDGE('',*,*,#1098,.T.);
#494=ORIENTED_EDGE('',*,*,#1102,.F.);
#495=ORIENTED_EDGE('',*,*,#1188,.F.);
#496=ORIENTED_EDGE('',*,*,#1189,.T.);
#497=ORIENTED_EDGE('',*,*,#1058,.F.);
#498=ORIENTED_EDGE('',*,*,#1100,.F.);
#499=ORIENTED_EDGE('',*,*,#1190,.F.);
#500=ORIENTED_EDGE('',*,*,#1191,.T.);
#501=ORIENTED_EDGE('',*,*,#1192,.F.);
#502=ORIENTED_EDGE('',*,*,#1187,.T.);
#503=ORIENTED_EDGE('',*,*,#1193,.T.);
#504=ORIENTED_EDGE('',*,*,#1190,.T.);
#505=ORIENTED_EDGE('',*,*,#1099,.T.);
#506=ORIENTED_EDGE('',*,*,#1192,.T.);
#507=ORIENTED_EDGE('',*,*,#1194,.T.);
#508=ORIENTED_EDGE('',*,*,#1188,.T.);
#509=ORIENTED_EDGE('',*,*,#1101,.T.);
#510=ORIENTED_EDGE('',*,*,#1080,.T.);
#511=ORIENTED_EDGE('',*,*,#1195,.F.);
#512=ORIENTED_EDGE('',*,*,#1196,.F.);
#513=ORIENTED_EDGE('',*,*,#1092,.T.);
#514=ORIENTED_EDGE('',*,*,#1096,.F.);
#515=ORIENTED_EDGE('',*,*,#1197,.F.);
#516=ORIENTED_EDGE('',*,*,#1198,.T.);
#517=ORIENTED_EDGE('',*,*,#1183,.F.);
#518=ORIENTED_EDGE('',*,*,#1094,.F.);
#519=ORIENTED_EDGE('',*,*,#1199,.F.);
#520=ORIENTED_EDGE('',*,*,#1200,.T.);
#521=ORIENTED_EDGE('',*,*,#1201,.F.);
#522=ORIENTED_EDGE('',*,*,#1196,.T.);
#523=ORIENTED_EDGE('',*,*,#1202,.T.);
#524=ORIENTED_EDGE('',*,*,#1199,.T.);
#525=ORIENTED_EDGE('',*,*,#1093,.T.);
#526=ORIENTED_EDGE('',*,*,#1201,.T.);
#527=ORIENTED_EDGE('',*,*,#1203,.T.);
#528=ORIENTED_EDGE('',*,*,#1197,.T.);
#529=ORIENTED_EDGE('',*,*,#1095,.T.);
#530=ORIENTED_EDGE('',*,*,#1008,.T.);
#531=ORIENTED_EDGE('',*,*,#1204,.F.);
#532=ORIENTED_EDGE('',*,*,#1205,.F.);
#533=ORIENTED_EDGE('',*,*,#1087,.T.);
#534=ORIENTED_EDGE('',*,*,#1091,.F.);
#535=ORIENTED_EDGE('',*,*,#1206,.F.);
#536=ORIENTED_EDGE('',*,*,#1207,.T.);
#537=ORIENTED_EDGE('',*,*,#1078,.F.);
#538=ORIENTED_EDGE('',*,*,#1089,.F.);
#539=ORIENTED_EDGE('',*,*,#1208,.F.);
#540=ORIENTED_EDGE('',*,*,#1209,.T.);
#541=ORIENTED_EDGE('',*,*,#1210,.F.);
#542=ORIENTED_EDGE('',*,*,#1205,.T.);
#543=ORIENTED_EDGE('',*,*,#1211,.T.);
#544=ORIENTED_EDGE('',*,*,#1208,.T.);
#545=ORIENTED_EDGE('',*,*,#1088,.T.);
#546=ORIENTED_EDGE('',*,*,#1210,.T.);
#547=ORIENTED_EDGE('',*,*,#1212,.T.);
#548=ORIENTED_EDGE('',*,*,#1206,.T.);
#549=ORIENTED_EDGE('',*,*,#1090,.T.);
#550=ORIENTED_EDGE('',*,*,#1072,.T.);
#551=ORIENTED_EDGE('',*,*,#1213,.F.);
#552=ORIENTED_EDGE('',*,*,#1214,.F.);
#553=ORIENTED_EDGE('',*,*,#1118,.T.);
#554=ORIENTED_EDGE('',*,*,#1122,.F.);
#555=ORIENTED_EDGE('',*,*,#1215,.F.);
#556=ORIENTED_EDGE('',*,*,#1216,.T.);
#557=ORIENTED_EDGE('',*,*,#1054,.F.);
#558=ORIENTED_EDGE('',*,*,#1120,.F.);
#559=ORIENTED_EDGE('',*,*,#1217,.F.);
#560=ORIENTED_EDGE('',*,*,#1218,.T.);
#561=ORIENTED_EDGE('',*,*,#1219,.F.);
#562=ORIENTED_EDGE('',*,*,#1214,.T.);
#563=ORIENTED_EDGE('',*,*,#1220,.T.);
#564=ORIENTED_EDGE('',*,*,#1217,.T.);
#565=ORIENTED_EDGE('',*,*,#1119,.T.);
#566=ORIENTED_EDGE('',*,*,#1219,.T.);
#567=ORIENTED_EDGE('',*,*,#1221,.T.);
#568=ORIENTED_EDGE('',*,*,#1215,.T.);
#569=ORIENTED_EDGE('',*,*,#1121,.T.);
#570=ORIENTED_EDGE('',*,*,#1068,.T.);
#571=ORIENTED_EDGE('',*,*,#1222,.F.);
#572=ORIENTED_EDGE('',*,*,#1223,.F.);
#573=ORIENTED_EDGE('',*,*,#1113,.T.);
#574=ORIENTED_EDGE('',*,*,#1117,.F.);
#575=ORIENTED_EDGE('',*,*,#1224,.F.);
#576=ORIENTED_EDGE('',*,*,#1225,.T.);
#577=ORIENTED_EDGE('',*,*,#1070,.F.);
#578=ORIENTED_EDGE('',*,*,#1115,.F.);
#579=ORIENTED_EDGE('',*,*,#1226,.F.);
#580=ORIENTED_EDGE('',*,*,#1227,.T.);
#581=ORIENTED_EDGE('',*,*,#1228,.F.);
#582=ORIENTED_EDGE('',*,*,#1223,.T.);
#583=ORIENTED_EDGE('',*,*,#1229,.T.);
#584=ORIENTED_EDGE('',*,*,#1226,.T.);
#585=ORIENTED_EDGE('',*,*,#1114,.T.);
#586=ORIENTED_EDGE('',*,*,#1228,.T.);
#587=ORIENTED_EDGE('',*,*,#1230,.T.);
#588=ORIENTED_EDGE('',*,*,#1224,.T.);
#589=ORIENTED_EDGE('',*,*,#1116,.T.);
#590=ORIENTED_EDGE('',*,*,#1064,.T.);
#591=ORIENTED_EDGE('',*,*,#1231,.F.);
#592=ORIENTED_EDGE('',*,*,#1232,.F.);
#593=ORIENTED_EDGE('',*,*,#1108,.T.);
#594=ORIENTED_EDGE('',*,*,#1112,.F.);
#595=ORIENTED_EDGE('',*,*,#1233,.F.);
#596=ORIENTED_EDGE('',*,*,#1234,.T.);
#597=ORIENTED_EDGE('',*,*,#1066,.F.);
#598=ORIENTED_EDGE('',*,*,#1110,.F.);
#599=ORIENTED_EDGE('',*,*,#1235,.F.);
#600=ORIENTED_EDGE('',*,*,#1236,.T.);
#601=ORIENTED_EDGE('',*,*,#1237,.F.);
#602=ORIENTED_EDGE('',*,*,#1232,.T.);
#603=ORIENTED_EDGE('',*,*,#1238,.T.);
#604=ORIENTED_EDGE('',*,*,#1235,.T.);
#605=ORIENTED_EDGE('',*,*,#1109,.T.);
#606=ORIENTED_EDGE('',*,*,#1237,.T.);
#607=ORIENTED_EDGE('',*,*,#1239,.T.);
#608=ORIENTED_EDGE('',*,*,#1233,.T.);
#609=ORIENTED_EDGE('',*,*,#1111,.T.);
#610=ORIENTED_EDGE('',*,*,#1060,.T.);
#611=ORIENTED_EDGE('',*,*,#1240,.F.);
#612=ORIENTED_EDGE('',*,*,#1241,.F.);
#613=ORIENTED_EDGE('',*,*,#1103,.T.);
#614=ORIENTED_EDGE('',*,*,#1107,.F.);
#615=ORIENTED_EDGE('',*,*,#1242,.F.);
#616=ORIENTED_EDGE('',*,*,#1243,.T.);
#617=ORIENTED_EDGE('',*,*,#1062,.F.);
#618=ORIENTED_EDGE('',*,*,#1105,.F.);
#619=ORIENTED_EDGE('',*,*,#1244,.F.);
#620=ORIENTED_EDGE('',*,*,#1245,.T.);
#621=ORIENTED_EDGE('',*,*,#1246,.F.);
#622=ORIENTED_EDGE('',*,*,#1241,.T.);
#623=ORIENTED_EDGE('',*,*,#1247,.T.);
#624=ORIENTED_EDGE('',*,*,#1244,.T.);
#625=ORIENTED_EDGE('',*,*,#1104,.T.);
#626=ORIENTED_EDGE('',*,*,#1246,.T.);
#627=ORIENTED_EDGE('',*,*,#1248,.T.);
#628=ORIENTED_EDGE('',*,*,#1242,.T.);
#629=ORIENTED_EDGE('',*,*,#1106,.T.);
#630=ORIENTED_EDGE('',*,*,#1056,.T.);
#631=ORIENTED_EDGE('',*,*,#1249,.F.);
#632=ORIENTED_EDGE('',*,*,#1250,.F.);
#633=ORIENTED_EDGE('',*,*,#1123,.T.);
#634=ORIENTED_EDGE('',*,*,#1127,.F.);
#635=ORIENTED_EDGE('',*,*,#1251,.F.);
#636=ORIENTED_EDGE('',*,*,#1252,.T.);
#637=ORIENTED_EDGE('',*,*,#1050,.F.);
#638=ORIENTED_EDGE('',*,*,#1125,.F.);
#639=ORIENTED_EDGE('',*,*,#1253,.F.);
#640=ORIENTED_EDGE('',*,*,#1254,.T.);
#641=ORIENTED_EDGE('',*,*,#1255,.F.);
#642=ORIENTED_EDGE('',*,*,#1250,.T.);
#643=ORIENTED_EDGE('',*,*,#1256,.T.);
#644=ORIENTED_EDGE('',*,*,#1253,.T.);
#645=ORIENTED_EDGE('',*,*,#1124,.T.);
#646=ORIENTED_EDGE('',*,*,#1255,.T.);
#647=ORIENTED_EDGE('',*,*,#1257,.T.);
#648=ORIENTED_EDGE('',*,*,#1251,.T.);
#649=ORIENTED_EDGE('',*,*,#1126,.T.);
#650=ORIENTED_EDGE('',*,*,#1052,.T.);
#651=ORIENTED_EDGE('',*,*,#1258,.F.);
#652=ORIENTED_EDGE('',*,*,#1259,.F.);
#653=ORIENTED_EDGE('',*,*,#1128,.T.);
#654=ORIENTED_EDGE('',*,*,#1132,.F.);
#655=ORIENTED_EDGE('',*,*,#1260,.F.);
#656=ORIENTED_EDGE('',*,*,#1261,.T.);
#657=ORIENTED_EDGE('',*,*,#1042,.F.);
#658=ORIENTED_EDGE('',*,*,#1130,.F.);
#659=ORIENTED_EDGE('',*,*,#1262,.F.);
#660=ORIENTED_EDGE('',*,*,#1263,.T.);
#661=ORIENTED_EDGE('',*,*,#1264,.F.);
#662=ORIENTED_EDGE('',*,*,#1259,.T.);
#663=ORIENTED_EDGE('',*,*,#1265,.T.);
#664=ORIENTED_EDGE('',*,*,#1262,.T.);
#665=ORIENTED_EDGE('',*,*,#1129,.T.);
#666=ORIENTED_EDGE('',*,*,#1264,.T.);
#667=ORIENTED_EDGE('',*,*,#1266,.T.);
#668=ORIENTED_EDGE('',*,*,#1260,.T.);
#669=ORIENTED_EDGE('',*,*,#1131,.T.);
#670=ORIENTED_EDGE('',*,*,#1048,.T.);
#671=ORIENTED_EDGE('',*,*,#1267,.F.);
#672=ORIENTED_EDGE('',*,*,#1268,.F.);
#673=ORIENTED_EDGE('',*,*,#1138,.T.);
#674=ORIENTED_EDGE('',*,*,#1142,.F.);
#675=ORIENTED_EDGE('',*,*,#1269,.F.);
#676=ORIENTED_EDGE('',*,*,#1270,.T.);
#677=ORIENTED_EDGE('',*,*,#1010,.F.);
#678=ORIENTED_EDGE('',*,*,#1140,.F.);
#679=ORIENTED_EDGE('',*,*,#1271,.F.);
#680=ORIENTED_EDGE('',*,*,#1272,.T.);
#681=ORIENTED_EDGE('',*,*,#1273,.F.);
#682=ORIENTED_EDGE('',*,*,#1268,.T.);
#683=ORIENTED_EDGE('',*,*,#1274,.T.);
#684=ORIENTED_EDGE('',*,*,#1271,.T.);
#685=ORIENTED_EDGE('',*,*,#1139,.T.);
#686=ORIENTED_EDGE('',*,*,#1273,.T.);
#687=ORIENTED_EDGE('',*,*,#1275,.T.);
#688=ORIENTED_EDGE('',*,*,#1269,.T.);
#689=ORIENTED_EDGE('',*,*,#1141,.T.);
#690=ORIENTED_EDGE('',*,*,#1044,.T.);
#691=ORIENTED_EDGE('',*,*,#1276,.F.);
#692=ORIENTED_EDGE('',*,*,#1277,.F.);
#693=ORIENTED_EDGE('',*,*,#1133,.T.);
#694=ORIENTED_EDGE('',*,*,#1137,.F.);
#695=ORIENTED_EDGE('',*,*,#1278,.F.);
#696=ORIENTED_EDGE('',*,*,#1279,.T.);
#697=ORIENTED_EDGE('',*,*,#1046,.F.);
#698=ORIENTED_EDGE('',*,*,#1135,.F.);
#699=ORIENTED_EDGE('',*,*,#1280,.F.);
#700=ORIENTED_EDGE('',*,*,#1281,.T.);
#701=ORIENTED_EDGE('',*,*,#1282,.F.);
#702=ORIENTED_EDGE('',*,*,#1277,.T.);
#703=ORIENTED_EDGE('',*,*,#1283,.T.);
#704=ORIENTED_EDGE('',*,*,#1280,.T.);
#705=ORIENTED_EDGE('',*,*,#1134,.T.);
#706=ORIENTED_EDGE('',*,*,#1282,.T.);
#707=ORIENTED_EDGE('',*,*,#1284,.T.);
#708=ORIENTED_EDGE('',*,*,#1278,.T.);
#709=ORIENTED_EDGE('',*,*,#1136,.T.);
#710=ORIENTED_EDGE('',*,*,#1040,.T.);
#711=ORIENTED_EDGE('',*,*,#1285,.F.);
#712=ORIENTED_EDGE('',*,*,#1286,.F.);
#713=ORIENTED_EDGE('',*,*,#1178,.T.);
#714=ORIENTED_EDGE('',*,*,#1182,.F.);
#715=ORIENTED_EDGE('',*,*,#1287,.F.);
#716=ORIENTED_EDGE('',*,*,#1288,.T.);
#717=ORIENTED_EDGE('',*,*,#1074,.F.);
#718=ORIENTED_EDGE('',*,*,#1180,.F.);
#719=ORIENTED_EDGE('',*,*,#1289,.F.);
#720=ORIENTED_EDGE('',*,*,#1290,.T.);
#721=ORIENTED_EDGE('',*,*,#1291,.F.);
#722=ORIENTED_EDGE('',*,*,#1286,.T.);
#723=ORIENTED_EDGE('',*,*,#1292,.T.);
#724=ORIENTED_EDGE('',*,*,#1289,.T.);
#725=ORIENTED_EDGE('',*,*,#1179,.T.);
#726=ORIENTED_EDGE('',*,*,#1291,.T.);
#727=ORIENTED_EDGE('',*,*,#1293,.T.);
#728=ORIENTED_EDGE('',*,*,#1287,.T.);
#729=ORIENTED_EDGE('',*,*,#1181,.T.);
#730=ORIENTED_EDGE('',*,*,#1036,.T.);
#731=ORIENTED_EDGE('',*,*,#1294,.F.);
#732=ORIENTED_EDGE('',*,*,#1295,.F.);
#733=ORIENTED_EDGE('',*,*,#1173,.T.);
#734=ORIENTED_EDGE('',*,*,#1177,.F.);
#735=ORIENTED_EDGE('',*,*,#1296,.F.);
#736=ORIENTED_EDGE('',*,*,#1297,.T.);
#737=ORIENTED_EDGE('',*,*,#1038,.F.);
#738=ORIENTED_EDGE('',*,*,#1175,.F.);
#739=ORIENTED_EDGE('',*,*,#1298,.F.);
#740=ORIENTED_EDGE('',*,*,#1299,.T.);
#741=ORIENTED_EDGE('',*,*,#1300,.F.);
#742=ORIENTED_EDGE('',*,*,#1295,.T.);
#743=ORIENTED_EDGE('',*,*,#1301,.T.);
#744=ORIENTED_EDGE('',*,*,#1298,.T.);
#745=ORIENTED_EDGE('',*,*,#1174,.T.);
#746=ORIENTED_EDGE('',*,*,#1300,.T.);
#747=ORIENTED_EDGE('',*,*,#1302,.T.);
#748=ORIENTED_EDGE('',*,*,#1296,.T.);
#749=ORIENTED_EDGE('',*,*,#1176,.T.);
#750=ORIENTED_EDGE('',*,*,#1032,.T.);
#751=ORIENTED_EDGE('',*,*,#1303,.F.);
#752=ORIENTED_EDGE('',*,*,#1304,.F.);
#753=ORIENTED_EDGE('',*,*,#1168,.T.);
#754=ORIENTED_EDGE('',*,*,#1172,.F.);
#755=ORIENTED_EDGE('',*,*,#1305,.F.);
#756=ORIENTED_EDGE('',*,*,#1306,.T.);
#757=ORIENTED_EDGE('',*,*,#1034,.F.);
#758=ORIENTED_EDGE('',*,*,#1170,.F.);
#759=ORIENTED_EDGE('',*,*,#1307,.F.);
#760=ORIENTED_EDGE('',*,*,#1308,.T.);
#761=ORIENTED_EDGE('',*,*,#1309,.F.);
#762=ORIENTED_EDGE('',*,*,#1304,.T.);
#763=ORIENTED_EDGE('',*,*,#1310,.T.);
#764=ORIENTED_EDGE('',*,*,#1307,.T.);
#765=ORIENTED_EDGE('',*,*,#1169,.T.);
#766=ORIENTED_EDGE('',*,*,#1309,.T.);
#767=ORIENTED_EDGE('',*,*,#1311,.T.);
#768=ORIENTED_EDGE('',*,*,#1305,.T.);
#769=ORIENTED_EDGE('',*,*,#1171,.T.);
#770=ORIENTED_EDGE('',*,*,#1028,.T.);
#771=ORIENTED_EDGE('',*,*,#1312,.F.);
#772=ORIENTED_EDGE('',*,*,#1313,.F.);
#773=ORIENTED_EDGE('',*,*,#1163,.T.);
#774=ORIENTED_EDGE('',*,*,#1167,.F.);
#775=ORIENTED_EDGE('',*,*,#1314,.F.);
#776=ORIENTED_EDGE('',*,*,#1315,.T.);
#777=ORIENTED_EDGE('',*,*,#1030,.F.);
#778=ORIENTED_EDGE('',*,*,#1165,.F.);
#779=ORIENTED_EDGE('',*,*,#1316,.F.);
#780=ORIENTED_EDGE('',*,*,#1317,.T.);
#781=ORIENTED_EDGE('',*,*,#1318,.F.);
#782=ORIENTED_EDGE('',*,*,#1313,.T.);
#783=ORIENTED_EDGE('',*,*,#1319,.T.);
#784=ORIENTED_EDGE('',*,*,#1316,.T.);
#785=ORIENTED_EDGE('',*,*,#1164,.T.);
#786=ORIENTED_EDGE('',*,*,#1318,.T.);
#787=ORIENTED_EDGE('',*,*,#1320,.T.);
#788=ORIENTED_EDGE('',*,*,#1314,.T.);
#789=ORIENTED_EDGE('',*,*,#1166,.T.);
#790=ORIENTED_EDGE('',*,*,#1024,.T.);
#791=ORIENTED_EDGE('',*,*,#1321,.F.);
#792=ORIENTED_EDGE('',*,*,#1322,.F.);
#793=ORIENTED_EDGE('',*,*,#1158,.T.);
#794=ORIENTED_EDGE('',*,*,#1162,.F.);
#795=ORIENTED_EDGE('',*,*,#1323,.F.);
#796=ORIENTED_EDGE('',*,*,#1324,.T.);
#797=ORIENTED_EDGE('',*,*,#1026,.F.);
#798=ORIENTED_EDGE('',*,*,#1160,.F.);
#799=ORIENTED_EDGE('',*,*,#1325,.F.);
#800=ORIENTED_EDGE('',*,*,#1326,.T.);
#801=ORIENTED_EDGE('',*,*,#1327,.F.);
#802=ORIENTED_EDGE('',*,*,#1322,.T.);
#803=ORIENTED_EDGE('',*,*,#1328,.T.);
#804=ORIENTED_EDGE('',*,*,#1325,.T.);
#805=ORIENTED_EDGE('',*,*,#1159,.T.);
#806=ORIENTED_EDGE('',*,*,#1327,.T.);
#807=ORIENTED_EDGE('',*,*,#1329,.T.);
#808=ORIENTED_EDGE('',*,*,#1323,.T.);
#809=ORIENTED_EDGE('',*,*,#1161,.T.);
#810=ORIENTED_EDGE('',*,*,#1020,.T.);
#811=ORIENTED_EDGE('',*,*,#1330,.F.);
#812=ORIENTED_EDGE('',*,*,#1331,.F.);
#813=ORIENTED_EDGE('',*,*,#1153,.T.);
#814=ORIENTED_EDGE('',*,*,#1157,.F.);
#815=ORIENTED_EDGE('',*,*,#1332,.F.);
#816=ORIENTED_EDGE('',*,*,#1333,.T.);
#817=ORIENTED_EDGE('',*,*,#1022,.F.);
#818=ORIENTED_EDGE('',*,*,#1155,.F.);
#819=ORIENTED_EDGE('',*,*,#1334,.F.);
#820=ORIENTED_EDGE('',*,*,#1335,.T.);
#821=ORIENTED_EDGE('',*,*,#1336,.F.);
#822=ORIENTED_EDGE('',*,*,#1331,.T.);
#823=ORIENTED_EDGE('',*,*,#1337,.T.);
#824=ORIENTED_EDGE('',*,*,#1334,.T.);
#825=ORIENTED_EDGE('',*,*,#1154,.T.);
#826=ORIENTED_EDGE('',*,*,#1336,.T.);
#827=ORIENTED_EDGE('',*,*,#1338,.T.);
#828=ORIENTED_EDGE('',*,*,#1332,.T.);
#829=ORIENTED_EDGE('',*,*,#1156,.T.);
#830=ORIENTED_EDGE('',*,*,#1016,.T.);
#831=ORIENTED_EDGE('',*,*,#1339,.F.);
#832=ORIENTED_EDGE('',*,*,#1340,.F.);
#833=ORIENTED_EDGE('',*,*,#1148,.T.);
#834=ORIENTED_EDGE('',*,*,#1152,.F.);
#835=ORIENTED_EDGE('',*,*,#1341,.F.);
#836=ORIENTED_EDGE('',*,*,#1342,.T.);
#837=ORIENTED_EDGE('',*,*,#1018,.F.);
#838=ORIENTED_EDGE('',*,*,#1150,.F.);
#839=ORIENTED_EDGE('',*,*,#1343,.F.);
#840=ORIENTED_EDGE('',*,*,#1344,.T.);
#841=ORIENTED_EDGE('',*,*,#1345,.F.);
#842=ORIENTED_EDGE('',*,*,#1340,.T.);
#843=ORIENTED_EDGE('',*,*,#1346,.T.);
#844=ORIENTED_EDGE('',*,*,#1343,.T.);
#845=ORIENTED_EDGE('',*,*,#1149,.T.);
#846=ORIENTED_EDGE('',*,*,#1345,.T.);
#847=ORIENTED_EDGE('',*,*,#1347,.T.);
#848=ORIENTED_EDGE('',*,*,#1341,.T.);
#849=ORIENTED_EDGE('',*,*,#1151,.T.);
#850=ORIENTED_EDGE('',*,*,#1012,.T.);
#851=ORIENTED_EDGE('',*,*,#1348,.F.);
#852=ORIENTED_EDGE('',*,*,#1349,.F.);
#853=ORIENTED_EDGE('',*,*,#1143,.T.);
#854=ORIENTED_EDGE('',*,*,#1147,.F.);
#855=ORIENTED_EDGE('',*,*,#1350,.F.);
#856=ORIENTED_EDGE('',*,*,#1351,.T.);
#857=ORIENTED_EDGE('',*,*,#1014,.F.);
#858=ORIENTED_EDGE('',*,*,#1145,.F.);
#859=ORIENTED_EDGE('',*,*,#1352,.F.);
#860=ORIENTED_EDGE('',*,*,#1353,.T.);
#861=ORIENTED_EDGE('',*,*,#1354,.F.);
#862=ORIENTED_EDGE('',*,*,#1349,.T.);
#863=ORIENTED_EDGE('',*,*,#1355,.T.);
#864=ORIENTED_EDGE('',*,*,#1352,.T.);
#865=ORIENTED_EDGE('',*,*,#1144,.T.);
#866=ORIENTED_EDGE('',*,*,#1354,.T.);
#867=ORIENTED_EDGE('',*,*,#1356,.T.);
#868=ORIENTED_EDGE('',*,*,#1350,.T.);
#869=ORIENTED_EDGE('',*,*,#1146,.T.);
#870=ORIENTED_EDGE('',*,*,#1076,.F.);
#871=ORIENTED_EDGE('',*,*,#1357,.F.);
#872=ORIENTED_EDGE('',*,*,#1358,.T.);
#873=ORIENTED_EDGE('',*,*,#1084,.F.);
#874=ORIENTED_EDGE('',*,*,#1086,.T.);
#875=ORIENTED_EDGE('',*,*,#1359,.T.);
#876=ORIENTED_EDGE('',*,*,#1360,.T.);
#877=ORIENTED_EDGE('',*,*,#1006,.T.);
#878=ORIENTED_EDGE('',*,*,#1083,.T.);
#879=ORIENTED_EDGE('',*,*,#1361,.F.);
#880=ORIENTED_EDGE('',*,*,#1085,.F.);
#881=ORIENTED_EDGE('',*,*,#1358,.F.);
#882=ORIENTED_EDGE('',*,*,#1362,.T.);
#883=ORIENTED_EDGE('',*,*,#1359,.F.);
#884=ORIENTED_EDGE('',*,*,#1082,.T.);
#885=ORIENTED_EDGE('',*,*,#1363,.T.);
#886=ORIENTED_EDGE('',*,*,#1363,.F.);
#887=ORIENTED_EDGE('',*,*,#1007,.F.);
#888=ORIENTED_EDGE('',*,*,#1360,.F.);
#889=ORIENTED_EDGE('',*,*,#1362,.F.);
#890=ORIENTED_EDGE('',*,*,#1357,.T.);
#891=ORIENTED_EDGE('',*,*,#1075,.F.);
#892=ORIENTED_EDGE('',*,*,#1288,.F.);
#893=ORIENTED_EDGE('',*,*,#1293,.F.);
#894=ORIENTED_EDGE('',*,*,#1290,.F.);
#895=ORIENTED_EDGE('',*,*,#1292,.F.);
#896=ORIENTED_EDGE('',*,*,#1285,.T.);
#897=ORIENTED_EDGE('',*,*,#1039,.F.);
#898=ORIENTED_EDGE('',*,*,#1297,.F.);
#899=ORIENTED_EDGE('',*,*,#1302,.F.);
#900=ORIENTED_EDGE('',*,*,#1299,.F.);
#901=ORIENTED_EDGE('',*,*,#1301,.F.);
#902=ORIENTED_EDGE('',*,*,#1294,.T.);
#903=ORIENTED_EDGE('',*,*,#1035,.F.);
#904=ORIENTED_EDGE('',*,*,#1306,.F.);
#905=ORIENTED_EDGE('',*,*,#1311,.F.);
#906=ORIENTED_EDGE('',*,*,#1308,.F.);
#907=ORIENTED_EDGE('',*,*,#1310,.F.);
#908=ORIENTED_EDGE('',*,*,#1303,.T.);
#909=ORIENTED_EDGE('',*,*,#1031,.F.);
#910=ORIENTED_EDGE('',*,*,#1315,.F.);
#911=ORIENTED_EDGE('',*,*,#1320,.F.);
#912=ORIENTED_EDGE('',*,*,#1317,.F.);
#913=ORIENTED_EDGE('',*,*,#1319,.F.);
#914=ORIENTED_EDGE('',*,*,#1312,.T.);
#915=ORIENTED_EDGE('',*,*,#1027,.F.);
#916=ORIENTED_EDGE('',*,*,#1324,.F.);
#917=ORIENTED_EDGE('',*,*,#1329,.F.);
#918=ORIENTED_EDGE('',*,*,#1326,.F.);
#919=ORIENTED_EDGE('',*,*,#1328,.F.);
#920=ORIENTED_EDGE('',*,*,#1321,.T.);
#921=ORIENTED_EDGE('',*,*,#1023,.F.);
#922=ORIENTED_EDGE('',*,*,#1333,.F.);
#923=ORIENTED_EDGE('',*,*,#1338,.F.);
#924=ORIENTED_EDGE('',*,*,#1335,.F.);
#925=ORIENTED_EDGE('',*,*,#1337,.F.);
#926=ORIENTED_EDGE('',*,*,#1330,.T.);
#927=ORIENTED_EDGE('',*,*,#1019,.F.);
#928=ORIENTED_EDGE('',*,*,#1342,.F.);
#929=ORIENTED_EDGE('',*,*,#1347,.F.);
#930=ORIENTED_EDGE('',*,*,#1344,.F.);
#931=ORIENTED_EDGE('',*,*,#1346,.F.);
#932=ORIENTED_EDGE('',*,*,#1339,.T.);
#933=ORIENTED_EDGE('',*,*,#1015,.F.);
#934=ORIENTED_EDGE('',*,*,#1351,.F.);
#935=ORIENTED_EDGE('',*,*,#1356,.F.);
#936=ORIENTED_EDGE('',*,*,#1353,.F.);
#937=ORIENTED_EDGE('',*,*,#1355,.F.);
#938=ORIENTED_EDGE('',*,*,#1348,.T.);
#939=ORIENTED_EDGE('',*,*,#1011,.F.);
#940=ORIENTED_EDGE('',*,*,#1270,.F.);
#941=ORIENTED_EDGE('',*,*,#1275,.F.);
#942=ORIENTED_EDGE('',*,*,#1272,.F.);
#943=ORIENTED_EDGE('',*,*,#1274,.F.);
#944=ORIENTED_EDGE('',*,*,#1267,.T.);
#945=ORIENTED_EDGE('',*,*,#1047,.F.);
#946=ORIENTED_EDGE('',*,*,#1279,.F.);
#947=ORIENTED_EDGE('',*,*,#1284,.F.);
#948=ORIENTED_EDGE('',*,*,#1281,.F.);
#949=ORIENTED_EDGE('',*,*,#1283,.F.);
#950=ORIENTED_EDGE('',*,*,#1276,.T.);
#951=ORIENTED_EDGE('',*,*,#1043,.F.);
#952=ORIENTED_EDGE('',*,*,#1261,.F.);
#953=ORIENTED_EDGE('',*,*,#1266,.F.);
#954=ORIENTED_EDGE('',*,*,#1263,.F.);
#955=ORIENTED_EDGE('',*,*,#1265,.F.);
#956=ORIENTED_EDGE('',*,*,#1258,.T.);
#957=ORIENTED_EDGE('',*,*,#1051,.F.);
#958=ORIENTED_EDGE('',*,*,#1252,.F.);
#959=ORIENTED_EDGE('',*,*,#1257,.F.);
#960=ORIENTED_EDGE('',*,*,#1254,.F.);
#961=ORIENTED_EDGE('',*,*,#1256,.F.);
#962=ORIENTED_EDGE('',*,*,#1249,.T.);
#963=ORIENTED_EDGE('',*,*,#1055,.F.);
#964=ORIENTED_EDGE('',*,*,#1216,.F.);
#965=ORIENTED_EDGE('',*,*,#1221,.F.);
#966=ORIENTED_EDGE('',*,*,#1218,.F.);
#967=ORIENTED_EDGE('',*,*,#1220,.F.);
#968=ORIENTED_EDGE('',*,*,#1213,.T.);
#969=ORIENTED_EDGE('',*,*,#1071,.F.);
#970=ORIENTED_EDGE('',*,*,#1225,.F.);
#971=ORIENTED_EDGE('',*,*,#1230,.F.);
#972=ORIENTED_EDGE('',*,*,#1227,.F.);
#973=ORIENTED_EDGE('',*,*,#1229,.F.);
#974=ORIENTED_EDGE('',*,*,#1222,.T.);
#975=ORIENTED_EDGE('',*,*,#1067,.F.);
#976=ORIENTED_EDGE('',*,*,#1234,.F.);
#977=ORIENTED_EDGE('',*,*,#1239,.F.);
#978=ORIENTED_EDGE('',*,*,#1236,.F.);
#979=ORIENTED_EDGE('',*,*,#1238,.F.);
#980=ORIENTED_EDGE('',*,*,#1231,.T.);
#981=ORIENTED_EDGE('',*,*,#1063,.F.);
#982=ORIENTED_EDGE('',*,*,#1243,.F.);
#983=ORIENTED_EDGE('',*,*,#1248,.F.);
#984=ORIENTED_EDGE('',*,*,#1245,.F.);
#985=ORIENTED_EDGE('',*,*,#1247,.F.);
#986=ORIENTED_EDGE('',*,*,#1240,.T.);
#987=ORIENTED_EDGE('',*,*,#1059,.F.);
#988=ORIENTED_EDGE('',*,*,#1189,.F.);
#989=ORIENTED_EDGE('',*,*,#1194,.F.);
#990=ORIENTED_EDGE('',*,*,#1191,.F.);
#991=ORIENTED_EDGE('',*,*,#1193,.F.);
#992=ORIENTED_EDGE('',*,*,#1186,.T.);
#993=ORIENTED_EDGE('',*,*,#1184,.F.);
#994=ORIENTED_EDGE('',*,*,#1198,.F.);
#995=ORIENTED_EDGE('',*,*,#1203,.F.);
#996=ORIENTED_EDGE('',*,*,#1200,.F.);
#997=ORIENTED_EDGE('',*,*,#1202,.F.);
#998=ORIENTED_EDGE('',*,*,#1195,.T.);
#999=ORIENTED_EDGE('',*,*,#1079,.F.);
#1000=ORIENTED_EDGE('',*,*,#1207,.F.);
#1001=ORIENTED_EDGE('',*,*,#1212,.F.);
#1002=ORIENTED_EDGE('',*,*,#1209,.F.);
#1003=ORIENTED_EDGE('',*,*,#1211,.F.);
#1004=ORIENTED_EDGE('',*,*,#1204,.T.);
#1005=ORIENTED_EDGE('',*,*,#1361,.T.);
#1006=EDGE_CURVE('',#1364,#1365,#1604,.T.);
#1007=EDGE_CURVE('',#1364,#1366,#130,.T.);
#1008=EDGE_CURVE('',#1367,#1366,#1605,.T.);
#1009=EDGE_CURVE('',#1365,#1367,#131,.T.);
#1010=EDGE_CURVE('',#1368,#1369,#1606,.T.);
#1011=EDGE_CURVE('',#1369,#1370,#132,.T.);
#1012=EDGE_CURVE('',#1371,#1370,#1607,.T.);
#1013=EDGE_CURVE('',#1368,#1371,#133,.T.);
#1014=EDGE_CURVE('',#1372,#1373,#1608,.T.);
#1015=EDGE_CURVE('',#1373,#1374,#134,.T.);
#1016=EDGE_CURVE('',#1375,#1374,#1609,.T.);
#1017=EDGE_CURVE('',#1372,#1375,#135,.T.);
#1018=EDGE_CURVE('',#1376,#1377,#1610,.T.);
#1019=EDGE_CURVE('',#1377,#1378,#136,.T.);
#1020=EDGE_CURVE('',#1379,#1378,#1611,.T.);
#1021=EDGE_CURVE('',#1376,#1379,#137,.T.);
#1022=EDGE_CURVE('',#1380,#1381,#1612,.T.);
#1023=EDGE_CURVE('',#1381,#1382,#138,.T.);
#1024=EDGE_CURVE('',#1383,#1382,#1613,.T.);
#1025=EDGE_CURVE('',#1380,#1383,#139,.T.);
#1026=EDGE_CURVE('',#1384,#1385,#1614,.T.);
#1027=EDGE_CURVE('',#1385,#1386,#140,.T.);
#1028=EDGE_CURVE('',#1387,#1386,#1615,.T.);
#1029=EDGE_CURVE('',#1384,#1387,#141,.T.);
#1030=EDGE_CURVE('',#1388,#1389,#1616,.T.);
#1031=EDGE_CURVE('',#1389,#1390,#142,.T.);
#1032=EDGE_CURVE('',#1391,#1390,#1617,.T.);
#1033=EDGE_CURVE('',#1388,#1391,#143,.T.);
#1034=EDGE_CURVE('',#1392,#1393,#1618,.T.);
#1035=EDGE_CURVE('',#1393,#1394,#144,.T.);
#1036=EDGE_CURVE('',#1395,#1394,#1619,.T.);
#1037=EDGE_CURVE('',#1392,#1395,#145,.T.);
#1038=EDGE_CURVE('',#1396,#1397,#1620,.T.);
#1039=EDGE_CURVE('',#1397,#1398,#146,.T.);
#1040=EDGE_CURVE('',#1399,#1398,#1621,.T.);
#1041=EDGE_CURVE('',#1396,#1399,#147,.T.);
#1042=EDGE_CURVE('',#1400,#1401,#1622,.T.);
#1043=EDGE_CURVE('',#1401,#1402,#148,.T.);
#1044=EDGE_CURVE('',#1403,#1402,#1623,.T.);
#1045=EDGE_CURVE('',#1400,#1403,#149,.T.);
#1046=EDGE_CURVE('',#1404,#1405,#1624,.T.);
#1047=EDGE_CURVE('',#1405,#1406,#150,.T.);
#1048=EDGE_CURVE('',#1407,#1406,#1625,.T.);
#1049=EDGE_CURVE('',#1404,#1407,#151,.T.);
#1050=EDGE_CURVE('',#1408,#1409,#1626,.T.);
#1051=EDGE_CURVE('',#1409,#1410,#152,.T.);
#1052=EDGE_CURVE('',#1411,#1410,#1627,.T.);
#1053=EDGE_CURVE('',#1408,#1411,#153,.T.);
#1054=EDGE_CURVE('',#1412,#1413,#1628,.T.);
#1055=EDGE_CURVE('',#1413,#1414,#154,.T.);
#1056=EDGE_CURVE('',#1415,#1414,#1629,.T.);
#1057=EDGE_CURVE('',#1412,#1415,#155,.T.);
#1058=EDGE_CURVE('',#1416,#1417,#1630,.T.);
#1059=EDGE_CURVE('',#1417,#1418,#156,.T.);
#1060=EDGE_CURVE('',#1419,#1418,#1631,.T.);
#1061=EDGE_CURVE('',#1416,#1419,#157,.T.);
#1062=EDGE_CURVE('',#1420,#1421,#1632,.T.);
#1063=EDGE_CURVE('',#1421,#1422,#158,.T.);
#1064=EDGE_CURVE('',#1423,#1422,#1633,.T.);
#1065=EDGE_CURVE('',#1420,#1423,#159,.T.);
#1066=EDGE_CURVE('',#1424,#1425,#1634,.T.);
#1067=EDGE_CURVE('',#1425,#1426,#160,.T.);
#1068=EDGE_CURVE('',#1427,#1426,#1635,.T.);
#1069=EDGE_CURVE('',#1424,#1427,#161,.T.);
#1070=EDGE_CURVE('',#1428,#1429,#1636,.T.);
#1071=EDGE_CURVE('',#1429,#1430,#162,.T.);
#1072=EDGE_CURVE('',#1431,#1430,#1637,.T.);
#1073=EDGE_CURVE('',#1428,#1431,#163,.T.);
#1074=EDGE_CURVE('',#1432,#1433,#1638,.T.);
#1075=EDGE_CURVE('',#1433,#1434,#164,.T.);
#1076=EDGE_CURVE('',#1434,#1435,#1639,.T.);
#1077=EDGE_CURVE('',#1432,#1435,#165,.T.);
#1078=EDGE_CURVE('',#1436,#1437,#1640,.T.);
#1079=EDGE_CURVE('',#1437,#1438,#166,.T.);
#1080=EDGE_CURVE('',#1439,#1438,#1641,.T.);
#1081=EDGE_CURVE('',#1436,#1439,#167,.T.);
#1082=EDGE_CURVE('',#1440,#1440,#168,.T.);
#1083=EDGE_CURVE('',#1441,#1441,#169,.T.);
#1084=EDGE_CURVE('',#1435,#1442,#1642,.T.);
#1085=EDGE_CURVE('',#1442,#1443,#170,.T.);
#1086=EDGE_CURVE('',#1365,#1443,#1643,.T.);
#1087=EDGE_CURVE('',#1444,#1367,#50,.T.);
#1088=EDGE_CURVE('',#1445,#1444,#171,.T.);
#1089=EDGE_CURVE('',#1445,#1446,#172,.T.);
#1090=EDGE_CURVE('',#1447,#1446,#173,.T.);
#1091=EDGE_CURVE('',#1447,#1436,#51,.T.);
#1092=EDGE_CURVE('',#1448,#1439,#52,.T.);
#1093=EDGE_CURVE('',#1449,#1448,#174,.T.);
#1094=EDGE_CURVE('',#1449,#1450,#175,.T.);
#1095=EDGE_CURVE('',#1451,#1450,#176,.T.);
#1096=EDGE_CURVE('',#1451,#1452,#53,.T.);
#1097=EDGE_CURVE('',#1452,#1453,#177,.T.);
#1098=EDGE_CURVE('',#1454,#1453,#54,.T.);
#1099=EDGE_CURVE('',#1455,#1454,#178,.T.);
#1100=EDGE_CURVE('',#1455,#1456,#179,.T.);
#1101=EDGE_CURVE('',#1457,#1456,#180,.T.);
#1102=EDGE_CURVE('',#1457,#1416,#55,.T.);
#1103=EDGE_CURVE('',#1458,#1419,#56,.T.);
#1104=EDGE_CURVE('',#1459,#1458,#181,.T.);
#1105=EDGE_CURVE('',#1459,#1460,#182,.T.);
#1106=EDGE_CURVE('',#1461,#1460,#183,.T.);
#1107=EDGE_CURVE('',#1461,#1420,#57,.T.);
#1108=EDGE_CURVE('',#1462,#1423,#58,.T.);
#1109=EDGE_CURVE('',#1463,#1462,#184,.T.);
#1110=EDGE_CURVE('',#1463,#1464,#185,.T.);
#1111=EDGE_CURVE('',#1465,#1464,#186,.T.);
#1112=EDGE_CURVE('',#1465,#1424,#59,.T.);
#1113=EDGE_CURVE('',#1466,#1427,#60,.T.);
#1114=EDGE_CURVE('',#1467,#1466,#187,.T.);
#1115=EDGE_CURVE('',#1467,#1468,#188,.T.);
#1116=EDGE_CURVE('',#1469,#1468,#189,.T.);
#1117=EDGE_CURVE('',#1469,#1428,#61,.T.);
#1118=EDGE_CURVE('',#1470,#1431,#62,.T.);
#1119=EDGE_CURVE('',#1471,#1470,#190,.T.);
#1120=EDGE_CURVE('',#1471,#1472,#191,.T.);
#1121=EDGE_CURVE('',#1473,#1472,#192,.T.);
#1122=EDGE_CURVE('',#1473,#1412,#63,.T.);
#1123=EDGE_CURVE('',#1474,#1415,#64,.T.);
#1124=EDGE_CURVE('',#1475,#1474,#193,.T.);
#1125=EDGE_CURVE('',#1475,#1476,#194,.T.);
#1126=EDGE_CURVE('',#1477,#1476,#195,.T.);
#1127=EDGE_CURVE('',#1477,#1408,#65,.T.);
#1128=EDGE_CURVE('',#1478,#1411,#66,.T.);
#1129=EDGE_CURVE('',#1479,#1478,#196,.T.);
#1130=EDGE_CURVE('',#1479,#1480,#197,.T.);
#1131=EDGE_CURVE('',#1481,#1480,#198,.T.);
#1132=EDGE_CURVE('',#1481,#1400,#67,.T.);
#1133=EDGE_CURVE('',#1482,#1403,#68,.T.);
#1134=EDGE_CURVE('',#1483,#1482,#199,.T.);
#1135=EDGE_CURVE('',#1483,#1484,#200,.T.);
#1136=EDGE_CURVE('',#1485,#1484,#201,.T.);
#1137=EDGE_CURVE('',#1485,#1404,#69,.T.);
#1138=EDGE_CURVE('',#1486,#1407,#70,.T.);
#1139=EDGE_CURVE('',#1487,#1486,#202,.T.);
#1140=EDGE_CURVE('',#1487,#1488,#203,.T.);
#1141=EDGE_CURVE('',#1489,#1488,#204,.T.);
#1142=EDGE_CURVE('',#1489,#1368,#71,.T.);
#1143=EDGE_CURVE('',#1490,#1371,#72,.T.);
#1144=EDGE_CURVE('',#1491,#1490,#205,.T.);
#1145=EDGE_CURVE('',#1491,#1492,#206,.T.);
#1146=EDGE_CURVE('',#1493,#1492,#207,.T.);
#1147=EDGE_CURVE('',#1493,#1372,#73,.T.);
#1148=EDGE_CURVE('',#1494,#1375,#74,.T.);
#1149=EDGE_CURVE('',#1495,#1494,#208,.T.);
#1150=EDGE_CURVE('',#1495,#1496,#209,.T.);
#1151=EDGE_CURVE('',#1497,#1496,#210,.T.);
#1152=EDGE_CURVE('',#1497,#1376,#75,.T.);
#1153=EDGE_CURVE('',#1498,#1379,#76,.T.);
#1154=EDGE_CURVE('',#1499,#1498,#211,.T.);
#1155=EDGE_CURVE('',#1499,#1500,#212,.T.);
#1156=EDGE_CURVE('',#1501,#1500,#213,.T.);
#1157=EDGE_CURVE('',#1501,#1380,#77,.T.);
#1158=EDGE_CURVE('',#1502,#1383,#78,.T.);
#1159=EDGE_CURVE('',#1503,#1502,#214,.T.);
#1160=EDGE_CURVE('',#1503,#1504,#215,.T.);
#1161=EDGE_CURVE('',#1505,#1504,#216,.T.);
#1162=EDGE_CURVE('',#1505,#1384,#79,.T.);
#1163=EDGE_CURVE('',#1506,#1387,#80,.T.);
#1164=EDGE_CURVE('',#1507,#1506,#217,.T.);
#1165=EDGE_CURVE('',#1507,#1508,#218,.T.);
#1166=EDGE_CURVE('',#1509,#1508,#219,.T.);
#1167=EDGE_CURVE('',#1509,#1388,#81,.T.);
#1168=EDGE_CURVE('',#1510,#1391,#82,.T.);
#1169=EDGE_CURVE('',#1511,#1510,#220,.T.);
#1170=EDGE_CURVE('',#1511,#1512,#221,.T.);
#1171=EDGE_CURVE('',#1513,#1512,#222,.T.);
#1172=EDGE_CURVE('',#1513,#1392,#83,.T.);
#1173=EDGE_CURVE('',#1514,#1395,#84,.T.);
#1174=EDGE_CURVE('',#1515,#1514,#223,.T.);
#1175=EDGE_CURVE('',#1515,#1516,#224,.T.);
#1176=EDGE_CURVE('',#1517,#1516,#225,.T.);
#1177=EDGE_CURVE('',#1517,#1396,#85,.T.);
#1178=EDGE_CURVE('',#1518,#1399,#86,.T.);
#1179=EDGE_CURVE('',#1519,#1518,#226,.T.);
#1180=EDGE_CURVE('',#1519,#1520,#227,.T.);
#1181=EDGE_CURVE('',#1521,#1520,#228,.T.);
#1182=EDGE_CURVE('',#1521,#1432,#87,.T.);
#1183=EDGE_CURVE('',#1452,#1522,#1644,.T.);
#1184=EDGE_CURVE('',#1522,#1523,#229,.T.);
#1185=EDGE_CURVE('',#1453,#1523,#1645,.T.);
#1186=EDGE_CURVE('',#1524,#1523,#88,.T.);
#1187=EDGE_CURVE('',#1454,#1524,#1646,.T.);
#1188=EDGE_CURVE('',#1525,#1457,#1647,.F.);
#1189=EDGE_CURVE('',#1525,#1417,#89,.T.);
#1190=EDGE_CURVE('',#1526,#1455,#1648,.F.);
#1191=EDGE_CURVE('',#1526,#1527,#230,.T.);
#1192=EDGE_CURVE('',#1456,#1527,#1649,.T.);
#1193=EDGE_CURVE('',#1524,#1526,#231,.F.);
#1194=EDGE_CURVE('',#1527,#1525,#232,.F.);
#1195=EDGE_CURVE('',#1528,#1438,#90,.T.);
#1196=EDGE_CURVE('',#1448,#1528,#1650,.T.);
#1197=EDGE_CURVE('',#1529,#1451,#1651,.F.);
#1198=EDGE_CURVE('',#1529,#1522,#91,.T.);
#1199=EDGE_CURVE('',#1530,#1449,#1652,.F.);
#1200=EDGE_CURVE('',#1530,#1531,#233,.T.);
#1201=EDGE_CURVE('',#1450,#1531,#1653,.T.);
#1202=EDGE_CURVE('',#1528,#1530,#234,.F.);
#1203=EDGE_CURVE('',#1531,#1529,#235,.F.);
#1204=EDGE_CURVE('',#1532,#1366,#92,.T.);
#1205=EDGE_CURVE('',#1444,#1532,#1654,.T.);
#1206=EDGE_CURVE('',#1533,#1447,#1655,.F.);
#1207=EDGE_CURVE('',#1533,#1437,#93,.T.);
#1208=EDGE_CURVE('',#1534,#1445,#1656,.F.);
#1209=EDGE_CURVE('',#1534,#1535,#236,.T.);
#1210=EDGE_CURVE('',#1446,#1535,#1657,.T.);
#1211=EDGE_CURVE('',#1532,#1534,#237,.F.);
#1212=EDGE_CURVE('',#1535,#1533,#238,.F.);
#1213=EDGE_CURVE('',#1536,#1430,#94,.T.);
#1214=EDGE_CURVE('',#1470,#1536,#1658,.T.);
#1215=EDGE_CURVE('',#1537,#1473,#1659,.F.);
#1216=EDGE_CURVE('',#1537,#1413,#95,.T.);
#1217=EDGE_CURVE('',#1538,#1471,#1660,.F.);
#1218=EDGE_CURVE('',#1538,#1539,#239,.T.);
#1219=EDGE_CURVE('',#1472,#1539,#1661,.T.);
#1220=EDGE_CURVE('',#1536,#1538,#240,.F.);
#1221=EDGE_CURVE('',#1539,#1537,#241,.F.);
#1222=EDGE_CURVE('',#1540,#1426,#96,.T.);
#1223=EDGE_CURVE('',#1466,#1540,#1662,.T.);
#1224=EDGE_CURVE('',#1541,#1469,#1663,.F.);
#1225=EDGE_CURVE('',#1541,#1429,#97,.T.);
#1226=EDGE_CURVE('',#1542,#1467,#1664,.F.);
#1227=EDGE_CURVE('',#1542,#1543,#242,.T.);
#1228=EDGE_CURVE('',#1468,#1543,#1665,.T.);
#1229=EDGE_CURVE('',#1540,#1542,#243,.F.);
#1230=EDGE_CURVE('',#1543,#1541,#244,.F.);
#1231=EDGE_CURVE('',#1544,#1422,#98,.T.);
#1232=EDGE_CURVE('',#1462,#1544,#1666,.T.);
#1233=EDGE_CURVE('',#1545,#1465,#1667,.F.);
#1234=EDGE_CURVE('',#1545,#1425,#99,.T.);
#1235=EDGE_CURVE('',#1546,#1463,#1668,.F.);
#1236=EDGE_CURVE('',#1546,#1547,#245,.T.);
#1237=EDGE_CURVE('',#1464,#1547,#1669,.T.);
#1238=EDGE_CURVE('',#1544,#1546,#246,.F.);
#1239=EDGE_CURVE('',#1547,#1545,#247,.F.);
#1240=EDGE_CURVE('',#1548,#1418,#100,.T.);
#1241=EDGE_CURVE('',#1458,#1548,#1670,.T.);
#1242=EDGE_CURVE('',#1549,#1461,#1671,.F.);
#1243=EDGE_CURVE('',#1549,#1421,#101,.T.);
#1244=EDGE_CURVE('',#1550,#1459,#1672,.F.);
#1245=EDGE_CURVE('',#1550,#1551,#248,.T.);
#1246=EDGE_CURVE('',#1460,#1551,#1673,.T.);
#1247=EDGE_CURVE('',#1548,#1550,#249,.F.);
#1248=EDGE_CURVE('',#1551,#1549,#250,.F.);
#1249=EDGE_CURVE('',#1552,#1414,#102,.T.);
#1250=EDGE_CURVE('',#1474,#1552,#1674,.T.);
#1251=EDGE_CURVE('',#1553,#1477,#1675,.F.);
#1252=EDGE_CURVE('',#1553,#1409,#103,.T.);
#1253=EDGE_CURVE('',#1554,#1475,#1676,.F.);
#1254=EDGE_CURVE('',#1554,#1555,#251,.T.);
#1255=EDGE_CURVE('',#1476,#1555,#1677,.T.);
#1256=EDGE_CURVE('',#1552,#1554,#252,.F.);
#1257=EDGE_CURVE('',#1555,#1553,#253,.F.);
#1258=EDGE_CURVE('',#1556,#1410,#104,.T.);
#1259=EDGE_CURVE('',#1478,#1556,#1678,.T.);
#1260=EDGE_CURVE('',#1557,#1481,#1679,.F.);
#1261=EDGE_CURVE('',#1557,#1401,#105,.T.);
#1262=EDGE_CURVE('',#1558,#1479,#1680,.F.);
#1263=EDGE_CURVE('',#1558,#1559,#254,.T.);
#1264=EDGE_CURVE('',#1480,#1559,#1681,.T.);
#1265=EDGE_CURVE('',#1556,#1558,#255,.F.);
#1266=EDGE_CURVE('',#1559,#1557,#256,.F.);
#1267=EDGE_CURVE('',#1560,#1406,#106,.T.);
#1268=EDGE_CURVE('',#1486,#1560,#1682,.T.);
#1269=EDGE_CURVE('',#1561,#1489,#1683,.F.);
#1270=EDGE_CURVE('',#1561,#1369,#107,.T.);
#1271=EDGE_CURVE('',#1562,#1487,#1684,.F.);
#1272=EDGE_CURVE('',#1562,#1563,#257,.T.);
#1273=EDGE_CURVE('',#1488,#1563,#1685,.T.);
#1274=EDGE_CURVE('',#1560,#1562,#258,.F.);
#1275=EDGE_CURVE('',#1563,#1561,#259,.F.);
#1276=EDGE_CURVE('',#1564,#1402,#108,.T.);
#1277=EDGE_CURVE('',#1482,#1564,#1686,.T.);
#1278=EDGE_CURVE('',#1565,#1485,#1687,.F.);
#1279=EDGE_CURVE('',#1565,#1405,#109,.T.);
#1280=EDGE_CURVE('',#1566,#1483,#1688,.F.);
#1281=EDGE_CURVE('',#1566,#1567,#260,.T.);
#1282=EDGE_CURVE('',#1484,#1567,#1689,.T.);
#1283=EDGE_CURVE('',#1564,#1566,#261,.F.);
#1284=EDGE_CURVE('',#1567,#1565,#262,.F.);
#1285=EDGE_CURVE('',#1568,#1398,#110,.T.);
#1286=EDGE_CURVE('',#1518,#1568,#1690,.T.);
#1287=EDGE_CURVE('',#1569,#1521,#1691,.F.);
#1288=EDGE_CURVE('',#1569,#1433,#111,.T.);
#1289=EDGE_CURVE('',#1570,#1519,#1692,.F.);
#1290=EDGE_CURVE('',#1570,#1571,#263,.T.);
#1291=EDGE_CURVE('',#1520,#1571,#1693,.T.);
#1292=EDGE_CURVE('',#1568,#1570,#264,.F.);
#1293=EDGE_CURVE('',#1571,#1569,#265,.F.);
#1294=EDGE_CURVE('',#1572,#1394,#112,.T.);
#1295=EDGE_CURVE('',#1514,#1572,#1694,.T.);
#1296=EDGE_CURVE('',#1573,#1517,#1695,.F.);
#1297=EDGE_CURVE('',#1573,#1397,#113,.T.);
#1298=EDGE_CURVE('',#1574,#1515,#1696,.F.);
#1299=EDGE_CURVE('',#1574,#1575,#266,.T.);
#1300=EDGE_CURVE('',#1516,#1575,#1697,.T.);
#1301=EDGE_CURVE('',#1572,#1574,#267,.F.);
#1302=EDGE_CURVE('',#1575,#1573,#268,.F.);
#1303=EDGE_CURVE('',#1576,#1390,#114,.T.);
#1304=EDGE_CURVE('',#1510,#1576,#1698,.T.);
#1305=EDGE_CURVE('',#1577,#1513,#1699,.F.);
#1306=EDGE_CURVE('',#1577,#1393,#115,.T.);
#1307=EDGE_CURVE('',#1578,#1511,#1700,.F.);
#1308=EDGE_CURVE('',#1578,#1579,#269,.T.);
#1309=EDGE_CURVE('',#1512,#1579,#1701,.T.);
#1310=EDGE_CURVE('',#1576,#1578,#270,.F.);
#1311=EDGE_CURVE('',#1579,#1577,#271,.F.);
#1312=EDGE_CURVE('',#1580,#1386,#116,.T.);
#1313=EDGE_CURVE('',#1506,#1580,#1702,.T.);
#1314=EDGE_CURVE('',#1581,#1509,#1703,.F.);
#1315=EDGE_CURVE('',#1581,#1389,#117,.T.);
#1316=EDGE_CURVE('',#1582,#1507,#1704,.F.);
#1317=EDGE_CURVE('',#1582,#1583,#272,.T.);
#1318=EDGE_CURVE('',#1508,#1583,#1705,.T.);
#1319=EDGE_CURVE('',#1580,#1582,#273,.F.);
#1320=EDGE_CURVE('',#1583,#1581,#274,.F.);
#1321=EDGE_CURVE('',#1584,#1382,#118,.T.);
#1322=EDGE_CURVE('',#1502,#1584,#1706,.T.);
#1323=EDGE_CURVE('',#1585,#1505,#1707,.F.);
#1324=EDGE_CURVE('',#1585,#1385,#119,.T.);
#1325=EDGE_CURVE('',#1586,#1503,#1708,.F.);
#1326=EDGE_CURVE('',#1586,#1587,#275,.T.);
#1327=EDGE_CURVE('',#1504,#1587,#1709,.T.);
#1328=EDGE_CURVE('',#1584,#1586,#276,.F.);
#1329=EDGE_CURVE('',#1587,#1585,#277,.F.);
#1330=EDGE_CURVE('',#1588,#1378,#120,.T.);
#1331=EDGE_CURVE('',#1498,#1588,#1710,.T.);
#1332=EDGE_CURVE('',#1589,#1501,#1711,.F.);
#1333=EDGE_CURVE('',#1589,#1381,#121,.T.);
#1334=EDGE_CURVE('',#1590,#1499,#1712,.F.);
#1335=EDGE_CURVE('',#1590,#1591,#278,.T.);
#1336=EDGE_CURVE('',#1500,#1591,#1713,.T.);
#1337=EDGE_CURVE('',#1588,#1590,#279,.F.);
#1338=EDGE_CURVE('',#1591,#1589,#280,.F.);
#1339=EDGE_CURVE('',#1592,#1374,#122,.T.);
#1340=EDGE_CURVE('',#1494,#1592,#1714,.T.);
#1341=EDGE_CURVE('',#1593,#1497,#1715,.F.);
#1342=EDGE_CURVE('',#1593,#1377,#123,.T.);
#1343=EDGE_CURVE('',#1594,#1495,#1716,.F.);
#1344=EDGE_CURVE('',#1594,#1595,#281,.T.);
#1345=EDGE_CURVE('',#1496,#1595,#1717,.T.);
#1346=EDGE_CURVE('',#1592,#1594,#282,.F.);
#1347=EDGE_CURVE('',#1595,#1593,#283,.F.);
#1348=EDGE_CURVE('',#1596,#1370,#124,.T.);
#1349=EDGE_CURVE('',#1490,#1596,#1718,.T.);
#1350=EDGE_CURVE('',#1597,#1493,#1719,.F.);
#1351=EDGE_CURVE('',#1597,#1373,#125,.T.);
#1352=EDGE_CURVE('',#1598,#1491,#1720,.F.);
#1353=EDGE_CURVE('',#1598,#1599,#284,.T.);
#1354=EDGE_CURVE('',#1492,#1599,#1721,.T.);
#1355=EDGE_CURVE('',#1596,#1598,#285,.F.);
#1356=EDGE_CURVE('',#1599,#1597,#286,.F.);
#1357=EDGE_CURVE('',#1600,#1434,#1722,.T.);
#1358=EDGE_CURVE('',#1600,#1442,#1723,.T.);
#1359=EDGE_CURVE('',#1443,#1601,#1724,.F.);
#1360=EDGE_CURVE('',#1601,#1364,#1725,.T.);
#1361=EDGE_CURVE('',#1602,#1602,#287,.T.);
#1362=EDGE_CURVE('',#1600,#1601,#288,.T.);
#1363=EDGE_CURVE('',#1603,#1603,#289,.T.);
#1364=VERTEX_POINT('',#3178);
#1365=VERTEX_POINT('',#3179);
#1366=VERTEX_POINT('',#3181);
#1367=VERTEX_POINT('',#3183);
#1368=VERTEX_POINT('',#3187);
#1369=VERTEX_POINT('',#3188);
#1370=VERTEX_POINT('',#3190);
#1371=VERTEX_POINT('',#3192);
#1372=VERTEX_POINT('',#3196);
#1373=VERTEX_POINT('',#3197);
#1374=VERTEX_POINT('',#3199);
#1375=VERTEX_POINT('',#3201);
#1376=VERTEX_POINT('',#3205);
#1377=VERTEX_POINT('',#3206);
#1378=VERTEX_POINT('',#3208);
#1379=VERTEX_POINT('',#3210);
#1380=VERTEX_POINT('',#3214);
#1381=VERTEX_POINT('',#3215);
#1382=VERTEX_POINT('',#3217);
#1383=VERTEX_POINT('',#3219);
#1384=VERTEX_POINT('',#3223);
#1385=VERTEX_POINT('',#3224);
#1386=VERTEX_POINT('',#3226);
#1387=VERTEX_POINT('',#3228);
#1388=VERTEX_POINT('',#3232);
#1389=VERTEX_POINT('',#3233);
#1390=VERTEX_POINT('',#3235);
#1391=VERTEX_POINT('',#3237);
#1392=VERTEX_POINT('',#3241);
#1393=VERTEX_POINT('',#3242);
#1394=VERTEX_POINT('',#3244);
#1395=VERTEX_POINT('',#3246);
#1396=VERTEX_POINT('',#3250);
#1397=VERTEX_POINT('',#3251);
#1398=VERTEX_POINT('',#3253);
#1399=VERTEX_POINT('',#3255);
#1400=VERTEX_POINT('',#3259);
#1401=VERTEX_POINT('',#3260);
#1402=VERTEX_POINT('',#3262);
#1403=VERTEX_POINT('',#3264);
#1404=VERTEX_POINT('',#3268);
#1405=VERTEX_POINT('',#3269);
#1406=VERTEX_POINT('',#3271);
#1407=VERTEX_POINT('',#3273);
#1408=VERTEX_POINT('',#3277);
#1409=VERTEX_POINT('',#3278);
#1410=VERTEX_POINT('',#3280);
#1411=VERTEX_POINT('',#3282);
#1412=VERTEX_POINT('',#3286);
#1413=VERTEX_POINT('',#3287);
#1414=VERTEX_POINT('',#3289);
#1415=VERTEX_POINT('',#3291);
#1416=VERTEX_POINT('',#3295);
#1417=VERTEX_POINT('',#3296);
#1418=VERTEX_POINT('',#3298);
#1419=VERTEX_POINT('',#3300);
#1420=VERTEX_POINT('',#3304);
#1421=VERTEX_POINT('',#3305);
#1422=VERTEX_POINT('',#3307);
#1423=VERTEX_POINT('',#3309);
#1424=VERTEX_POINT('',#3313);
#1425=VERTEX_POINT('',#3314);
#1426=VERTEX_POINT('',#3316);
#1427=VERTEX_POINT('',#3318);
#1428=VERTEX_POINT('',#3322);
#1429=VERTEX_POINT('',#3323);
#1430=VERTEX_POINT('',#3325);
#1431=VERTEX_POINT('',#3327);
#1432=VERTEX_POINT('',#3331);
#1433=VERTEX_POINT('',#3332);
#1434=VERTEX_POINT('',#3334);
#1435=VERTEX_POINT('',#3336);
#1436=VERTEX_POINT('',#3340);
#1437=VERTEX_POINT('',#3341);
#1438=VERTEX_POINT('',#3343);
#1439=VERTEX_POINT('',#3345);
#1440=VERTEX_POINT('',#3349);
#1441=VERTEX_POINT('',#3351);
#1442=VERTEX_POINT('',#3353);
#1443=VERTEX_POINT('',#3355);
#1444=VERTEX_POINT('',#3391);
#1445=VERTEX_POINT('',#3393);
#1446=VERTEX_POINT('',#3395);
#1447=VERTEX_POINT('',#3397);
#1448=VERTEX_POINT('',#3466);
#1449=VERTEX_POINT('',#3468);
#1450=VERTEX_POINT('',#3470);
#1451=VERTEX_POINT('',#3472);
#1452=VERTEX_POINT('',#3507);
#1453=VERTEX_POINT('',#3509);
#1454=VERTEX_POINT('',#3544);
#1455=VERTEX_POINT('',#3546);
#1456=VERTEX_POINT('',#3548);
#1457=VERTEX_POINT('',#3550);
#1458=VERTEX_POINT('',#3619);
#1459=VERTEX_POINT('',#3621);
#1460=VERTEX_POINT('',#3623);
#1461=VERTEX_POINT('',#3625);
#1462=VERTEX_POINT('',#3694);
#1463=VERTEX_POINT('',#3696);
#1464=VERTEX_POINT('',#3698);
#1465=VERTEX_POINT('',#3700);
#1466=VERTEX_POINT('',#3769);
#1467=VERTEX_POINT('',#3771);
#1468=VERTEX_POINT('',#3773);
#1469=VERTEX_POINT('',#3775);
#1470=VERTEX_POINT('',#3844);
#1471=VERTEX_POINT('',#3846);
#1472=VERTEX_POINT('',#3848);
#1473=VERTEX_POINT('',#3850);
#1474=VERTEX_POINT('',#3919);
#1475=VERTEX_POINT('',#3921);
#1476=VERTEX_POINT('',#3923);
#1477=VERTEX_POINT('',#3925);
#1478=VERTEX_POINT('',#3994);
#1479=VERTEX_POINT('',#3996);
#1480=VERTEX_POINT('',#3998);
#1481=VERTEX_POINT('',#4000);
#1482=VERTEX_POINT('',#4069);
#1483=VERTEX_POINT('',#4071);
#1484=VERTEX_POINT('',#4073);
#1485=VERTEX_POINT('',#4075);
#1486=VERTEX_POINT('',#4144);
#1487=VERTEX_POINT('',#4146);
#1488=VERTEX_POINT('',#4148);
#1489=VERTEX_POINT('',#4150);
#1490=VERTEX_POINT('',#4219);
#1491=VERTEX_POINT('',#4221);
#1492=VERTEX_POINT('',#4223);
#1493=VERTEX_POINT('',#4225);
#1494=VERTEX_POINT('',#4294);
#1495=VERTEX_POINT('',#4296);
#1496=VERTEX_POINT('',#4298);
#1497=VERTEX_POINT('',#4300);
#1498=VERTEX_POINT('',#4369);
#1499=VERTEX_POINT('',#4371);
#1500=VERTEX_POINT('',#4373);
#1501=VERTEX_POINT('',#4375);
#1502=VERTEX_POINT('',#4444);
#1503=VERTEX_POINT('',#4446);
#1504=VERTEX_POINT('',#4448);
#1505=VERTEX_POINT('',#4450);
#1506=VERTEX_POINT('',#4519);
#1507=VERTEX_POINT('',#4521);
#1508=VERTEX_POINT('',#4523);
#1509=VERTEX_POINT('',#4525);
#1510=VERTEX_POINT('',#4594);
#1511=VERTEX_POINT('',#4596);
#1512=VERTEX_POINT('',#4598);
#1513=VERTEX_POINT('',#4600);
#1514=VERTEX_POINT('',#4669);
#1515=VERTEX_POINT('',#4671);
#1516=VERTEX_POINT('',#4673);
#1517=VERTEX_POINT('',#4675);
#1518=VERTEX_POINT('',#4744);
#1519=VERTEX_POINT('',#4746);
#1520=VERTEX_POINT('',#4748);
#1521=VERTEX_POINT('',#4750);
#1522=VERTEX_POINT('',#4787);
#1523=VERTEX_POINT('',#4789);
#1524=VERTEX_POINT('',#4853);
#1525=VERTEX_POINT('',#4884);
#1526=VERTEX_POINT('',#4921);
#1527=VERTEX_POINT('',#4923);
#1528=VERTEX_POINT('',#4991);
#1529=VERTEX_POINT('',#5022);
#1530=VERTEX_POINT('',#5059);
#1531=VERTEX_POINT('',#5061);
#1532=VERTEX_POINT('',#5129);
#1533=VERTEX_POINT('',#5160);
#1534=VERTEX_POINT('',#5197);
#1535=VERTEX_POINT('',#5199);
#1536=VERTEX_POINT('',#5267);
#1537=VERTEX_POINT('',#5298);
#1538=VERTEX_POINT('',#5335);
#1539=VERTEX_POINT('',#5337);
#1540=VERTEX_POINT('',#5405);
#1541=VERTEX_POINT('',#5436);
#1542=VERTEX_POINT('',#5473);
#1543=VERTEX_POINT('',#5475);
#1544=VERTEX_POINT('',#5543);
#1545=VERTEX_POINT('',#5574);
#1546=VERTEX_POINT('',#5611);
#1547=VERTEX_POINT('',#5613);
#1548=VERTEX_POINT('',#5681);
#1549=VERTEX_POINT('',#5712);
#1550=VERTEX_POINT('',#5749);
#1551=VERTEX_POINT('',#5751);
#1552=VERTEX_POINT('',#5819);
#1553=VERTEX_POINT('',#5850);
#1554=VERTEX_POINT('',#5887);
#1555=VERTEX_POINT('',#5889);
#1556=VERTEX_POINT('',#5957);
#1557=VERTEX_POINT('',#5988);
#1558=VERTEX_POINT('',#6025);
#1559=VERTEX_POINT('',#6027);
#1560=VERTEX_POINT('',#6095);
#1561=VERTEX_POINT('',#6126);
#1562=VERTEX_POINT('',#6163);
#1563=VERTEX_POINT('',#6165);
#1564=VERTEX_POINT('',#6233);
#1565=VERTEX_POINT('',#6264);
#1566=VERTEX_POINT('',#6301);
#1567=VERTEX_POINT('',#6303);
#1568=VERTEX_POINT('',#6371);
#1569=VERTEX_POINT('',#6402);
#1570=VERTEX_POINT('',#6439);
#1571=VERTEX_POINT('',#6441);
#1572=VERTEX_POINT('',#6509);
#1573=VERTEX_POINT('',#6540);
#1574=VERTEX_POINT('',#6577);
#1575=VERTEX_POINT('',#6579);
#1576=VERTEX_POINT('',#6647);
#1577=VERTEX_POINT('',#6678);
#1578=VERTEX_POINT('',#6715);
#1579=VERTEX_POINT('',#6717);
#1580=VERTEX_POINT('',#6785);
#1581=VERTEX_POINT('',#6816);
#1582=VERTEX_POINT('',#6853);
#1583=VERTEX_POINT('',#6855);
#1584=VERTEX_POINT('',#6923);
#1585=VERTEX_POINT('',#6954);
#1586=VERTEX_POINT('',#6991);
#1587=VERTEX_POINT('',#6993);
#1588=VERTEX_POINT('',#7061);
#1589=VERTEX_POINT('',#7092);
#1590=VERTEX_POINT('',#7129);
#1591=VERTEX_POINT('',#7131);
#1592=VERTEX_POINT('',#7199);
#1593=VERTEX_POINT('',#7230);
#1594=VERTEX_POINT('',#7267);
#1595=VERTEX_POINT('',#7269);
#1596=VERTEX_POINT('',#7337);
#1597=VERTEX_POINT('',#7368);
#1598=VERTEX_POINT('',#7405);
#1599=VERTEX_POINT('',#7407);
#1600=VERTEX_POINT('',#7415);
#1601=VERTEX_POINT('',#7419);
#1602=VERTEX_POINT('',#7423);
#1603=VERTEX_POINT('',#7428);
#1604=LINE('',#3177,#1726);
#1605=LINE('',#3182,#1727);
#1606=LINE('',#3186,#1728);
#1607=LINE('',#3191,#1729);
#1608=LINE('',#3195,#1730);
#1609=LINE('',#3200,#1731);
#1610=LINE('',#3204,#1732);
#1611=LINE('',#3209,#1733);
#1612=LINE('',#3213,#1734);
#1613=LINE('',#3218,#1735);
#1614=LINE('',#3222,#1736);
#1615=LINE('',#3227,#1737);
#1616=LINE('',#3231,#1738);
#1617=LINE('',#3236,#1739);
#1618=LINE('',#3240,#1740);
#1619=LINE('',#3245,#1741);
#1620=LINE('',#3249,#1742);
#1621=LINE('',#3254,#1743);
#1622=LINE('',#3258,#1744);
#1623=LINE('',#3263,#1745);
#1624=LINE('',#3267,#1746);
#1625=LINE('',#3272,#1747);
#1626=LINE('',#3276,#1748);
#1627=LINE('',#3281,#1749);
#1628=LINE('',#3285,#1750);
#1629=LINE('',#3290,#1751);
#1630=LINE('',#3294,#1752);
#1631=LINE('',#3299,#1753);
#1632=LINE('',#3303,#1754);
#1633=LINE('',#3308,#1755);
#1634=LINE('',#3312,#1756);
#1635=LINE('',#3317,#1757);
#1636=LINE('',#3321,#1758);
#1637=LINE('',#3326,#1759);
#1638=LINE('',#3330,#1760);
#1639=LINE('',#3335,#1761);
#1640=LINE('',#3339,#1762);
#1641=LINE('',#3344,#1763);
#1642=LINE('',#3352,#1764);
#1643=LINE('',#3356,#1765);
#1644=LINE('',#4786,#1766);
#1645=LINE('',#4790,#1767);
#1646=LINE('',#4854,#1768);
#1647=LINE('',#4883,#1769);
#1648=LINE('',#4920,#1770);
#1649=LINE('',#4924,#1771);
#1650=LINE('',#4992,#1772);
#1651=LINE('',#5021,#1773);
#1652=LINE('',#5058,#1774);
#1653=LINE('',#5062,#1775);
#1654=LINE('',#5130,#1776);
#1655=LINE('',#5159,#1777);
#1656=LINE('',#5196,#1778);
#1657=LINE('',#5200,#1779);
#1658=LINE('',#5268,#1780);
#1659=LINE('',#5297,#1781);
#1660=LINE('',#5334,#1782);
#1661=LINE('',#5338,#1783);
#1662=LINE('',#5406,#1784);
#1663=LINE('',#5435,#1785);
#1664=LINE('',#5472,#1786);
#1665=LINE('',#5476,#1787);
#1666=LINE('',#5544,#1788);
#1667=LINE('',#5573,#1789);
#1668=LINE('',#5610,#1790);
#1669=LINE('',#5614,#1791);
#1670=LINE('',#5682,#1792);
#1671=LINE('',#5711,#1793);
#1672=LINE('',#5748,#1794);
#1673=LINE('',#5752,#1795);
#1674=LINE('',#5820,#1796);
#1675=LINE('',#5849,#1797);
#1676=LINE('',#5886,#1798);
#1677=LINE('',#5890,#1799);
#1678=LINE('',#5958,#1800);
#1679=LINE('',#5987,#1801);
#1680=LINE('',#6024,#1802);
#1681=LINE('',#6028,#1803);
#1682=LINE('',#6096,#1804);
#1683=LINE('',#6125,#1805);
#1684=LINE('',#6162,#1806);
#1685=LINE('',#6166,#1807);
#1686=LINE('',#6234,#1808);
#1687=LINE('',#6263,#1809);
#1688=LINE('',#6300,#1810);
#1689=LINE('',#6304,#1811);
#1690=LINE('',#6372,#1812);
#1691=LINE('',#6401,#1813);
#1692=LINE('',#6438,#1814);
#1693=LINE('',#6442,#1815);
#1694=LINE('',#6510,#1816);
#1695=LINE('',#6539,#1817);
#1696=LINE('',#6576,#1818);
#1697=LINE('',#6580,#1819);
#1698=LINE('',#6648,#1820);
#1699=LINE('',#6677,#1821);
#1700=LINE('',#6714,#1822);
#1701=LINE('',#6718,#1823);
#1702=LINE('',#6786,#1824);
#1703=LINE('',#6815,#1825);
#1704=LINE('',#6852,#1826);
#1705=LINE('',#6856,#1827);
#1706=LINE('',#6924,#1828);
#1707=LINE('',#6953,#1829);
#1708=LINE('',#6990,#1830);
#1709=LINE('',#6994,#1831);
#1710=LINE('',#7062,#1832);
#1711=LINE('',#7091,#1833);
#1712=LINE('',#7128,#1834);
#1713=LINE('',#7132,#1835);
#1714=LINE('',#7200,#1836);
#1715=LINE('',#7229,#1837);
#1716=LINE('',#7266,#1838);
#1717=LINE('',#7270,#1839);
#1718=LINE('',#7338,#1840);
#1719=LINE('',#7367,#1841);
#1720=LINE('',#7404,#1842);
#1721=LINE('',#7408,#1843);
#1722=LINE('',#7414,#1844);
#1723=LINE('',#7416,#1845);
#1724=LINE('',#7418,#1846);
#1725=LINE('',#7420,#1847);
#1726=VECTOR('',#2567,1.);
#1727=VECTOR('',#2570,1.);
#1728=VECTOR('',#2575,1.);
#1729=VECTOR('',#2578,1.);
#1730=VECTOR('',#2583,1.);
#1731=VECTOR('',#2586,1.);
#1732=VECTOR('',#2591,1.);
#1733=VECTOR('',#2594,1.);
#1734=VECTOR('',#2599,1.);
#1735=VECTOR('',#2602,1.);
#1736=VECTOR('',#2607,1.);
#1737=VECTOR('',#2610,1.);
#1738=VECTOR('',#2615,1.);
#1739=VECTOR('',#2618,1.);
#1740=VECTOR('',#2623,1.);
#1741=VECTOR('',#2626,1.);
#1742=VECTOR('',#2631,1.);
#1743=VECTOR('',#2634,1.);
#1744=VECTOR('',#2639,1.);
#1745=VECTOR('',#2642,1.);
#1746=VECTOR('',#2647,1.);
#1747=VECTOR('',#2650,1.);
#1748=VECTOR('',#2655,1.);
#1749=VECTOR('',#2658,1.);
#1750=VECTOR('',#2663,1.);
#1751=VECTOR('',#2666,1.);
#1752=VECTOR('',#2671,1.);
#1753=VECTOR('',#2674,1.);
#1754=VECTOR('',#2679,1.);
#1755=VECTOR('',#2682,1.);
#1756=VECTOR('',#2687,1.);
#1757=VECTOR('',#2690,1.);
#1758=VECTOR('',#2695,1.);
#1759=VECTOR('',#2698,1.);
#1760=VECTOR('',#2703,1.);
#1761=VECTOR('',#2706,1.);
#1762=VECTOR('',#2711,1.);
#1763=VECTOR('',#2714,1.);
#1764=VECTOR('',#2723,1.);
#1765=VECTOR('',#2726,1.);
#1766=VECTOR('',#2845,1.);
#1767=VECTOR('',#2848,1.);
#1768=VECTOR('',#2849,1.);
#1769=VECTOR('',#2850,1.);
#1770=VECTOR('',#2853,1.);
#1771=VECTOR('',#2856,1.);
#1772=VECTOR('',#2865,1.);
#1773=VECTOR('',#2866,1.);
#1774=VECTOR('',#2869,1.);
#1775=VECTOR('',#2872,1.);
#1776=VECTOR('',#2881,1.);
#1777=VECTOR('',#2882,1.);
#1778=VECTOR('',#2885,1.);
#1779=VECTOR('',#2888,1.);
#1780=VECTOR('',#2897,1.);
#1781=VECTOR('',#2898,1.);
#1782=VECTOR('',#2901,1.);
#1783=VECTOR('',#2904,1.);
#1784=VECTOR('',#2913,1.);
#1785=VECTOR('',#2914,1.);
#1786=VECTOR('',#2917,1.);
#1787=VECTOR('',#2920,1.);
#1788=VECTOR('',#2929,1.);
#1789=VECTOR('',#2930,1.);
#1790=VECTOR('',#2933,1.);
#1791=VECTOR('',#2936,1.);
#1792=VECTOR('',#2945,1.);
#1793=VECTOR('',#2946,1.);
#1794=VECTOR('',#2949,1.);
#1795=VECTOR('',#2952,1.);
#1796=VECTOR('',#2961,1.);
#1797=VECTOR('',#2962,1.);
#1798=VECTOR('',#2965,1.);
#1799=VECTOR('',#2968,1.);
#1800=VECTOR('',#2977,1.);
#1801=VECTOR('',#2978,1.);
#1802=VECTOR('',#2981,1.);
#1803=VECTOR('',#2984,1.);
#1804=VECTOR('',#2993,1.);
#1805=VECTOR('',#2994,1.);
#1806=VECTOR('',#2997,1.);
#1807=VECTOR('',#3000,1.);
#1808=VECTOR('',#3009,1.);
#1809=VECTOR('',#3010,1.);
#1810=VECTOR('',#3013,1.);
#1811=VECTOR('',#3016,1.);
#1812=VECTOR('',#3025,1.);
#1813=VECTOR('',#3026,1.);
#1814=VECTOR('',#3029,1.);
#1815=VECTOR('',#3032,1.);
#1816=VECTOR('',#3041,1.);
#1817=VECTOR('',#3042,1.);
#1818=VECTOR('',#3045,1.);
#1819=VECTOR('',#3048,1.);
#1820=VECTOR('',#3057,1.);
#1821=VECTOR('',#3058,1.);
#1822=VECTOR('',#3061,1.);
#1823=VECTOR('',#3064,1.);
#1824=VECTOR('',#3073,1.);
#1825=VECTOR('',#3074,1.);
#1826=VECTOR('',#3077,1.);
#1827=VECTOR('',#3080,1.);
#1828=VECTOR('',#3089,1.);
#1829=VECTOR('',#3090,1.);
#1830=VECTOR('',#3093,1.);
#1831=VECTOR('',#3096,1.);
#1832=VECTOR('',#3105,1.);
#1833=VECTOR('',#3106,1.);
#1834=VECTOR('',#3109,1.);
#1835=VECTOR('',#3112,1.);
#1836=VECTOR('',#3121,1.);
#1837=VECTOR('',#3122,1.);
#1838=VECTOR('',#3125,1.);
#1839=VECTOR('',#3128,1.);
#1840=VECTOR('',#3137,1.);
#1841=VECTOR('',#3138,1.);
#1842=VECTOR('',#3141,1.);
#1843=VECTOR('',#3144,1.);
#1844=VECTOR('',#3155,1.);
#1845=VECTOR('',#3156,1.);
#1846=VECTOR('',#3159,1.);
#1847=VECTOR('',#3160,1.);
#1848=EDGE_LOOP('',(#290,#291,#292,#293));
#1849=EDGE_LOOP('',(#294,#295,#296,#297));
#1850=EDGE_LOOP('',(#298,#299,#300,#301));
#1851=EDGE_LOOP('',(#302,#303,#304,#305));
#1852=EDGE_LOOP('',(#306,#307,#308,#309));
#1853=EDGE_LOOP('',(#310,#311,#312,#313));
#1854=EDGE_LOOP('',(#314,#315,#316,#317));
#1855=EDGE_LOOP('',(#318,#319,#320,#321));
#1856=EDGE_LOOP('',(#322,#323,#324,#325));
#1857=EDGE_LOOP('',(#326,#327,#328,#329));
#1858=EDGE_LOOP('',(#330,#331,#332,#333));
#1859=EDGE_LOOP('',(#334,#335,#336,#337));
#1860=EDGE_LOOP('',(#338,#339,#340,#341));
#1861=EDGE_LOOP('',(#342,#343,#344,#345));
#1862=EDGE_LOOP('',(#346,#347,#348,#349));
#1863=EDGE_LOOP('',(#350,#351,#352,#353));
#1864=EDGE_LOOP('',(#354,#355,#356,#357));
#1865=EDGE_LOOP('',(#358,#359,#360,#361));
#1866=EDGE_LOOP('',(#362,#363,#364,#365));
#1867=EDGE_LOOP('',(#366));
#1868=EDGE_LOOP('',(#367));
#1869=EDGE_LOOP('',(#368,#369,#370,#371,#372,#373,#374,#375,#376,#377,#378,
#379,#380,#381,#382,#383,#384,#385,#386,#387,#388,#389,#390,#391,#392,#393,
#394,#395,#396,#397,#398,#399,#400,#401,#402,#403,#404,#405,#406,#407,#408,
#409,#410,#411,#412,#413,#414,#415,#416,#417,#418,#419,#420,#421,#422,#423,
#424,#425,#426,#427,#428,#429,#430,#431,#432,#433,#434,#435,#436,#437,#438,
#439,#440,#441,#442,#443,#444,#445,#446,#447,#448,#449,#450,#451,#452,#453,
#454,#455,#456,#457,#458,#459,#460,#461,#462,#463,#464,#465,#466,#467,#468,
#469,#470,#471,#472,#473,#474,#475,#476,#477,#478,#479,#480,#481,#482,#483,
#484,#485));
#1870=EDGE_LOOP('',(#486,#487,#488,#489));
#1871=EDGE_LOOP('',(#490,#491,#492,#493));
#1872=EDGE_LOOP('',(#494,#495,#496,#497));
#1873=EDGE_LOOP('',(#498,#499,#500,#501));
#1874=EDGE_LOOP('',(#502,#503,#504,#505));
#1875=EDGE_LOOP('',(#506,#507,#508,#509));
#1876=EDGE_LOOP('',(#510,#511,#512,#513));
#1877=EDGE_LOOP('',(#514,#515,#516,#517));
#1878=EDGE_LOOP('',(#518,#519,#520,#521));
#1879=EDGE_LOOP('',(#522,#523,#524,#525));
#1880=EDGE_LOOP('',(#526,#527,#528,#529));
#1881=EDGE_LOOP('',(#530,#531,#532,#533));
#1882=EDGE_LOOP('',(#534,#535,#536,#537));
#1883=EDGE_LOOP('',(#538,#539,#540,#541));
#1884=EDGE_LOOP('',(#542,#543,#544,#545));
#1885=EDGE_LOOP('',(#546,#547,#548,#549));
#1886=EDGE_LOOP('',(#550,#551,#552,#553));
#1887=EDGE_LOOP('',(#554,#555,#556,#557));
#1888=EDGE_LOOP('',(#558,#559,#560,#561));
#1889=EDGE_LOOP('',(#562,#563,#564,#565));
#1890=EDGE_LOOP('',(#566,#567,#568,#569));
#1891=EDGE_LOOP('',(#570,#571,#572,#573));
#1892=EDGE_LOOP('',(#574,#575,#576,#577));
#1893=EDGE_LOOP('',(#578,#579,#580,#581));
#1894=EDGE_LOOP('',(#582,#583,#584,#585));
#1895=EDGE_LOOP('',(#586,#587,#588,#589));
#1896=EDGE_LOOP('',(#590,#591,#592,#593));
#1897=EDGE_LOOP('',(#594,#595,#596,#597));
#1898=EDGE_LOOP('',(#598,#599,#600,#601));
#1899=EDGE_LOOP('',(#602,#603,#604,#605));
#1900=EDGE_LOOP('',(#606,#607,#608,#609));
#1901=EDGE_LOOP('',(#610,#611,#612,#613));
#1902=EDGE_LOOP('',(#614,#615,#616,#617));
#1903=EDGE_LOOP('',(#618,#619,#620,#621));
#1904=EDGE_LOOP('',(#622,#623,#624,#625));
#1905=EDGE_LOOP('',(#626,#627,#628,#629));
#1906=EDGE_LOOP('',(#630,#631,#632,#633));
#1907=EDGE_LOOP('',(#634,#635,#636,#637));
#1908=EDGE_LOOP('',(#638,#639,#640,#641));
#1909=EDGE_LOOP('',(#642,#643,#644,#645));
#1910=EDGE_LOOP('',(#646,#647,#648,#649));
#1911=EDGE_LOOP('',(#650,#651,#652,#653));
#1912=EDGE_LOOP('',(#654,#655,#656,#657));
#1913=EDGE_LOOP('',(#658,#659,#660,#661));
#1914=EDGE_LOOP('',(#662,#663,#664,#665));
#1915=EDGE_LOOP('',(#666,#667,#668,#669));
#1916=EDGE_LOOP('',(#670,#671,#672,#673));
#1917=EDGE_LOOP('',(#674,#675,#676,#677));
#1918=EDGE_LOOP('',(#678,#679,#680,#681));
#1919=EDGE_LOOP('',(#682,#683,#684,#685));
#1920=EDGE_LOOP('',(#686,#687,#688,#689));
#1921=EDGE_LOOP('',(#690,#691,#692,#693));
#1922=EDGE_LOOP('',(#694,#695,#696,#697));
#1923=EDGE_LOOP('',(#698,#699,#700,#701));
#1924=EDGE_LOOP('',(#702,#703,#704,#705));
#1925=EDGE_LOOP('',(#706,#707,#708,#709));
#1926=EDGE_LOOP('',(#710,#711,#712,#713));
#1927=EDGE_LOOP('',(#714,#715,#716,#717));
#1928=EDGE_LOOP('',(#718,#719,#720,#721));
#1929=EDGE_LOOP('',(#722,#723,#724,#725));
#1930=EDGE_LOOP('',(#726,#727,#728,#729));
#1931=EDGE_LOOP('',(#730,#731,#732,#733));
#1932=EDGE_LOOP('',(#734,#735,#736,#737));
#1933=EDGE_LOOP('',(#738,#739,#740,#741));
#1934=EDGE_LOOP('',(#742,#743,#744,#745));
#1935=EDGE_LOOP('',(#746,#747,#748,#749));
#1936=EDGE_LOOP('',(#750,#751,#752,#753));
#1937=EDGE_LOOP('',(#754,#755,#756,#757));
#1938=EDGE_LOOP('',(#758,#759,#760,#761));
#1939=EDGE_LOOP('',(#762,#763,#764,#765));
#1940=EDGE_LOOP('',(#766,#767,#768,#769));
#1941=EDGE_LOOP('',(#770,#771,#772,#773));
#1942=EDGE_LOOP('',(#774,#775,#776,#777));
#1943=EDGE_LOOP('',(#778,#779,#780,#781));
#1944=EDGE_LOOP('',(#782,#783,#784,#785));
#1945=EDGE_LOOP('',(#786,#787,#788,#789));
#1946=EDGE_LOOP('',(#790,#791,#792,#793));
#1947=EDGE_LOOP('',(#794,#795,#796,#797));
#1948=EDGE_LOOP('',(#798,#799,#800,#801));
#1949=EDGE_LOOP('',(#802,#803,#804,#805));
#1950=EDGE_LOOP('',(#806,#807,#808,#809));
#1951=EDGE_LOOP('',(#810,#811,#812,#813));
#1952=EDGE_LOOP('',(#814,#815,#816,#817));
#1953=EDGE_LOOP('',(#818,#819,#820,#821));
#1954=EDGE_LOOP('',(#822,#823,#824,#825));
#1955=EDGE_LOOP('',(#826,#827,#828,#829));
#1956=EDGE_LOOP('',(#830,#831,#832,#833));
#1957=EDGE_LOOP('',(#834,#835,#836,#837));
#1958=EDGE_LOOP('',(#838,#839,#840,#841));
#1959=EDGE_LOOP('',(#842,#843,#844,#845));
#1960=EDGE_LOOP('',(#846,#847,#848,#849));
#1961=EDGE_LOOP('',(#850,#851,#852,#853));
#1962=EDGE_LOOP('',(#854,#855,#856,#857));
#1963=EDGE_LOOP('',(#858,#859,#860,#861));
#1964=EDGE_LOOP('',(#862,#863,#864,#865));
#1965=EDGE_LOOP('',(#866,#867,#868,#869));
#1966=EDGE_LOOP('',(#870,#871,#872,#873));
#1967=EDGE_LOOP('',(#874,#875,#876,#877));
#1968=EDGE_LOOP('',(#878));
#1969=EDGE_LOOP('',(#879));
#1970=EDGE_LOOP('',(#880,#881,#882,#883));
#1971=EDGE_LOOP('',(#884));
#1972=EDGE_LOOP('',(#885));
#1973=EDGE_LOOP('',(#886));
#1974=EDGE_LOOP('',(#887,#888,#889,#890,#891,#892,#893,#894,#895,#896,#897,
#898,#899,#900,#901,#902,#903,#904,#905,#906,#907,#908,#909,#910,#911,#912,
#913,#914,#915,#916,#917,#918,#919,#920,#921,#922,#923,#924,#925,#926,#927,
#928,#929,#930,#931,#932,#933,#934,#935,#936,#937,#938,#939,#940,#941,#942,
#943,#944,#945,#946,#947,#948,#949,#950,#951,#952,#953,#954,#955,#956,#957,
#958,#959,#960,#961,#962,#963,#964,#965,#966,#967,#968,#969,#970,#971,#972,
#973,#974,#975,#976,#977,#978,#979,#980,#981,#982,#983,#984,#985,#986,#987,
#988,#989,#990,#991,#992,#993,#994,#995,#996,#997,#998,#999,#1000,#1001,
#1002,#1003,#1004));
#1975=EDGE_LOOP('',(#1005));
#1976=FACE_BOUND('',#1848,.T.);
#1977=FACE_BOUND('',#1849,.T.);
#1978=FACE_BOUND('',#1850,.T.);
#1979=FACE_BOUND('',#1851,.T.);
#1980=FACE_BOUND('',#1852,.T.);
#1981=FACE_BOUND('',#1853,.T.);
#1982=FACE_BOUND('',#1854,.T.);
#1983=FACE_BOUND('',#1855,.T.);
#1984=FACE_BOUND('',#1856,.T.);
#1985=FACE_BOUND('',#1857,.T.);
#1986=FACE_BOUND('',#1858,.T.);
#1987=FACE_BOUND('',#1859,.T.);
#1988=FACE_BOUND('',#1860,.T.);
#1989=FACE_BOUND('',#1861,.T.);
#1990=FACE_BOUND('',#1862,.T.);
#1991=FACE_BOUND('',#1863,.T.);
#1992=FACE_BOUND('',#1864,.T.);
#1993=FACE_BOUND('',#1865,.T.);
#1994=FACE_BOUND('',#1866,.T.);
#1995=FACE_BOUND('',#1867,.T.);
#1996=FACE_BOUND('',#1868,.T.);
#1997=FACE_BOUND('',#1869,.T.);
#1998=FACE_BOUND('',#1870,.T.);
#1999=FACE_BOUND('',#1871,.T.);
#2000=FACE_BOUND('',#1872,.T.);
#2001=FACE_BOUND('',#1873,.T.);
#2002=FACE_BOUND('',#1874,.T.);
#2003=FACE_BOUND('',#1875,.T.);
#2004=FACE_BOUND('',#1876,.T.);
#2005=FACE_BOUND('',#1877,.T.);
#2006=FACE_BOUND('',#1878,.T.);
#2007=FACE_BOUND('',#1879,.T.);
#2008=FACE_BOUND('',#1880,.T.);
#2009=FACE_BOUND('',#1881,.T.);
#2010=FACE_BOUND('',#1882,.T.);
#2011=FACE_BOUND('',#1883,.T.);
#2012=FACE_BOUND('',#1884,.T.);
#2013=FACE_BOUND('',#1885,.T.);
#2014=FACE_BOUND('',#1886,.T.);
#2015=FACE_BOUND('',#1887,.T.);
#2016=FACE_BOUND('',#1888,.T.);
#2017=FACE_BOUND('',#1889,.T.);
#2018=FACE_BOUND('',#1890,.T.);
#2019=FACE_BOUND('',#1891,.T.);
#2020=FACE_BOUND('',#1892,.T.);
#2021=FACE_BOUND('',#1893,.T.);
#2022=FACE_BOUND('',#1894,.T.);
#2023=FACE_BOUND('',#1895,.T.);
#2024=FACE_BOUND('',#1896,.T.);
#2025=FACE_BOUND('',#1897,.T.);
#2026=FACE_BOUND('',#1898,.T.);
#2027=FACE_BOUND('',#1899,.T.);
#2028=FACE_BOUND('',#1900,.T.);
#2029=FACE_BOUND('',#1901,.T.);
#2030=FACE_BOUND('',#1902,.T.);
#2031=FACE_BOUND('',#1903,.T.);
#2032=FACE_BOUND('',#1904,.T.);
#2033=FACE_BOUND('',#1905,.T.);
#2034=FACE_BOUND('',#1906,.T.);
#2035=FACE_BOUND('',#1907,.T.);
#2036=FACE_BOUND('',#1908,.T.);
#2037=FACE_BOUND('',#1909,.T.);
#2038=FACE_BOUND('',#1910,.T.);
#2039=FACE_BOUND('',#1911,.T.);
#2040=FACE_BOUND('',#1912,.T.);
#2041=FACE_BOUND('',#1913,.T.);
#2042=FACE_BOUND('',#1914,.T.);
#2043=FACE_BOUND('',#1915,.T.);
#2044=FACE_BOUND('',#1916,.T.);
#2045=FACE_BOUND('',#1917,.T.);
#2046=FACE_BOUND('',#1918,.T.);
#2047=FACE_BOUND('',#1919,.T.);
#2048=FACE_BOUND('',#1920,.T.);
#2049=FACE_BOUND('',#1921,.T.);
#2050=FACE_BOUND('',#1922,.T.);
#2051=FACE_BOUND('',#1923,.T.);
#2052=FACE_BOUND('',#1924,.T.);
#2053=FACE_BOUND('',#1925,.T.);
#2054=FACE_BOUND('',#1926,.T.);
#2055=FACE_BOUND('',#1927,.T.);
#2056=FACE_BOUND('',#1928,.T.);
#2057=FACE_BOUND('',#1929,.T.);
#2058=FACE_BOUND('',#1930,.T.);
#2059=FACE_BOUND('',#1931,.T.);
#2060=FACE_BOUND('',#1932,.T.);
#2061=FACE_BOUND('',#1933,.T.);
#2062=FACE_BOUND('',#1934,.T.);
#2063=FACE_BOUND('',#1935,.T.);
#2064=FACE_BOUND('',#1936,.T.);
#2065=FACE_BOUND('',#1937,.T.);
#2066=FACE_BOUND('',#1938,.T.);
#2067=FACE_BOUND('',#1939,.T.);
#2068=FACE_BOUND('',#1940,.T.);
#2069=FACE_BOUND('',#1941,.T.);
#2070=FACE_BOUND('',#1942,.T.);
#2071=FACE_BOUND('',#1943,.T.);
#2072=FACE_BOUND('',#1944,.T.);
#2073=FACE_BOUND('',#1945,.T.);
#2074=FACE_BOUND('',#1946,.T.);
#2075=FACE_BOUND('',#1947,.T.);
#2076=FACE_BOUND('',#1948,.T.);
#2077=FACE_BOUND('',#1949,.T.);
#2078=FACE_BOUND('',#1950,.T.);
#2079=FACE_BOUND('',#1951,.T.);
#2080=FACE_BOUND('',#1952,.T.);
#2081=FACE_BOUND('',#1953,.T.);
#2082=FACE_BOUND('',#1954,.T.);
#2083=FACE_BOUND('',#1955,.T.);
#2084=FACE_BOUND('',#1956,.T.);
#2085=FACE_BOUND('',#1957,.T.);
#2086=FACE_BOUND('',#1958,.T.);
#2087=FACE_BOUND('',#1959,.T.);
#2088=FACE_BOUND('',#1960,.T.);
#2089=FACE_BOUND('',#1961,.T.);
#2090=FACE_BOUND('',#1962,.T.);
#2091=FACE_BOUND('',#1963,.T.);
#2092=FACE_BOUND('',#1964,.T.);
#2093=FACE_BOUND('',#1965,.T.);
#2094=FACE_BOUND('',#1966,.T.);
#2095=FACE_BOUND('',#1967,.T.);
#2096=FACE_BOUND('',#1968,.T.);
#2097=FACE_BOUND('',#1969,.T.);
#2098=FACE_BOUND('',#1970,.T.);
#2099=FACE_BOUND('',#1971,.T.);
#2100=FACE_BOUND('',#1972,.T.);
#2101=FACE_BOUND('',#1973,.T.);
#2102=FACE_BOUND('',#1974,.T.);
#2103=FACE_BOUND('',#1975,.T.);
#2104=CYLINDRICAL_SURFACE('',#2319,0.01375);
#2105=CYLINDRICAL_SURFACE('',#2322,0.01375);
#2106=CYLINDRICAL_SURFACE('',#2325,0.01375);
#2107=CYLINDRICAL_SURFACE('',#2328,0.01375);
#2108=CYLINDRICAL_SURFACE('',#2331,0.01375);
#2109=CYLINDRICAL_SURFACE('',#2334,0.01375);
#2110=CYLINDRICAL_SURFACE('',#2337,0.01375);
#2111=CYLINDRICAL_SURFACE('',#2340,0.01375);
#2112=CYLINDRICAL_SURFACE('',#2343,0.01375);
#2113=CYLINDRICAL_SURFACE('',#2346,0.01375);
#2114=CYLINDRICAL_SURFACE('',#2349,0.01375);
#2115=CYLINDRICAL_SURFACE('',#2352,0.01375);
#2116=CYLINDRICAL_SURFACE('',#2355,0.01375);
#2117=CYLINDRICAL_SURFACE('',#2358,0.01375);
#2118=CYLINDRICAL_SURFACE('',#2361,0.01375);
#2119=CYLINDRICAL_SURFACE('',#2364,0.01375);
#2120=CYLINDRICAL_SURFACE('',#2367,0.01375);
#2121=CYLINDRICAL_SURFACE('',#2370,0.01375);
#2122=CYLINDRICAL_SURFACE('',#2373,0.01375);
#2123=CYLINDRICAL_SURFACE('',#2438,0.01375);
#2124=CYLINDRICAL_SURFACE('',#2440,0.0109375);
#2125=CYLINDRICAL_SURFACE('',#2442,0.000495000412515919);
#2126=CYLINDRICAL_SURFACE('',#2444,0.000495000412515919);
#2127=CYLINDRICAL_SURFACE('',#2446,0.0109375);
#2128=CYLINDRICAL_SURFACE('',#2448,0.000495000412515919);
#2129=CYLINDRICAL_SURFACE('',#2450,0.000495000412515919);
#2130=CYLINDRICAL_SURFACE('',#2452,0.0109375);
#2131=CYLINDRICAL_SURFACE('',#2454,0.000495000412515919);
#2132=CYLINDRICAL_SURFACE('',#2456,0.000495000412515919);
#2133=CYLINDRICAL_SURFACE('',#2458,0.0109375);
#2134=CYLINDRICAL_SURFACE('',#2460,0.000495000412515919);
#2135=CYLINDRICAL_SURFACE('',#2462,0.000495000412515919);
#2136=CYLINDRICAL_SURFACE('',#2464,0.0109375);
#2137=CYLINDRICAL_SURFACE('',#2466,0.000495000412515919);
#2138=CYLINDRICAL_SURFACE('',#2468,0.000495000412515919);
#2139=CYLINDRICAL_SURFACE('',#2470,0.0109375);
#2140=CYLINDRICAL_SURFACE('',#2472,0.000495000412515919);
#2141=CYLINDRICAL_SURFACE('',#2474,0.000495000412515919);
#2142=CYLINDRICAL_SURFACE('',#2476,0.0109375);
#2143=CYLINDRICAL_SURFACE('',#2478,0.000495000412515919);
#2144=CYLINDRICAL_SURFACE('',#2480,0.000495000412515919);
#2145=CYLINDRICAL_SURFACE('',#2482,0.0109375);
#2146=CYLINDRICAL_SURFACE('',#2484,0.000495000412515919);
#2147=CYLINDRICAL_SURFACE('',#2486,0.000495000412515919);
#2148=CYLINDRICAL_SURFACE('',#2488,0.0109375);
#2149=CYLINDRICAL_SURFACE('',#2490,0.000495000412515919);
#2150=CYLINDRICAL_SURFACE('',#2492,0.000495000412515919);
#2151=CYLINDRICAL_SURFACE('',#2494,0.0109375);
#2152=CYLINDRICAL_SURFACE('',#2496,0.000495000412515919);
#2153=CYLINDRICAL_SURFACE('',#2498,0.000495000412515919);
#2154=CYLINDRICAL_SURFACE('',#2500,0.0109375);
#2155=CYLINDRICAL_SURFACE('',#2502,0.000495000412515919);
#2156=CYLINDRICAL_SURFACE('',#2504,0.000495000412515919);
#2157=CYLINDRICAL_SURFACE('',#2506,0.0109375);
#2158=CYLINDRICAL_SURFACE('',#2508,0.000495000412515919);
#2159=CYLINDRICAL_SURFACE('',#2510,0.000495000412515919);
#2160=CYLINDRICAL_SURFACE('',#2512,0.0109375);
#2161=CYLINDRICAL_SURFACE('',#2514,0.000495000412515919);
#2162=CYLINDRICAL_SURFACE('',#2516,0.000495000412515919);
#2163=CYLINDRICAL_SURFACE('',#2518,0.0109375);
#2164=CYLINDRICAL_SURFACE('',#2520,0.000495000412515919);
#2165=CYLINDRICAL_SURFACE('',#2522,0.000495000412515919);
#2166=CYLINDRICAL_SURFACE('',#2524,0.0109375);
#2167=CYLINDRICAL_SURFACE('',#2526,0.000495000412515919);
#2168=CYLINDRICAL_SURFACE('',#2528,0.000495000412515919);
#2169=CYLINDRICAL_SURFACE('',#2530,0.0109375);
#2170=CYLINDRICAL_SURFACE('',#2532,0.000495000412515919);
#2171=CYLINDRICAL_SURFACE('',#2534,0.000495000412515919);
#2172=CYLINDRICAL_SURFACE('',#2536,0.0109375);
#2173=CYLINDRICAL_SURFACE('',#2538,0.000495000412515919);
#2174=CYLINDRICAL_SURFACE('',#2540,0.000495000412515919);
#2175=CYLINDRICAL_SURFACE('',#2542,0.0109375);
#2176=CYLINDRICAL_SURFACE('',#2544,0.000495000412515919);
#2177=CYLINDRICAL_SURFACE('',#2546,0.000495000412515919);
#2178=CYLINDRICAL_SURFACE('',#2548,0.0109375);
#2179=CYLINDRICAL_SURFACE('',#2550,0.000495000412515919);
#2180=CYLINDRICAL_SURFACE('',#2552,0.000495000412515919);
#2181=CYLINDRICAL_SURFACE('',#2556,0.00175);
#2182=CYLINDRICAL_SURFACE('',#2558,0.0025);
#2183=CYLINDRICAL_SURFACE('',#2560,0.00175);
#2184=ADVANCED_FACE('',(#1976),#2104,.T.);
#2185=ADVANCED_FACE('',(#1977),#2105,.T.);
#2186=ADVANCED_FACE('',(#1978),#2106,.T.);
#2187=ADVANCED_FACE('',(#1979),#2107,.T.);
#2188=ADVANCED_FACE('',(#1980),#2108,.T.);
#2189=ADVANCED_FACE('',(#1981),#2109,.T.);
#2190=ADVANCED_FACE('',(#1982),#2110,.T.);
#2191=ADVANCED_FACE('',(#1983),#2111,.T.);
#2192=ADVANCED_FACE('',(#1984),#2112,.T.);
#2193=ADVANCED_FACE('',(#1985),#2113,.T.);
#2194=ADVANCED_FACE('',(#1986),#2114,.T.);
#2195=ADVANCED_FACE('',(#1987),#2115,.T.);
#2196=ADVANCED_FACE('',(#1988),#2116,.T.);
#2197=ADVANCED_FACE('',(#1989),#2117,.T.);
#2198=ADVANCED_FACE('',(#1990),#2118,.T.);
#2199=ADVANCED_FACE('',(#1991),#2119,.T.);
#2200=ADVANCED_FACE('',(#1992),#2120,.T.);
#2201=ADVANCED_FACE('',(#1993),#2121,.T.);
#2202=ADVANCED_FACE('',(#1994),#2122,.T.);
#2203=ADVANCED_FACE('',(#1995,#1996,#1997),#126,.T.);
#2204=ADVANCED_FACE('',(#1998),#2123,.T.);
#2205=ADVANCED_FACE('',(#1999),#12,.T.);
#2206=ADVANCED_FACE('',(#2000),#13,.F.);
#2207=ADVANCED_FACE('',(#2001),#2124,.T.);
#2208=ADVANCED_FACE('',(#2002),#2125,.F.);
#2209=ADVANCED_FACE('',(#2003),#2126,.F.);
#2210=ADVANCED_FACE('',(#2004),#14,.T.);
#2211=ADVANCED_FACE('',(#2005),#15,.F.);
#2212=ADVANCED_FACE('',(#2006),#2127,.T.);
#2213=ADVANCED_FACE('',(#2007),#2128,.F.);
#2214=ADVANCED_FACE('',(#2008),#2129,.F.);
#2215=ADVANCED_FACE('',(#2009),#16,.T.);
#2216=ADVANCED_FACE('',(#2010),#17,.F.);
#2217=ADVANCED_FACE('',(#2011),#2130,.T.);
#2218=ADVANCED_FACE('',(#2012),#2131,.F.);
#2219=ADVANCED_FACE('',(#2013),#2132,.F.);
#2220=ADVANCED_FACE('',(#2014),#18,.T.);
#2221=ADVANCED_FACE('',(#2015),#19,.F.);
#2222=ADVANCED_FACE('',(#2016),#2133,.T.);
#2223=ADVANCED_FACE('',(#2017),#2134,.F.);
#2224=ADVANCED_FACE('',(#2018),#2135,.F.);
#2225=ADVANCED_FACE('',(#2019),#20,.T.);
#2226=ADVANCED_FACE('',(#2020),#21,.F.);
#2227=ADVANCED_FACE('',(#2021),#2136,.T.);
#2228=ADVANCED_FACE('',(#2022),#2137,.F.);
#2229=ADVANCED_FACE('',(#2023),#2138,.F.);
#2230=ADVANCED_FACE('',(#2024),#22,.T.);
#2231=ADVANCED_FACE('',(#2025),#23,.F.);
#2232=ADVANCED_FACE('',(#2026),#2139,.T.);
#2233=ADVANCED_FACE('',(#2027),#2140,.F.);
#2234=ADVANCED_FACE('',(#2028),#2141,.F.);
#2235=ADVANCED_FACE('',(#2029),#24,.T.);
#2236=ADVANCED_FACE('',(#2030),#25,.F.);
#2237=ADVANCED_FACE('',(#2031),#2142,.T.);
#2238=ADVANCED_FACE('',(#2032),#2143,.F.);
#2239=ADVANCED_FACE('',(#2033),#2144,.F.);
#2240=ADVANCED_FACE('',(#2034),#26,.T.);
#2241=ADVANCED_FACE('',(#2035),#27,.F.);
#2242=ADVANCED_FACE('',(#2036),#2145,.T.);
#2243=ADVANCED_FACE('',(#2037),#2146,.F.);
#2244=ADVANCED_FACE('',(#2038),#2147,.F.);
#2245=ADVANCED_FACE('',(#2039),#28,.T.);
#2246=ADVANCED_FACE('',(#2040),#29,.F.);
#2247=ADVANCED_FACE('',(#2041),#2148,.T.);
#2248=ADVANCED_FACE('',(#2042),#2149,.F.);
#2249=ADVANCED_FACE('',(#2043),#2150,.F.);
#2250=ADVANCED_FACE('',(#2044),#30,.T.);
#2251=ADVANCED_FACE('',(#2045),#31,.F.);
#2252=ADVANCED_FACE('',(#2046),#2151,.T.);
#2253=ADVANCED_FACE('',(#2047),#2152,.F.);
#2254=ADVANCED_FACE('',(#2048),#2153,.F.);
#2255=ADVANCED_FACE('',(#2049),#32,.T.);
#2256=ADVANCED_FACE('',(#2050),#33,.F.);
#2257=ADVANCED_FACE('',(#2051),#2154,.T.);
#2258=ADVANCED_FACE('',(#2052),#2155,.F.);
#2259=ADVANCED_FACE('',(#2053),#2156,.F.);
#2260=ADVANCED_FACE('',(#2054),#34,.T.);
#2261=ADVANCED_FACE('',(#2055),#35,.F.);
#2262=ADVANCED_FACE('',(#2056),#2157,.T.);
#2263=ADVANCED_FACE('',(#2057),#2158,.F.);
#2264=ADVANCED_FACE('',(#2058),#2159,.F.);
#2265=ADVANCED_FACE('',(#2059),#36,.T.);
#2266=ADVANCED_FACE('',(#2060),#37,.F.);
#2267=ADVANCED_FACE('',(#2061),#2160,.T.);
#2268=ADVANCED_FACE('',(#2062),#2161,.F.);
#2269=ADVANCED_FACE('',(#2063),#2162,.F.);
#2270=ADVANCED_FACE('',(#2064),#38,.T.);
#2271=ADVANCED_FACE('',(#2065),#39,.F.);
#2272=ADVANCED_FACE('',(#2066),#2163,.T.);
#2273=ADVANCED_FACE('',(#2067),#2164,.F.);
#2274=ADVANCED_FACE('',(#2068),#2165,.F.);
#2275=ADVANCED_FACE('',(#2069),#40,.T.);
#2276=ADVANCED_FACE('',(#2070),#41,.F.);
#2277=ADVANCED_FACE('',(#2071),#2166,.T.);
#2278=ADVANCED_FACE('',(#2072),#2167,.F.);
#2279=ADVANCED_FACE('',(#2073),#2168,.F.);
#2280=ADVANCED_FACE('',(#2074),#42,.T.);
#2281=ADVANCED_FACE('',(#2075),#43,.F.);
#2282=ADVANCED_FACE('',(#2076),#2169,.T.);
#2283=ADVANCED_FACE('',(#2077),#2170,.F.);
#2284=ADVANCED_FACE('',(#2078),#2171,.F.);
#2285=ADVANCED_FACE('',(#2079),#44,.T.);
#2286=ADVANCED_FACE('',(#2080),#45,.F.);
#2287=ADVANCED_FACE('',(#2081),#2172,.T.);
#2288=ADVANCED_FACE('',(#2082),#2173,.F.);
#2289=ADVANCED_FACE('',(#2083),#2174,.F.);
#2290=ADVANCED_FACE('',(#2084),#46,.T.);
#2291=ADVANCED_FACE('',(#2085),#47,.F.);
#2292=ADVANCED_FACE('',(#2086),#2175,.T.);
#2293=ADVANCED_FACE('',(#2087),#2176,.F.);
#2294=ADVANCED_FACE('',(#2088),#2177,.F.);
#2295=ADVANCED_FACE('',(#2089),#48,.T.);
#2296=ADVANCED_FACE('',(#2090),#49,.F.);
#2297=ADVANCED_FACE('',(#2091),#2178,.T.);
#2298=ADVANCED_FACE('',(#2092),#2179,.F.);
#2299=ADVANCED_FACE('',(#2093),#2180,.F.);
#2300=ADVANCED_FACE('',(#2094),#127,.T.);
#2301=ADVANCED_FACE('',(#2095),#128,.F.);
#2302=ADVANCED_FACE('',(#2096,#2097),#2181,.F.);
#2303=ADVANCED_FACE('',(#2098),#2182,.T.);
#2304=ADVANCED_FACE('',(#2099,#2100),#2183,.F.);
#2305=ADVANCED_FACE('',(#2101,#2102,#2103),#129,.F.);
#2306=CLOSED_SHELL('',(#2184,#2185,#2186,#2187,#2188,#2189,#2190,#2191,
#2192,#2193,#2194,#2195,#2196,#2197,#2198,#2199,#2200,#2201,#2202,#2203,
#2204,#2205,#2206,#2207,#2208,#2209,#2210,#2211,#2212,#2213,#2214,#2215,
#2216,#2217,#2218,#2219,#2220,#2221,#2222,#2223,#2224,#2225,#2226,#2227,
#2228,#2229,#2230,#2231,#2232,#2233,#2234,#2235,#2236,#2237,#2238,#2239,
#2240,#2241,#2242,#2243,#2244,#2245,#2246,#2247,#2248,#2249,#2250,#2251,
#2252,#2253,#2254,#2255,#2256,#2257,#2258,#2259,#2260,#2261,#2262,#2263,
#2264,#2265,#2266,#2267,#2268,#2269,#2270,#2271,#2272,#2273,#2274,#2275,
#2276,#2277,#2278,#2279,#2280,#2281,#2282,#2283,#2284,#2285,#2286,#2287,
#2288,#2289,#2290,#2291,#2292,#2293,#2294,#2295,#2296,#2297,#2298,#2299,
#2300,#2301,#2302,#2303,#2304,#2305));
#2307=STYLED_ITEM('',(#2308),#2315);
#2308=PRESENTATION_STYLE_ASSIGNMENT((#2309));
#2309=SURFACE_STYLE_USAGE(.BOTH.,#2310);
#2310=SURFACE_SIDE_STYLE('',(#2311));
#2311=SURFACE_STYLE_FILL_AREA(#2312);
#2312=FILL_AREA_STYLE('',(#2313));
#2313=FILL_AREA_STYLE_COLOUR('',#2314);
#2314=COLOUR_RGB('',0.615686274509804,0.811764705882353,0.929411764705882);
#2315=MANIFOLD_SOLID_BREP('Spur gear (20 teeth)',#2306);
#2316=SHAPE_DEFINITION_REPRESENTATION(#7436,#2317);
#2317=SHAPE_REPRESENTATION('Spur gear (20 teeth)',(#2318),#7431);
#2318=AXIS2_PLACEMENT_3D('',#3175,#2563,#2564);
#2319=AXIS2_PLACEMENT_3D('',#3176,#2565,#2566);
#2320=AXIS2_PLACEMENT_3D('',#3180,#2568,#2569);
#2321=AXIS2_PLACEMENT_3D('',#3184,#2571,#2572);
#2322=AXIS2_PLACEMENT_3D('',#3185,#2573,#2574);
#2323=AXIS2_PLACEMENT_3D('',#3189,#2576,#2577);
#2324=AXIS2_PLACEMENT_3D('',#3193,#2579,#2580);
#2325=AXIS2_PLACEMENT_3D('',#3194,#2581,#2582);
#2326=AXIS2_PLACEMENT_3D('',#3198,#2584,#2585);
#2327=AXIS2_PLACEMENT_3D('',#3202,#2587,#2588);
#2328=AXIS2_PLACEMENT_3D('',#3203,#2589,#2590);
#2329=AXIS2_PLACEMENT_3D('',#3207,#2592,#2593);
#2330=AXIS2_PLACEMENT_3D('',#3211,#2595,#2596);
#2331=AXIS2_PLACEMENT_3D('',#3212,#2597,#2598);
#2332=AXIS2_PLACEMENT_3D('',#3216,#2600,#2601);
#2333=AXIS2_PLACEMENT_3D('',#3220,#2603,#2604);
#2334=AXIS2_PLACEMENT_3D('',#3221,#2605,#2606);
#2335=AXIS2_PLACEMENT_3D('',#3225,#2608,#2609);
#2336=AXIS2_PLACEMENT_3D('',#3229,#2611,#2612);
#2337=AXIS2_PLACEMENT_3D('',#3230,#2613,#2614);
#2338=AXIS2_PLACEMENT_3D('',#3234,#2616,#2617);
#2339=AXIS2_PLACEMENT_3D('',#3238,#2619,#2620);
#2340=AXIS2_PLACEMENT_3D('',#3239,#2621,#2622);
#2341=AXIS2_PLACEMENT_3D('',#3243,#2624,#2625);
#2342=AXIS2_PLACEMENT_3D('',#3247,#2627,#2628);
#2343=AXIS2_PLACEMENT_3D('',#3248,#2629,#2630);
#2344=AXIS2_PLACEMENT_3D('',#3252,#2632,#2633);
#2345=AXIS2_PLACEMENT_3D('',#3256,#2635,#2636);
#2346=AXIS2_PLACEMENT_3D('',#3257,#2637,#2638);
#2347=AXIS2_PLACEMENT_3D('',#3261,#2640,#2641);
#2348=AXIS2_PLACEMENT_3D('',#3265,#2643,#2644);
#2349=AXIS2_PLACEMENT_3D('',#3266,#2645,#2646);
#2350=AXIS2_PLACEMENT_3D('',#3270,#2648,#2649);
#2351=AXIS2_PLACEMENT_3D('',#3274,#2651,#2652);
#2352=AXIS2_PLACEMENT_3D('',#3275,#2653,#2654);
#2353=AXIS2_PLACEMENT_3D('',#3279,#2656,#2657);
#2354=AXIS2_PLACEMENT_3D('',#3283,#2659,#2660);
#2355=AXIS2_PLACEMENT_3D('',#3284,#2661,#2662);
#2356=AXIS2_PLACEMENT_3D('',#3288,#2664,#2665);
#2357=AXIS2_PLACEMENT_3D('',#3292,#2667,#2668);
#2358=AXIS2_PLACEMENT_3D('',#3293,#2669,#2670);
#2359=AXIS2_PLACEMENT_3D('',#3297,#2672,#2673);
#2360=AXIS2_PLACEMENT_3D('',#3301,#2675,#2676);
#2361=AXIS2_PLACEMENT_3D('',#3302,#2677,#2678);
#2362=AXIS2_PLACEMENT_3D('',#3306,#2680,#2681);
#2363=AXIS2_PLACEMENT_3D('',#3310,#2683,#2684);
#2364=AXIS2_PLACEMENT_3D('',#3311,#2685,#2686);
#2365=AXIS2_PLACEMENT_3D('',#3315,#2688,#2689);
#2366=AXIS2_PLACEMENT_3D('',#3319,#2691,#2692);
#2367=AXIS2_PLACEMENT_3D('',#3320,#2693,#2694);
#2368=AXIS2_PLACEMENT_3D('',#3324,#2696,#2697);
#2369=AXIS2_PLACEMENT_3D('',#3328,#2699,#2700);
#2370=AXIS2_PLACEMENT_3D('',#3329,#2701,#2702);
#2371=AXIS2_PLACEMENT_3D('',#3333,#2704,#2705);
#2372=AXIS2_PLACEMENT_3D('',#3337,#2707,#2708);
#2373=AXIS2_PLACEMENT_3D('',#3338,#2709,#2710);
#2374=AXIS2_PLACEMENT_3D('',#3342,#2712,#2713);
#2375=AXIS2_PLACEMENT_3D('',#3346,#2715,#2716);
#2376=AXIS2_PLACEMENT_3D('',#3347,#2717,#2718);
#2377=AXIS2_PLACEMENT_3D('',#3348,#2719,#2720);
#2378=AXIS2_PLACEMENT_3D('',#3350,#2721,#2722);
#2379=AXIS2_PLACEMENT_3D('',#3354,#2724,#2725);
#2380=AXIS2_PLACEMENT_3D('',#3392,#2727,#2728);
#2381=AXIS2_PLACEMENT_3D('',#3394,#2729,#2730);
#2382=AXIS2_PLACEMENT_3D('',#3396,#2731,#2732);
#2383=AXIS2_PLACEMENT_3D('',#3467,#2733,#2734);
#2384=AXIS2_PLACEMENT_3D('',#3469,#2735,#2736);
#2385=AXIS2_PLACEMENT_3D('',#3471,#2737,#2738);
#2386=AXIS2_PLACEMENT_3D('',#3508,#2739,#2740);
#2387=AXIS2_PLACEMENT_3D('',#3545,#2741,#2742);
#2388=AXIS2_PLACEMENT_3D('',#3547,#2743,#2744);
#2389=AXIS2_PLACEMENT_3D('',#3549,#2745,#2746);
#2390=AXIS2_PLACEMENT_3D('',#3620,#2747,#2748);
#2391=AXIS2_PLACEMENT_3D('',#3622,#2749,#2750);
#2392=AXIS2_PLACEMENT_3D('',#3624,#2751,#2752);
#2393=AXIS2_PLACEMENT_3D('',#3695,#2753,#2754);
#2394=AXIS2_PLACEMENT_3D('',#3697,#2755,#2756);
#2395=AXIS2_PLACEMENT_3D('',#3699,#2757,#2758);
#2396=AXIS2_PLACEMENT_3D('',#3770,#2759,#2760);
#2397=AXIS2_PLACEMENT_3D('',#3772,#2761,#2762);
#2398=AXIS2_PLACEMENT_3D('',#3774,#2763,#2764);
#2399=AXIS2_PLACEMENT_3D('',#3845,#2765,#2766);
#2400=AXIS2_PLACEMENT_3D('',#3847,#2767,#2768);
#2401=AXIS2_PLACEMENT_3D('',#3849,#2769,#2770);
#2402=AXIS2_PLACEMENT_3D('',#3920,#2771,#2772);
#2403=AXIS2_PLACEMENT_3D('',#3922,#2773,#2774);
#2404=AXIS2_PLACEMENT_3D('',#3924,#2775,#2776);
#2405=AXIS2_PLACEMENT_3D('',#3995,#2777,#2778);
#2406=AXIS2_PLACEMENT_3D('',#3997,#2779,#2780);
#2407=AXIS2_PLACEMENT_3D('',#3999,#2781,#2782);
#2408=AXIS2_PLACEMENT_3D('',#4070,#2783,#2784);
#2409=AXIS2_PLACEMENT_3D('',#4072,#2785,#2786);
#2410=AXIS2_PLACEMENT_3D('',#4074,#2787,#2788);
#2411=AXIS2_PLACEMENT_3D('',#4145,#2789,#2790);
#2412=AXIS2_PLACEMENT_3D('',#4147,#2791,#2792);
#2413=AXIS2_PLACEMENT_3D('',#4149,#2793,#2794);
#2414=AXIS2_PLACEMENT_3D('',#4220,#2795,#2796);
#2415=AXIS2_PLACEMENT_3D('',#4222,#2797,#2798);
#2416=AXIS2_PLACEMENT_3D('',#4224,#2799,#2800);
#2417=AXIS2_PLACEMENT_3D('',#4295,#2801,#2802);
#2418=AXIS2_PLACEMENT_3D('',#4297,#2803,#2804);
#2419=AXIS2_PLACEMENT_3D('',#4299,#2805,#2806);
#2420=AXIS2_PLACEMENT_3D('',#4370,#2807,#2808);
#2421=AXIS2_PLACEMENT_3D('',#4372,#2809,#2810);
#2422=AXIS2_PLACEMENT_3D('',#4374,#2811,#2812);
#2423=AXIS2_PLACEMENT_3D('',#4445,#2813,#2814);
#2424=AXIS2_PLACEMENT_3D('',#4447,#2815,#2816);
#2425=AXIS2_PLACEMENT_3D('',#4449,#2817,#2818);
#2426=AXIS2_PLACEMENT_3D('',#4520,#2819,#2820);
#2427=AXIS2_PLACEMENT_3D('',#4522,#2821,#2822);
#2428=AXIS2_PLACEMENT_3D('',#4524,#2823,#2824);
#2429=AXIS2_PLACEMENT_3D('',#4595,#2825,#2826);
#2430=AXIS2_PLACEMENT_3D('',#4597,#2827,#2828);
#2431=AXIS2_PLACEMENT_3D('',#4599,#2829,#2830);
#2432=AXIS2_PLACEMENT_3D('',#4670,#2831,#2832);
#2433=AXIS2_PLACEMENT_3D('',#4672,#2833,#2834);
#2434=AXIS2_PLACEMENT_3D('',#4674,#2835,#2836);
#2435=AXIS2_PLACEMENT_3D('',#4745,#2837,#2838);
#2436=AXIS2_PLACEMENT_3D('',#4747,#2839,#2840);
#2437=AXIS2_PLACEMENT_3D('',#4749,#2841,#2842);
#2438=AXIS2_PLACEMENT_3D('',#4785,#2843,#2844);
#2439=AXIS2_PLACEMENT_3D('',#4788,#2846,#2847);
#2440=AXIS2_PLACEMENT_3D('',#4919,#2851,#2852);
#2441=AXIS2_PLACEMENT_3D('',#4922,#2854,#2855);
#2442=AXIS2_PLACEMENT_3D('',#4925,#2857,#2858);
#2443=AXIS2_PLACEMENT_3D('',#4926,#2859,#2860);
#2444=AXIS2_PLACEMENT_3D('',#4927,#2861,#2862);
#2445=AXIS2_PLACEMENT_3D('',#4928,#2863,#2864);
#2446=AXIS2_PLACEMENT_3D('',#5057,#2867,#2868);
#2447=AXIS2_PLACEMENT_3D('',#5060,#2870,#2871);
#2448=AXIS2_PLACEMENT_3D('',#5063,#2873,#2874);
#2449=AXIS2_PLACEMENT_3D('',#5064,#2875,#2876);
#2450=AXIS2_PLACEMENT_3D('',#5065,#2877,#2878);
#2451=AXIS2_PLACEMENT_3D('',#5066,#2879,#2880);
#2452=AXIS2_PLACEMENT_3D('',#5195,#2883,#2884);
#2453=AXIS2_PLACEMENT_3D('',#5198,#2886,#2887);
#2454=AXIS2_PLACEMENT_3D('',#5201,#2889,#2890);
#2455=AXIS2_PLACEMENT_3D('',#5202,#2891,#2892);
#2456=AXIS2_PLACEMENT_3D('',#5203,#2893,#2894);
#2457=AXIS2_PLACEMENT_3D('',#5204,#2895,#2896);
#2458=AXIS2_PLACEMENT_3D('',#5333,#2899,#2900);
#2459=AXIS2_PLACEMENT_3D('',#5336,#2902,#2903);
#2460=AXIS2_PLACEMENT_3D('',#5339,#2905,#2906);
#2461=AXIS2_PLACEMENT_3D('',#5340,#2907,#2908);
#2462=AXIS2_PLACEMENT_3D('',#5341,#2909,#2910);
#2463=AXIS2_PLACEMENT_3D('',#5342,#2911,#2912);
#2464=AXIS2_PLACEMENT_3D('',#5471,#2915,#2916);
#2465=AXIS2_PLACEMENT_3D('',#5474,#2918,#2919);
#2466=AXIS2_PLACEMENT_3D('',#5477,#2921,#2922);
#2467=AXIS2_PLACEMENT_3D('',#5478,#2923,#2924);
#2468=AXIS2_PLACEMENT_3D('',#5479,#2925,#2926);
#2469=AXIS2_PLACEMENT_3D('',#5480,#2927,#2928);
#2470=AXIS2_PLACEMENT_3D('',#5609,#2931,#2932);
#2471=AXIS2_PLACEMENT_3D('',#5612,#2934,#2935);
#2472=AXIS2_PLACEMENT_3D('',#5615,#2937,#2938);
#2473=AXIS2_PLACEMENT_3D('',#5616,#2939,#2940);
#2474=AXIS2_PLACEMENT_3D('',#5617,#2941,#2942);
#2475=AXIS2_PLACEMENT_3D('',#5618,#2943,#2944);
#2476=AXIS2_PLACEMENT_3D('',#5747,#2947,#2948);
#2477=AXIS2_PLACEMENT_3D('',#5750,#2950,#2951);
#2478=AXIS2_PLACEMENT_3D('',#5753,#2953,#2954);
#2479=AXIS2_PLACEMENT_3D('',#5754,#2955,#2956);
#2480=AXIS2_PLACEMENT_3D('',#5755,#2957,#2958);
#2481=AXIS2_PLACEMENT_3D('',#5756,#2959,#2960);
#2482=AXIS2_PLACEMENT_3D('',#5885,#2963,#2964);
#2483=AXIS2_PLACEMENT_3D('',#5888,#2966,#2967);
#2484=AXIS2_PLACEMENT_3D('',#5891,#2969,#2970);
#2485=AXIS2_PLACEMENT_3D('',#5892,#2971,#2972);
#2486=AXIS2_PLACEMENT_3D('',#5893,#2973,#2974);
#2487=AXIS2_PLACEMENT_3D('',#5894,#2975,#2976);
#2488=AXIS2_PLACEMENT_3D('',#6023,#2979,#2980);
#2489=AXIS2_PLACEMENT_3D('',#6026,#2982,#2983);
#2490=AXIS2_PLACEMENT_3D('',#6029,#2985,#2986);
#2491=AXIS2_PLACEMENT_3D('',#6030,#2987,#2988);
#2492=AXIS2_PLACEMENT_3D('',#6031,#2989,#2990);
#2493=AXIS2_PLACEMENT_3D('',#6032,#2991,#2992);
#2494=AXIS2_PLACEMENT_3D('',#6161,#2995,#2996);
#2495=AXIS2_PLACEMENT_3D('',#6164,#2998,#2999);
#2496=AXIS2_PLACEMENT_3D('',#6167,#3001,#3002);
#2497=AXIS2_PLACEMENT_3D('',#6168,#3003,#3004);
#2498=AXIS2_PLACEMENT_3D('',#6169,#3005,#3006);
#2499=AXIS2_PLACEMENT_3D('',#6170,#3007,#3008);
#2500=AXIS2_PLACEMENT_3D('',#6299,#3011,#3012);
#2501=AXIS2_PLACEMENT_3D('',#6302,#3014,#3015);
#2502=AXIS2_PLACEMENT_3D('',#6305,#3017,#3018);
#2503=AXIS2_PLACEMENT_3D('',#6306,#3019,#3020);
#2504=AXIS2_PLACEMENT_3D('',#6307,#3021,#3022);
#2505=AXIS2_PLACEMENT_3D('',#6308,#3023,#3024);
#2506=AXIS2_PLACEMENT_3D('',#6437,#3027,#3028);
#2507=AXIS2_PLACEMENT_3D('',#6440,#3030,#3031);
#2508=AXIS2_PLACEMENT_3D('',#6443,#3033,#3034);
#2509=AXIS2_PLACEMENT_3D('',#6444,#3035,#3036);
#2510=AXIS2_PLACEMENT_3D('',#6445,#3037,#3038);
#2511=AXIS2_PLACEMENT_3D('',#6446,#3039,#3040);
#2512=AXIS2_PLACEMENT_3D('',#6575,#3043,#3044);
#2513=AXIS2_PLACEMENT_3D('',#6578,#3046,#3047);
#2514=AXIS2_PLACEMENT_3D('',#6581,#3049,#3050);
#2515=AXIS2_PLACEMENT_3D('',#6582,#3051,#3052);
#2516=AXIS2_PLACEMENT_3D('',#6583,#3053,#3054);
#2517=AXIS2_PLACEMENT_3D('',#6584,#3055,#3056);
#2518=AXIS2_PLACEMENT_3D('',#6713,#3059,#3060);
#2519=AXIS2_PLACEMENT_3D('',#6716,#3062,#3063);
#2520=AXIS2_PLACEMENT_3D('',#6719,#3065,#3066);
#2521=AXIS2_PLACEMENT_3D('',#6720,#3067,#3068);
#2522=AXIS2_PLACEMENT_3D('',#6721,#3069,#3070);
#2523=AXIS2_PLACEMENT_3D('',#6722,#3071,#3072);
#2524=AXIS2_PLACEMENT_3D('',#6851,#3075,#3076);
#2525=AXIS2_PLACEMENT_3D('',#6854,#3078,#3079);
#2526=AXIS2_PLACEMENT_3D('',#6857,#3081,#3082);
#2527=AXIS2_PLACEMENT_3D('',#6858,#3083,#3084);
#2528=AXIS2_PLACEMENT_3D('',#6859,#3085,#3086);
#2529=AXIS2_PLACEMENT_3D('',#6860,#3087,#3088);
#2530=AXIS2_PLACEMENT_3D('',#6989,#3091,#3092);
#2531=AXIS2_PLACEMENT_3D('',#6992,#3094,#3095);
#2532=AXIS2_PLACEMENT_3D('',#6995,#3097,#3098);
#2533=AXIS2_PLACEMENT_3D('',#6996,#3099,#3100);
#2534=AXIS2_PLACEMENT_3D('',#6997,#3101,#3102);
#2535=AXIS2_PLACEMENT_3D('',#6998,#3103,#3104);
#2536=AXIS2_PLACEMENT_3D('',#7127,#3107,#3108);
#2537=AXIS2_PLACEMENT_3D('',#7130,#3110,#3111);
#2538=AXIS2_PLACEMENT_3D('',#7133,#3113,#3114);
#2539=AXIS2_PLACEMENT_3D('',#7134,#3115,#3116);
#2540=AXIS2_PLACEMENT_3D('',#7135,#3117,#3118);
#2541=AXIS2_PLACEMENT_3D('',#7136,#3119,#3120);
#2542=AXIS2_PLACEMENT_3D('',#7265,#3123,#3124);
#2543=AXIS2_PLACEMENT_3D('',#7268,#3126,#3127);
#2544=AXIS2_PLACEMENT_3D('',#7271,#3129,#3130);
#2545=AXIS2_PLACEMENT_3D('',#7272,#3131,#3132);
#2546=AXIS2_PLACEMENT_3D('',#7273,#3133,#3134);
#2547=AXIS2_PLACEMENT_3D('',#7274,#3135,#3136);
#2548=AXIS2_PLACEMENT_3D('',#7403,#3139,#3140);
#2549=AXIS2_PLACEMENT_3D('',#7406,#3142,#3143);
#2550=AXIS2_PLACEMENT_3D('',#7409,#3145,#3146);
#2551=AXIS2_PLACEMENT_3D('',#7410,#3147,#3148);
#2552=AXIS2_PLACEMENT_3D('',#7411,#3149,#3150);
#2553=AXIS2_PLACEMENT_3D('',#7412,#3151,#3152);
#2554=AXIS2_PLACEMENT_3D('',#7413,#3153,#3154);
#2555=AXIS2_PLACEMENT_3D('',#7417,#3157,#3158);
#2556=AXIS2_PLACEMENT_3D('',#7421,#3161,#3162);
#2557=AXIS2_PLACEMENT_3D('',#7422,#3163,#3164);
#2558=AXIS2_PLACEMENT_3D('',#7424,#3165,#3166);
#2559=AXIS2_PLACEMENT_3D('',#7425,#3167,#3168);
#2560=AXIS2_PLACEMENT_3D('',#7426,#3169,#3170);
#2561=AXIS2_PLACEMENT_3D('',#7427,#3171,#3172);
#2562=AXIS2_PLACEMENT_3D('',#7429,#3173,#3174);
#2563=DIRECTION('',(0.,0.,1.));
#2564=DIRECTION('',(1.,0.,0.));
#2565=DIRECTION('',(0.,1.,0.));
#2566=DIRECTION('',(-0.156434465040232,0.,0.987688340595138));
#2567=DIRECTION('',(0.,-1.,0.));
#2568=DIRECTION('',(0.,-1.,0.));
#2569=DIRECTION('',(0.156434465040232,0.,-0.987688340595138));
#2570=DIRECTION('',(0.,1.,0.));
#2571=DIRECTION('',(0.,-1.,0.));
#2572=DIRECTION('',(0.156434465040232,0.,-0.987688340595138));
#2573=DIRECTION('',(0.,1.,0.));
#2574=DIRECTION('',(-0.156434465040232,0.,0.987688340595138));
#2575=DIRECTION('',(0.,1.,0.));
#2576=DIRECTION('',(0.,-1.,0.));
#2577=DIRECTION('',(0.156434465040232,0.,-0.987688340595138));
#2578=DIRECTION('',(0.,1.,0.));
#2579=DIRECTION('',(0.,-1.,0.));
#2580=DIRECTION('',(0.156434465040232,0.,-0.987688340595138));
#2581=DIRECTION('',(0.,1.,0.));
#2582=DIRECTION('',(-0.156434465040232,0.,0.987688340595138));
#2583=DIRECTION('',(0.,1.,0.));
#2584=DIRECTION('',(0.,-1.,0.));
#2585=DIRECTION('',(0.156434465040232,0.,-0.987688340595138));
#2586=DIRECTION('',(0.,1.,0.));
#2587=DIRECTION('',(0.,-1.,0.));
#2588=DIRECTION('',(0.156434465040232,0.,-0.987688340595138));
#2589=DIRECTION('',(0.,1.,0.));
#2590=DIRECTION('',(-0.156434465040232,0.,0.987688340595138));
#2591=DIRECTION('',(0.,1.,0.));
#2592=DIRECTION('',(0.,-1.,0.));
#2593=DIRECTION('',(0.156434465040232,0.,-0.987688340595138));
#2594=DIRECTION('',(0.,1.,0.));
#2595=DIRECTION('',(0.,-1.,0.));
#2596=DIRECTION('',(0.156434465040232,0.,-0.987688340595138));
#2597=DIRECTION('',(0.,1.,0.));
#2598=DIRECTION('',(-0.156434465040232,0.,0.987688340595138));
#2599=DIRECTION('',(0.,1.,0.));
#2600=DIRECTION('',(0.,-1.,0.));
#2601=DIRECTION('',(0.156434465040232,0.,-0.987688340595138));
#2602=DIRECTION('',(0.,1.,0.));
#2603=DIRECTION('',(0.,-1.,0.));
#2604=DIRECTION('',(0.156434465040232,0.,-0.987688340595138));
#2605=DIRECTION('',(0.,1.,0.));
#2606=DIRECTION('',(-0.156434465040232,0.,0.987688340595138));
#2607=DIRECTION('',(0.,1.,0.));
#2608=DIRECTION('',(0.,-1.,0.));
#2609=DIRECTION('',(0.156434465040232,0.,-0.987688340595138));
#2610=DIRECTION('',(0.,1.,0.));
#2611=DIRECTION('',(0.,-1.,0.));
#2612=DIRECTION('',(0.156434465040232,0.,-0.987688340595138));
#2613=DIRECTION('',(0.,1.,0.));
#2614=DIRECTION('',(-0.156434465040232,0.,0.987688340595138));
#2615=DIRECTION('',(0.,1.,0.));
#2616=DIRECTION('',(0.,-1.,0.));
#2617=DIRECTION('',(0.156434465040232,0.,-0.987688340595138));
#2618=DIRECTION('',(0.,1.,0.));
#2619=DIRECTION('',(0.,-1.,0.));
#2620=DIRECTION('',(0.156434465040232,0.,-0.987688340595138));
#2621=DIRECTION('',(0.,1.,0.));
#2622=DIRECTION('',(-0.156434465040232,0.,0.987688340595138));
#2623=DIRECTION('',(0.,1.,0.));
#2624=DIRECTION('',(0.,-1.,0.));
#2625=DIRECTION('',(0.156434465040232,0.,-0.987688340595138));
#2626=DIRECTION('',(0.,1.,0.));
#2627=DIRECTION('',(0.,-1.,0.));
#2628=DIRECTION('',(0.156434465040232,0.,-0.987688340595138));
#2629=DIRECTION('',(0.,1.,0.));
#2630=DIRECTION('',(-0.156434465040232,0.,0.987688340595138));
#2631=DIRECTION('',(0.,1.,0.));
#2632=DIRECTION('',(0.,-1.,0.));
#2633=DIRECTION('',(0.156434465040232,0.,-0.987688340595138));
#2634=DIRECTION('',(0.,1.,0.));
#2635=DIRECTION('',(0.,-1.,0.));
#2636=DIRECTION('',(0.156434465040232,0.,-0.987688340595138));
#2637=DIRECTION('',(0.,1.,0.));
#2638=DIRECTION('',(-0.156434465040232,0.,0.987688340595138));
#2639=DIRECTION('',(0.,1.,0.));
#2640=DIRECTION('',(0.,-1.,0.));
#2641=DIRECTION('',(0.156434465040232,0.,-0.987688340595138));
#2642=DIRECTION('',(0.,1.,0.));
#2643=DIRECTION('',(0.,-1.,0.));
#2644=DIRECTION('',(0.156434465040232,0.,-0.987688340595138));
#2645=DIRECTION('',(0.,1.,0.));
#2646=DIRECTION('',(-0.156434465040232,0.,0.987688340595138));
#2647=DIRECTION('',(0.,1.,0.));
#2648=DIRECTION('',(0.,-1.,0.));
#2649=DIRECTION('',(0.156434465040232,0.,-0.987688340595138));
#2650=DIRECTION('',(0.,1.,0.));
#2651=DIRECTION('',(0.,-1.,0.));
#2652=DIRECTION('',(0.156434465040232,0.,-0.987688340595138));
#2653=DIRECTION('',(0.,1.,0.));
#2654=DIRECTION('',(-0.156434465040232,0.,0.987688340595138));
#2655=DIRECTION('',(0.,1.,0.));
#2656=DIRECTION('',(0.,-1.,0.));
#2657=DIRECTION('',(0.156434465040232,0.,-0.987688340595138));
#2658=DIRECTION('',(0.,1.,0.));
#2659=DIRECTION('',(0.,-1.,0.));
#2660=DIRECTION('',(0.156434465040232,0.,-0.987688340595138));
#2661=DIRECTION('',(0.,1.,0.));
#2662=DIRECTION('',(-0.156434465040232,0.,0.987688340595138));
#2663=DIRECTION('',(0.,1.,0.));
#2664=DIRECTION('',(0.,-1.,0.));
#2665=DIRECTION('',(0.156434465040232,0.,-0.987688340595138));
#2666=DIRECTION('',(0.,1.,0.));
#2667=DIRECTION('',(0.,-1.,0.));
#2668=DIRECTION('',(0.156434465040232,0.,-0.987688340595138));
#2669=DIRECTION('',(0.,1.,0.));
#2670=DIRECTION('',(-0.156434465040232,0.,0.987688340595138));
#2671=DIRECTION('',(0.,1.,0.));
#2672=DIRECTION('',(0.,-1.,0.));
#2673=DIRECTION('',(0.156434465040232,0.,-0.987688340595138));
#2674=DIRECTION('',(0.,1.,0.));
#2675=DIRECTION('',(0.,-1.,0.));
#2676=DIRECTION('',(0.156434465040232,0.,-0.987688340595138));
#2677=DIRECTION('',(0.,1.,0.));
#2678=DIRECTION('',(-0.156434465040232,0.,0.987688340595138));
#2679=DIRECTION('',(0.,1.,0.));
#2680=DIRECTION('',(0.,-1.,0.));
#2681=DIRECTION('',(0.156434465040232,0.,-0.987688340595138));
#2682=DIRECTION('',(0.,1.,0.));
#2683=DIRECTION('',(0.,-1.,0.));
#2684=DIRECTION('',(0.156434465040232,0.,-0.987688340595138));
#2685=DIRECTION('',(0.,1.,0.));
#2686=DIRECTION('',(-0.156434465040232,0.,0.987688340595138));
#2687=DIRECTION('',(0.,1.,0.));
#2688=DIRECTION('',(0.,-1.,0.));
#2689=DIRECTION('',(0.156434465040232,0.,-0.987688340595138));
#2690=DIRECTION('',(0.,1.,0.));
#2691=DIRECTION('',(0.,-1.,0.));
#2692=DIRECTION('',(0.156434465040232,0.,-0.987688340595138));
#2693=DIRECTION('',(0.,1.,0.));
#2694=DIRECTION('',(-0.156434465040232,0.,0.987688340595138));
#2695=DIRECTION('',(0.,1.,0.));
#2696=DIRECTION('',(0.,-1.,0.));
#2697=DIRECTION('',(0.156434465040232,0.,-0.987688340595138));
#2698=DIRECTION('',(0.,1.,0.));
#2699=DIRECTION('',(0.,-1.,0.));
#2700=DIRECTION('',(0.156434465040232,0.,-0.987688340595138));
#2701=DIRECTION('',(0.,1.,0.));
#2702=DIRECTION('',(-0.156434465040232,0.,0.987688340595138));
#2703=DIRECTION('',(0.,1.,0.));
#2704=DIRECTION('',(0.,-1.,0.));
#2705=DIRECTION('',(0.156434465040232,0.,-0.987688340595138));
#2706=DIRECTION('',(0.,-1.,0.));
#2707=DIRECTION('',(0.,-1.,0.));
#2708=DIRECTION('',(0.156434465040232,0.,-0.987688340595138));
#2709=DIRECTION('',(0.,1.,0.));
#2710=DIRECTION('',(-0.156434465040232,0.,0.987688340595138));
#2711=DIRECTION('',(0.,1.,0.));
#2712=DIRECTION('',(0.,-1.,0.));
#2713=DIRECTION('',(0.156434465040232,0.,-0.987688340595138));
#2714=DIRECTION('',(0.,1.,0.));
#2715=DIRECTION('',(0.,-1.,0.));
#2716=DIRECTION('',(0.156434465040232,0.,-0.987688340595138));
#2717=DIRECTION('',(0.,-1.,0.));
#2718=DIRECTION('',(0.987688340595138,0.,0.156434465040232));
#2719=DIRECTION('',(0.,-1.,0.));
#2720=DIRECTION('',(0.,0.,-1.));
#2721=DIRECTION('',(0.,-1.,0.));
#2722=DIRECTION('',(0.,0.,-1.));
#2723=DIRECTION('',(0.707106781186548,0.,-0.707106781186547));
#2724=DIRECTION('',(0.,-1.,0.));
#2725=DIRECTION('',(0.,0.,-1.));
#2726=DIRECTION('',(0.707106781186548,0.,-0.707106781186547));
#2727=DIRECTION('',(0.,-1.,0.));
#2728=DIRECTION('',(-0.453990499739546,0.,-0.891006524188368));
#2729=DIRECTION('',(0.,-1.,0.));
#2730=DIRECTION('',(-0.453990499739546,0.,-0.891006524188368));
#2731=DIRECTION('',(0.,-1.,0.));
#2732=DIRECTION('',(-0.453990499739546,0.,-0.891006524188368));
#2733=DIRECTION('',(0.,-1.,0.));
#2734=DIRECTION('',(-0.15643446504023,0.,-0.987688340595138));
#2735=DIRECTION('',(0.,-1.,0.));
#2736=DIRECTION('',(-0.15643446504023,0.,-0.987688340595138));
#2737=DIRECTION('',(0.,-1.,0.));
#2738=DIRECTION('',(-0.15643446504023,0.,-0.987688340595138));
#2739=DIRECTION('',(0.,-1.,0.));
#2740=DIRECTION('',(0.156434465040232,0.,-0.987688340595138));
#2741=DIRECTION('',(0.,-1.,0.));
#2742=DIRECTION('',(0.156434465040232,0.,-0.987688340595138));
#2743=DIRECTION('',(0.,-1.,0.));
#2744=DIRECTION('',(0.156434465040232,0.,-0.987688340595138));
#2745=DIRECTION('',(0.,-1.,0.));
#2746=DIRECTION('',(0.156434465040232,0.,-0.987688340595138));
#2747=DIRECTION('',(0.,-1.,0.));
#2748=DIRECTION('',(0.453990499739548,0.,-0.891006524188367));
#2749=DIRECTION('',(0.,-1.,0.));
#2750=DIRECTION('',(0.453990499739548,0.,-0.891006524188367));
#2751=DIRECTION('',(0.,-1.,0.));
#2752=DIRECTION('',(0.453990499739548,0.,-0.891006524188367));
#2753=DIRECTION('',(0.,-1.,0.));
#2754=DIRECTION('',(0.707106781186548,0.,-0.707106781186547));
#2755=DIRECTION('',(0.,-1.,0.));
#2756=DIRECTION('',(0.707106781186548,0.,-0.707106781186547));
#2757=DIRECTION('',(0.,-1.,0.));
#2758=DIRECTION('',(0.707106781186548,0.,-0.707106781186547));
#2759=DIRECTION('',(0.,-1.,0.));
#2760=DIRECTION('',(0.891006524188368,0.,-0.453990499739546));
#2761=DIRECTION('',(0.,-1.,0.));
#2762=DIRECTION('',(0.891006524188368,0.,-0.453990499739546));
#2763=DIRECTION('',(0.,-1.,0.));
#2764=DIRECTION('',(0.891006524188368,0.,-0.453990499739546));
#2765=DIRECTION('',(0.,-1.,0.));
#2766=DIRECTION('',(0.987688340595138,0.,-0.15643446504023));
#2767=DIRECTION('',(0.,-1.,0.));
#2768=DIRECTION('',(0.987688340595138,0.,-0.15643446504023));
#2769=DIRECTION('',(0.,-1.,0.));
#2770=DIRECTION('',(0.987688340595138,0.,-0.15643446504023));
#2771=DIRECTION('',(0.,-1.,0.));
#2772=DIRECTION('',(0.987688340595138,0.,0.156434465040232));
#2773=DIRECTION('',(0.,-1.,0.));
#2774=DIRECTION('',(0.987688340595138,0.,0.156434465040232));
#2775=DIRECTION('',(0.,-1.,0.));
#2776=DIRECTION('',(0.987688340595138,0.,0.156434465040232));
#2777=DIRECTION('',(0.,-1.,0.));
#2778=DIRECTION('',(0.891006524188368,0.,0.453990499739548));
#2779=DIRECTION('',(0.,-1.,0.));
#2780=DIRECTION('',(0.891006524188368,0.,0.453990499739548));
#2781=DIRECTION('',(0.,-1.,0.));
#2782=DIRECTION('',(0.891006524188368,0.,0.453990499739548));
#2783=DIRECTION('',(0.,-1.,0.));
#2784=DIRECTION('',(0.707106781186547,0.,0.707106781186548));
#2785=DIRECTION('',(0.,-1.,0.));
#2786=DIRECTION('',(0.707106781186547,0.,0.707106781186548));
#2787=DIRECTION('',(0.,-1.,0.));
#2788=DIRECTION('',(0.707106781186547,0.,0.707106781186548));
#2789=DIRECTION('',(0.,-1.,0.));
#2790=DIRECTION('',(0.453990499739546,0.,0.891006524188368));
#2791=DIRECTION('',(0.,-1.,0.));
#2792=DIRECTION('',(0.453990499739546,0.,0.891006524188368));
#2793=DIRECTION('',(0.,-1.,0.));
#2794=DIRECTION('',(0.453990499739546,0.,0.891006524188368));
#2795=DIRECTION('',(0.,-1.,0.));
#2796=DIRECTION('',(0.15643446504023,0.,0.987688340595138));
#2797=DIRECTION('',(0.,-1.,0.));
#2798=DIRECTION('',(0.15643446504023,0.,0.987688340595138));
#2799=DIRECTION('',(0.,-1.,0.));
#2800=DIRECTION('',(0.15643446504023,0.,0.987688340595138));
#2801=DIRECTION('',(0.,-1.,0.));
#2802=DIRECTION('',(-0.156434465040232,0.,0.987688340595138));
#2803=DIRECTION('',(0.,-1.,0.));
#2804=DIRECTION('',(-0.156434465040232,0.,0.987688340595138));
#2805=DIRECTION('',(0.,-1.,0.));
#2806=DIRECTION('',(-0.156434465040232,0.,0.987688340595138));
#2807=DIRECTION('',(0.,-1.,0.));
#2808=DIRECTION('',(-0.453990499739547,0.,0.891006524188368));
#2809=DIRECTION('',(0.,-1.,0.));
#2810=DIRECTION('',(-0.453990499739547,0.,0.891006524188368));
#2811=DIRECTION('',(0.,-1.,0.));
#2812=DIRECTION('',(-0.453990499739547,0.,0.891006524188368));
#2813=DIRECTION('',(0.,-1.,0.));
#2814=DIRECTION('',(-0.707106781186548,0.,0.707106781186547));
#2815=DIRECTION('',(0.,-1.,0.));
#2816=DIRECTION('',(-0.707106781186548,0.,0.707106781186547));
#2817=DIRECTION('',(0.,-1.,0.));
#2818=DIRECTION('',(-0.707106781186548,0.,0.707106781186547));
#2819=DIRECTION('',(0.,-1.,0.));
#2820=DIRECTION('',(-0.891006524188368,0.,0.453990499739546));
#2821=DIRECTION('',(0.,-1.,0.));
#2822=DIRECTION('',(-0.891006524188368,0.,0.453990499739546));
#2823=DIRECTION('',(0.,-1.,0.));
#2824=DIRECTION('',(-0.891006524188368,0.,0.453990499739546));
#2825=DIRECTION('',(0.,-1.,0.));
#2826=DIRECTION('',(-0.987688340595138,0.,0.15643446504023));
#2827=DIRECTION('',(0.,-1.,0.));
#2828=DIRECTION('',(-0.987688340595138,0.,0.15643446504023));
#2829=DIRECTION('',(0.,-1.,0.));
#2830=DIRECTION('',(-0.987688340595138,0.,0.15643446504023));
#2831=DIRECTION('',(0.,-1.,0.));
#2832=DIRECTION('',(-0.987688340595138,0.,-0.156434465040232));
#2833=DIRECTION('',(0.,-1.,0.));
#2834=DIRECTION('',(-0.987688340595138,0.,-0.156434465040232));
#2835=DIRECTION('',(0.,-1.,0.));
#2836=DIRECTION('',(-0.987688340595138,0.,-0.156434465040232));
#2837=DIRECTION('',(0.,-1.,0.));
#2838=DIRECTION('',(-0.891006524188368,0.,-0.453990499739547));
#2839=DIRECTION('',(0.,-1.,0.));
#2840=DIRECTION('',(-0.891006524188368,0.,-0.453990499739547));
#2841=DIRECTION('',(0.,-1.,0.));
#2842=DIRECTION('',(-0.891006524188368,0.,-0.453990499739547));
#2843=DIRECTION('',(0.,1.,0.));
#2844=DIRECTION('',(-0.156434465040232,0.,0.987688340595138));
#2845=DIRECTION('',(0.,1.,0.));
#2846=DIRECTION('',(0.,-1.,0.));
#2847=DIRECTION('',(0.156434465040232,0.,-0.987688340595138));
#2848=DIRECTION('',(0.,1.,0.));
#2849=DIRECTION('',(0.,1.,0.));
#2850=DIRECTION('',(0.,1.,0.));
#2851=DIRECTION('',(0.,1.,0.));
#2852=DIRECTION('',(-0.156434465040232,0.,0.987688340595138));
#2853=DIRECTION('',(0.,1.,0.));
#2854=DIRECTION('',(0.,-1.,0.));
#2855=DIRECTION('',(0.156434465040232,0.,-0.987688340595138));
#2856=DIRECTION('',(0.,1.,0.));
#2857=DIRECTION('',(0.,1.,0.));
#2858=DIRECTION('',(-0.156434465040232,0.,0.987688340595138));
#2859=DIRECTION('',(0.,-1.,0.));
#2860=DIRECTION('',(0.156434465040232,0.,-0.987688340595138));
#2861=DIRECTION('',(0.,1.,0.));
#2862=DIRECTION('',(-0.156434465040232,0.,0.987688340595138));
#2863=DIRECTION('',(0.,-1.,0.));
#2864=DIRECTION('',(0.156434465040232,0.,-0.987688340595138));
#2865=DIRECTION('',(0.,1.,0.));
#2866=DIRECTION('',(0.,1.,0.));
#2867=DIRECTION('',(0.,1.,0.));
#2868=DIRECTION('',(0.15643446504023,0.,0.987688340595138));
#2869=DIRECTION('',(0.,1.,0.));
#2870=DIRECTION('',(0.,-1.,0.));
#2871=DIRECTION('',(-0.15643446504023,0.,-0.987688340595138));
#2872=DIRECTION('',(0.,1.,0.));
#2873=DIRECTION('',(0.,1.,0.));
#2874=DIRECTION('',(0.15643446504023,0.,0.987688340595138));
#2875=DIRECTION('',(0.,-1.,0.));
#2876=DIRECTION('',(-0.15643446504023,0.,-0.987688340595138));
#2877=DIRECTION('',(0.,1.,0.));
#2878=DIRECTION('',(0.15643446504023,0.,0.987688340595138));
#2879=DIRECTION('',(0.,-1.,0.));
#2880=DIRECTION('',(-0.15643446504023,0.,-0.987688340595138));
#2881=DIRECTION('',(0.,1.,0.));
#2882=DIRECTION('',(0.,1.,0.));
#2883=DIRECTION('',(0.,1.,0.));
#2884=DIRECTION('',(0.453990499739546,0.,0.891006524188368));
#2885=DIRECTION('',(0.,1.,0.));
#2886=DIRECTION('',(0.,-1.,0.));
#2887=DIRECTION('',(-0.453990499739546,0.,-0.891006524188368));
#2888=DIRECTION('',(0.,1.,0.));
#2889=DIRECTION('',(0.,1.,0.));
#2890=DIRECTION('',(0.453990499739546,0.,0.891006524188368));
#2891=DIRECTION('',(0.,-1.,0.));
#2892=DIRECTION('',(-0.453990499739546,0.,-0.891006524188368));
#2893=DIRECTION('',(0.,1.,0.));
#2894=DIRECTION('',(0.453990499739546,0.,0.891006524188368));
#2895=DIRECTION('',(0.,-1.,0.));
#2896=DIRECTION('',(-0.453990499739546,0.,-0.891006524188368));
#2897=DIRECTION('',(0.,1.,0.));
#2898=DIRECTION('',(0.,1.,0.));
#2899=DIRECTION('',(0.,1.,0.));
#2900=DIRECTION('',(-0.987688340595138,0.,0.15643446504023));
#2901=DIRECTION('',(0.,1.,0.));
#2902=DIRECTION('',(0.,-1.,0.));
#2903=DIRECTION('',(0.987688340595138,0.,-0.15643446504023));
#2904=DIRECTION('',(0.,1.,0.));
#2905=DIRECTION('',(0.,1.,0.));
#2906=DIRECTION('',(-0.987688340595138,0.,0.15643446504023));
#2907=DIRECTION('',(0.,-1.,0.));
#2908=DIRECTION('',(0.987688340595138,0.,-0.15643446504023));
#2909=DIRECTION('',(0.,1.,0.));
#2910=DIRECTION('',(-0.987688340595138,0.,0.15643446504023));
#2911=DIRECTION('',(0.,-1.,0.));
#2912=DIRECTION('',(0.987688340595138,0.,-0.15643446504023));
#2913=DIRECTION('',(0.,1.,0.));
#2914=DIRECTION('',(0.,1.,0.));
#2915=DIRECTION('',(0.,1.,0.));
#2916=DIRECTION('',(-0.891006524188368,0.,0.453990499739546));
#2917=DIRECTION('',(0.,1.,0.));
#2918=DIRECTION('',(0.,-1.,0.));
#2919=DIRECTION('',(0.891006524188368,0.,-0.453990499739546));
#2920=DIRECTION('',(0.,1.,0.));
#2921=DIRECTION('',(0.,1.,0.));
#2922=DIRECTION('',(-0.891006524188368,0.,0.453990499739546));
#2923=DIRECTION('',(0.,-1.,0.));
#2924=DIRECTION('',(0.891006524188368,0.,-0.453990499739546));
#2925=DIRECTION('',(0.,1.,0.));
#2926=DIRECTION('',(-0.891006524188368,0.,0.453990499739546));
#2927=DIRECTION('',(0.,-1.,0.));
#2928=DIRECTION('',(0.891006524188368,0.,-0.453990499739546));
#2929=DIRECTION('',(0.,1.,0.));
#2930=DIRECTION('',(0.,1.,0.));
#2931=DIRECTION('',(0.,1.,0.));
#2932=DIRECTION('',(-0.707106781186548,0.,0.707106781186547));
#2933=DIRECTION('',(0.,1.,0.));
#2934=DIRECTION('',(0.,-1.,0.));
#2935=DIRECTION('',(0.707106781186548,0.,-0.707106781186547));
#2936=DIRECTION('',(0.,1.,0.));
#2937=DIRECTION('',(0.,1.,0.));
#2938=DIRECTION('',(-0.707106781186548,0.,0.707106781186547));
#2939=DIRECTION('',(0.,-1.,0.));
#2940=DIRECTION('',(0.707106781186548,0.,-0.707106781186547));
#2941=DIRECTION('',(0.,1.,0.));
#2942=DIRECTION('',(-0.707106781186548,0.,0.707106781186547));
#2943=DIRECTION('',(0.,-1.,0.));
#2944=DIRECTION('',(0.707106781186548,0.,-0.707106781186547));
#2945=DIRECTION('',(0.,1.,0.));
#2946=DIRECTION('',(0.,1.,0.));
#2947=DIRECTION('',(0.,1.,0.));
#2948=DIRECTION('',(-0.453990499739548,0.,0.891006524188367));
#2949=DIRECTION('',(0.,1.,0.));
#2950=DIRECTION('',(0.,-1.,0.));
#2951=DIRECTION('',(0.453990499739548,0.,-0.891006524188367));
#2952=DIRECTION('',(0.,1.,0.));
#2953=DIRECTION('',(0.,1.,0.));
#2954=DIRECTION('',(-0.453990499739548,0.,0.891006524188367));
#2955=DIRECTION('',(0.,-1.,0.));
#2956=DIRECTION('',(0.453990499739548,0.,-0.891006524188367));
#2957=DIRECTION('',(0.,1.,0.));
#2958=DIRECTION('',(-0.453990499739548,0.,0.891006524188367));
#2959=DIRECTION('',(0.,-1.,0.));
#2960=DIRECTION('',(0.453990499739548,0.,-0.891006524188367));
#2961=DIRECTION('',(0.,1.,0.));
#2962=DIRECTION('',(0.,1.,0.));
#2963=DIRECTION('',(0.,1.,0.));
#2964=DIRECTION('',(-0.987688340595138,0.,-0.156434465040232));
#2965=DIRECTION('',(0.,1.,0.));
#2966=DIRECTION('',(0.,-1.,0.));
#2967=DIRECTION('',(0.987688340595138,0.,0.156434465040232));
#2968=DIRECTION('',(0.,1.,0.));
#2969=DIRECTION('',(0.,1.,0.));
#2970=DIRECTION('',(-0.987688340595138,0.,-0.156434465040232));
#2971=DIRECTION('',(0.,-1.,0.));
#2972=DIRECTION('',(0.987688340595138,0.,0.156434465040232));
#2973=DIRECTION('',(0.,1.,0.));
#2974=DIRECTION('',(-0.987688340595138,0.,-0.156434465040232));
#2975=DIRECTION('',(0.,-1.,0.));
#2976=DIRECTION('',(0.987688340595138,0.,0.156434465040232));
#2977=DIRECTION('',(0.,1.,0.));
#2978=DIRECTION('',(0.,1.,0.));
#2979=DIRECTION('',(0.,1.,0.));
#2980=DIRECTION('',(-0.891006524188368,0.,-0.453990499739548));
#2981=DIRECTION('',(0.,1.,0.));
#2982=DIRECTION('',(0.,-1.,0.));
#2983=DIRECTION('',(0.891006524188368,0.,0.453990499739548));
#2984=DIRECTION('',(0.,1.,0.));
#2985=DIRECTION('',(0.,1.,0.));
#2986=DIRECTION('',(-0.891006524188368,0.,-0.453990499739548));
#2987=DIRECTION('',(0.,-1.,0.));
#2988=DIRECTION('',(0.891006524188368,0.,0.453990499739548));
#2989=DIRECTION('',(0.,1.,0.));
#2990=DIRECTION('',(-0.891006524188368,0.,-0.453990499739548));
#2991=DIRECTION('',(0.,-1.,0.));
#2992=DIRECTION('',(0.891006524188368,0.,0.453990499739548));
#2993=DIRECTION('',(0.,1.,0.));
#2994=DIRECTION('',(0.,1.,0.));
#2995=DIRECTION('',(0.,1.,0.));
#2996=DIRECTION('',(-0.453990499739546,0.,-0.891006524188368));
#2997=DIRECTION('',(0.,1.,0.));
#2998=DIRECTION('',(0.,-1.,0.));
#2999=DIRECTION('',(0.453990499739546,0.,0.891006524188368));
#3000=DIRECTION('',(0.,1.,0.));
#3001=DIRECTION('',(0.,1.,0.));
#3002=DIRECTION('',(-0.453990499739546,0.,-0.891006524188368));
#3003=DIRECTION('',(0.,-1.,0.));
#3004=DIRECTION('',(0.453990499739546,0.,0.891006524188368));
#3005=DIRECTION('',(0.,1.,0.));
#3006=DIRECTION('',(-0.453990499739546,0.,-0.891006524188368));
#3007=DIRECTION('',(0.,-1.,0.));
#3008=DIRECTION('',(0.453990499739546,0.,0.891006524188368));
#3009=DIRECTION('',(0.,1.,0.));
#3010=DIRECTION('',(0.,1.,0.));
#3011=DIRECTION('',(0.,1.,0.));
#3012=DIRECTION('',(-0.707106781186547,0.,-0.707106781186548));
#3013=DIRECTION('',(0.,1.,0.));
#3014=DIRECTION('',(0.,-1.,0.));
#3015=DIRECTION('',(0.707106781186547,0.,0.707106781186548));
#3016=DIRECTION('',(0.,1.,0.));
#3017=DIRECTION('',(0.,1.,0.));
#3018=DIRECTION('',(-0.707106781186547,0.,-0.707106781186548));
#3019=DIRECTION('',(0.,-1.,0.));
#3020=DIRECTION('',(0.707106781186547,0.,0.707106781186548));
#3021=DIRECTION('',(0.,1.,0.));
#3022=DIRECTION('',(-0.707106781186547,0.,-0.707106781186548));
#3023=DIRECTION('',(0.,-1.,0.));
#3024=DIRECTION('',(0.707106781186547,0.,0.707106781186548));
#3025=DIRECTION('',(0.,1.,0.));
#3026=DIRECTION('',(0.,1.,0.));
#3027=DIRECTION('',(0.,1.,0.));
#3028=DIRECTION('',(0.891006524188368,0.,0.453990499739547));
#3029=DIRECTION('',(0.,1.,0.));
#3030=DIRECTION('',(0.,-1.,0.));
#3031=DIRECTION('',(-0.891006524188368,0.,-0.453990499739547));
#3032=DIRECTION('',(0.,1.,0.));
#3033=DIRECTION('',(0.,1.,0.));
#3034=DIRECTION('',(0.891006524188368,0.,0.453990499739547));
#3035=DIRECTION('',(0.,-1.,0.));
#3036=DIRECTION('',(-0.891006524188368,0.,-0.453990499739547));
#3037=DIRECTION('',(0.,1.,0.));
#3038=DIRECTION('',(0.891006524188368,0.,0.453990499739547));
#3039=DIRECTION('',(0.,-1.,0.));
#3040=DIRECTION('',(-0.891006524188368,0.,-0.453990499739547));
#3041=DIRECTION('',(0.,1.,0.));
#3042=DIRECTION('',(0.,1.,0.));
#3043=DIRECTION('',(0.,1.,0.));
#3044=DIRECTION('',(0.987688340595138,0.,0.156434465040232));
#3045=DIRECTION('',(0.,1.,0.));
#3046=DIRECTION('',(0.,-1.,0.));
#3047=DIRECTION('',(-0.987688340595138,0.,-0.156434465040232));
#3048=DIRECTION('',(0.,1.,0.));
#3049=DIRECTION('',(0.,1.,0.));
#3050=DIRECTION('',(0.987688340595138,0.,0.156434465040232));
#3051=DIRECTION('',(0.,-1.,0.));
#3052=DIRECTION('',(-0.987688340595138,0.,-0.156434465040232));
#3053=DIRECTION('',(0.,1.,0.));
#3054=DIRECTION('',(0.987688340595138,0.,0.156434465040232));
#3055=DIRECTION('',(0.,-1.,0.));
#3056=DIRECTION('',(-0.987688340595138,0.,-0.156434465040232));
#3057=DIRECTION('',(0.,1.,0.));
#3058=DIRECTION('',(0.,1.,0.));
#3059=DIRECTION('',(0.,1.,0.));
#3060=DIRECTION('',(0.987688340595138,0.,-0.15643446504023));
#3061=DIRECTION('',(0.,1.,0.));
#3062=DIRECTION('',(0.,-1.,0.));
#3063=DIRECTION('',(-0.987688340595138,0.,0.15643446504023));
#3064=DIRECTION('',(0.,1.,0.));
#3065=DIRECTION('',(0.,1.,0.));
#3066=DIRECTION('',(0.987688340595138,0.,-0.15643446504023));
#3067=DIRECTION('',(0.,-1.,0.));
#3068=DIRECTION('',(-0.987688340595138,0.,0.15643446504023));
#3069=DIRECTION('',(0.,1.,0.));
#3070=DIRECTION('',(0.987688340595138,0.,-0.15643446504023));
#3071=DIRECTION('',(0.,-1.,0.));
#3072=DIRECTION('',(-0.987688340595138,0.,0.15643446504023));
#3073=DIRECTION('',(0.,1.,0.));
#3074=DIRECTION('',(0.,1.,0.));
#3075=DIRECTION('',(0.,1.,0.));
#3076=DIRECTION('',(0.891006524188368,0.,-0.453990499739546));
#3077=DIRECTION('',(0.,1.,0.));
#3078=DIRECTION('',(0.,-1.,0.));
#3079=DIRECTION('',(-0.891006524188368,0.,0.453990499739546));
#3080=DIRECTION('',(0.,1.,0.));
#3081=DIRECTION('',(0.,1.,0.));
#3082=DIRECTION('',(0.891006524188368,0.,-0.453990499739546));
#3083=DIRECTION('',(0.,-1.,0.));
#3084=DIRECTION('',(-0.891006524188368,0.,0.453990499739546));
#3085=DIRECTION('',(0.,1.,0.));
#3086=DIRECTION('',(0.891006524188368,0.,-0.453990499739546));
#3087=DIRECTION('',(0.,-1.,0.));
#3088=DIRECTION('',(-0.891006524188368,0.,0.453990499739546));
#3089=DIRECTION('',(0.,1.,0.));
#3090=DIRECTION('',(0.,1.,0.));
#3091=DIRECTION('',(0.,1.,0.));
#3092=DIRECTION('',(0.707106781186548,0.,-0.707106781186547));
#3093=DIRECTION('',(0.,1.,0.));
#3094=DIRECTION('',(0.,-1.,0.));
#3095=DIRECTION('',(-0.707106781186548,0.,0.707106781186547));
#3096=DIRECTION('',(0.,1.,0.));
#3097=DIRECTION('',(0.,1.,0.));
#3098=DIRECTION('',(0.707106781186548,0.,-0.707106781186547));
#3099=DIRECTION('',(0.,-1.,0.));
#3100=DIRECTION('',(-0.707106781186548,0.,0.707106781186547));
#3101=DIRECTION('',(0.,1.,0.));
#3102=DIRECTION('',(0.707106781186548,0.,-0.707106781186547));
#3103=DIRECTION('',(0.,-1.,0.));
#3104=DIRECTION('',(-0.707106781186548,0.,0.707106781186547));
#3105=DIRECTION('',(0.,1.,0.));
#3106=DIRECTION('',(0.,1.,0.));
#3107=DIRECTION('',(0.,1.,0.));
#3108=DIRECTION('',(0.453990499739547,0.,-0.891006524188368));
#3109=DIRECTION('',(0.,1.,0.));
#3110=DIRECTION('',(0.,-1.,0.));
#3111=DIRECTION('',(-0.453990499739547,0.,0.891006524188368));
#3112=DIRECTION('',(0.,1.,0.));
#3113=DIRECTION('',(0.,1.,0.));
#3114=DIRECTION('',(0.453990499739547,0.,-0.891006524188368));
#3115=DIRECTION('',(0.,-1.,0.));
#3116=DIRECTION('',(-0.453990499739547,0.,0.891006524188368));
#3117=DIRECTION('',(0.,1.,0.));
#3118=DIRECTION('',(0.453990499739547,0.,-0.891006524188368));
#3119=DIRECTION('',(0.,-1.,0.));
#3120=DIRECTION('',(-0.453990499739547,0.,0.891006524188368));
#3121=DIRECTION('',(0.,1.,0.));
#3122=DIRECTION('',(0.,1.,0.));
#3123=DIRECTION('',(0.,1.,0.));
#3124=DIRECTION('',(0.156434465040232,0.,-0.987688340595138));
#3125=DIRECTION('',(0.,1.,0.));
#3126=DIRECTION('',(0.,-1.,0.));
#3127=DIRECTION('',(-0.156434465040232,0.,0.987688340595138));
#3128=DIRECTION('',(0.,1.,0.));
#3129=DIRECTION('',(0.,1.,0.));
#3130=DIRECTION('',(0.156434465040232,0.,-0.987688340595138));
#3131=DIRECTION('',(0.,-1.,0.));
#3132=DIRECTION('',(-0.156434465040232,0.,0.987688340595138));
#3133=DIRECTION('',(0.,1.,0.));
#3134=DIRECTION('',(0.156434465040232,0.,-0.987688340595138));
#3135=DIRECTION('',(0.,-1.,0.));
#3136=DIRECTION('',(-0.156434465040232,0.,0.987688340595138));
#3137=DIRECTION('',(0.,1.,0.));
#3138=DIRECTION('',(0.,1.,0.));
#3139=DIRECTION('',(0.,1.,0.));
#3140=DIRECTION('',(-0.15643446504023,0.,-0.987688340595138));
#3141=DIRECTION('',(0.,1.,0.));
#3142=DIRECTION('',(0.,-1.,0.));
#3143=DIRECTION('',(0.15643446504023,0.,0.987688340595138));
#3144=DIRECTION('',(0.,1.,0.));
#3145=DIRECTION('',(0.,1.,0.));
#3146=DIRECTION('',(-0.15643446504023,0.,-0.987688340595138));
#3147=DIRECTION('',(0.,-1.,0.));
#3148=DIRECTION('',(0.15643446504023,0.,0.987688340595138));
#3149=DIRECTION('',(0.,1.,0.));
#3150=DIRECTION('',(-0.15643446504023,0.,-0.987688340595138));
#3151=DIRECTION('',(0.,-1.,0.));
#3152=DIRECTION('',(0.15643446504023,0.,0.987688340595138));
#3153=DIRECTION('',(-0.707106781186547,0.,-0.707106781186548));
#3154=DIRECTION('',(-0.707106781186548,0.,0.707106781186547));
#3155=DIRECTION('',(-0.707106781186548,0.,0.707106781186547));
#3156=DIRECTION('',(0.,-1.,0.));
#3157=DIRECTION('',(-0.707106781186547,0.,-0.707106781186548));
#3158=DIRECTION('',(-0.707106781186548,0.,0.707106781186547));
#3159=DIRECTION('',(0.,-1.,0.));
#3160=DIRECTION('',(-0.707106781186548,0.,0.707106781186547));
#3161=DIRECTION('',(0.,-1.,0.));
#3162=DIRECTION('',(0.,0.,-1.));
#3163=DIRECTION('',(0.,-1.,0.));
#3164=DIRECTION('',(0.,0.,-1.));
#3165=DIRECTION('',(0.,1.,0.));
#3166=DIRECTION('',(0.,0.,1.));
#3167=DIRECTION('',(0.,-1.,0.));
#3168=DIRECTION('',(0.,0.,-1.));
#3169=DIRECTION('',(0.,1.,0.));
#3170=DIRECTION('',(0.,0.,1.));
#3171=DIRECTION('',(0.,1.,0.));
#3172=DIRECTION('',(0.,0.,1.));
#3173=DIRECTION('',(0.,-1.,0.));
#3174=DIRECTION('',(0.987688340595138,0.,0.156434465040232));
#3175=CARTESIAN_POINT('',(0.,0.,0.));
#3176=CARTESIAN_POINT('',(-1.31709164735396E-19,-0.004,8.31578938344685E-19));
#3177=CARTESIAN_POINT('',(0.0113284285409528,-0.001,-0.00779289463502009));
#3178=CARTESIAN_POINT('',(0.0113284285409528,0.0009,-0.00779289463502009));
#3179=CARTESIAN_POINT('',(0.0113284285409528,-0.004,-0.00779289463502009));
#3180=CARTESIAN_POINT('',(-1.31709164735396E-19,0.0009,8.31578938344685E-19));
#3181=CARTESIAN_POINT('',(0.0113735906650983,0.0009,-0.00772683216996392));
#3182=CARTESIAN_POINT('',(0.0113735906650983,-0.004,-0.00772683216996392));
#3183=CARTESIAN_POINT('',(0.0113735906650983,-0.004,-0.00772683216996392));
#3184=CARTESIAN_POINT('',(-1.31709164735396E-19,-0.004,8.31578938344685E-19));
#3185=CARTESIAN_POINT('',(-1.31709164735396E-19,-0.004,8.31578938344685E-19));
#3186=CARTESIAN_POINT('',(-0.01293636739674,-0.004,0.00465971013868491));
#3187=CARTESIAN_POINT('',(-0.01293636739674,-0.004,0.00465971013868491));
#3188=CARTESIAN_POINT('',(-0.01293636739674,0.0009,0.00465971013868491));
#3189=CARTESIAN_POINT('',(-1.31709164735396E-19,0.0009,8.31578938344685E-19));
#3190=CARTESIAN_POINT('',(-0.0132046499689173,0.0009,0.00383402128298358));
#3191=CARTESIAN_POINT('',(-0.0132046499689173,-0.004,0.00383402128298358));
#3192=CARTESIAN_POINT('',(-0.0132046499689173,-0.004,0.00383402128298358));
#3193=CARTESIAN_POINT('',(-1.31709164735396E-19,-0.004,8.31578938344685E-19));
#3194=CARTESIAN_POINT('',(-1.31709164735396E-19,-0.004,8.31578938344685E-19));
#3195=CARTESIAN_POINT('',(-0.0137431461315726,-0.004,0.000434090320372221));
#3196=CARTESIAN_POINT('',(-0.0137431461315726,-0.004,0.000434090320372221));
#3197=CARTESIAN_POINT('',(-0.0137431461315726,0.0009,0.000434090320372221));
#3198=CARTESIAN_POINT('',(-1.31709164735396E-19,0.0009,8.31578938344685E-19));
#3199=CARTESIAN_POINT('',(-0.0137431461315726,0.0009,-0.000434090320372242));
#3200=CARTESIAN_POINT('',(-0.0137431461315726,-0.004,-0.000434090320372242));
#3201=CARTESIAN_POINT('',(-0.0137431461315726,-0.004,-0.000434090320372242));
#3202=CARTESIAN_POINT('',(-1.31709164735396E-19,-0.004,8.31578938344685E-19));
#3203=CARTESIAN_POINT('',(-1.31709164735396E-19,-0.004,8.31578938344685E-19));
#3204=CARTESIAN_POINT('',(-0.0132046499689173,-0.004,-0.0038340212829836));
#3205=CARTESIAN_POINT('',(-0.0132046499689173,-0.004,-0.0038340212829836));
#3206=CARTESIAN_POINT('',(-0.0132046499689173,0.0009,-0.0038340212829836));
#3207=CARTESIAN_POINT('',(-1.31709164735396E-19,0.0009,8.31578938344685E-19));
#3208=CARTESIAN_POINT('',(-0.01293636739674,0.0009,-0.00465971013868492));
#3209=CARTESIAN_POINT('',(-0.01293636739674,-0.004,-0.00465971013868492));
#3210=CARTESIAN_POINT('',(-0.01293636739674,-0.004,-0.00465971013868492));
#3211=CARTESIAN_POINT('',(-1.31709164735396E-19,-0.004,8.31578938344685E-19));
#3212=CARTESIAN_POINT('',(-1.31709164735396E-19,-0.004,8.31578938344685E-19));
#3213=CARTESIAN_POINT('',(-0.0113735906650983,-0.004,-0.00772683216996394));
#3214=CARTESIAN_POINT('',(-0.0113735906650983,-0.004,-0.00772683216996394));
#3215=CARTESIAN_POINT('',(-0.0113735906650983,0.0009,-0.00772683216996394));
#3216=CARTESIAN_POINT('',(-1.31709164735396E-19,0.0009,8.31578938344685E-19));
#3217=CARTESIAN_POINT('',(-0.0108632868881428,0.0009,-0.00842920506251354));
#3218=CARTESIAN_POINT('',(-0.0108632868881428,-0.004,-0.00842920506251354));
#3219=CARTESIAN_POINT('',(-0.0108632868881428,-0.004,-0.00842920506251354));
#3220=CARTESIAN_POINT('',(-1.31709164735396E-19,-0.004,8.31578938344685E-19));
#3221=CARTESIAN_POINT('',(-1.31709164735396E-19,-0.004,8.31578938344685E-19));
#3222=CARTESIAN_POINT('',(-0.00842920506251352,-0.004,-0.0108632868881428));
#3223=CARTESIAN_POINT('',(-0.00842920506251352,-0.004,-0.0108632868881428));
#3224=CARTESIAN_POINT('',(-0.00842920506251352,0.0009,-0.0108632868881428));
#3225=CARTESIAN_POINT('',(-1.31709164735396E-19,0.0009,8.31578938344685E-19));
#3226=CARTESIAN_POINT('',(-0.00772683216996392,0.0009,-0.0113735906650983));
#3227=CARTESIAN_POINT('',(-0.00772683216996392,-0.004,-0.0113735906650983));
#3228=CARTESIAN_POINT('',(-0.00772683216996392,-0.004,-0.0113735906650983));
#3229=CARTESIAN_POINT('',(-1.31709164735396E-19,-0.004,8.31578938344685E-19));
#3230=CARTESIAN_POINT('',(-1.31709164735396E-19,-0.004,8.31578938344685E-19));
#3231=CARTESIAN_POINT('',(-0.00465971013868491,-0.004,-0.01293636739674));
#3232=CARTESIAN_POINT('',(-0.00465971013868491,-0.004,-0.01293636739674));
#3233=CARTESIAN_POINT('',(-0.00465971013868491,0.0009,-0.01293636739674));
#3234=CARTESIAN_POINT('',(-1.31709164735396E-19,0.0009,8.31578938344685E-19));
#3235=CARTESIAN_POINT('',(-0.00383402128298358,0.0009,-0.0132046499689173));
#3236=CARTESIAN_POINT('',(-0.00383402128298358,-0.004,-0.0132046499689173));
#3237=CARTESIAN_POINT('',(-0.00383402128298358,-0.004,-0.0132046499689173));
#3238=CARTESIAN_POINT('',(-1.31709164735396E-19,-0.004,8.31578938344685E-19));
#3239=CARTESIAN_POINT('',(-1.31709164735396E-19,-0.004,8.31578938344685E-19));
#3240=CARTESIAN_POINT('',(-0.000434090320372222,-0.004,-0.0137431461315726));
#3241=CARTESIAN_POINT('',(-0.000434090320372222,-0.004,-0.0137431461315726));
#3242=CARTESIAN_POINT('',(-0.000434090320372222,0.0009,-0.0137431461315726));
#3243=CARTESIAN_POINT('',(-1.31709164735396E-19,0.0009,8.31578938344685E-19));
#3244=CARTESIAN_POINT('',(0.000434090320372241,0.0009,-0.0137431461315726));
#3245=CARTESIAN_POINT('',(0.000434090320372241,-0.004,-0.0137431461315726));
#3246=CARTESIAN_POINT('',(0.000434090320372241,-0.004,-0.0137431461315726));
#3247=CARTESIAN_POINT('',(-1.31709164735396E-19,-0.004,8.31578938344685E-19));
#3248=CARTESIAN_POINT('',(-1.31709164735396E-19,-0.004,8.31578938344685E-19));
#3249=CARTESIAN_POINT('',(0.0038340212829836,-0.004,-0.0132046499689173));
#3250=CARTESIAN_POINT('',(0.0038340212829836,-0.004,-0.0132046499689173));
#3251=CARTESIAN_POINT('',(0.0038340212829836,0.0009,-0.0132046499689173));
#3252=CARTESIAN_POINT('',(-1.31709164735396E-19,0.0009,8.31578938344685E-19));
#3253=CARTESIAN_POINT('',(0.00465971013868492,0.0009,-0.01293636739674));
#3254=CARTESIAN_POINT('',(0.00465971013868492,-0.004,-0.01293636739674));
#3255=CARTESIAN_POINT('',(0.00465971013868492,-0.004,-0.01293636739674));
#3256=CARTESIAN_POINT('',(-1.31709164735396E-19,-0.004,8.31578938344685E-19));
#3257=CARTESIAN_POINT('',(-1.31709164735396E-19,-0.004,8.31578938344685E-19));
#3258=CARTESIAN_POINT('',(-0.00772683216996394,-0.004,0.0113735906650983));
#3259=CARTESIAN_POINT('',(-0.00772683216996394,-0.004,0.0113735906650983));
#3260=CARTESIAN_POINT('',(-0.00772683216996394,0.0009,0.0113735906650983));
#3261=CARTESIAN_POINT('',(-1.31709164735396E-19,0.0009,8.31578938344685E-19));
#3262=CARTESIAN_POINT('',(-0.00842920506251354,0.0009,0.0108632868881428));
#3263=CARTESIAN_POINT('',(-0.00842920506251354,-0.004,0.0108632868881428));
#3264=CARTESIAN_POINT('',(-0.00842920506251354,-0.004,0.0108632868881428));
#3265=CARTESIAN_POINT('',(-1.31709164735396E-19,-0.004,8.31578938344685E-19));
#3266=CARTESIAN_POINT('',(-1.31709164735396E-19,-0.004,8.31578938344685E-19));
#3267=CARTESIAN_POINT('',(-0.0108632868881428,-0.004,0.00842920506251352));
#3268=CARTESIAN_POINT('',(-0.0108632868881428,-0.004,0.00842920506251352));
#3269=CARTESIAN_POINT('',(-0.0108632868881428,0.0009,0.00842920506251352));
#3270=CARTESIAN_POINT('',(-1.31709164735396E-19,0.0009,8.31578938344685E-19));
#3271=CARTESIAN_POINT('',(-0.0113735906650983,0.0009,0.00772683216996392));
#3272=CARTESIAN_POINT('',(-0.0113735906650983,-0.004,0.00772683216996392));
#3273=CARTESIAN_POINT('',(-0.0113735906650983,-0.004,0.00772683216996392));
#3274=CARTESIAN_POINT('',(-1.31709164735396E-19,-0.004,8.31578938344685E-19));
#3275=CARTESIAN_POINT('',(-1.31709164735396E-19,-0.004,8.31578938344685E-19));
#3276=CARTESIAN_POINT('',(-0.0038340212829836,-0.004,0.0132046499689173));
#3277=CARTESIAN_POINT('',(-0.0038340212829836,-0.004,0.0132046499689173));
#3278=CARTESIAN_POINT('',(-0.0038340212829836,0.0009,0.0132046499689173));
#3279=CARTESIAN_POINT('',(-1.31709164735396E-19,0.0009,8.31578938344685E-19));
#3280=CARTESIAN_POINT('',(-0.00465971013868492,0.0009,0.01293636739674));
#3281=CARTESIAN_POINT('',(-0.00465971013868492,-0.004,0.01293636739674));
#3282=CARTESIAN_POINT('',(-0.00465971013868492,-0.004,0.01293636739674));
#3283=CARTESIAN_POINT('',(-1.31709164735396E-19,-0.004,8.31578938344685E-19));
#3284=CARTESIAN_POINT('',(-1.31709164735396E-19,-0.004,8.31578938344685E-19));
#3285=CARTESIAN_POINT('',(0.00043409032037222,-0.004,0.0137431461315726));
#3286=CARTESIAN_POINT('',(0.00043409032037222,-0.004,0.0137431461315726));
#3287=CARTESIAN_POINT('',(0.00043409032037222,0.0009,0.0137431461315726));
#3288=CARTESIAN_POINT('',(-1.31709164735396E-19,0.0009,8.31578938344685E-19));
#3289=CARTESIAN_POINT('',(-0.000434090320372243,0.0009,0.0137431461315726));
#3290=CARTESIAN_POINT('',(-0.000434090320372243,-0.004,0.0137431461315726));
#3291=CARTESIAN_POINT('',(-0.000434090320372243,-0.004,0.0137431461315726));
#3292=CARTESIAN_POINT('',(-1.31709164735396E-19,-0.004,8.31578938344685E-19));
#3293=CARTESIAN_POINT('',(-1.31709164735396E-19,-0.004,8.31578938344685E-19));
#3294=CARTESIAN_POINT('',(0.0132046499689173,-0.004,0.0038340212829836));
#3295=CARTESIAN_POINT('',(0.0132046499689173,-0.004,0.0038340212829836));
#3296=CARTESIAN_POINT('',(0.0132046499689173,0.0009,0.0038340212829836));
#3297=CARTESIAN_POINT('',(-1.31709164735396E-19,0.0009,8.31578938344685E-19));
#3298=CARTESIAN_POINT('',(0.01293636739674,0.0009,0.00465971013868492));
#3299=CARTESIAN_POINT('',(0.01293636739674,-0.004,0.00465971013868492));
#3300=CARTESIAN_POINT('',(0.01293636739674,-0.004,0.00465971013868492));
#3301=CARTESIAN_POINT('',(-1.31709164735396E-19,-0.004,8.31578938344685E-19));
#3302=CARTESIAN_POINT('',(-1.31709164735396E-19,-0.004,8.31578938344685E-19));
#3303=CARTESIAN_POINT('',(0.0113735906650983,-0.004,0.00772683216996394));
#3304=CARTESIAN_POINT('',(0.0113735906650983,-0.004,0.00772683216996394));
#3305=CARTESIAN_POINT('',(0.0113735906650983,0.0009,0.00772683216996394));
#3306=CARTESIAN_POINT('',(-1.31709164735396E-19,0.0009,8.31578938344685E-19));
#3307=CARTESIAN_POINT('',(0.0108632868881428,0.0009,0.00842920506251354));
#3308=CARTESIAN_POINT('',(0.0108632868881428,-0.004,0.00842920506251354));
#3309=CARTESIAN_POINT('',(0.0108632868881428,-0.004,0.00842920506251354));
#3310=CARTESIAN_POINT('',(-1.31709164735396E-19,-0.004,8.31578938344685E-19));
#3311=CARTESIAN_POINT('',(-1.31709164735396E-19,-0.004,8.31578938344685E-19));
#3312=CARTESIAN_POINT('',(0.00842920506251352,-0.004,0.0108632868881428));
#3313=CARTESIAN_POINT('',(0.00842920506251352,-0.004,0.0108632868881428));
#3314=CARTESIAN_POINT('',(0.00842920506251352,0.0009,0.0108632868881428));
#3315=CARTESIAN_POINT('',(-1.31709164735396E-19,0.0009,8.31578938344685E-19));
#3316=CARTESIAN_POINT('',(0.00772683216996392,0.0009,0.0113735906650983));
#3317=CARTESIAN_POINT('',(0.00772683216996392,-0.004,0.0113735906650983));
#3318=CARTESIAN_POINT('',(0.00772683216996392,-0.004,0.0113735906650983));
#3319=CARTESIAN_POINT('',(-1.31709164735396E-19,-0.004,8.31578938344685E-19));
#3320=CARTESIAN_POINT('',(-1.31709164735396E-19,-0.004,8.31578938344685E-19));
#3321=CARTESIAN_POINT('',(0.0046597101386849,-0.004,0.01293636739674));
#3322=CARTESIAN_POINT('',(0.0046597101386849,-0.004,0.01293636739674));
#3323=CARTESIAN_POINT('',(0.0046597101386849,0.0009,0.01293636739674));
#3324=CARTESIAN_POINT('',(-1.31709164735396E-19,0.0009,8.31578938344685E-19));
#3325=CARTESIAN_POINT('',(0.00383402128298358,0.0009,0.0132046499689173));
#3326=CARTESIAN_POINT('',(0.00383402128298358,-0.004,0.0132046499689173));
#3327=CARTESIAN_POINT('',(0.00383402128298358,-0.004,0.0132046499689173));
#3328=CARTESIAN_POINT('',(-1.31709164735396E-19,-0.004,8.31578938344685E-19));
#3329=CARTESIAN_POINT('',(-1.31709164735396E-19,-0.004,8.31578938344685E-19));
#3330=CARTESIAN_POINT('',(0.00772683216996394,-0.004,-0.0113735906650983));
#3331=CARTESIAN_POINT('',(0.00772683216996394,-0.004,-0.0113735906650983));
#3332=CARTESIAN_POINT('',(0.00772683216996394,0.0009,-0.0113735906650983));
#3333=CARTESIAN_POINT('',(-1.31709164735396E-19,0.0009,8.31578938344685E-19));
#3334=CARTESIAN_POINT('',(0.00779289463502011,0.0009,-0.0113284285409528));
#3335=CARTESIAN_POINT('',(0.00779289463502011,-0.001,-0.0113284285409528));
#3336=CARTESIAN_POINT('',(0.00779289463502011,-0.004,-0.0113284285409528));
#3337=CARTESIAN_POINT('',(-1.31709164735396E-19,-0.004,8.31578938344685E-19));
#3338=CARTESIAN_POINT('',(-1.31709164735396E-19,-0.004,8.31578938344685E-19));
#3339=CARTESIAN_POINT('',(0.01293636739674,-0.004,-0.00465971013868491));
#3340=CARTESIAN_POINT('',(0.01293636739674,-0.004,-0.00465971013868491));
#3341=CARTESIAN_POINT('',(0.01293636739674,0.0009,-0.00465971013868491));
#3342=CARTESIAN_POINT('',(-1.31709164735396E-19,0.0009,8.31578938344685E-19));
#3343=CARTESIAN_POINT('',(0.0132046499689173,0.0009,-0.00383402128298358));
#3344=CARTESIAN_POINT('',(0.0132046499689173,-0.004,-0.00383402128298358));
#3345=CARTESIAN_POINT('',(0.0132046499689173,-0.004,-0.00383402128298358));
#3346=CARTESIAN_POINT('',(-1.31709164735396E-19,-0.004,8.31578938344685E-19));
#3347=CARTESIAN_POINT('',(0.,-0.004,0.));
#3348=CARTESIAN_POINT('',(0.,-0.004,1.07156594925393E-19));
#3349=CARTESIAN_POINT('',(0.,-0.004,-0.00175));
#3350=CARTESIAN_POINT('',(0.0353553390593274,-0.004,-0.0353553390593273));
#3351=CARTESIAN_POINT('',(0.0353553390593274,-0.004,-0.0371053390593273));
#3352=CARTESIAN_POINT('',(0.0159099025766973,-0.004,-0.0194454364826301));
#3353=CARTESIAN_POINT('',(0.0332340187157677,-0.004,-0.0367695526217004));
#3354=CARTESIAN_POINT('',(0.0350017856687342,-0.004,-0.0350017856687341));
#3355=CARTESIAN_POINT('',(0.0367695526217005,-0.004,-0.0332340187157677));
#3356=CARTESIAN_POINT('',(0.0194454364826301,-0.004,-0.0159099025766973));
#3357=CARTESIAN_POINT('',(0.0094098888400181,-0.004,-0.00557520387685534));
#3358=CARTESIAN_POINT('',(0.00974061290523556,-0.004,-0.00577083253383182));
#3359=CARTESIAN_POINT('',(0.0101021669769407,-0.004,-0.00598469764045946));
#3360=CARTESIAN_POINT('',(0.0101128739615023,-0.004,-0.00599197464689037));
#3361=CARTESIAN_POINT('',(0.0101240843465135,-0.004,-0.0059993137391424));
#3362=CARTESIAN_POINT('',(0.0101371082668691,-0.004,-0.0060083614714738));
#3363=CARTESIAN_POINT('',(0.01015441626142,-0.004,-0.00602082663226877));
#3364=CARTESIAN_POINT('',(0.0101750173032842,-0.004,-0.00603632927386418));
#3365=CARTESIAN_POINT('',(0.0101990678621875,-0.004,-0.00605518087405456));
#3366=CARTESIAN_POINT('',(0.0102263562473364,-0.004,-0.00607746983202235));
#3367=CARTESIAN_POINT('',(0.0102567784398956,-0.004,-0.00610334833288171));
#3368=CARTESIAN_POINT('',(0.0102901927476035,-0.004,-0.00613294449341671));
#3369=CARTESIAN_POINT('',(0.0103264634131822,-0.004,-0.00616638849545723));
#3370=CARTESIAN_POINT('',(0.0103654478546889,-0.004,-0.0062038047169262));
#3371=CARTESIAN_POINT('',(0.0104070005182355,-0.004,-0.00624531388549792));
#3372=CARTESIAN_POINT('',(0.0104509718994202,-0.004,-0.00629103231904951));
#3373=CARTESIAN_POINT('',(0.0104972089662234,-0.004,-0.0063410720128281));
#3374=CARTESIAN_POINT('',(0.0105455551842668,-0.004,-0.00639554048809789));
#3375=CARTESIAN_POINT('',(0.010595850659289,-0.004,-0.0064545407129572));
#3376=CARTESIAN_POINT('',(0.0106479322497808,-0.004,-0.00651817100661618));
#3377=CARTESIAN_POINT('',(0.0107016336911224,-0.004,-0.00658652495250693));
#3378=CARTESIAN_POINT('',(0.0107567857198476,-0.004,-0.00665969131214547));
#3379=CARTESIAN_POINT('',(0.0108132161992346,-0.004,-0.00673775394566148));
#3380=CARTESIAN_POINT('',(0.0108707502529741,-0.004,-0.00682079172340663));
#3381=CARTESIAN_POINT('',(0.0109292103770065,-0.004,-0.0069088784871377));
#3382=CARTESIAN_POINT('',(0.0109884166455732,-0.004,-0.00700208283557337));
#3383=CARTESIAN_POINT('',(0.0110481865632158,-0.004,-0.00710046860299286));
#3384=CARTESIAN_POINT('',(0.0111083362889975,-0.004,-0.00720409268525207));
#3385=CARTESIAN_POINT('',(0.0111686765918609,-0.004,-0.00731301308341798));
#3386=CARTESIAN_POINT('',(0.0112290290537478,-0.004,-0.00742725771410502));
#3387=CARTESIAN_POINT('',(0.0112891645843184,-0.004,-0.00754694378503785));
#3388=CARTESIAN_POINT('',(0.0113373440939096,-0.004,-0.00764742741761776));
#3389=CARTESIAN_POINT('',(0.0113652291827836,-0.004,-0.007708398949498));
#3390=CARTESIAN_POINT('',(0.0113735906650983,-0.004,-0.00772683216996392));
#3391=CARTESIAN_POINT('',(0.0098268086883993,-0.004,-0.00582188212010894));
#3392=CARTESIAN_POINT('',(0.0100789862197247,-0.004,-0.00539593388254298));
#3393=CARTESIAN_POINT('',(0.00964258979230418,-0.004,-0.00516230262066757));
#3394=CARTESIAN_POINT('',(3.42110734230351E-17,-0.004,-1.88307653904016E-17));
#3395=CARTESIAN_POINT('',(0.00984416262404874,-0.004,-0.00476669366346128));
#3396=CARTESIAN_POINT('',(0.0102896816695141,-0.004,-0.00498242077932415));
#3397=CARTESIAN_POINT('',(0.0104860547985564,-0.004,-0.00452803877860113));
#3398=CARTESIAN_POINT('',(0.0100414285693552,-0.004,-0.0043357373694144));
#3399=CARTESIAN_POINT('',(0.010394090205549,-0.004,-0.00448831111912753));
#3400=CARTESIAN_POINT('',(0.0107796268625691,-0.004,-0.00465510775186678));
#3401=CARTESIAN_POINT('',(0.0107918074920618,-0.004,-0.00465949256727472));
#3402=CARTESIAN_POINT('',(0.010804334241399,-0.004,-0.00466424814907129));
#3403=CARTESIAN_POINT('',(0.0108193092789278,-0.004,-0.00466946659834128));
#3404=CARTESIAN_POINT('',(0.0108395671897923,-0.004,-0.00467614222238878));
#3405=CARTESIAN_POINT('',(0.0108642180788903,-0.004,-0.00468369659125738));
#3406=CARTESIAN_POINT('',(0.0108936059076482,-0.004,-0.00469207320956034));
#3407=CARTESIAN_POINT('',(0.0109276777637805,-0.004,-0.00470104885611242));
#3408=CARTESIAN_POINT('',(0.0109664956268933,-0.004,-0.00471044992574235));
#3409=CARTESIAN_POINT('',(0.0110100798610207,-0.004,-0.00472008648184635));
#3410=CARTESIAN_POINT('',(0.0110584559893494,-0.004,-0.00472977217551977));
#3411=CARTESIAN_POINT('',(0.0111116408281696,-0.004,-0.00473931854803898));
#3412=CARTESIAN_POINT('',(0.0111696464937926,-0.004,-0.00474853688188835));
#3413=CARTESIAN_POINT('',(0.0112324792128753,-0.004,-0.00475723785553332));
#3414=CARTESIAN_POINT('',(0.0113001396415117,-0.004,-0.00476523183431491));
#3415=CARTESIAN_POINT('',(0.0113726227576327,-0.004,-0.00477232897984728));
#3416=CARTESIAN_POINT('',(0.0114499178806909,-0.004,-0.00477833941182619));
#3417=CARTESIAN_POINT('',(0.0115320086604251,-0.004,-0.00478307335541633));
#3418=CARTESIAN_POINT('',(0.0116188730795308,-0.004,-0.00478634129275353));
#3419=CARTESIAN_POINT('',(0.0117104834570136,-0.004,-0.00478795411410704));
#3420=CARTESIAN_POINT('',(0.0118068064577172,-0.004,-0.00478772326619602));
#3421=CARTESIAN_POINT('',(0.0119078030993808,-0.004,-0.00478546091228481));
#3422=CARTESIAN_POINT('',(0.0120134287869721,-0.004,-0.00478098004547698));
#3423=CARTESIAN_POINT('',(0.012123633260313,-0.004,-0.00477409478146096));
#3424=CARTESIAN_POINT('',(0.0122383608942811,-0.004,-0.00476461995746157));
#3425=CARTESIAN_POINT('',(0.0123575496595992,-0.004,-0.00475237340049164));
#3426=CARTESIAN_POINT('',(0.0124811352528915,-0.004,-0.00473716792723812));
#3427=CARTESIAN_POINT('',(0.01260903538767,-0.004,-0.00471884278548556));
#3428=CARTESIAN_POINT('',(0.0127412102310529,-0.004,-0.0046971437442838));
#3429=CARTESIAN_POINT('',(0.0128508224026669,-0.004,-0.00467705898899644));
#3430=CARTESIAN_POINT('',(0.0129165398521301,-0.004,-0.00466378033253629));
#3431=CARTESIAN_POINT('',(0.01293636739674,-0.004,-0.00465971013868491));
#3432=CARTESIAN_POINT('',(0.0106721688439656,-0.004,-0.00239451841001252));
#3433=CARTESIAN_POINT('',(0.0110471587008788,-0.004,-0.00247837296240311));
#3434=CARTESIAN_POINT('',(0.0114571050092188,-0.004,-0.00257004441312713));
#3435=CARTESIAN_POINT('',(0.0114695366753113,-0.004,-0.00257365661732432));
#3436=CARTESIAN_POINT('',(0.0114824662892555,-0.004,-0.00257717230935236));
#3437=CARTESIAN_POINT('',(0.0114976486766284,-0.004,-0.00258175260142056));
#3438=CARTESIAN_POINT('',(0.0115179615041533,-0.004,-0.00258825920936651));
#3439=CARTESIAN_POINT('',(0.0115423448389714,-0.004,-0.00259663702563775));
#3440=CARTESIAN_POINT('',(0.0115710437445669,-0.004,-0.00260713393141607));
#3441=CARTESIAN_POINT('',(0.0116038842078809,-0.004,-0.00261989941537269));
#3442=CARTESIAN_POINT('',(0.0116408143289088,-0.004,-0.00263511035774001));
#3443=CARTESIAN_POINT('',(0.0116817389405654,-0.004,-0.00265293239013714));
#3444=CARTESIAN_POINT('',(0.0117265691584049,-0.004,-0.00267353127414765));
#3445=CARTESIAN_POINT('',(0.0117752078138332,-0.004,-0.00269706936044905));
#3446=CARTESIAN_POINT('',(0.0118275537837796,-0.004,-0.00272370644650773));
#3447=CARTESIAN_POINT('',(0.0118835008253094,-0.004,-0.00275359935659959));
#3448=CARTESIAN_POINT('',(0.0119429380047579,-0.004,-0.00278690189402888));
#3449=CARTESIAN_POINT('',(0.0120057496749823,-0.004,-0.00282376468937773));
#3450=CARTESIAN_POINT('',(0.0120718155863959,-0.004,-0.00286433508117102));
#3451=CARTESIAN_POINT('',(0.0121410109645098,-0.004,-0.00290875699003313));
#3452=CARTESIAN_POINT('',(0.012213206601145,-0.004,-0.00295717079769003));
#3453=CARTESIAN_POINT('',(0.0122882689459959,-0.004,-0.00300971322664751));
#3454=CARTESIAN_POINT('',(0.0123660602015166,-0.004,-0.00306651722580076));
#3455=CARTESIAN_POINT('',(0.0124464384227328,-0.004,-0.00312771184506317));
#3456=CARTESIAN_POINT('',(0.0125292576116096,-0.004,-0.00319342216388968));
#3457=CARTESIAN_POINT('',(0.0126143678467518,-0.004,-0.00326376902365583));
#3458=CARTESIAN_POINT('',(0.0127016152905415,-0.004,-0.00333886952856688));
#3459=CARTESIAN_POINT('',(0.0127908426816441,-0.004,-0.00341883459977108));
#3460=CARTESIAN_POINT('',(0.0128818879739449,-0.004,-0.00350377787517369));
#3461=CARTESIAN_POINT('',(0.0129745901084953,-0.004,-0.00359378103926491));
#3462=CARTESIAN_POINT('',(0.0130687674266136,-0.004,-0.00368902635602327));
#3463=CARTESIAN_POINT('',(0.0131456400132859,-0.004,-0.00376970368232509));
#3464=CARTESIAN_POINT('',(0.013191001548291,-0.004,-0.00381907408867657));
#3465=CARTESIAN_POINT('',(0.0132046499689173,-0.004,-0.00383402128298358));
#3466=CARTESIAN_POINT('',(0.0111449109518493,-0.004,-0.00250028804224508));
#3467=CARTESIAN_POINT('',(0.0112531207921476,-0.004,-0.00201726005252447));
#3468=CARTESIAN_POINT('',(0.0107658870958246,-0.004,-0.00192991743086505));
#3469=CARTESIAN_POINT('',(3.83556908311512E-17,-0.004,-7.33731904783974E-18));
#3470=CARTESIAN_POINT('',(0.0108353443600597,-0.004,-0.00149138152359593));
#3471=CARTESIAN_POINT('',(0.0113257214963322,-0.004,-0.00155887724651237));
#3472=CARTESIAN_POINT('',(0.0113720716801717,-0.004,-0.00106605164972485));
#3473=CARTESIAN_POINT('',(0.0108897826040932,-0.004,-0.00102055920239309));
#3474=CARTESIAN_POINT('',(0.0112723316327994,-0.004,-0.00105668702242541));
#3475=CARTESIAN_POINT('',(0.0116905417768501,-0.004,-0.00109618266791442));
#3476=CARTESIAN_POINT('',(0.0117034812263799,-0.004,-0.00109658885366549));
#3477=CARTESIAN_POINT('',(0.0117168644285583,-0.004,-0.0010972407022924));
#3478=CARTESIAN_POINT('',(0.0117327191250905,-0.004,-0.0010975762013878));
#3479=CARTESIAN_POINT('',(0.0117540484245035,-0.004,-0.00109766505841084));
#3480=CARTESIAN_POINT('',(0.0117798272415748,-0.004,-0.00109723214649208));
#3481=CARTESIAN_POINT('',(0.0118103652450258,-0.004,-0.00109611744539964));
#3482=CARTESIAN_POINT('',(0.0118455431331427,-0.004,-0.0010941250099662));
#3483=CARTESIAN_POINT('',(0.0118853662050858,-0.004,-0.0010910705791107));
#3484=CARTESIAN_POINT('',(0.0119297951345637,-0.004,-0.00108676721955589));
#3485=CARTESIAN_POINT('',(0.0119787966105912,-0.004,-0.0010810298158632));
#3486=CARTESIAN_POINT('',(0.0120323283894624,-0.004,-0.00107367393661604));
#3487=CARTESIAN_POINT('',(0.0120903436775545,-0.004,-0.00106451635664531));
#3488=CARTESIAN_POINT('',(0.0121527898931986,-0.004,-0.00105337509632913));
#3489=CARTESIAN_POINT('',(0.0122196090600447,-0.004,-0.00104006959964514));
#3490=CARTESIAN_POINT('',(0.012290737738534,-0.004,-0.00102442087146418));
#3491=CARTESIAN_POINT('',(0.0123661070946214,-0.004,-0.00100625162535617));
#3492=CARTESIAN_POINT('',(0.0124456429346351,-0.004,-0.000985386427235991));
#3493=CARTESIAN_POINT('',(0.0125292657546335,-0.004,-0.000961651838625233));
#3494=CARTESIAN_POINT('',(0.0126168907903059,-0.004,-0.000934876559379805));
#3495=CARTESIAN_POINT('',(0.0127084280718665,-0.004,-0.000904891565803157));
#3496=CARTESIAN_POINT('',(0.0128037824802388,-0.004,-0.00087153026072488));
#3497=CARTESIAN_POINT('',(0.0129028538147175,-0.004,-0.000834628570640375));
#3498=CARTESIAN_POINT('',(0.0130055368336216,-0.004,-0.000794025240313056));
#3499=CARTESIAN_POINT('',(0.0131117214158715,-0.004,-0.000749561358587126));
#3500=CARTESIAN_POINT('',(0.0132212922735702,-0.004,-0.000701082836756827));
#3501=CARTESIAN_POINT('',(0.0133341304077481,-0.004,-0.000648431523748497));
#3502=CARTESIAN_POINT('',(0.0134501078841384,-0.004,-0.000591479963043262));
#3503=CARTESIAN_POINT('',(0.013569108257735,-0.004,-0.000529998675676837));
#3504=CARTESIAN_POINT('',(0.0136671490971021,-0.004,-0.000477024914463512));
#3505=CARTESIAN_POINT('',(0.0137255467751397,-0.004,-0.000444088352998339));
#3506=CARTESIAN_POINT('',(0.0137431461315726,-0.004,-0.000434090320372222));
#3507=CARTESIAN_POINT('',(0.0137431461315726,-0.004,-0.000434090320372222));
#3508=CARTESIAN_POINT('',(-1.31709164735396E-19,-0.004,8.31578938344685E-19));
#3509=CARTESIAN_POINT('',(0.0137431461315726,-0.004,0.000434090320372244));
#3510=CARTESIAN_POINT('',(0.0108897826040932,-0.004,0.00102055920239311));
#3511=CARTESIAN_POINT('',(0.0112723316327994,-0.004,0.00105668702242542));
#3512=CARTESIAN_POINT('',(0.0116905417768501,-0.004,0.00109618266791444));
#3513=CARTESIAN_POINT('',(0.0117034812263799,-0.004,0.00109658885366551));
#3514=CARTESIAN_POINT('',(0.0117168644285583,-0.004,0.00109724070229242));
#3515=CARTESIAN_POINT('',(0.0117327191250905,-0.004,0.00109757620138782));
#3516=CARTESIAN_POINT('',(0.0117540484245035,-0.004,0.00109766505841085));
#3517=CARTESIAN_POINT('',(0.0117798272415748,-0.004,0.0010972321464921));
#3518=CARTESIAN_POINT('',(0.0118103652450258,-0.004,0.00109611744539966));
#3519=CARTESIAN_POINT('',(0.0118455431331427,-0.004,0.00109412500996622));
#3520=CARTESIAN_POINT('',(0.0118853662050858,-0.004,0.00109107057911072));
#3521=CARTESIAN_POINT('',(0.0119297951345637,-0.004,0.00108676721955591));
#3522=CARTESIAN_POINT('',(0.0119787966105912,-0.004,0.00108102981586322));
#3523=CARTESIAN_POINT('',(0.0120323283894624,-0.004,0.00107367393661606));
#3524=CARTESIAN_POINT('',(0.0120903436775545,-0.004,0.00106451635664533));
#3525=CARTESIAN_POINT('',(0.0121527898931986,-0.004,0.00105337509632915));
#3526=CARTESIAN_POINT('',(0.0122196090600447,-0.004,0.00104006959964516));
#3527=CARTESIAN_POINT('',(0.012290737738534,-0.004,0.0010244208714642));
#3528=CARTESIAN_POINT('',(0.0123661070946214,-0.004,0.00100625162535619));
#3529=CARTESIAN_POINT('',(0.0124456429346351,-0.004,0.00098538642723601));
#3530=CARTESIAN_POINT('',(0.0125292657546335,-0.004,0.000961651838625253));
#3531=CARTESIAN_POINT('',(0.0126168907903059,-0.004,0.000934876559379825));
#3532=CARTESIAN_POINT('',(0.0127084280718665,-0.004,0.000904891565803177));
#3533=CARTESIAN_POINT('',(0.0128037824802388,-0.004,0.0008715302607249));
#3534=CARTESIAN_POINT('',(0.0129028538147175,-0.004,0.000834628570640395));
#3535=CARTESIAN_POINT('',(0.0130055368336216,-0.004,0.000794025240313076));
#3536=CARTESIAN_POINT('',(0.0131117214158715,-0.004,0.000749561358587146));
#3537=CARTESIAN_POINT('',(0.0132212922735701,-0.004,0.000701082836756848));
#3538=CARTESIAN_POINT('',(0.0133341304077481,-0.004,0.000648431523748518));
#3539=CARTESIAN_POINT('',(0.0134501078841384,-0.004,0.000591479963043283));
#3540=CARTESIAN_POINT('',(0.013569108257735,-0.004,0.000529998675676859));
#3541=CARTESIAN_POINT('',(0.0136671490971021,-0.004,0.000477024914463534));
#3542=CARTESIAN_POINT('',(0.0137255467751397,-0.004,0.000444088352998361));
#3543=CARTESIAN_POINT('',(0.0137431461315726,-0.004,0.000434090320372244));
#3544=CARTESIAN_POINT('',(0.0113720716801717,-0.004,0.00106605164972487));
#3545=CARTESIAN_POINT('',(0.0113257214963322,-0.004,0.00155887724651239));
#3546=CARTESIAN_POINT('',(0.0108353443600597,-0.004,0.00149138152359595));
#3547=CARTESIAN_POINT('',(3.87457859809021E-17,-0.004,4.87435520523254E-18));
#3548=CARTESIAN_POINT('',(0.0107658870958246,-0.004,0.00192991743086507));
#3549=CARTESIAN_POINT('',(0.0112531207921476,-0.004,0.00201726005252448));
#3550=CARTESIAN_POINT('',(0.0111449109518493,-0.004,0.0025002880422451));
#3551=CARTESIAN_POINT('',(0.0106721688439656,-0.004,0.00239451841001254));
#3552=CARTESIAN_POINT('',(0.0110471587008788,-0.004,0.00247837296240313));
#3553=CARTESIAN_POINT('',(0.0114571050092188,-0.004,0.00257004441312715));
#3554=CARTESIAN_POINT('',(0.0114695366753113,-0.004,0.00257365661732434));
#3555=CARTESIAN_POINT('',(0.0114824662892555,-0.004,0.00257717230935238));
#3556=CARTESIAN_POINT('',(0.0114976486766284,-0.004,0.00258175260142058));
#3557=CARTESIAN_POINT('',(0.0115179615041533,-0.004,0.00258825920936652));
#3558=CARTESIAN_POINT('',(0.0115423448389714,-0.004,0.00259663702563777));
#3559=CARTESIAN_POINT('',(0.0115710437445669,-0.004,0.00260713393141609));
#3560=CARTESIAN_POINT('',(0.0116038842078809,-0.004,0.00261989941537271));
#3561=CARTESIAN_POINT('',(0.0116408143289088,-0.004,0.00263511035774004));
#3562=CARTESIAN_POINT('',(0.0116817389405654,-0.004,0.00265293239013715));
#3563=CARTESIAN_POINT('',(0.0117265691584049,-0.004,0.00267353127414766));
#3564=CARTESIAN_POINT('',(0.0117752078138332,-0.004,0.00269706936044906));
#3565=CARTESIAN_POINT('',(0.0118275537837796,-0.004,0.00272370644650775));
#3566=CARTESIAN_POINT('',(0.0118835008253094,-0.004,0.00275359935659961));
#3567=CARTESIAN_POINT('',(0.0119429380047579,-0.004,0.0027869018940289));
#3568=CARTESIAN_POINT('',(0.0120057496749823,-0.004,0.00282376468937775));
#3569=CARTESIAN_POINT('',(0.0120718155863959,-0.004,0.00286433508117104));
#3570=CARTESIAN_POINT('',(0.0121410109645098,-0.004,0.00290875699003315));
#3571=CARTESIAN_POINT('',(0.012213206601145,-0.004,0.00295717079769005));
#3572=CARTESIAN_POINT('',(0.0122882689459959,-0.004,0.00300971322664753));
#3573=CARTESIAN_POINT('',(0.0123660602015166,-0.004,0.00306651722580078));
#3574=CARTESIAN_POINT('',(0.0124464384227328,-0.004,0.00312771184506319));
#3575=CARTESIAN_POINT('',(0.0125292576116096,-0.004,0.0031934221638897));
#3576=CARTESIAN_POINT('',(0.0126143678467518,-0.004,0.00326376902365585));
#3577=CARTESIAN_POINT('',(0.0127016152905415,-0.004,0.0033388695285669));
#3578=CARTESIAN_POINT('',(0.0127908426816441,-0.004,0.0034188345997711));
#3579=CARTESIAN_POINT('',(0.0128818879739449,-0.004,0.00350377787517372));
#3580=CARTESIAN_POINT('',(0.0129745901084953,-0.004,0.00359378103926494));
#3581=CARTESIAN_POINT('',(0.0130687674266136,-0.004,0.00368902635602329));
#3582=CARTESIAN_POINT('',(0.0131456400132859,-0.004,0.00376970368232511));
#3583=CARTESIAN_POINT('',(0.013191001548291,-0.004,0.00381907408867659));
#3584=CARTESIAN_POINT('',(0.0132046499689173,-0.004,0.0038340212829836));
#3585=CARTESIAN_POINT('',(0.0100414285693552,-0.004,0.00433573736941442));
#3586=CARTESIAN_POINT('',(0.010394090205549,-0.004,0.00448831111912755));
#3587=CARTESIAN_POINT('',(0.0107796268625691,-0.004,0.0046551077518668));
#3588=CARTESIAN_POINT('',(0.0107918074920618,-0.004,0.00465949256727474));
#3589=CARTESIAN_POINT('',(0.010804334241399,-0.004,0.00466424814907131));
#3590=CARTESIAN_POINT('',(0.0108193092789278,-0.004,0.00466946659834129));
#3591=CARTESIAN_POINT('',(0.0108395671897923,-0.004,0.00467614222238879));
#3592=CARTESIAN_POINT('',(0.0108642180788903,-0.004,0.0046836965912574));
#3593=CARTESIAN_POINT('',(0.0108936059076482,-0.004,0.00469207320956036));
#3594=CARTESIAN_POINT('',(0.0109276777637805,-0.004,0.00470104885611244));
#3595=CARTESIAN_POINT('',(0.0109664956268933,-0.004,0.00471044992574237));
#3596=CARTESIAN_POINT('',(0.0110100798610206,-0.004,0.00472008648184637));
#3597=CARTESIAN_POINT('',(0.0110584559893493,-0.004,0.00472977217551978));
#3598=CARTESIAN_POINT('',(0.0111116408281696,-0.004,0.004739318548039));
#3599=CARTESIAN_POINT('',(0.0111696464937926,-0.004,0.00474853688188837));
#3600=CARTESIAN_POINT('',(0.0112324792128753,-0.004,0.00475723785553333));
#3601=CARTESIAN_POINT('',(0.0113001396415117,-0.004,0.00476523183431492));
#3602=CARTESIAN_POINT('',(0.0113726227576327,-0.004,0.0047723289798473));
#3603=CARTESIAN_POINT('',(0.0114499178806909,-0.004,0.0047783394118262));
#3604=CARTESIAN_POINT('',(0.0115320086604251,-0.004,0.00478307335541634));
#3605=CARTESIAN_POINT('',(0.0116188730795307,-0.004,0.00478634129275355));
#3606=CARTESIAN_POINT('',(0.0117104834570136,-0.004,0.00478795411410706));
#3607=CARTESIAN_POINT('',(0.0118068064577172,-0.004,0.00478772326619603));
#3608=CARTESIAN_POINT('',(0.0119078030993808,-0.004,0.00478546091228483));
#3609=CARTESIAN_POINT('',(0.0120134287869721,-0.004,0.00478098004547699));
#3610=CARTESIAN_POINT('',(0.012123633260313,-0.004,0.00477409478146098));
#3611=CARTESIAN_POINT('',(0.0122383608942811,-0.004,0.00476461995746158));
#3612=CARTESIAN_POINT('',(0.0123575496595992,-0.004,0.00475237340049166));
#3613=CARTESIAN_POINT('',(0.0124811352528915,-0.004,0.00473716792723814));
#3614=CARTESIAN_POINT('',(0.01260903538767,-0.004,0.00471884278548558));
#3615=CARTESIAN_POINT('',(0.0127412102310529,-0.004,0.00469714374428382));
#3616=CARTESIAN_POINT('',(0.0128508224026669,-0.004,0.00467705898899645));
#3617=CARTESIAN_POINT('',(0.0129165398521301,-0.004,0.00466378033253631));
#3618=CARTESIAN_POINT('',(0.01293636739674,-0.004,0.00465971013868492));
#3619=CARTESIAN_POINT('',(0.0104860547985564,-0.004,0.00452803877860115));
#3620=CARTESIAN_POINT('',(0.0102896816695141,-0.004,0.00498242077932418));
#3621=CARTESIAN_POINT('',(0.00984416262404873,-0.004,0.0047666936634613));
#3622=CARTESIAN_POINT('',(3.53431736410775E-17,-0.004,1.6608893609187E-17));
#3623=CARTESIAN_POINT('',(0.00964258979230417,-0.004,0.00516230262066758));
#3624=CARTESIAN_POINT('',(0.0100789862197247,-0.004,0.00539593388254299));
#3625=CARTESIAN_POINT('',(0.00982680868839928,-0.004,0.00582188212010895));
#3626=CARTESIAN_POINT('',(0.00940988884001809,-0.004,0.00557520387685535));
#3627=CARTESIAN_POINT('',(0.00974061290523555,-0.004,0.00577083253383184));
#3628=CARTESIAN_POINT('',(0.0101021669769407,-0.004,0.00598469764045948));
#3629=CARTESIAN_POINT('',(0.0101128739615023,-0.004,0.00599197464689038));
#3630=CARTESIAN_POINT('',(0.0101240843465135,-0.004,0.00599931373914241));
#3631=CARTESIAN_POINT('',(0.0101371082668691,-0.004,0.00600836147147382));
#3632=CARTESIAN_POINT('',(0.01015441626142,-0.004,0.00602082663226879));
#3633=CARTESIAN_POINT('',(0.0101750173032842,-0.004,0.0060363292738642));
#3634=CARTESIAN_POINT('',(0.0101990678621875,-0.004,0.00605518087405458));
#3635=CARTESIAN_POINT('',(0.0102263562473364,-0.004,0.00607746983202236));
#3636=CARTESIAN_POINT('',(0.0102567784398956,-0.004,0.00610334833288173));
#3637=CARTESIAN_POINT('',(0.0102901927476035,-0.004,0.00613294449341673));
#3638=CARTESIAN_POINT('',(0.0103264634131822,-0.004,0.00616638849545725));
#3639=CARTESIAN_POINT('',(0.0103654478546889,-0.004,0.00620380471692621));
#3640=CARTESIAN_POINT('',(0.0104070005182355,-0.004,0.00624531388549794));
#3641=CARTESIAN_POINT('',(0.0104509718994202,-0.004,0.00629103231904953));
#3642=CARTESIAN_POINT('',(0.0104972089662234,-0.004,0.00634107201282812));
#3643=CARTESIAN_POINT('',(0.0105455551842668,-0.004,0.00639554048809791));
#3644=CARTESIAN_POINT('',(0.010595850659289,-0.004,0.00645454071295722));
#3645=CARTESIAN_POINT('',(0.0106479322497808,-0.004,0.00651817100661619));
#3646=CARTESIAN_POINT('',(0.0107016336911224,-0.004,0.00658652495250695));
#3647=CARTESIAN_POINT('',(0.0107567857198476,-0.004,0.00665969131214549));
#3648=CARTESIAN_POINT('',(0.0108132161992346,-0.004,0.00673775394566149));
#3649=CARTESIAN_POINT('',(0.0108707502529741,-0.004,0.00682079172340664));
#3650=CARTESIAN_POINT('',(0.0109292103770065,-0.004,0.00690887848713771));
#3651=CARTESIAN_POINT('',(0.0109884166455732,-0.004,0.00700208283557339));
#3652=CARTESIAN_POINT('',(0.0110481865632158,-0.004,0.00710046860299288));
#3653=CARTESIAN_POINT('',(0.0111083362889975,-0.004,0.00720409268525209));
#3654=CARTESIAN_POINT('',(0.0111686765918609,-0.004,0.007313013083418));
#3655=CARTESIAN_POINT('',(0.0112290290537478,-0.004,0.00742725771410503));
#3656=CARTESIAN_POINT('',(0.0112891645843184,-0.004,0.00754694378503787));
#3657=CARTESIAN_POINT('',(0.0113373440939096,-0.004,0.00764742741761778));
#3658=CARTESIAN_POINT('',(0.0113652291827836,-0.004,0.00770839894949802));
#3659=CARTESIAN_POINT('',(0.0113735906650983,-0.004,0.00772683216996394));
#3660=CARTESIAN_POINT('',(0.00821014954350203,-0.004,0.00722650335385887));
#3661=CARTESIAN_POINT('',(0.00849840280909454,-0.004,0.00748058805158708));
#3662=CARTESIAN_POINT('',(0.00881352696490327,-0.004,0.00775835845502356));
#3663=CARTESIAN_POINT('',(0.00882375644947656,-0.004,0.00776629268380544));
#3664=CARTESIAN_POINT('',(0.00883420054046848,-0.004,0.00777468648929133));
#3665=CARTESIAN_POINT('',(0.00884683005798323,-0.004,0.00778427707056229));
#3666=CARTESIAN_POINT('',(0.00886403359483873,-0.004,0.00779688600504067));
#3667=CARTESIAN_POINT('',(0.0088851435551857,-0.004,0.00781168818043739));
#3668=CARTESIAN_POINT('',(0.00891050452381468,-0.004,0.00782873615637292));
#3669=CARTESIAN_POINT('',(0.00894013515729143,-0.004,0.00784780128608901));
#3670=CARTESIAN_POINT('',(0.0089741480486726,-0.004,0.00786873761400788));
#3671=CARTESIAN_POINT('',(0.00901262125894375,-0.004,0.0078913707925174));
#3672=CARTESIAN_POINT('',(0.00905563664707649,-0.004,0.00791553148037597));
#3673=CARTESIAN_POINT('',(0.00910326844326149,-0.004,0.00794104563920588));
#3674=CARTESIAN_POINT('',(0.00915558648771507,-0.004,0.00796773753213027));
#3675=CARTESIAN_POINT('',(0.00921265520591131,-0.004,0.00799542902781277));
#3676=CARTESIAN_POINT('',(0.00927453382216511,-0.004,0.00802393997571947));
#3677=CARTESIAN_POINT('',(0.00934127622349225,-0.004,0.00805308827691175));
#3678=CARTESIAN_POINT('',(0.0094129309283296,-0.004,0.00808269004401834));
#3679=CARTESIAN_POINT('',(0.00948954103030378,-0.004,0.00811255973793687));
#3680=CARTESIAN_POINT('',(0.00957114415395465,-0.004,0.00814251031274641));
#3681=CARTESIAN_POINT('',(0.00965777241121284,-0.004,0.00817235336050759));
#3682=CARTESIAN_POINT('',(0.0097494523646287,-0.004,0.00820189925526413));
#3683=CARTESIAN_POINT('',(0.00984620498461267,-0.004,0.00823095730748357));
#3684=CARTESIAN_POINT('',(0.00994804564707773,-0.004,0.0082593358824156));
#3685=CARTESIAN_POINT('',(0.0100549839931652,-0.004,0.00828684266232523));
#3686=CARTESIAN_POINT('',(0.0101670243386841,-0.004,0.00831328435784041));
#3687=CARTESIAN_POINT('',(0.0102841639848354,-0.004,0.00833846854405385));
#3688=CARTESIAN_POINT('',(0.0104063996182991,-0.004,0.00836219732821996));
#3689=CARTESIAN_POINT('',(0.0105337026551411,-0.004,0.00838429239797358));
#3690=CARTESIAN_POINT('',(0.0106661137737236,-0.004,0.00840449965627543));
#3691=CARTESIAN_POINT('',(0.0107765676745141,-0.004,0.00841926994270027));
#3692=CARTESIAN_POINT('',(0.010843172013569,-0.004,0.00842694899865731));
#3693=CARTESIAN_POINT('',(0.0108632868881428,-0.004,0.00842920506251354));
#3694=CARTESIAN_POINT('',(0.00857358981261862,-0.004,0.00754678992312667));
#3695=CARTESIAN_POINT('',(0.00824641610845615,-0.004,0.00791825025168888));
#3696=CARTESIAN_POINT('',(0.00788936566208182,-0.004,0.00757540861603942));
#3697=CARTESIAN_POINT('',(2.84809252148937E-17,-0.004,2.67176377857078E-17));
#3698=CARTESIAN_POINT('',(0.00757540861603941,-0.004,0.00788936566208184));
#3699=CARTESIAN_POINT('',(0.00791825025168885,-0.004,0.00824641610845615));
#3700=CARTESIAN_POINT('',(0.00754678992312665,-0.004,0.00857358981261862));
#3701=CARTESIAN_POINT('',(0.00722650335385885,-0.004,0.00821014954350204));
#3702=CARTESIAN_POINT('',(0.00748058805158706,-0.004,0.00849840280909455));
#3703=CARTESIAN_POINT('',(0.00775835845502355,-0.004,0.00881352696490328));
#3704=CARTESIAN_POINT('',(0.00776629268380543,-0.004,0.00882375644947657));
#3705=CARTESIAN_POINT('',(0.00777468648929132,-0.004,0.00883420054046849));
#3706=CARTESIAN_POINT('',(0.00778427707056227,-0.004,0.00884683005798324));
#3707=CARTESIAN_POINT('',(0.00779688600504066,-0.004,0.00886403359483874));
#3708=CARTESIAN_POINT('',(0.00781168818043738,-0.004,0.00888514355518571));
#3709=CARTESIAN_POINT('',(0.00782873615637291,-0.004,0.0089105045238147));
#3710=CARTESIAN_POINT('',(0.00784780128608899,-0.004,0.00894013515729144));
#3711=CARTESIAN_POINT('',(0.00786873761400787,-0.004,0.00897414804867262));
#3712=CARTESIAN_POINT('',(0.00789137079251738,-0.004,0.00901262125894376));
#3713=CARTESIAN_POINT('',(0.00791553148037595,-0.004,0.0090556366470765));
#3714=CARTESIAN_POINT('',(0.00794104563920587,-0.004,0.0091032684432615));
#3715=CARTESIAN_POINT('',(0.00796773753213025,-0.004,0.00915558648771508));
#3716=CARTESIAN_POINT('',(0.00799542902781275,-0.004,0.00921265520591132));
#3717=CARTESIAN_POINT('',(0.00802393997571946,-0.004,0.00927453382216512));
#3718=CARTESIAN_POINT('',(0.00805308827691174,-0.004,0.00934127622349226));
#3719=CARTESIAN_POINT('',(0.00808269004401832,-0.004,0.00941293092832961));
#3720=CARTESIAN_POINT('',(0.00811255973793685,-0.004,0.0094895410303038));
#3721=CARTESIAN_POINT('',(0.0081425103127464,-0.004,0.00957114415395467));
#3722=CARTESIAN_POINT('',(0.00817235336050757,-0.004,0.00965777241121285));
#3723=CARTESIAN_POINT('',(0.00820189925526411,-0.004,0.00974945236462871));
#3724=CARTESIAN_POINT('',(0.00823095730748355,-0.004,0.00984620498461269));
#3725=CARTESIAN_POINT('',(0.00825933588241558,-0.004,0.00994804564707775));
#3726=CARTESIAN_POINT('',(0.00828684266232521,-0.004,0.0100549839931652));
#3727=CARTESIAN_POINT('',(0.00831328435784039,-0.004,0.0101670243386841));
#3728=CARTESIAN_POINT('',(0.00833846854405383,-0.004,0.0102841639848354));
#3729=CARTESIAN_POINT('',(0.00836219732821995,-0.004,0.0104063996182991));
#3730=CARTESIAN_POINT('',(0.00838429239797356,-0.004,0.0105337026551411));
#3731=CARTESIAN_POINT('',(0.00840449965627542,-0.004,0.0106661137737237));
#3732=CARTESIAN_POINT('',(0.00841926994270025,-0.004,0.0107765676745141));
#3733=CARTESIAN_POINT('',(0.00842694899865729,-0.004,0.010843172013569));
#3734=CARTESIAN_POINT('',(0.00842920506251352,-0.004,0.0108632868881428));
#3735=CARTESIAN_POINT('',(0.00557520387685534,-0.004,0.0094098888400181));
#3736=CARTESIAN_POINT('',(0.00577083253383182,-0.004,0.00974061290523556));
#3737=CARTESIAN_POINT('',(0.00598469764045946,-0.004,0.0101021669769407));
#3738=CARTESIAN_POINT('',(0.00599197464689037,-0.004,0.0101128739615023));
#3739=CARTESIAN_POINT('',(0.0059993137391424,-0.004,0.0101240843465135));
#3740=CARTESIAN_POINT('',(0.0060083614714738,-0.004,0.0101371082668691));
#3741=CARTESIAN_POINT('',(0.00602082663226877,-0.004,0.01015441626142));
#3742=CARTESIAN_POINT('',(0.00603632927386418,-0.004,0.0101750173032842));
#3743=CARTESIAN_POINT('',(0.00605518087405456,-0.004,0.0101990678621875));
#3744=CARTESIAN_POINT('',(0.00607746983202234,-0.004,0.0102263562473364));
#3745=CARTESIAN_POINT('',(0.00610334833288171,-0.004,0.0102567784398956));
#3746=CARTESIAN_POINT('',(0.00613294449341671,-0.004,0.0102901927476035));
#3747=CARTESIAN_POINT('',(0.00616638849545723,-0.004,0.0103264634131822));
#3748=CARTESIAN_POINT('',(0.00620380471692619,-0.004,0.0103654478546889));
#3749=CARTESIAN_POINT('',(0.00624531388549792,-0.004,0.0104070005182355));
#3750=CARTESIAN_POINT('',(0.00629103231904951,-0.004,0.0104509718994202));
#3751=CARTESIAN_POINT('',(0.0063410720128281,-0.004,0.0104972089662234));
#3752=CARTESIAN_POINT('',(0.00639554048809789,-0.004,0.0105455551842668));
#3753=CARTESIAN_POINT('',(0.0064545407129572,-0.004,0.010595850659289));
#3754=CARTESIAN_POINT('',(0.00651817100661618,-0.004,0.0106479322497808));
#3755=CARTESIAN_POINT('',(0.00658652495250693,-0.004,0.0107016336911224));
#3756=CARTESIAN_POINT('',(0.00665969131214547,-0.004,0.0107567857198476));
#3757=CARTESIAN_POINT('',(0.00673775394566148,-0.004,0.0108132161992346));
#3758=CARTESIAN_POINT('',(0.00682079172340662,-0.004,0.0108707502529741));
#3759=CARTESIAN_POINT('',(0.0069088784871377,-0.004,0.0109292103770065));
#3760=CARTESIAN_POINT('',(0.00700208283557337,-0.004,0.0109884166455732));
#3761=CARTESIAN_POINT('',(0.00710046860299286,-0.004,0.0110481865632158));
#3762=CARTESIAN_POINT('',(0.00720409268525207,-0.004,0.0111083362889975));
#3763=CARTESIAN_POINT('',(0.00731301308341798,-0.004,0.0111686765918609));
#3764=CARTESIAN_POINT('',(0.00742725771410501,-0.004,0.0112290290537478));
#3765=CARTESIAN_POINT('',(0.00754694378503785,-0.004,0.0112891645843184));
#3766=CARTESIAN_POINT('',(0.00764742741761776,-0.004,0.0113373440939096));
#3767=CARTESIAN_POINT('',(0.007708398949498,-0.004,0.0113652291827836));
#3768=CARTESIAN_POINT('',(0.00772683216996392,-0.004,0.0113735906650983));
#3769=CARTESIAN_POINT('',(0.00582188212010894,-0.004,0.0098268086883993));
#3770=CARTESIAN_POINT('',(0.00539593388254298,-0.004,0.0100789862197247));
#3771=CARTESIAN_POINT('',(0.00516230262066757,-0.004,0.00964258979230418));
#3772=CARTESIAN_POINT('',(1.88307653904016E-17,-0.004,3.42110734230351E-17));
#3773=CARTESIAN_POINT('',(0.00476669366346128,-0.004,0.00984416262404874));
#3774=CARTESIAN_POINT('',(0.00498242077932415,-0.004,0.0102896816695141));
#3775=CARTESIAN_POINT('',(0.00452803877860112,-0.004,0.0104860547985564));
#3776=CARTESIAN_POINT('',(0.0043357373694144,-0.004,0.0100414285693552));
#3777=CARTESIAN_POINT('',(0.00448831111912753,-0.004,0.010394090205549));
#3778=CARTESIAN_POINT('',(0.00465510775186678,-0.004,0.0107796268625691));
#3779=CARTESIAN_POINT('',(0.00465949256727472,-0.004,0.0107918074920618));
#3780=CARTESIAN_POINT('',(0.00466424814907129,-0.004,0.010804334241399));
#3781=CARTESIAN_POINT('',(0.00466946659834127,-0.004,0.0108193092789278));
#3782=CARTESIAN_POINT('',(0.00467614222238877,-0.004,0.0108395671897923));
#3783=CARTESIAN_POINT('',(0.00468369659125738,-0.004,0.0108642180788903));
#3784=CARTESIAN_POINT('',(0.00469207320956034,-0.004,0.0108936059076482));
#3785=CARTESIAN_POINT('',(0.00470104885611242,-0.004,0.0109276777637805));
#3786=CARTESIAN_POINT('',(0.00471044992574235,-0.004,0.0109664956268933));
#3787=CARTESIAN_POINT('',(0.00472008648184635,-0.004,0.0110100798610207));
#3788=CARTESIAN_POINT('',(0.00472977217551977,-0.004,0.0110584559893494));
#3789=CARTESIAN_POINT('',(0.00473931854803898,-0.004,0.0111116408281696));
#3790=CARTESIAN_POINT('',(0.00474853688188835,-0.004,0.0111696464937926));
#3791=CARTESIAN_POINT('',(0.00475723785553331,-0.004,0.0112324792128753));
#3792=CARTESIAN_POINT('',(0.0047652318343149,-0.004,0.0113001396415117));
#3793=CARTESIAN_POINT('',(0.00477232897984728,-0.004,0.0113726227576327));
#3794=CARTESIAN_POINT('',(0.00477833941182618,-0.004,0.0114499178806909));
#3795=CARTESIAN_POINT('',(0.00478307335541632,-0.004,0.0115320086604251));
#3796=CARTESIAN_POINT('',(0.00478634129275353,-0.004,0.0116188730795308));
#3797=CARTESIAN_POINT('',(0.00478795411410704,-0.004,0.0117104834570136));
#3798=CARTESIAN_POINT('',(0.00478772326619601,-0.004,0.0118068064577172));
#3799=CARTESIAN_POINT('',(0.00478546091228481,-0.004,0.0119078030993808));
#3800=CARTESIAN_POINT('',(0.00478098004547697,-0.004,0.0120134287869721));
#3801=CARTESIAN_POINT('',(0.00477409478146096,-0.004,0.012123633260313));
#3802=CARTESIAN_POINT('',(0.00476461995746156,-0.004,0.0122383608942811));
#3803=CARTESIAN_POINT('',(0.00475237340049163,-0.004,0.0123575496595992));
#3804=CARTESIAN_POINT('',(0.00473716792723812,-0.004,0.0124811352528915));
#3805=CARTESIAN_POINT('',(0.00471884278548555,-0.004,0.01260903538767));
#3806=CARTESIAN_POINT('',(0.0046971437442838,-0.004,0.0127412102310529));
#3807=CARTESIAN_POINT('',(0.00467705898899643,-0.004,0.0128508224026669));
#3808=CARTESIAN_POINT('',(0.00466378033253629,-0.004,0.0129165398521301));
#3809=CARTESIAN_POINT('',(0.0046597101386849,-0.004,0.01293636739674));
#3810=CARTESIAN_POINT('',(0.00239451841001252,-0.004,0.0106721688439656));
#3811=CARTESIAN_POINT('',(0.00247837296240311,-0.004,0.0110471587008788));
#3812=CARTESIAN_POINT('',(0.00257004441312713,-0.004,0.0114571050092188));
#3813=CARTESIAN_POINT('',(0.00257365661732432,-0.004,0.0114695366753113));
#3814=CARTESIAN_POINT('',(0.00257717230935235,-0.004,0.0114824662892555));
#3815=CARTESIAN_POINT('',(0.00258175260142056,-0.004,0.0114976486766284));
#3816=CARTESIAN_POINT('',(0.0025882592093665,-0.004,0.0115179615041533));
#3817=CARTESIAN_POINT('',(0.00259663702563775,-0.004,0.0115423448389714));
#3818=CARTESIAN_POINT('',(0.00260713393141607,-0.004,0.0115710437445669));
#3819=CARTESIAN_POINT('',(0.00261989941537269,-0.004,0.0116038842078809));
#3820=CARTESIAN_POINT('',(0.00263511035774001,-0.004,0.0116408143289088));
#3821=CARTESIAN_POINT('',(0.00265293239013714,-0.004,0.0116817389405654));
#3822=CARTESIAN_POINT('',(0.00267353127414764,-0.004,0.0117265691584049));
#3823=CARTESIAN_POINT('',(0.00269706936044905,-0.004,0.0117752078138332));
#3824=CARTESIAN_POINT('',(0.00272370644650773,-0.004,0.0118275537837796));
#3825=CARTESIAN_POINT('',(0.00275359935659959,-0.004,0.0118835008253094));
#3826=CARTESIAN_POINT('',(0.00278690189402888,-0.004,0.0119429380047579));
#3827=CARTESIAN_POINT('',(0.00282376468937773,-0.004,0.0120057496749823));
#3828=CARTESIAN_POINT('',(0.00286433508117102,-0.004,0.0120718155863959));
#3829=CARTESIAN_POINT('',(0.00290875699003313,-0.004,0.0121410109645098));
#3830=CARTESIAN_POINT('',(0.00295717079769003,-0.004,0.012213206601145));
#3831=CARTESIAN_POINT('',(0.0030097132266475,-0.004,0.0122882689459959));
#3832=CARTESIAN_POINT('',(0.00306651722580076,-0.004,0.0123660602015166));
#3833=CARTESIAN_POINT('',(0.00312771184506317,-0.004,0.0124464384227328));
#3834=CARTESIAN_POINT('',(0.00319342216388968,-0.004,0.0125292576116096));
#3835=CARTESIAN_POINT('',(0.00326376902365583,-0.004,0.0126143678467518));
#3836=CARTESIAN_POINT('',(0.00333886952856688,-0.004,0.0127016152905415));
#3837=CARTESIAN_POINT('',(0.00341883459977108,-0.004,0.0127908426816441));
#3838=CARTESIAN_POINT('',(0.00350377787517369,-0.004,0.0128818879739449));
#3839=CARTESIAN_POINT('',(0.00359378103926491,-0.004,0.0129745901084953));
#3840=CARTESIAN_POINT('',(0.00368902635602327,-0.004,0.0130687674266136));
#3841=CARTESIAN_POINT('',(0.00376970368232509,-0.004,0.0131456400132859));
#3842=CARTESIAN_POINT('',(0.00381907408867656,-0.004,0.013191001548291));
#3843=CARTESIAN_POINT('',(0.00383402128298358,-0.004,0.0132046499689173));
#3844=CARTESIAN_POINT('',(0.00250028804224508,-0.004,0.0111449109518493));
#3845=CARTESIAN_POINT('',(0.00201726005252446,-0.004,0.0112531207921476));
#3846=CARTESIAN_POINT('',(0.00192991743086505,-0.004,0.0107658870958246));
#3847=CARTESIAN_POINT('',(7.33731904783973E-18,-0.004,3.83556908311512E-17));
#3848=CARTESIAN_POINT('',(0.00149138152359593,-0.004,0.0108353443600597));
#3849=CARTESIAN_POINT('',(0.00155887724651237,-0.004,0.0113257214963322));
#3850=CARTESIAN_POINT('',(0.00106605164972485,-0.004,0.0113720716801717));
#3851=CARTESIAN_POINT('',(0.00102055920239309,-0.004,0.0108897826040932));
#3852=CARTESIAN_POINT('',(0.0010566870224254,-0.004,0.0112723316327994));
#3853=CARTESIAN_POINT('',(0.00109618266791442,-0.004,0.0116905417768501));
#3854=CARTESIAN_POINT('',(0.00109658885366549,-0.004,0.0117034812263799));
#3855=CARTESIAN_POINT('',(0.0010972407022924,-0.004,0.0117168644285583));
#3856=CARTESIAN_POINT('',(0.00109757620138779,-0.004,0.0117327191250905));
#3857=CARTESIAN_POINT('',(0.00109766505841083,-0.004,0.0117540484245035));
#3858=CARTESIAN_POINT('',(0.00109723214649208,-0.004,0.0117798272415748));
#3859=CARTESIAN_POINT('',(0.00109611744539964,-0.004,0.0118103652450258));
#3860=CARTESIAN_POINT('',(0.0010941250099662,-0.004,0.0118455431331427));
#3861=CARTESIAN_POINT('',(0.0010910705791107,-0.004,0.0118853662050858));
#3862=CARTESIAN_POINT('',(0.00108676721955589,-0.004,0.0119297951345637));
#3863=CARTESIAN_POINT('',(0.0010810298158632,-0.004,0.0119787966105912));
#3864=CARTESIAN_POINT('',(0.00107367393661604,-0.004,0.0120323283894624));
#3865=CARTESIAN_POINT('',(0.00106451635664531,-0.004,0.0120903436775545));
#3866=CARTESIAN_POINT('',(0.00105337509632913,-0.004,0.0121527898931986));
#3867=CARTESIAN_POINT('',(0.00104006959964514,-0.004,0.0122196090600447));
#3868=CARTESIAN_POINT('',(0.00102442087146418,-0.004,0.012290737738534));
#3869=CARTESIAN_POINT('',(0.00100625162535617,-0.004,0.0123661070946214));
#3870=CARTESIAN_POINT('',(0.000985386427235989,-0.004,0.0124456429346351));
#3871=CARTESIAN_POINT('',(0.00096165183862523,-0.004,0.0125292657546335));
#3872=CARTESIAN_POINT('',(0.000934876559379803,-0.004,0.0126168907903059));
#3873=CARTESIAN_POINT('',(0.000904891565803156,-0.004,0.0127084280718665));
#3874=CARTESIAN_POINT('',(0.000871530260724878,-0.004,0.0128037824802388));
#3875=CARTESIAN_POINT('',(0.000834628570640373,-0.004,0.0129028538147175));
#3876=CARTESIAN_POINT('',(0.000794025240313054,-0.004,0.0130055368336216));
#3877=CARTESIAN_POINT('',(0.000749561358587123,-0.004,0.0131117214158715));
#3878=CARTESIAN_POINT('',(0.000701082836756825,-0.004,0.0132212922735701));
#3879=CARTESIAN_POINT('',(0.000648431523748496,-0.004,0.0133341304077481));
#3880=CARTESIAN_POINT('',(0.00059147996304326,-0.004,0.0134501078841384));
#3881=CARTESIAN_POINT('',(0.000529998675676835,-0.004,0.013569108257735));
#3882=CARTESIAN_POINT('',(0.000477024914463509,-0.004,0.0136671490971021));
#3883=CARTESIAN_POINT('',(0.000444088352998337,-0.004,0.0137255467751397));
#3884=CARTESIAN_POINT('',(0.00043409032037222,-0.004,0.0137431461315726));
#3885=CARTESIAN_POINT('',(-0.00102055920239311,-0.004,0.0108897826040932));
#3886=CARTESIAN_POINT('',(-0.00105668702242542,-0.004,0.0112723316327994));
#3887=CARTESIAN_POINT('',(-0.00109618266791444,-0.004,0.0116905417768501));
#3888=CARTESIAN_POINT('',(-0.00109658885366551,-0.004,0.0117034812263799));
#3889=CARTESIAN_POINT('',(-0.00109724070229242,-0.004,0.0117168644285583));
#3890=CARTESIAN_POINT('',(-0.00109757620138781,-0.004,0.0117327191250905));
#3891=CARTESIAN_POINT('',(-0.00109766505841085,-0.004,0.0117540484245035));
#3892=CARTESIAN_POINT('',(-0.00109723214649209,-0.004,0.0117798272415748));
#3893=CARTESIAN_POINT('',(-0.00109611744539966,-0.004,0.0118103652450258));
#3894=CARTESIAN_POINT('',(-0.00109412500996622,-0.004,0.0118455431331427));
#3895=CARTESIAN_POINT('',(-0.00109107057911072,-0.004,0.0118853662050858));
#3896=CARTESIAN_POINT('',(-0.00108676721955591,-0.004,0.0119297951345637));
#3897=CARTESIAN_POINT('',(-0.00108102981586322,-0.004,0.0119787966105912));
#3898=CARTESIAN_POINT('',(-0.00107367393661606,-0.004,0.0120323283894624));
#3899=CARTESIAN_POINT('',(-0.00106451635664533,-0.004,0.0120903436775545));
#3900=CARTESIAN_POINT('',(-0.00105337509632915,-0.004,0.0121527898931986));
#3901=CARTESIAN_POINT('',(-0.00104006959964516,-0.004,0.0122196090600447));
#3902=CARTESIAN_POINT('',(-0.0010244208714642,-0.004,0.012290737738534));
#3903=CARTESIAN_POINT('',(-0.00100625162535619,-0.004,0.0123661070946214));
#3904=CARTESIAN_POINT('',(-0.00098538642723601,-0.004,0.0124456429346351));
#3905=CARTESIAN_POINT('',(-0.000961651838625252,-0.004,0.0125292657546335));
#3906=CARTESIAN_POINT('',(-0.000934876559379824,-0.004,0.0126168907903059));
#3907=CARTESIAN_POINT('',(-0.000904891565803176,-0.004,0.0127084280718665));
#3908=CARTESIAN_POINT('',(-0.000871530260724899,-0.004,0.0128037824802388));
#3909=CARTESIAN_POINT('',(-0.000834628570640394,-0.004,0.0129028538147175));
#3910=CARTESIAN_POINT('',(-0.000794025240313075,-0.004,0.0130055368336216));
#3911=CARTESIAN_POINT('',(-0.000749561358587145,-0.004,0.0131117214158715));
#3912=CARTESIAN_POINT('',(-0.000701082836756847,-0.004,0.0132212922735701));
#3913=CARTESIAN_POINT('',(-0.000648431523748517,-0.004,0.0133341304077481));
#3914=CARTESIAN_POINT('',(-0.000591479963043282,-0.004,0.0134501078841384));
#3915=CARTESIAN_POINT('',(-0.000529998675676858,-0.004,0.013569108257735));
#3916=CARTESIAN_POINT('',(-0.000477024914463533,-0.004,0.0136671490971021));
#3917=CARTESIAN_POINT('',(-0.00044408835299836,-0.004,0.0137255467751397));
#3918=CARTESIAN_POINT('',(-0.000434090320372243,-0.004,0.0137431461315726));
#3919=CARTESIAN_POINT('',(-0.00106605164972487,-0.004,0.0113720716801717));
#3920=CARTESIAN_POINT('',(-0.00155887724651239,-0.004,0.0113257214963322));
#3921=CARTESIAN_POINT('',(-0.00149138152359595,-0.004,0.0108353443600597));
#3922=CARTESIAN_POINT('',(-4.87435520523254E-18,-0.004,3.87457859809021E-17));
#3923=CARTESIAN_POINT('',(-0.00192991743086507,-0.004,0.0107658870958246));
#3924=CARTESIAN_POINT('',(-0.00201726005252448,-0.004,0.0112531207921476));
#3925=CARTESIAN_POINT('',(-0.0025002880422451,-0.004,0.0111449109518493));
#3926=CARTESIAN_POINT('',(-0.00239451841001254,-0.004,0.0106721688439656));
#3927=CARTESIAN_POINT('',(-0.00247837296240313,-0.004,0.0110471587008788));
#3928=CARTESIAN_POINT('',(-0.00257004441312715,-0.004,0.0114571050092188));
#3929=CARTESIAN_POINT('',(-0.00257365661732433,-0.004,0.0114695366753113));
#3930=CARTESIAN_POINT('',(-0.00257717230935238,-0.004,0.0114824662892555));
#3931=CARTESIAN_POINT('',(-0.00258175260142058,-0.004,0.0114976486766284));
#3932=CARTESIAN_POINT('',(-0.00258825920936652,-0.004,0.0115179615041533));
#3933=CARTESIAN_POINT('',(-0.00259663702563776,-0.004,0.0115423448389714));
#3934=CARTESIAN_POINT('',(-0.00260713393141609,-0.004,0.0115710437445669));
#3935=CARTESIAN_POINT('',(-0.00261989941537271,-0.004,0.0116038842078809));
#3936=CARTESIAN_POINT('',(-0.00263511035774004,-0.004,0.0116408143289088));
#3937=CARTESIAN_POINT('',(-0.00265293239013715,-0.004,0.0116817389405654));
#3938=CARTESIAN_POINT('',(-0.00267353127414766,-0.004,0.0117265691584049));
#3939=CARTESIAN_POINT('',(-0.00269706936044906,-0.004,0.0117752078138332));
#3940=CARTESIAN_POINT('',(-0.00272370644650775,-0.004,0.0118275537837796));
#3941=CARTESIAN_POINT('',(-0.00275359935659961,-0.004,0.0118835008253094));
#3942=CARTESIAN_POINT('',(-0.0027869018940289,-0.004,0.0119429380047579));
#3943=CARTESIAN_POINT('',(-0.00282376468937775,-0.004,0.0120057496749823));
#3944=CARTESIAN_POINT('',(-0.00286433508117104,-0.004,0.0120718155863959));
#3945=CARTESIAN_POINT('',(-0.00290875699003315,-0.004,0.0121410109645098));
#3946=CARTESIAN_POINT('',(-0.00295717079769005,-0.004,0.012213206601145));
#3947=CARTESIAN_POINT('',(-0.00300971322664752,-0.004,0.0122882689459959));
#3948=CARTESIAN_POINT('',(-0.00306651722580078,-0.004,0.0123660602015166));
#3949=CARTESIAN_POINT('',(-0.00312771184506319,-0.004,0.0124464384227328));
#3950=CARTESIAN_POINT('',(-0.0031934221638897,-0.004,0.0125292576116096));
#3951=CARTESIAN_POINT('',(-0.00326376902365585,-0.004,0.0126143678467518));
#3952=CARTESIAN_POINT('',(-0.0033388695285669,-0.004,0.0127016152905415));
#3953=CARTESIAN_POINT('',(-0.0034188345997711,-0.004,0.0127908426816441));
#3954=CARTESIAN_POINT('',(-0.00350377787517372,-0.004,0.0128818879739449));
#3955=CARTESIAN_POINT('',(-0.00359378103926494,-0.004,0.0129745901084953));
#3956=CARTESIAN_POINT('',(-0.00368902635602329,-0.004,0.0130687674266136));
#3957=CARTESIAN_POINT('',(-0.00376970368232511,-0.004,0.0131456400132859));
#3958=CARTESIAN_POINT('',(-0.00381907408867659,-0.004,0.013191001548291));
#3959=CARTESIAN_POINT('',(-0.0038340212829836,-0.004,0.0132046499689173));
#3960=CARTESIAN_POINT('',(-0.00433573736941442,-0.004,0.0100414285693552));
#3961=CARTESIAN_POINT('',(-0.00448831111912755,-0.004,0.010394090205549));
#3962=CARTESIAN_POINT('',(-0.0046551077518668,-0.004,0.0107796268625691));
#3963=CARTESIAN_POINT('',(-0.00465949256727474,-0.004,0.0107918074920618));
#3964=CARTESIAN_POINT('',(-0.00466424814907131,-0.004,0.010804334241399));
#3965=CARTESIAN_POINT('',(-0.00466946659834129,-0.004,0.0108193092789278));
#3966=CARTESIAN_POINT('',(-0.00467614222238879,-0.004,0.0108395671897923));
#3967=CARTESIAN_POINT('',(-0.0046836965912574,-0.004,0.0108642180788903));
#3968=CARTESIAN_POINT('',(-0.00469207320956036,-0.004,0.0108936059076482));
#3969=CARTESIAN_POINT('',(-0.00470104885611244,-0.004,0.0109276777637805));
#3970=CARTESIAN_POINT('',(-0.00471044992574237,-0.004,0.0109664956268933));
#3971=CARTESIAN_POINT('',(-0.00472008648184637,-0.004,0.0110100798610206));
#3972=CARTESIAN_POINT('',(-0.00472977217551978,-0.004,0.0110584559893493));
#3973=CARTESIAN_POINT('',(-0.004739318548039,-0.004,0.0111116408281696));
#3974=CARTESIAN_POINT('',(-0.00474853688188837,-0.004,0.0111696464937926));
#3975=CARTESIAN_POINT('',(-0.00475723785553333,-0.004,0.0112324792128753));
#3976=CARTESIAN_POINT('',(-0.00476523183431492,-0.004,0.0113001396415117));
#3977=CARTESIAN_POINT('',(-0.0047723289798473,-0.004,0.0113726227576327));
#3978=CARTESIAN_POINT('',(-0.0047783394118262,-0.004,0.0114499178806909));
#3979=CARTESIAN_POINT('',(-0.00478307335541634,-0.004,0.0115320086604251));
#3980=CARTESIAN_POINT('',(-0.00478634129275355,-0.004,0.0116188730795307));
#3981=CARTESIAN_POINT('',(-0.00478795411410706,-0.004,0.0117104834570136));
#3982=CARTESIAN_POINT('',(-0.00478772326619603,-0.004,0.0118068064577172));
#3983=CARTESIAN_POINT('',(-0.00478546091228483,-0.004,0.0119078030993808));
#3984=CARTESIAN_POINT('',(-0.00478098004547699,-0.004,0.0120134287869721));
#3985=CARTESIAN_POINT('',(-0.00477409478146098,-0.004,0.012123633260313));
#3986=CARTESIAN_POINT('',(-0.00476461995746158,-0.004,0.0122383608942811));
#3987=CARTESIAN_POINT('',(-0.00475237340049165,-0.004,0.0123575496595992));
#3988=CARTESIAN_POINT('',(-0.00473716792723814,-0.004,0.0124811352528915));
#3989=CARTESIAN_POINT('',(-0.00471884278548558,-0.004,0.01260903538767));
#3990=CARTESIAN_POINT('',(-0.00469714374428382,-0.004,0.0127412102310529));
#3991=CARTESIAN_POINT('',(-0.00467705898899645,-0.004,0.0128508224026669));
#3992=CARTESIAN_POINT('',(-0.00466378033253631,-0.004,0.0129165398521301));
#3993=CARTESIAN_POINT('',(-0.00465971013868492,-0.004,0.01293636739674));
#3994=CARTESIAN_POINT('',(-0.00452803877860115,-0.004,0.0104860547985564));
#3995=CARTESIAN_POINT('',(-0.00498242077932418,-0.004,0.0102896816695141));
#3996=CARTESIAN_POINT('',(-0.0047666936634613,-0.004,0.00984416262404873));
#3997=CARTESIAN_POINT('',(-1.6608893609187E-17,-0.004,3.53431736410775E-17));
#3998=CARTESIAN_POINT('',(-0.00516230262066758,-0.004,0.00964258979230417));
#3999=CARTESIAN_POINT('',(-0.00539593388254299,-0.004,0.0100789862197247));
#4000=CARTESIAN_POINT('',(-0.00582188212010895,-0.004,0.00982680868839928));
#4001=CARTESIAN_POINT('',(-0.00557520387685535,-0.004,0.00940988884001809));
#4002=CARTESIAN_POINT('',(-0.00577083253383184,-0.004,0.00974061290523555));
#4003=CARTESIAN_POINT('',(-0.00598469764045948,-0.004,0.0101021669769407));
#4004=CARTESIAN_POINT('',(-0.00599197464689039,-0.004,0.0101128739615023));
#4005=CARTESIAN_POINT('',(-0.00599931373914241,-0.004,0.0101240843465135));
#4006=CARTESIAN_POINT('',(-0.00600836147147382,-0.004,0.0101371082668691));
#4007=CARTESIAN_POINT('',(-0.00602082663226879,-0.004,0.01015441626142));
#4008=CARTESIAN_POINT('',(-0.00603632927386419,-0.004,0.0101750173032842));
#4009=CARTESIAN_POINT('',(-0.00605518087405458,-0.004,0.0101990678621875));
#4010=CARTESIAN_POINT('',(-0.00607746983202236,-0.004,0.0102263562473364));
#4011=CARTESIAN_POINT('',(-0.00610334833288173,-0.004,0.0102567784398956));
#4012=CARTESIAN_POINT('',(-0.00613294449341673,-0.004,0.0102901927476035));
#4013=CARTESIAN_POINT('',(-0.00616638849545725,-0.004,0.0103264634131822));
#4014=CARTESIAN_POINT('',(-0.00620380471692621,-0.004,0.0103654478546889));
#4015=CARTESIAN_POINT('',(-0.00624531388549794,-0.004,0.0104070005182355));
#4016=CARTESIAN_POINT('',(-0.00629103231904953,-0.004,0.0104509718994202));
#4017=CARTESIAN_POINT('',(-0.00634107201282812,-0.004,0.0104972089662234));
#4018=CARTESIAN_POINT('',(-0.00639554048809791,-0.004,0.0105455551842668));
#4019=CARTESIAN_POINT('',(-0.00645454071295722,-0.004,0.010595850659289));
#4020=CARTESIAN_POINT('',(-0.00651817100661619,-0.004,0.0106479322497808));
#4021=CARTESIAN_POINT('',(-0.00658652495250695,-0.004,0.0107016336911224));
#4022=CARTESIAN_POINT('',(-0.00665969131214549,-0.004,0.0107567857198476));
#4023=CARTESIAN_POINT('',(-0.00673775394566149,-0.004,0.0108132161992346));
#4024=CARTESIAN_POINT('',(-0.00682079172340664,-0.004,0.0108707502529741));
#4025=CARTESIAN_POINT('',(-0.00690887848713771,-0.004,0.0109292103770065));
#4026=CARTESIAN_POINT('',(-0.00700208283557339,-0.004,0.0109884166455732));
#4027=CARTESIAN_POINT('',(-0.00710046860299288,-0.004,0.0110481865632158));
#4028=CARTESIAN_POINT('',(-0.00720409268525209,-0.004,0.0111083362889975));
#4029=CARTESIAN_POINT('',(-0.007313013083418,-0.004,0.0111686765918609));
#4030=CARTESIAN_POINT('',(-0.00742725771410503,-0.004,0.0112290290537478));
#4031=CARTESIAN_POINT('',(-0.00754694378503787,-0.004,0.0112891645843184));
#4032=CARTESIAN_POINT('',(-0.00764742741761778,-0.004,0.0113373440939096));
#4033=CARTESIAN_POINT('',(-0.00770839894949802,-0.004,0.0113652291827836));
#4034=CARTESIAN_POINT('',(-0.00772683216996394,-0.004,0.0113735906650983));
#4035=CARTESIAN_POINT('',(-0.00722650335385887,-0.004,0.00821014954350203));
#4036=CARTESIAN_POINT('',(-0.00748058805158708,-0.004,0.00849840280909454));
#4037=CARTESIAN_POINT('',(-0.00775835845502356,-0.004,0.00881352696490327));
#4038=CARTESIAN_POINT('',(-0.00776629268380544,-0.004,0.00882375644947656));
#4039=CARTESIAN_POINT('',(-0.00777468648929133,-0.004,0.00883420054046848));
#4040=CARTESIAN_POINT('',(-0.00778427707056229,-0.004,0.00884683005798323));
#4041=CARTESIAN_POINT('',(-0.00779688600504067,-0.004,0.00886403359483873));
#4042=CARTESIAN_POINT('',(-0.00781168818043739,-0.004,0.0088851435551857));
#4043=CARTESIAN_POINT('',(-0.00782873615637292,-0.004,0.00891050452381468));
#4044=CARTESIAN_POINT('',(-0.00784780128608901,-0.004,0.00894013515729143));
#4045=CARTESIAN_POINT('',(-0.00786873761400788,-0.004,0.00897414804867261));
#4046=CARTESIAN_POINT('',(-0.0078913707925174,-0.004,0.00901262125894375));
#4047=CARTESIAN_POINT('',(-0.00791553148037597,-0.004,0.00905563664707649));
#4048=CARTESIAN_POINT('',(-0.00794104563920588,-0.004,0.00910326844326149));
#4049=CARTESIAN_POINT('',(-0.00796773753213027,-0.004,0.00915558648771507));
#4050=CARTESIAN_POINT('',(-0.00799542902781277,-0.004,0.00921265520591131));
#4051=CARTESIAN_POINT('',(-0.00802393997571947,-0.004,0.00927453382216511));
#4052=CARTESIAN_POINT('',(-0.00805308827691175,-0.004,0.00934127622349225));
#4053=CARTESIAN_POINT('',(-0.00808269004401834,-0.004,0.0094129309283296));
#4054=CARTESIAN_POINT('',(-0.00811255973793687,-0.004,0.00948954103030378));
#4055=CARTESIAN_POINT('',(-0.00814251031274642,-0.004,0.00957114415395465));
#4056=CARTESIAN_POINT('',(-0.00817235336050759,-0.004,0.00965777241121284));
#4057=CARTESIAN_POINT('',(-0.00820189925526413,-0.004,0.0097494523646287));
#4058=CARTESIAN_POINT('',(-0.00823095730748357,-0.004,0.00984620498461267));
#4059=CARTESIAN_POINT('',(-0.0082593358824156,-0.004,0.00994804564707773));
#4060=CARTESIAN_POINT('',(-0.00828684266232523,-0.004,0.0100549839931652));
#4061=CARTESIAN_POINT('',(-0.00831328435784041,-0.004,0.0101670243386841));
#4062=CARTESIAN_POINT('',(-0.00833846854405385,-0.004,0.0102841639848354));
#4063=CARTESIAN_POINT('',(-0.00836219732821996,-0.004,0.0104063996182991));
#4064=CARTESIAN_POINT('',(-0.00838429239797358,-0.004,0.0105337026551411));
#4065=CARTESIAN_POINT('',(-0.00840449965627544,-0.004,0.0106661137737236));
#4066=CARTESIAN_POINT('',(-0.00841926994270027,-0.004,0.0107765676745141));
#4067=CARTESIAN_POINT('',(-0.00842694899865731,-0.004,0.010843172013569));
#4068=CARTESIAN_POINT('',(-0.00842920506251354,-0.004,0.0108632868881428));
#4069=CARTESIAN_POINT('',(-0.00754678992312667,-0.004,0.00857358981261862));
#4070=CARTESIAN_POINT('',(-0.00791825025168888,-0.004,0.00824641610845615));
#4071=CARTESIAN_POINT('',(-0.00757540861603942,-0.004,0.00788936566208183));
#4072=CARTESIAN_POINT('',(-2.67176377857078E-17,-0.004,2.84809252148937E-17));
#4073=CARTESIAN_POINT('',(-0.00788936566208184,-0.004,0.00757540861603941));
#4074=CARTESIAN_POINT('',(-0.00824641610845615,-0.004,0.00791825025168885));
#4075=CARTESIAN_POINT('',(-0.00857358981261862,-0.004,0.00754678992312665));
#4076=CARTESIAN_POINT('',(-0.00821014954350204,-0.004,0.00722650335385886));
#4077=CARTESIAN_POINT('',(-0.00849840280909455,-0.004,0.00748058805158706));
#4078=CARTESIAN_POINT('',(-0.00881352696490328,-0.004,0.00775835845502355));
#4079=CARTESIAN_POINT('',(-0.00882375644947657,-0.004,0.00776629268380543));
#4080=CARTESIAN_POINT('',(-0.00883420054046849,-0.004,0.00777468648929132));
#4081=CARTESIAN_POINT('',(-0.00884683005798324,-0.004,0.00778427707056227));
#4082=CARTESIAN_POINT('',(-0.00886403359483874,-0.004,0.00779688600504066));
#4083=CARTESIAN_POINT('',(-0.00888514355518571,-0.004,0.00781168818043738));
#4084=CARTESIAN_POINT('',(-0.0089105045238147,-0.004,0.00782873615637291));
#4085=CARTESIAN_POINT('',(-0.00894013515729144,-0.004,0.00784780128608899));
#4086=CARTESIAN_POINT('',(-0.00897414804867262,-0.004,0.00786873761400787));
#4087=CARTESIAN_POINT('',(-0.00901262125894376,-0.004,0.00789137079251738));
#4088=CARTESIAN_POINT('',(-0.0090556366470765,-0.004,0.00791553148037595));
#4089=CARTESIAN_POINT('',(-0.0091032684432615,-0.004,0.00794104563920587));
#4090=CARTESIAN_POINT('',(-0.00915558648771508,-0.004,0.00796773753213026));
#4091=CARTESIAN_POINT('',(-0.00921265520591132,-0.004,0.00799542902781275));
#4092=CARTESIAN_POINT('',(-0.00927453382216512,-0.004,0.00802393997571946));
#4093=CARTESIAN_POINT('',(-0.00934127622349226,-0.004,0.00805308827691174));
#4094=CARTESIAN_POINT('',(-0.00941293092832961,-0.004,0.00808269004401832));
#4095=CARTESIAN_POINT('',(-0.0094895410303038,-0.004,0.00811255973793685));
#4096=CARTESIAN_POINT('',(-0.00957114415395467,-0.004,0.0081425103127464));
#4097=CARTESIAN_POINT('',(-0.00965777241121285,-0.004,0.00817235336050757));
#4098=CARTESIAN_POINT('',(-0.00974945236462871,-0.004,0.00820189925526411));
#4099=CARTESIAN_POINT('',(-0.00984620498461269,-0.004,0.00823095730748355));
#4100=CARTESIAN_POINT('',(-0.00994804564707775,-0.004,0.00825933588241558));
#4101=CARTESIAN_POINT('',(-0.0100549839931652,-0.004,0.00828684266232522));
#4102=CARTESIAN_POINT('',(-0.0101670243386841,-0.004,0.00831328435784039));
#4103=CARTESIAN_POINT('',(-0.0102841639848354,-0.004,0.00833846854405383));
#4104=CARTESIAN_POINT('',(-0.0104063996182991,-0.004,0.00836219732821995));
#4105=CARTESIAN_POINT('',(-0.0105337026551411,-0.004,0.00838429239797356));
#4106=CARTESIAN_POINT('',(-0.0106661137737237,-0.004,0.00840449965627542));
#4107=CARTESIAN_POINT('',(-0.0107765676745141,-0.004,0.00841926994270025));
#4108=CARTESIAN_POINT('',(-0.010843172013569,-0.004,0.00842694899865729));
#4109=CARTESIAN_POINT('',(-0.0108632868881428,-0.004,0.00842920506251352));
#4110=CARTESIAN_POINT('',(-0.0094098888400181,-0.004,0.00557520387685534));
#4111=CARTESIAN_POINT('',(-0.00974061290523556,-0.004,0.00577083253383182));
#4112=CARTESIAN_POINT('',(-0.0101021669769407,-0.004,0.00598469764045946));
#4113=CARTESIAN_POINT('',(-0.0101128739615023,-0.004,0.00599197464689037));
#4114=CARTESIAN_POINT('',(-0.0101240843465135,-0.004,0.0059993137391424));
#4115=CARTESIAN_POINT('',(-0.0101371082668691,-0.004,0.0060083614714738));
#4116=CARTESIAN_POINT('',(-0.01015441626142,-0.004,0.00602082663226877));
#4117=CARTESIAN_POINT('',(-0.0101750173032842,-0.004,0.00603632927386418));
#4118=CARTESIAN_POINT('',(-0.0101990678621875,-0.004,0.00605518087405456));
#4119=CARTESIAN_POINT('',(-0.0102263562473364,-0.004,0.00607746983202234));
#4120=CARTESIAN_POINT('',(-0.0102567784398956,-0.004,0.00610334833288171));
#4121=CARTESIAN_POINT('',(-0.0102901927476035,-0.004,0.00613294449341671));
#4122=CARTESIAN_POINT('',(-0.0103264634131822,-0.004,0.00616638849545723));
#4123=CARTESIAN_POINT('',(-0.0103654478546889,-0.004,0.0062038047169262));
#4124=CARTESIAN_POINT('',(-0.0104070005182355,-0.004,0.00624531388549792));
#4125=CARTESIAN_POINT('',(-0.0104509718994202,-0.004,0.00629103231904951));
#4126=CARTESIAN_POINT('',(-0.0104972089662234,-0.004,0.0063410720128281));
#4127=CARTESIAN_POINT('',(-0.0105455551842668,-0.004,0.00639554048809789));
#4128=CARTESIAN_POINT('',(-0.010595850659289,-0.004,0.0064545407129572));
#4129=CARTESIAN_POINT('',(-0.0106479322497808,-0.004,0.00651817100661618));
#4130=CARTESIAN_POINT('',(-0.0107016336911224,-0.004,0.00658652495250693));
#4131=CARTESIAN_POINT('',(-0.0107567857198476,-0.004,0.00665969131214547));
#4132=CARTESIAN_POINT('',(-0.0108132161992346,-0.004,0.00673775394566148));
#4133=CARTESIAN_POINT('',(-0.0108707502529741,-0.004,0.00682079172340662));
#4134=CARTESIAN_POINT('',(-0.0109292103770065,-0.004,0.0069088784871377));
#4135=CARTESIAN_POINT('',(-0.0109884166455732,-0.004,0.00700208283557337));
#4136=CARTESIAN_POINT('',(-0.0110481865632158,-0.004,0.00710046860299286));
#4137=CARTESIAN_POINT('',(-0.0111083362889975,-0.004,0.00720409268525207));
#4138=CARTESIAN_POINT('',(-0.0111686765918609,-0.004,0.00731301308341798));
#4139=CARTESIAN_POINT('',(-0.0112290290537478,-0.004,0.00742725771410502));
#4140=CARTESIAN_POINT('',(-0.0112891645843184,-0.004,0.00754694378503785));
#4141=CARTESIAN_POINT('',(-0.0113373440939096,-0.004,0.00764742741761776));
#4142=CARTESIAN_POINT('',(-0.0113652291827836,-0.004,0.007708398949498));
#4143=CARTESIAN_POINT('',(-0.0113735906650983,-0.004,0.00772683216996392));
#4144=CARTESIAN_POINT('',(-0.0098268086883993,-0.004,0.00582188212010894));
#4145=CARTESIAN_POINT('',(-0.0100789862197247,-0.004,0.00539593388254298));
#4146=CARTESIAN_POINT('',(-0.00964258979230418,-0.004,0.00516230262066757));
#4147=CARTESIAN_POINT('',(-3.42110734230351E-17,-0.004,1.88307653904016E-17));
#4148=CARTESIAN_POINT('',(-0.00984416262404874,-0.004,0.00476669366346128));
#4149=CARTESIAN_POINT('',(-0.0102896816695141,-0.004,0.00498242077932415));
#4150=CARTESIAN_POINT('',(-0.0104860547985564,-0.004,0.00452803877860113));
#4151=CARTESIAN_POINT('',(-0.0100414285693552,-0.004,0.0043357373694144));
#4152=CARTESIAN_POINT('',(-0.010394090205549,-0.004,0.00448831111912753));
#4153=CARTESIAN_POINT('',(-0.0107796268625691,-0.004,0.00465510775186678));
#4154=CARTESIAN_POINT('',(-0.0107918074920618,-0.004,0.00465949256727472));
#4155=CARTESIAN_POINT('',(-0.010804334241399,-0.004,0.00466424814907129));
#4156=CARTESIAN_POINT('',(-0.0108193092789278,-0.004,0.00466946659834128));
#4157=CARTESIAN_POINT('',(-0.0108395671897923,-0.004,0.00467614222238878));
#4158=CARTESIAN_POINT('',(-0.0108642180788903,-0.004,0.00468369659125738));
#4159=CARTESIAN_POINT('',(-0.0108936059076482,-0.004,0.00469207320956034));
#4160=CARTESIAN_POINT('',(-0.0109276777637805,-0.004,0.00470104885611242));
#4161=CARTESIAN_POINT('',(-0.0109664956268933,-0.004,0.00471044992574235));
#4162=CARTESIAN_POINT('',(-0.0110100798610207,-0.004,0.00472008648184635));
#4163=CARTESIAN_POINT('',(-0.0110584559893494,-0.004,0.00472977217551977));
#4164=CARTESIAN_POINT('',(-0.0111116408281696,-0.004,0.00473931854803898));
#4165=CARTESIAN_POINT('',(-0.0111696464937926,-0.004,0.00474853688188835));
#4166=CARTESIAN_POINT('',(-0.0112324792128753,-0.004,0.00475723785553331));
#4167=CARTESIAN_POINT('',(-0.0113001396415117,-0.004,0.00476523183431491));
#4168=CARTESIAN_POINT('',(-0.0113726227576327,-0.004,0.00477232897984728));
#4169=CARTESIAN_POINT('',(-0.0114499178806909,-0.004,0.00477833941182619));
#4170=CARTESIAN_POINT('',(-0.0115320086604251,-0.004,0.00478307335541633));
#4171=CARTESIAN_POINT('',(-0.0116188730795308,-0.004,0.00478634129275353));
#4172=CARTESIAN_POINT('',(-0.0117104834570136,-0.004,0.00478795411410704));
#4173=CARTESIAN_POINT('',(-0.0118068064577172,-0.004,0.00478772326619601));
#4174=CARTESIAN_POINT('',(-0.0119078030993808,-0.004,0.00478546091228481));
#4175=CARTESIAN_POINT('',(-0.0120134287869721,-0.004,0.00478098004547698));
#4176=CARTESIAN_POINT('',(-0.012123633260313,-0.004,0.00477409478146096));
#4177=CARTESIAN_POINT('',(-0.0122383608942811,-0.004,0.00476461995746156));
#4178=CARTESIAN_POINT('',(-0.0123575496595992,-0.004,0.00475237340049164));
#4179=CARTESIAN_POINT('',(-0.0124811352528915,-0.004,0.00473716792723812));
#4180=CARTESIAN_POINT('',(-0.01260903538767,-0.004,0.00471884278548556));
#4181=CARTESIAN_POINT('',(-0.0127412102310529,-0.004,0.0046971437442838));
#4182=CARTESIAN_POINT('',(-0.0128508224026669,-0.004,0.00467705898899644));
#4183=CARTESIAN_POINT('',(-0.0129165398521301,-0.004,0.00466378033253629));
#4184=CARTESIAN_POINT('',(-0.01293636739674,-0.004,0.00465971013868491));
#4185=CARTESIAN_POINT('',(-0.0106721688439656,-0.004,0.00239451841001252));
#4186=CARTESIAN_POINT('',(-0.0110471587008788,-0.004,0.00247837296240311));
#4187=CARTESIAN_POINT('',(-0.0114571050092188,-0.004,0.00257004441312713));
#4188=CARTESIAN_POINT('',(-0.0114695366753113,-0.004,0.00257365661732432));
#4189=CARTESIAN_POINT('',(-0.0114824662892555,-0.004,0.00257717230935235));
#4190=CARTESIAN_POINT('',(-0.0114976486766284,-0.004,0.00258175260142056));
#4191=CARTESIAN_POINT('',(-0.0115179615041533,-0.004,0.0025882592093665));
#4192=CARTESIAN_POINT('',(-0.0115423448389714,-0.004,0.00259663702563775));
#4193=CARTESIAN_POINT('',(-0.0115710437445669,-0.004,0.00260713393141607));
#4194=CARTESIAN_POINT('',(-0.0116038842078809,-0.004,0.00261989941537269));
#4195=CARTESIAN_POINT('',(-0.0116408143289088,-0.004,0.00263511035774001));
#4196=CARTESIAN_POINT('',(-0.0116817389405654,-0.004,0.00265293239013714));
#4197=CARTESIAN_POINT('',(-0.0117265691584049,-0.004,0.00267353127414764));
#4198=CARTESIAN_POINT('',(-0.0117752078138332,-0.004,0.00269706936044905));
#4199=CARTESIAN_POINT('',(-0.0118275537837796,-0.004,0.00272370644650773));
#4200=CARTESIAN_POINT('',(-0.0118835008253094,-0.004,0.00275359935659959));
#4201=CARTESIAN_POINT('',(-0.0119429380047579,-0.004,0.00278690189402888));
#4202=CARTESIAN_POINT('',(-0.0120057496749823,-0.004,0.00282376468937773));
#4203=CARTESIAN_POINT('',(-0.0120718155863959,-0.004,0.00286433508117102));
#4204=CARTESIAN_POINT('',(-0.0121410109645098,-0.004,0.00290875699003313));
#4205=CARTESIAN_POINT('',(-0.012213206601145,-0.004,0.00295717079769003));
#4206=CARTESIAN_POINT('',(-0.0122882689459959,-0.004,0.00300971322664751));
#4207=CARTESIAN_POINT('',(-0.0123660602015166,-0.004,0.00306651722580076));
#4208=CARTESIAN_POINT('',(-0.0124464384227328,-0.004,0.00312771184506317));
#4209=CARTESIAN_POINT('',(-0.0125292576116096,-0.004,0.00319342216388968));
#4210=CARTESIAN_POINT('',(-0.0126143678467518,-0.004,0.00326376902365583));
#4211=CARTESIAN_POINT('',(-0.0127016152905415,-0.004,0.00333886952856688));
#4212=CARTESIAN_POINT('',(-0.0127908426816441,-0.004,0.00341883459977108));
#4213=CARTESIAN_POINT('',(-0.0128818879739449,-0.004,0.00350377787517369));
#4214=CARTESIAN_POINT('',(-0.0129745901084953,-0.004,0.00359378103926491));
#4215=CARTESIAN_POINT('',(-0.0130687674266136,-0.004,0.00368902635602327));
#4216=CARTESIAN_POINT('',(-0.0131456400132859,-0.004,0.00376970368232509));
#4217=CARTESIAN_POINT('',(-0.013191001548291,-0.004,0.00381907408867656));
#4218=CARTESIAN_POINT('',(-0.0132046499689173,-0.004,0.00383402128298358));
#4219=CARTESIAN_POINT('',(-0.0111449109518493,-0.004,0.00250028804224508));
#4220=CARTESIAN_POINT('',(-0.0112531207921476,-0.004,0.00201726005252446));
#4221=CARTESIAN_POINT('',(-0.0107658870958246,-0.004,0.00192991743086505));
#4222=CARTESIAN_POINT('',(-3.83556908311512E-17,-0.004,7.33731904783973E-18));
#4223=CARTESIAN_POINT('',(-0.0108353443600597,-0.004,0.00149138152359593));
#4224=CARTESIAN_POINT('',(-0.0113257214963322,-0.004,0.00155887724651237));
#4225=CARTESIAN_POINT('',(-0.0113720716801717,-0.004,0.00106605164972485));
#4226=CARTESIAN_POINT('',(-0.0108897826040932,-0.004,0.00102055920239309));
#4227=CARTESIAN_POINT('',(-0.0112723316327994,-0.004,0.0010566870224254));
#4228=CARTESIAN_POINT('',(-0.0116905417768501,-0.004,0.00109618266791442));
#4229=CARTESIAN_POINT('',(-0.0117034812263799,-0.004,0.00109658885366549));
#4230=CARTESIAN_POINT('',(-0.0117168644285583,-0.004,0.0010972407022924));
#4231=CARTESIAN_POINT('',(-0.0117327191250905,-0.004,0.0010975762013878));
#4232=CARTESIAN_POINT('',(-0.0117540484245035,-0.004,0.00109766505841083));
#4233=CARTESIAN_POINT('',(-0.0117798272415748,-0.004,0.00109723214649208));
#4234=CARTESIAN_POINT('',(-0.0118103652450258,-0.004,0.00109611744539964));
#4235=CARTESIAN_POINT('',(-0.0118455431331427,-0.004,0.0010941250099662));
#4236=CARTESIAN_POINT('',(-0.0118853662050858,-0.004,0.0010910705791107));
#4237=CARTESIAN_POINT('',(-0.0119297951345637,-0.004,0.00108676721955589));
#4238=CARTESIAN_POINT('',(-0.0119787966105912,-0.004,0.0010810298158632));
#4239=CARTESIAN_POINT('',(-0.0120323283894624,-0.004,0.00107367393661604));
#4240=CARTESIAN_POINT('',(-0.0120903436775545,-0.004,0.00106451635664531));
#4241=CARTESIAN_POINT('',(-0.0121527898931986,-0.004,0.00105337509632913));
#4242=CARTESIAN_POINT('',(-0.0122196090600447,-0.004,0.00104006959964514));
#4243=CARTESIAN_POINT('',(-0.012290737738534,-0.004,0.00102442087146418));
#4244=CARTESIAN_POINT('',(-0.0123661070946214,-0.004,0.00100625162535617));
#4245=CARTESIAN_POINT('',(-0.0124456429346351,-0.004,0.000985386427235989));
#4246=CARTESIAN_POINT('',(-0.0125292657546335,-0.004,0.000961651838625231));
#4247=CARTESIAN_POINT('',(-0.0126168907903059,-0.004,0.000934876559379803));
#4248=CARTESIAN_POINT('',(-0.0127084280718665,-0.004,0.000904891565803157));
#4249=CARTESIAN_POINT('',(-0.0128037824802388,-0.004,0.000871530260724879));
#4250=CARTESIAN_POINT('',(-0.0129028538147175,-0.004,0.000834628570640374));
#4251=CARTESIAN_POINT('',(-0.0130055368336216,-0.004,0.000794025240313055));
#4252=CARTESIAN_POINT('',(-0.0131117214158715,-0.004,0.000749561358587124));
#4253=CARTESIAN_POINT('',(-0.0132212922735702,-0.004,0.000701082836756826));
#4254=CARTESIAN_POINT('',(-0.0133341304077481,-0.004,0.000648431523748497));
#4255=CARTESIAN_POINT('',(-0.0134501078841384,-0.004,0.00059147996304326));
#4256=CARTESIAN_POINT('',(-0.013569108257735,-0.004,0.000529998675676836));
#4257=CARTESIAN_POINT('',(-0.0136671490971021,-0.004,0.00047702491446351));
#4258=CARTESIAN_POINT('',(-0.0137255467751397,-0.004,0.000444088352998337));
#4259=CARTESIAN_POINT('',(-0.0137431461315726,-0.004,0.000434090320372221));
#4260=CARTESIAN_POINT('',(-0.0108897826040932,-0.004,-0.00102055920239311));
#4261=CARTESIAN_POINT('',(-0.0112723316327994,-0.004,-0.00105668702242542));
#4262=CARTESIAN_POINT('',(-0.0116905417768501,-0.004,-0.00109618266791444));
#4263=CARTESIAN_POINT('',(-0.0117034812263799,-0.004,-0.00109658885366551));
#4264=CARTESIAN_POINT('',(-0.0117168644285583,-0.004,-0.00109724070229242));
#4265=CARTESIAN_POINT('',(-0.0117327191250905,-0.004,-0.00109757620138781));
#4266=CARTESIAN_POINT('',(-0.0117540484245035,-0.004,-0.00109766505841085));
#4267=CARTESIAN_POINT('',(-0.0117798272415748,-0.004,-0.00109723214649209));
#4268=CARTESIAN_POINT('',(-0.0118103652450258,-0.004,-0.00109611744539966));
#4269=CARTESIAN_POINT('',(-0.0118455431331427,-0.004,-0.00109412500996622));
#4270=CARTESIAN_POINT('',(-0.0118853662050858,-0.004,-0.00109107057911072));
#4271=CARTESIAN_POINT('',(-0.0119297951345637,-0.004,-0.00108676721955591));
#4272=CARTESIAN_POINT('',(-0.0119787966105912,-0.004,-0.00108102981586322));
#4273=CARTESIAN_POINT('',(-0.0120323283894624,-0.004,-0.00107367393661606));
#4274=CARTESIAN_POINT('',(-0.0120903436775545,-0.004,-0.00106451635664533));
#4275=CARTESIAN_POINT('',(-0.0121527898931986,-0.004,-0.00105337509632915));
#4276=CARTESIAN_POINT('',(-0.0122196090600447,-0.004,-0.00104006959964516));
#4277=CARTESIAN_POINT('',(-0.012290737738534,-0.004,-0.0010244208714642));
#4278=CARTESIAN_POINT('',(-0.0123661070946214,-0.004,-0.00100625162535619));
#4279=CARTESIAN_POINT('',(-0.0124456429346351,-0.004,-0.000985386427236009));
#4280=CARTESIAN_POINT('',(-0.0125292657546335,-0.004,-0.000961651838625251));
#4281=CARTESIAN_POINT('',(-0.0126168907903059,-0.004,-0.000934876559379823));
#4282=CARTESIAN_POINT('',(-0.0127084280718665,-0.004,-0.000904891565803176));
#4283=CARTESIAN_POINT('',(-0.0128037824802388,-0.004,-0.000871530260724899));
#4284=CARTESIAN_POINT('',(-0.0129028538147175,-0.004,-0.000834628570640393));
#4285=CARTESIAN_POINT('',(-0.0130055368336216,-0.004,-0.000794025240313075));
#4286=CARTESIAN_POINT('',(-0.0131117214158715,-0.004,-0.000749561358587145));
#4287=CARTESIAN_POINT('',(-0.0132212922735701,-0.004,-0.000701082836756846));
#4288=CARTESIAN_POINT('',(-0.0133341304077481,-0.004,-0.000648431523748517));
#4289=CARTESIAN_POINT('',(-0.0134501078841384,-0.004,-0.000591479963043281));
#4290=CARTESIAN_POINT('',(-0.013569108257735,-0.004,-0.000529998675676857));
#4291=CARTESIAN_POINT('',(-0.0136671490971021,-0.004,-0.000477024914463532));
#4292=CARTESIAN_POINT('',(-0.0137255467751397,-0.004,-0.000444088352998359));
#4293=CARTESIAN_POINT('',(-0.0137431461315726,-0.004,-0.000434090320372242));
#4294=CARTESIAN_POINT('',(-0.0113720716801717,-0.004,-0.00106605164972487));
#4295=CARTESIAN_POINT('',(-0.0113257214963322,-0.004,-0.00155887724651239));
#4296=CARTESIAN_POINT('',(-0.0108353443600597,-0.004,-0.00149138152359595));
#4297=CARTESIAN_POINT('',(-3.87457859809021E-17,-0.004,-4.87435520523254E-18));
#4298=CARTESIAN_POINT('',(-0.0107658870958246,-0.004,-0.00192991743086507));
#4299=CARTESIAN_POINT('',(-0.0112531207921476,-0.004,-0.00201726005252448));
#4300=CARTESIAN_POINT('',(-0.0111449109518493,-0.004,-0.0025002880422451));
#4301=CARTESIAN_POINT('',(-0.0106721688439656,-0.004,-0.00239451841001254));
#4302=CARTESIAN_POINT('',(-0.0110471587008788,-0.004,-0.00247837296240313));
#4303=CARTESIAN_POINT('',(-0.0114571050092188,-0.004,-0.00257004441312715));
#4304=CARTESIAN_POINT('',(-0.0114695366753113,-0.004,-0.00257365661732433));
#4305=CARTESIAN_POINT('',(-0.0114824662892555,-0.004,-0.00257717230935238));
#4306=CARTESIAN_POINT('',(-0.0114976486766284,-0.004,-0.00258175260142058));
#4307=CARTESIAN_POINT('',(-0.0115179615041533,-0.004,-0.00258825920936652));
#4308=CARTESIAN_POINT('',(-0.0115423448389714,-0.004,-0.00259663702563776));
#4309=CARTESIAN_POINT('',(-0.0115710437445669,-0.004,-0.00260713393141608));
#4310=CARTESIAN_POINT('',(-0.0116038842078809,-0.004,-0.00261989941537271));
#4311=CARTESIAN_POINT('',(-0.0116408143289088,-0.004,-0.00263511035774004));
#4312=CARTESIAN_POINT('',(-0.0116817389405654,-0.004,-0.00265293239013715));
#4313=CARTESIAN_POINT('',(-0.0117265691584049,-0.004,-0.00267353127414766));
#4314=CARTESIAN_POINT('',(-0.0117752078138332,-0.004,-0.00269706936044906));
#4315=CARTESIAN_POINT('',(-0.0118275537837796,-0.004,-0.00272370644650775));
#4316=CARTESIAN_POINT('',(-0.0118835008253094,-0.004,-0.00275359935659961));
#4317=CARTESIAN_POINT('',(-0.0119429380047579,-0.004,-0.00278690189402889));
#4318=CARTESIAN_POINT('',(-0.0120057496749823,-0.004,-0.00282376468937775));
#4319=CARTESIAN_POINT('',(-0.0120718155863959,-0.004,-0.00286433508117104));
#4320=CARTESIAN_POINT('',(-0.0121410109645098,-0.004,-0.00290875699003315));
#4321=CARTESIAN_POINT('',(-0.012213206601145,-0.004,-0.00295717079769005));
#4322=CARTESIAN_POINT('',(-0.0122882689459959,-0.004,-0.00300971322664752));
#4323=CARTESIAN_POINT('',(-0.0123660602015166,-0.004,-0.00306651722580078));
#4324=CARTESIAN_POINT('',(-0.0124464384227328,-0.004,-0.00312771184506319));
#4325=CARTESIAN_POINT('',(-0.0125292576116096,-0.004,-0.0031934221638897));
#4326=CARTESIAN_POINT('',(-0.0126143678467518,-0.004,-0.00326376902365585));
#4327=CARTESIAN_POINT('',(-0.0127016152905415,-0.004,-0.0033388695285669));
#4328=CARTESIAN_POINT('',(-0.0127908426816441,-0.004,-0.0034188345997711));
#4329=CARTESIAN_POINT('',(-0.0128818879739449,-0.004,-0.00350377787517372));
#4330=CARTESIAN_POINT('',(-0.0129745901084953,-0.004,-0.00359378103926494));
#4331=CARTESIAN_POINT('',(-0.0130687674266136,-0.004,-0.00368902635602329));
#4332=CARTESIAN_POINT('',(-0.0131456400132859,-0.004,-0.00376970368232511));
#4333=CARTESIAN_POINT('',(-0.013191001548291,-0.004,-0.00381907408867658));
#4334=CARTESIAN_POINT('',(-0.0132046499689173,-0.004,-0.0038340212829836));
#4335=CARTESIAN_POINT('',(-0.0100414285693552,-0.004,-0.00433573736941442));
#4336=CARTESIAN_POINT('',(-0.010394090205549,-0.004,-0.00448831111912755));
#4337=CARTESIAN_POINT('',(-0.0107796268625691,-0.004,-0.0046551077518668));
#4338=CARTESIAN_POINT('',(-0.0107918074920618,-0.004,-0.00465949256727474));
#4339=CARTESIAN_POINT('',(-0.010804334241399,-0.004,-0.00466424814907131));
#4340=CARTESIAN_POINT('',(-0.0108193092789278,-0.004,-0.00466946659834129));
#4341=CARTESIAN_POINT('',(-0.0108395671897923,-0.004,-0.00467614222238879));
#4342=CARTESIAN_POINT('',(-0.0108642180788903,-0.004,-0.00468369659125739));
#4343=CARTESIAN_POINT('',(-0.0108936059076482,-0.004,-0.00469207320956035));
#4344=CARTESIAN_POINT('',(-0.0109276777637805,-0.004,-0.00470104885611244));
#4345=CARTESIAN_POINT('',(-0.0109664956268933,-0.004,-0.00471044992574237));
#4346=CARTESIAN_POINT('',(-0.0110100798610206,-0.004,-0.00472008648184637));
#4347=CARTESIAN_POINT('',(-0.0110584559893493,-0.004,-0.00472977217551978));
#4348=CARTESIAN_POINT('',(-0.0111116408281696,-0.004,-0.004739318548039));
#4349=CARTESIAN_POINT('',(-0.0111696464937926,-0.004,-0.00474853688188836));
#4350=CARTESIAN_POINT('',(-0.0112324792128753,-0.004,-0.00475723785553333));
#4351=CARTESIAN_POINT('',(-0.0113001396415117,-0.004,-0.00476523183431492));
#4352=CARTESIAN_POINT('',(-0.0113726227576327,-0.004,-0.0047723289798473));
#4353=CARTESIAN_POINT('',(-0.0114499178806909,-0.004,-0.0047783394118262));
#4354=CARTESIAN_POINT('',(-0.0115320086604251,-0.004,-0.00478307335541634));
#4355=CARTESIAN_POINT('',(-0.0116188730795307,-0.004,-0.00478634129275355));
#4356=CARTESIAN_POINT('',(-0.0117104834570136,-0.004,-0.00478795411410706));
#4357=CARTESIAN_POINT('',(-0.0118068064577172,-0.004,-0.00478772326619603));
#4358=CARTESIAN_POINT('',(-0.0119078030993808,-0.004,-0.00478546091228482));
#4359=CARTESIAN_POINT('',(-0.0120134287869721,-0.004,-0.00478098004547699));
#4360=CARTESIAN_POINT('',(-0.012123633260313,-0.004,-0.00477409478146098));
#4361=CARTESIAN_POINT('',(-0.0122383608942811,-0.004,-0.00476461995746158));
#4362=CARTESIAN_POINT('',(-0.0123575496595992,-0.004,-0.00475237340049165));
#4363=CARTESIAN_POINT('',(-0.0124811352528915,-0.004,-0.00473716792723814));
#4364=CARTESIAN_POINT('',(-0.01260903538767,-0.004,-0.00471884278548558));
#4365=CARTESIAN_POINT('',(-0.0127412102310529,-0.004,-0.00469714374428382));
#4366=CARTESIAN_POINT('',(-0.0128508224026669,-0.004,-0.00467705898899645));
#4367=CARTESIAN_POINT('',(-0.0129165398521301,-0.004,-0.00466378033253631));
#4368=CARTESIAN_POINT('',(-0.01293636739674,-0.004,-0.00465971013868492));
#4369=CARTESIAN_POINT('',(-0.0104860547985564,-0.004,-0.00452803877860115));
#4370=CARTESIAN_POINT('',(-0.0102896816695141,-0.004,-0.00498242077932417));
#4371=CARTESIAN_POINT('',(-0.00984416262404873,-0.004,-0.0047666936634613));
#4372=CARTESIAN_POINT('',(-3.53431736410775E-17,-0.004,-1.6608893609187E-17));
#4373=CARTESIAN_POINT('',(-0.00964258979230417,-0.004,-0.00516230262066758));
#4374=CARTESIAN_POINT('',(-0.0100789862197247,-0.004,-0.00539593388254298));
#4375=CARTESIAN_POINT('',(-0.00982680868839928,-0.004,-0.00582188212010895));
#4376=CARTESIAN_POINT('',(-0.00940988884001809,-0.004,-0.00557520387685535));
#4377=CARTESIAN_POINT('',(-0.00974061290523555,-0.004,-0.00577083253383183));
#4378=CARTESIAN_POINT('',(-0.0101021669769407,-0.004,-0.00598469764045948));
#4379=CARTESIAN_POINT('',(-0.0101128739615023,-0.004,-0.00599197464689038));
#4380=CARTESIAN_POINT('',(-0.0101240843465135,-0.004,-0.00599931373914241));
#4381=CARTESIAN_POINT('',(-0.0101371082668691,-0.004,-0.00600836147147382));
#4382=CARTESIAN_POINT('',(-0.01015441626142,-0.004,-0.00602082663226878));
#4383=CARTESIAN_POINT('',(-0.0101750173032842,-0.004,-0.00603632927386419));
#4384=CARTESIAN_POINT('',(-0.0101990678621875,-0.004,-0.00605518087405458));
#4385=CARTESIAN_POINT('',(-0.0102263562473364,-0.004,-0.00607746983202236));
#4386=CARTESIAN_POINT('',(-0.0102567784398956,-0.004,-0.00610334833288172));
#4387=CARTESIAN_POINT('',(-0.0102901927476035,-0.004,-0.00613294449341672));
#4388=CARTESIAN_POINT('',(-0.0103264634131822,-0.004,-0.00616638849545725));
#4389=CARTESIAN_POINT('',(-0.0103654478546889,-0.004,-0.00620380471692621));
#4390=CARTESIAN_POINT('',(-0.0104070005182355,-0.004,-0.00624531388549793));
#4391=CARTESIAN_POINT('',(-0.0104509718994202,-0.004,-0.00629103231904953));
#4392=CARTESIAN_POINT('',(-0.0104972089662234,-0.004,-0.00634107201282812));
#4393=CARTESIAN_POINT('',(-0.0105455551842668,-0.004,-0.00639554048809791));
#4394=CARTESIAN_POINT('',(-0.010595850659289,-0.004,-0.00645454071295722));
#4395=CARTESIAN_POINT('',(-0.0106479322497808,-0.004,-0.00651817100661619));
#4396=CARTESIAN_POINT('',(-0.0107016336911224,-0.004,-0.00658652495250695));
#4397=CARTESIAN_POINT('',(-0.0107567857198476,-0.004,-0.00665969131214549));
#4398=CARTESIAN_POINT('',(-0.0108132161992346,-0.004,-0.00673775394566149));
#4399=CARTESIAN_POINT('',(-0.0108707502529741,-0.004,-0.00682079172340664));
#4400=CARTESIAN_POINT('',(-0.0109292103770065,-0.004,-0.00690887848713771));
#4401=CARTESIAN_POINT('',(-0.0109884166455732,-0.004,-0.00700208283557339));
#4402=CARTESIAN_POINT('',(-0.0110481865632158,-0.004,-0.00710046860299288));
#4403=CARTESIAN_POINT('',(-0.0111083362889975,-0.004,-0.00720409268525209));
#4404=CARTESIAN_POINT('',(-0.0111686765918609,-0.004,-0.007313013083418));
#4405=CARTESIAN_POINT('',(-0.0112290290537478,-0.004,-0.00742725771410503));
#4406=CARTESIAN_POINT('',(-0.0112891645843184,-0.004,-0.00754694378503786));
#4407=CARTESIAN_POINT('',(-0.0113373440939096,-0.004,-0.00764742741761778));
#4408=CARTESIAN_POINT('',(-0.0113652291827836,-0.004,-0.00770839894949802));
#4409=CARTESIAN_POINT('',(-0.0113735906650983,-0.004,-0.00772683216996394));
#4410=CARTESIAN_POINT('',(-0.00821014954350203,-0.004,-0.00722650335385887));
#4411=CARTESIAN_POINT('',(-0.00849840280909454,-0.004,-0.00748058805158708));
#4412=CARTESIAN_POINT('',(-0.00881352696490327,-0.004,-0.00775835845502356));
#4413=CARTESIAN_POINT('',(-0.00882375644947656,-0.004,-0.00776629268380544));
#4414=CARTESIAN_POINT('',(-0.00883420054046848,-0.004,-0.00777468648929133));
#4415=CARTESIAN_POINT('',(-0.00884683005798323,-0.004,-0.00778427707056229));
#4416=CARTESIAN_POINT('',(-0.00886403359483873,-0.004,-0.00779688600504067));
#4417=CARTESIAN_POINT('',(-0.0088851435551857,-0.004,-0.00781168818043739));
#4418=CARTESIAN_POINT('',(-0.00891050452381468,-0.004,-0.00782873615637292));
#4419=CARTESIAN_POINT('',(-0.00894013515729143,-0.004,-0.007847801286089));
#4420=CARTESIAN_POINT('',(-0.00897414804867261,-0.004,-0.00786873761400788));
#4421=CARTESIAN_POINT('',(-0.00901262125894375,-0.004,-0.00789137079251739));
#4422=CARTESIAN_POINT('',(-0.00905563664707649,-0.004,-0.00791553148037597));
#4423=CARTESIAN_POINT('',(-0.00910326844326149,-0.004,-0.00794104563920588));
#4424=CARTESIAN_POINT('',(-0.00915558648771507,-0.004,-0.00796773753213027));
#4425=CARTESIAN_POINT('',(-0.00921265520591131,-0.004,-0.00799542902781277));
#4426=CARTESIAN_POINT('',(-0.00927453382216511,-0.004,-0.00802393997571947));
#4427=CARTESIAN_POINT('',(-0.00934127622349225,-0.004,-0.00805308827691175));
#4428=CARTESIAN_POINT('',(-0.0094129309283296,-0.004,-0.00808269004401834));
#4429=CARTESIAN_POINT('',(-0.00948954103030378,-0.004,-0.00811255973793686));
#4430=CARTESIAN_POINT('',(-0.00957114415395465,-0.004,-0.00814251031274641));
#4431=CARTESIAN_POINT('',(-0.00965777241121284,-0.004,-0.00817235336050759));
#4432=CARTESIAN_POINT('',(-0.0097494523646287,-0.004,-0.00820189925526413));
#4433=CARTESIAN_POINT('',(-0.00984620498461267,-0.004,-0.00823095730748357));
#4434=CARTESIAN_POINT('',(-0.00994804564707773,-0.004,-0.00825933588241559));
#4435=CARTESIAN_POINT('',(-0.0100549839931652,-0.004,-0.00828684266232523));
#4436=CARTESIAN_POINT('',(-0.0101670243386841,-0.004,-0.00831328435784041));
#4437=CARTESIAN_POINT('',(-0.0102841639848354,-0.004,-0.00833846854405385));
#4438=CARTESIAN_POINT('',(-0.0104063996182991,-0.004,-0.00836219732821996));
#4439=CARTESIAN_POINT('',(-0.0105337026551411,-0.004,-0.00838429239797358));
#4440=CARTESIAN_POINT('',(-0.0106661137737236,-0.004,-0.00840449965627543));
#4441=CARTESIAN_POINT('',(-0.0107765676745141,-0.004,-0.00841926994270027));
#4442=CARTESIAN_POINT('',(-0.010843172013569,-0.004,-0.00842694899865731));
#4443=CARTESIAN_POINT('',(-0.0108632868881428,-0.004,-0.00842920506251354));
#4444=CARTESIAN_POINT('',(-0.00857358981261862,-0.004,-0.00754678992312667));
#4445=CARTESIAN_POINT('',(-0.00824641610845615,-0.004,-0.00791825025168888));
#4446=CARTESIAN_POINT('',(-0.00788936566208183,-0.004,-0.00757540861603942));
#4447=CARTESIAN_POINT('',(-2.84809252148937E-17,-0.004,-2.67176377857078E-17));
#4448=CARTESIAN_POINT('',(-0.00757540861603941,-0.004,-0.00788936566208184));
#4449=CARTESIAN_POINT('',(-0.00791825025168885,-0.004,-0.00824641610845615));
#4450=CARTESIAN_POINT('',(-0.00754678992312665,-0.004,-0.00857358981261862));
#4451=CARTESIAN_POINT('',(-0.00722650335385886,-0.004,-0.00821014954350204));
#4452=CARTESIAN_POINT('',(-0.00748058805158706,-0.004,-0.00849840280909455));
#4453=CARTESIAN_POINT('',(-0.00775835845502355,-0.004,-0.00881352696490328));
#4454=CARTESIAN_POINT('',(-0.00776629268380543,-0.004,-0.00882375644947657));
#4455=CARTESIAN_POINT('',(-0.00777468648929132,-0.004,-0.00883420054046849));
#4456=CARTESIAN_POINT('',(-0.00778427707056227,-0.004,-0.00884683005798324));
#4457=CARTESIAN_POINT('',(-0.00779688600504066,-0.004,-0.00886403359483874));
#4458=CARTESIAN_POINT('',(-0.00781168818043738,-0.004,-0.00888514355518571));
#4459=CARTESIAN_POINT('',(-0.00782873615637291,-0.004,-0.00891050452381469));
#4460=CARTESIAN_POINT('',(-0.00784780128608899,-0.004,-0.00894013515729144));
#4461=CARTESIAN_POINT('',(-0.00786873761400787,-0.004,-0.00897414804867262));
#4462=CARTESIAN_POINT('',(-0.00789137079251738,-0.004,-0.00901262125894376));
#4463=CARTESIAN_POINT('',(-0.00791553148037595,-0.004,-0.0090556366470765));
#4464=CARTESIAN_POINT('',(-0.00794104563920587,-0.004,-0.0091032684432615));
#4465=CARTESIAN_POINT('',(-0.00796773753213026,-0.004,-0.00915558648771508));
#4466=CARTESIAN_POINT('',(-0.00799542902781275,-0.004,-0.00921265520591132));
#4467=CARTESIAN_POINT('',(-0.00802393997571946,-0.004,-0.00927453382216512));
#4468=CARTESIAN_POINT('',(-0.00805308827691174,-0.004,-0.00934127622349226));
#4469=CARTESIAN_POINT('',(-0.00808269004401832,-0.004,-0.00941293092832961));
#4470=CARTESIAN_POINT('',(-0.00811255973793685,-0.004,-0.0094895410303038));
#4471=CARTESIAN_POINT('',(-0.0081425103127464,-0.004,-0.00957114415395467));
#4472=CARTESIAN_POINT('',(-0.00817235336050757,-0.004,-0.00965777241121285));
#4473=CARTESIAN_POINT('',(-0.00820189925526411,-0.004,-0.00974945236462871));
#4474=CARTESIAN_POINT('',(-0.00823095730748355,-0.004,-0.00984620498461269));
#4475=CARTESIAN_POINT('',(-0.00825933588241558,-0.004,-0.00994804564707775));
#4476=CARTESIAN_POINT('',(-0.00828684266232522,-0.004,-0.0100549839931652));
#4477=CARTESIAN_POINT('',(-0.00831328435784039,-0.004,-0.0101670243386841));
#4478=CARTESIAN_POINT('',(-0.00833846854405383,-0.004,-0.0102841639848354));
#4479=CARTESIAN_POINT('',(-0.00836219732821995,-0.004,-0.0104063996182991));
#4480=CARTESIAN_POINT('',(-0.00838429239797356,-0.004,-0.0105337026551411));
#4481=CARTESIAN_POINT('',(-0.00840449965627542,-0.004,-0.0106661137737237));
#4482=CARTESIAN_POINT('',(-0.00841926994270025,-0.004,-0.0107765676745141));
#4483=CARTESIAN_POINT('',(-0.00842694899865729,-0.004,-0.010843172013569));
#4484=CARTESIAN_POINT('',(-0.00842920506251352,-0.004,-0.0108632868881428));
#4485=CARTESIAN_POINT('',(-0.00557520387685534,-0.004,-0.0094098888400181));
#4486=CARTESIAN_POINT('',(-0.00577083253383182,-0.004,-0.00974061290523556));
#4487=CARTESIAN_POINT('',(-0.00598469764045946,-0.004,-0.0101021669769407));
#4488=CARTESIAN_POINT('',(-0.00599197464689037,-0.004,-0.0101128739615023));
#4489=CARTESIAN_POINT('',(-0.0059993137391424,-0.004,-0.0101240843465135));
#4490=CARTESIAN_POINT('',(-0.0060083614714738,-0.004,-0.0101371082668691));
#4491=CARTESIAN_POINT('',(-0.00602082663226877,-0.004,-0.01015441626142));
#4492=CARTESIAN_POINT('',(-0.00603632927386418,-0.004,-0.0101750173032842));
#4493=CARTESIAN_POINT('',(-0.00605518087405456,-0.004,-0.0101990678621875));
#4494=CARTESIAN_POINT('',(-0.00607746983202234,-0.004,-0.0102263562473364));
#4495=CARTESIAN_POINT('',(-0.00610334833288171,-0.004,-0.0102567784398956));
#4496=CARTESIAN_POINT('',(-0.00613294449341671,-0.004,-0.0102901927476035));
#4497=CARTESIAN_POINT('',(-0.00616638849545723,-0.004,-0.0103264634131822));
#4498=CARTESIAN_POINT('',(-0.0062038047169262,-0.004,-0.0103654478546889));
#4499=CARTESIAN_POINT('',(-0.00624531388549792,-0.004,-0.0104070005182355));
#4500=CARTESIAN_POINT('',(-0.00629103231904951,-0.004,-0.0104509718994202));
#4501=CARTESIAN_POINT('',(-0.0063410720128281,-0.004,-0.0104972089662234));
#4502=CARTESIAN_POINT('',(-0.00639554048809789,-0.004,-0.0105455551842668));
#4503=CARTESIAN_POINT('',(-0.0064545407129572,-0.004,-0.010595850659289));
#4504=CARTESIAN_POINT('',(-0.00651817100661618,-0.004,-0.0106479322497808));
#4505=CARTESIAN_POINT('',(-0.00658652495250693,-0.004,-0.0107016336911224));
#4506=CARTESIAN_POINT('',(-0.00665969131214547,-0.004,-0.0107567857198476));
#4507=CARTESIAN_POINT('',(-0.00673775394566148,-0.004,-0.0108132161992346));
#4508=CARTESIAN_POINT('',(-0.00682079172340662,-0.004,-0.0108707502529741));
#4509=CARTESIAN_POINT('',(-0.0069088784871377,-0.004,-0.0109292103770065));
#4510=CARTESIAN_POINT('',(-0.00700208283557337,-0.004,-0.0109884166455732));
#4511=CARTESIAN_POINT('',(-0.00710046860299286,-0.004,-0.0110481865632158));
#4512=CARTESIAN_POINT('',(-0.00720409268525207,-0.004,-0.0111083362889975));
#4513=CARTESIAN_POINT('',(-0.00731301308341798,-0.004,-0.0111686765918609));
#4514=CARTESIAN_POINT('',(-0.00742725771410502,-0.004,-0.0112290290537478));
#4515=CARTESIAN_POINT('',(-0.00754694378503785,-0.004,-0.0112891645843184));
#4516=CARTESIAN_POINT('',(-0.00764742741761776,-0.004,-0.0113373440939096));
#4517=CARTESIAN_POINT('',(-0.007708398949498,-0.004,-0.0113652291827836));
#4518=CARTESIAN_POINT('',(-0.00772683216996392,-0.004,-0.0113735906650983));
#4519=CARTESIAN_POINT('',(-0.00582188212010894,-0.004,-0.0098268086883993));
#4520=CARTESIAN_POINT('',(-0.00539593388254298,-0.004,-0.0100789862197247));
#4521=CARTESIAN_POINT('',(-0.00516230262066757,-0.004,-0.00964258979230418));
#4522=CARTESIAN_POINT('',(-1.88307653904016E-17,-0.004,-3.42110734230351E-17));
#4523=CARTESIAN_POINT('',(-0.00476669366346128,-0.004,-0.00984416262404874));
#4524=CARTESIAN_POINT('',(-0.00498242077932415,-0.004,-0.0102896816695141));
#4525=CARTESIAN_POINT('',(-0.00452803877860113,-0.004,-0.0104860547985564));
#4526=CARTESIAN_POINT('',(-0.0043357373694144,-0.004,-0.0100414285693552));
#4527=CARTESIAN_POINT('',(-0.00448831111912753,-0.004,-0.010394090205549));
#4528=CARTESIAN_POINT('',(-0.00465510775186678,-0.004,-0.0107796268625691));
#4529=CARTESIAN_POINT('',(-0.00465949256727472,-0.004,-0.0107918074920618));
#4530=CARTESIAN_POINT('',(-0.00466424814907129,-0.004,-0.010804334241399));
#4531=CARTESIAN_POINT('',(-0.00466946659834128,-0.004,-0.0108193092789278));
#4532=CARTESIAN_POINT('',(-0.00467614222238878,-0.004,-0.0108395671897923));
#4533=CARTESIAN_POINT('',(-0.00468369659125738,-0.004,-0.0108642180788903));
#4534=CARTESIAN_POINT('',(-0.00469207320956034,-0.004,-0.0108936059076482));
#4535=CARTESIAN_POINT('',(-0.00470104885611242,-0.004,-0.0109276777637805));
#4536=CARTESIAN_POINT('',(-0.00471044992574235,-0.004,-0.0109664956268933));
#4537=CARTESIAN_POINT('',(-0.00472008648184635,-0.004,-0.0110100798610207));
#4538=CARTESIAN_POINT('',(-0.00472977217551977,-0.004,-0.0110584559893494));
#4539=CARTESIAN_POINT('',(-0.00473931854803898,-0.004,-0.0111116408281696));
#4540=CARTESIAN_POINT('',(-0.00474853688188835,-0.004,-0.0111696464937926));
#4541=CARTESIAN_POINT('',(-0.00475723785553331,-0.004,-0.0112324792128753));
#4542=CARTESIAN_POINT('',(-0.00476523183431491,-0.004,-0.0113001396415117));
#4543=CARTESIAN_POINT('',(-0.00477232897984728,-0.004,-0.0113726227576327));
#4544=CARTESIAN_POINT('',(-0.00477833941182619,-0.004,-0.0114499178806909));
#4545=CARTESIAN_POINT('',(-0.00478307335541633,-0.004,-0.0115320086604251));
#4546=CARTESIAN_POINT('',(-0.00478634129275353,-0.004,-0.0116188730795308));
#4547=CARTESIAN_POINT('',(-0.00478795411410704,-0.004,-0.0117104834570136));
#4548=CARTESIAN_POINT('',(-0.00478772326619601,-0.004,-0.0118068064577172));
#4549=CARTESIAN_POINT('',(-0.00478546091228481,-0.004,-0.0119078030993808));
#4550=CARTESIAN_POINT('',(-0.00478098004547698,-0.004,-0.0120134287869721));
#4551=CARTESIAN_POINT('',(-0.00477409478146096,-0.004,-0.012123633260313));
#4552=CARTESIAN_POINT('',(-0.00476461995746156,-0.004,-0.0122383608942811));
#4553=CARTESIAN_POINT('',(-0.00475237340049164,-0.004,-0.0123575496595992));
#4554=CARTESIAN_POINT('',(-0.00473716792723812,-0.004,-0.0124811352528915));
#4555=CARTESIAN_POINT('',(-0.00471884278548556,-0.004,-0.01260903538767));
#4556=CARTESIAN_POINT('',(-0.0046971437442838,-0.004,-0.0127412102310529));
#4557=CARTESIAN_POINT('',(-0.00467705898899644,-0.004,-0.0128508224026669));
#4558=CARTESIAN_POINT('',(-0.00466378033253629,-0.004,-0.0129165398521301));
#4559=CARTESIAN_POINT('',(-0.00465971013868491,-0.004,-0.01293636739674));
#4560=CARTESIAN_POINT('',(-0.00239451841001252,-0.004,-0.0106721688439656));
#4561=CARTESIAN_POINT('',(-0.00247837296240311,-0.004,-0.0110471587008788));
#4562=CARTESIAN_POINT('',(-0.00257004441312713,-0.004,-0.0114571050092188));
#4563=CARTESIAN_POINT('',(-0.00257365661732432,-0.004,-0.0114695366753113));
#4564=CARTESIAN_POINT('',(-0.00257717230935236,-0.004,-0.0114824662892555));
#4565=CARTESIAN_POINT('',(-0.00258175260142056,-0.004,-0.0114976486766284));
#4566=CARTESIAN_POINT('',(-0.0025882592093665,-0.004,-0.0115179615041533));
#4567=CARTESIAN_POINT('',(-0.00259663702563775,-0.004,-0.0115423448389714));
#4568=CARTESIAN_POINT('',(-0.00260713393141607,-0.004,-0.0115710437445669));
#4569=CARTESIAN_POINT('',(-0.00261989941537269,-0.004,-0.0116038842078809));
#4570=CARTESIAN_POINT('',(-0.00263511035774001,-0.004,-0.0116408143289088));
#4571=CARTESIAN_POINT('',(-0.00265293239013714,-0.004,-0.0116817389405654));
#4572=CARTESIAN_POINT('',(-0.00267353127414765,-0.004,-0.0117265691584049));
#4573=CARTESIAN_POINT('',(-0.00269706936044905,-0.004,-0.0117752078138332));
#4574=CARTESIAN_POINT('',(-0.00272370644650773,-0.004,-0.0118275537837796));
#4575=CARTESIAN_POINT('',(-0.00275359935659959,-0.004,-0.0118835008253094));
#4576=CARTESIAN_POINT('',(-0.00278690189402888,-0.004,-0.0119429380047579));
#4577=CARTESIAN_POINT('',(-0.00282376468937773,-0.004,-0.0120057496749823));
#4578=CARTESIAN_POINT('',(-0.00286433508117102,-0.004,-0.0120718155863959));
#4579=CARTESIAN_POINT('',(-0.00290875699003313,-0.004,-0.0121410109645098));
#4580=CARTESIAN_POINT('',(-0.00295717079769003,-0.004,-0.012213206601145));
#4581=CARTESIAN_POINT('',(-0.00300971322664751,-0.004,-0.0122882689459959));
#4582=CARTESIAN_POINT('',(-0.00306651722580076,-0.004,-0.0123660602015166));
#4583=CARTESIAN_POINT('',(-0.00312771184506317,-0.004,-0.0124464384227328));
#4584=CARTESIAN_POINT('',(-0.00319342216388968,-0.004,-0.0125292576116096));
#4585=CARTESIAN_POINT('',(-0.00326376902365583,-0.004,-0.0126143678467518));
#4586=CARTESIAN_POINT('',(-0.00333886952856688,-0.004,-0.0127016152905415));
#4587=CARTESIAN_POINT('',(-0.00341883459977108,-0.004,-0.0127908426816441));
#4588=CARTESIAN_POINT('',(-0.00350377787517369,-0.004,-0.0128818879739449));
#4589=CARTESIAN_POINT('',(-0.00359378103926491,-0.004,-0.0129745901084953));
#4590=CARTESIAN_POINT('',(-0.00368902635602327,-0.004,-0.0130687674266136));
#4591=CARTESIAN_POINT('',(-0.00376970368232509,-0.004,-0.0131456400132859));
#4592=CARTESIAN_POINT('',(-0.00381907408867657,-0.004,-0.013191001548291));
#4593=CARTESIAN_POINT('',(-0.00383402128298358,-0.004,-0.0132046499689173));
#4594=CARTESIAN_POINT('',(-0.00250028804224508,-0.004,-0.0111449109518493));
#4595=CARTESIAN_POINT('',(-0.00201726005252447,-0.004,-0.0112531207921476));
#4596=CARTESIAN_POINT('',(-0.00192991743086505,-0.004,-0.0107658870958246));
#4597=CARTESIAN_POINT('',(-7.33731904783974E-18,-0.004,-3.83556908311512E-17));
#4598=CARTESIAN_POINT('',(-0.00149138152359593,-0.004,-0.0108353443600597));
#4599=CARTESIAN_POINT('',(-0.00155887724651237,-0.004,-0.0113257214963322));
#4600=CARTESIAN_POINT('',(-0.00106605164972485,-0.004,-0.0113720716801717));
#4601=CARTESIAN_POINT('',(-0.00102055920239309,-0.004,-0.0108897826040932));
#4602=CARTESIAN_POINT('',(-0.0010566870224254,-0.004,-0.0112723316327994));
#4603=CARTESIAN_POINT('',(-0.00109618266791442,-0.004,-0.0116905417768501));
#4604=CARTESIAN_POINT('',(-0.00109658885366549,-0.004,-0.0117034812263799));
#4605=CARTESIAN_POINT('',(-0.0010972407022924,-0.004,-0.0117168644285583));
#4606=CARTESIAN_POINT('',(-0.0010975762013878,-0.004,-0.0117327191250905));
#4607=CARTESIAN_POINT('',(-0.00109766505841084,-0.004,-0.0117540484245035));
#4608=CARTESIAN_POINT('',(-0.00109723214649208,-0.004,-0.0117798272415748));
#4609=CARTESIAN_POINT('',(-0.00109611744539964,-0.004,-0.0118103652450258));
#4610=CARTESIAN_POINT('',(-0.0010941250099662,-0.004,-0.0118455431331427));
#4611=CARTESIAN_POINT('',(-0.0010910705791107,-0.004,-0.0118853662050858));
#4612=CARTESIAN_POINT('',(-0.00108676721955589,-0.004,-0.0119297951345637));
#4613=CARTESIAN_POINT('',(-0.0010810298158632,-0.004,-0.0119787966105912));
#4614=CARTESIAN_POINT('',(-0.00107367393661604,-0.004,-0.0120323283894624));
#4615=CARTESIAN_POINT('',(-0.00106451635664531,-0.004,-0.0120903436775545));
#4616=CARTESIAN_POINT('',(-0.00105337509632913,-0.004,-0.0121527898931986));
#4617=CARTESIAN_POINT('',(-0.00104006959964514,-0.004,-0.0122196090600447));
#4618=CARTESIAN_POINT('',(-0.00102442087146418,-0.004,-0.012290737738534));
#4619=CARTESIAN_POINT('',(-0.00100625162535617,-0.004,-0.0123661070946214));
#4620=CARTESIAN_POINT('',(-0.00098538642723599,-0.004,-0.0124456429346351));
#4621=CARTESIAN_POINT('',(-0.000961651838625232,-0.004,-0.0125292657546335));
#4622=CARTESIAN_POINT('',(-0.000934876559379804,-0.004,-0.0126168907903059));
#4623=CARTESIAN_POINT('',(-0.000904891565803157,-0.004,-0.0127084280718665));
#4624=CARTESIAN_POINT('',(-0.000871530260724879,-0.004,-0.0128037824802388));
#4625=CARTESIAN_POINT('',(-0.000834628570640374,-0.004,-0.0129028538147175));
#4626=CARTESIAN_POINT('',(-0.000794025240313055,-0.004,-0.0130055368336216));
#4627=CARTESIAN_POINT('',(-0.000749561358587125,-0.004,-0.0131117214158715));
#4628=CARTESIAN_POINT('',(-0.000701082836756827,-0.004,-0.0132212922735702));
#4629=CARTESIAN_POINT('',(-0.000648431523748497,-0.004,-0.0133341304077481));
#4630=CARTESIAN_POINT('',(-0.000591479963043261,-0.004,-0.0134501078841384));
#4631=CARTESIAN_POINT('',(-0.000529998675676836,-0.004,-0.013569108257735));
#4632=CARTESIAN_POINT('',(-0.000477024914463511,-0.004,-0.0136671490971021));
#4633=CARTESIAN_POINT('',(-0.000444088352998338,-0.004,-0.0137255467751397));
#4634=CARTESIAN_POINT('',(-0.000434090320372222,-0.004,-0.0137431461315726));
#4635=CARTESIAN_POINT('',(0.0010205592023931,-0.004,-0.0108897826040932));
#4636=CARTESIAN_POINT('',(0.00105668702242542,-0.004,-0.0112723316327994));
#4637=CARTESIAN_POINT('',(0.00109618266791444,-0.004,-0.0116905417768501));
#4638=CARTESIAN_POINT('',(0.00109658885366551,-0.004,-0.0117034812263799));
#4639=CARTESIAN_POINT('',(0.00109724070229242,-0.004,-0.0117168644285583));
#4640=CARTESIAN_POINT('',(0.00109757620138781,-0.004,-0.0117327191250905));
#4641=CARTESIAN_POINT('',(0.00109766505841085,-0.004,-0.0117540484245035));
#4642=CARTESIAN_POINT('',(0.00109723214649209,-0.004,-0.0117798272415748));
#4643=CARTESIAN_POINT('',(0.00109611744539966,-0.004,-0.0118103652450258));
#4644=CARTESIAN_POINT('',(0.00109412500996622,-0.004,-0.0118455431331427));
#4645=CARTESIAN_POINT('',(0.00109107057911072,-0.004,-0.0118853662050858));
#4646=CARTESIAN_POINT('',(0.00108676721955591,-0.004,-0.0119297951345637));
#4647=CARTESIAN_POINT('',(0.00108102981586322,-0.004,-0.0119787966105912));
#4648=CARTESIAN_POINT('',(0.00107367393661606,-0.004,-0.0120323283894624));
#4649=CARTESIAN_POINT('',(0.00106451635664533,-0.004,-0.0120903436775545));
#4650=CARTESIAN_POINT('',(0.00105337509632915,-0.004,-0.0121527898931986));
#4651=CARTESIAN_POINT('',(0.00104006959964516,-0.004,-0.0122196090600447));
#4652=CARTESIAN_POINT('',(0.0010244208714642,-0.004,-0.012290737738534));
#4653=CARTESIAN_POINT('',(0.00100625162535619,-0.004,-0.0123661070946214));
#4654=CARTESIAN_POINT('',(0.000985386427236008,-0.004,-0.0124456429346351));
#4655=CARTESIAN_POINT('',(0.00096165183862525,-0.004,-0.0125292657546335));
#4656=CARTESIAN_POINT('',(0.000934876559379822,-0.004,-0.0126168907903059));
#4657=CARTESIAN_POINT('',(0.000904891565803175,-0.004,-0.0127084280718665));
#4658=CARTESIAN_POINT('',(0.000871530260724898,-0.004,-0.0128037824802388));
#4659=CARTESIAN_POINT('',(0.000834628570640392,-0.004,-0.0129028538147175));
#4660=CARTESIAN_POINT('',(0.000794025240313074,-0.004,-0.0130055368336216));
#4661=CARTESIAN_POINT('',(0.000749561358587144,-0.004,-0.0131117214158715));
#4662=CARTESIAN_POINT('',(0.000701082836756846,-0.004,-0.0132212922735701));
#4663=CARTESIAN_POINT('',(0.000648431523748516,-0.004,-0.0133341304077481));
#4664=CARTESIAN_POINT('',(0.00059147996304328,-0.004,-0.0134501078841384));
#4665=CARTESIAN_POINT('',(0.000529998675676856,-0.004,-0.013569108257735));
#4666=CARTESIAN_POINT('',(0.000477024914463531,-0.004,-0.0136671490971021));
#4667=CARTESIAN_POINT('',(0.000444088352998358,-0.004,-0.0137255467751397));
#4668=CARTESIAN_POINT('',(0.000434090320372241,-0.004,-0.0137431461315726));
#4669=CARTESIAN_POINT('',(0.00106605164972487,-0.004,-0.0113720716801717));
#4670=CARTESIAN_POINT('',(0.00155887724651239,-0.004,-0.0113257214963322));
#4671=CARTESIAN_POINT('',(0.00149138152359595,-0.004,-0.0108353443600597));
#4672=CARTESIAN_POINT('',(4.87435520523253E-18,-0.004,-3.87457859809021E-17));
#4673=CARTESIAN_POINT('',(0.00192991743086506,-0.004,-0.0107658870958246));
#4674=CARTESIAN_POINT('',(0.00201726005252448,-0.004,-0.0112531207921476));
#4675=CARTESIAN_POINT('',(0.0025002880422451,-0.004,-0.0111449109518493));
#4676=CARTESIAN_POINT('',(0.00239451841001254,-0.004,-0.0106721688439656));
#4677=CARTESIAN_POINT('',(0.00247837296240313,-0.004,-0.0110471587008788));
#4678=CARTESIAN_POINT('',(0.00257004441312715,-0.004,-0.0114571050092188));
#4679=CARTESIAN_POINT('',(0.00257365661732433,-0.004,-0.0114695366753113));
#4680=CARTESIAN_POINT('',(0.00257717230935238,-0.004,-0.0114824662892555));
#4681=CARTESIAN_POINT('',(0.00258175260142058,-0.004,-0.0114976486766284));
#4682=CARTESIAN_POINT('',(0.00258825920936652,-0.004,-0.0115179615041533));
#4683=CARTESIAN_POINT('',(0.00259663702563776,-0.004,-0.0115423448389714));
#4684=CARTESIAN_POINT('',(0.00260713393141608,-0.004,-0.0115710437445669));
#4685=CARTESIAN_POINT('',(0.00261989941537271,-0.004,-0.0116038842078809));
#4686=CARTESIAN_POINT('',(0.00263511035774003,-0.004,-0.0116408143289088));
#4687=CARTESIAN_POINT('',(0.00265293239013715,-0.004,-0.0116817389405654));
#4688=CARTESIAN_POINT('',(0.00267353127414766,-0.004,-0.0117265691584049));
#4689=CARTESIAN_POINT('',(0.00269706936044906,-0.004,-0.0117752078138332));
#4690=CARTESIAN_POINT('',(0.00272370644650775,-0.004,-0.0118275537837796));
#4691=CARTESIAN_POINT('',(0.00275359935659961,-0.004,-0.0118835008253094));
#4692=CARTESIAN_POINT('',(0.00278690189402889,-0.004,-0.0119429380047579));
#4693=CARTESIAN_POINT('',(0.00282376468937775,-0.004,-0.0120057496749823));
#4694=CARTESIAN_POINT('',(0.00286433508117104,-0.004,-0.0120718155863959));
#4695=CARTESIAN_POINT('',(0.00290875699003315,-0.004,-0.0121410109645098));
#4696=CARTESIAN_POINT('',(0.00295717079769005,-0.004,-0.012213206601145));
#4697=CARTESIAN_POINT('',(0.00300971322664752,-0.004,-0.0122882689459959));
#4698=CARTESIAN_POINT('',(0.00306651722580078,-0.004,-0.0123660602015166));
#4699=CARTESIAN_POINT('',(0.00312771184506319,-0.004,-0.0124464384227328));
#4700=CARTESIAN_POINT('',(0.0031934221638897,-0.004,-0.0125292576116096));
#4701=CARTESIAN_POINT('',(0.00326376902365585,-0.004,-0.0126143678467518));
#4702=CARTESIAN_POINT('',(0.0033388695285669,-0.004,-0.0127016152905415));
#4703=CARTESIAN_POINT('',(0.0034188345997711,-0.004,-0.0127908426816441));
#4704=CARTESIAN_POINT('',(0.00350377787517372,-0.004,-0.0128818879739449));
#4705=CARTESIAN_POINT('',(0.00359378103926494,-0.004,-0.0129745901084953));
#4706=CARTESIAN_POINT('',(0.00368902635602329,-0.004,-0.0130687674266136));
#4707=CARTESIAN_POINT('',(0.00376970368232511,-0.004,-0.0131456400132859));
#4708=CARTESIAN_POINT('',(0.00381907408867658,-0.004,-0.013191001548291));
#4709=CARTESIAN_POINT('',(0.0038340212829836,-0.004,-0.0132046499689173));
#4710=CARTESIAN_POINT('',(0.00433573736941442,-0.004,-0.0100414285693552));
#4711=CARTESIAN_POINT('',(0.00448831111912755,-0.004,-0.010394090205549));
#4712=CARTESIAN_POINT('',(0.0046551077518668,-0.004,-0.0107796268625691));
#4713=CARTESIAN_POINT('',(0.00465949256727474,-0.004,-0.0107918074920618));
#4714=CARTESIAN_POINT('',(0.0046642481490713,-0.004,-0.010804334241399));
#4715=CARTESIAN_POINT('',(0.00466946659834129,-0.004,-0.0108193092789278));
#4716=CARTESIAN_POINT('',(0.00467614222238879,-0.004,-0.0108395671897923));
#4717=CARTESIAN_POINT('',(0.00468369659125739,-0.004,-0.0108642180788903));
#4718=CARTESIAN_POINT('',(0.00469207320956035,-0.004,-0.0108936059076482));
#4719=CARTESIAN_POINT('',(0.00470104885611244,-0.004,-0.0109276777637805));
#4720=CARTESIAN_POINT('',(0.00471044992574237,-0.004,-0.0109664956268933));
#4721=CARTESIAN_POINT('',(0.00472008648184637,-0.004,-0.0110100798610206));
#4722=CARTESIAN_POINT('',(0.00472977217551978,-0.004,-0.0110584559893493));
#4723=CARTESIAN_POINT('',(0.00473931854803899,-0.004,-0.0111116408281696));
#4724=CARTESIAN_POINT('',(0.00474853688188836,-0.004,-0.0111696464937926));
#4725=CARTESIAN_POINT('',(0.00475723785553333,-0.004,-0.0112324792128753));
#4726=CARTESIAN_POINT('',(0.00476523183431492,-0.004,-0.0113001396415117));
#4727=CARTESIAN_POINT('',(0.0047723289798473,-0.004,-0.0113726227576327));
#4728=CARTESIAN_POINT('',(0.0047783394118262,-0.004,-0.0114499178806909));
#4729=CARTESIAN_POINT('',(0.00478307335541634,-0.004,-0.0115320086604251));
#4730=CARTESIAN_POINT('',(0.00478634129275355,-0.004,-0.0116188730795307));
#4731=CARTESIAN_POINT('',(0.00478795411410705,-0.004,-0.0117104834570136));
#4732=CARTESIAN_POINT('',(0.00478772326619603,-0.004,-0.0118068064577172));
#4733=CARTESIAN_POINT('',(0.00478546091228482,-0.004,-0.0119078030993808));
#4734=CARTESIAN_POINT('',(0.00478098004547699,-0.004,-0.0120134287869721));
#4735=CARTESIAN_POINT('',(0.00477409478146098,-0.004,-0.012123633260313));
#4736=CARTESIAN_POINT('',(0.00476461995746158,-0.004,-0.0122383608942811));
#4737=CARTESIAN_POINT('',(0.00475237340049165,-0.004,-0.0123575496595992));
#4738=CARTESIAN_POINT('',(0.00473716792723814,-0.004,-0.0124811352528915));
#4739=CARTESIAN_POINT('',(0.00471884278548557,-0.004,-0.01260903538767));
#4740=CARTESIAN_POINT('',(0.00469714374428382,-0.004,-0.0127412102310529));
#4741=CARTESIAN_POINT('',(0.00467705898899645,-0.004,-0.0128508224026669));
#4742=CARTESIAN_POINT('',(0.00466378033253631,-0.004,-0.0129165398521301));
#4743=CARTESIAN_POINT('',(0.00465971013868492,-0.004,-0.01293636739674));
#4744=CARTESIAN_POINT('',(0.00452803877860115,-0.004,-0.0104860547985564));
#4745=CARTESIAN_POINT('',(0.00498242077932417,-0.004,-0.0102896816695141));
#4746=CARTESIAN_POINT('',(0.0047666936634613,-0.004,-0.00984416262404873));
#4747=CARTESIAN_POINT('',(1.6608893609187E-17,-0.004,-3.53431736410775E-17));
#4748=CARTESIAN_POINT('',(0.00516230262066758,-0.004,-0.00964258979230417));
#4749=CARTESIAN_POINT('',(0.00539593388254298,-0.004,-0.0100789862197247));
#4750=CARTESIAN_POINT('',(0.00582188212010895,-0.004,-0.00982680868839928));
#4751=CARTESIAN_POINT('',(0.00557520387685535,-0.004,-0.00940988884001809));
#4752=CARTESIAN_POINT('',(0.00577083253383183,-0.004,-0.00974061290523555));
#4753=CARTESIAN_POINT('',(0.00598469764045948,-0.004,-0.0101021669769407));
#4754=CARTESIAN_POINT('',(0.00599197464689038,-0.004,-0.0101128739615023));
#4755=CARTESIAN_POINT('',(0.00599931373914241,-0.004,-0.0101240843465135));
#4756=CARTESIAN_POINT('',(0.00600836147147382,-0.004,-0.0101371082668691));
#4757=CARTESIAN_POINT('',(0.00602082663226878,-0.004,-0.01015441626142));
#4758=CARTESIAN_POINT('',(0.00603632927386419,-0.004,-0.0101750173032842));
#4759=CARTESIAN_POINT('',(0.00605518087405458,-0.004,-0.0101990678621875));
#4760=CARTESIAN_POINT('',(0.00607746983202236,-0.004,-0.0102263562473364));
#4761=CARTESIAN_POINT('',(0.00610334833288172,-0.004,-0.0102567784398956));
#4762=CARTESIAN_POINT('',(0.00613294449341672,-0.004,-0.0102901927476035));
#4763=CARTESIAN_POINT('',(0.00616638849545725,-0.004,-0.0103264634131822));
#4764=CARTESIAN_POINT('',(0.00620380471692621,-0.004,-0.0103654478546889));
#4765=CARTESIAN_POINT('',(0.00624531388549793,-0.004,-0.0104070005182355));
#4766=CARTESIAN_POINT('',(0.00629103231904953,-0.004,-0.0104509718994202));
#4767=CARTESIAN_POINT('',(0.00634107201282812,-0.004,-0.0104972089662234));
#4768=CARTESIAN_POINT('',(0.00639554048809791,-0.004,-0.0105455551842668));
#4769=CARTESIAN_POINT('',(0.00645454071295721,-0.004,-0.010595850659289));
#4770=CARTESIAN_POINT('',(0.00651817100661619,-0.004,-0.0106479322497808));
#4771=CARTESIAN_POINT('',(0.00658652495250695,-0.004,-0.0107016336911224));
#4772=CARTESIAN_POINT('',(0.00665969131214549,-0.004,-0.0107567857198476));
#4773=CARTESIAN_POINT('',(0.00673775394566149,-0.004,-0.0108132161992346));
#4774=CARTESIAN_POINT('',(0.00682079172340664,-0.004,-0.0108707502529741));
#4775=CARTESIAN_POINT('',(0.00690887848713771,-0.004,-0.0109292103770065));
#4776=CARTESIAN_POINT('',(0.00700208283557339,-0.004,-0.0109884166455732));
#4777=CARTESIAN_POINT('',(0.00710046860299287,-0.004,-0.0110481865632158));
#4778=CARTESIAN_POINT('',(0.00720409268525209,-0.004,-0.0111083362889975));
#4779=CARTESIAN_POINT('',(0.00731301308341799,-0.004,-0.0111686765918609));
#4780=CARTESIAN_POINT('',(0.00742725771410503,-0.004,-0.0112290290537478));
#4781=CARTESIAN_POINT('',(0.00754694378503786,-0.004,-0.0112891645843184));
#4782=CARTESIAN_POINT('',(0.00764742741761778,-0.004,-0.0113373440939096));
#4783=CARTESIAN_POINT('',(0.00770839894949802,-0.004,-0.0113652291827836));
#4784=CARTESIAN_POINT('',(0.00772683216996394,-0.004,-0.0113735906650983));
#4785=CARTESIAN_POINT('',(-1.31709164735396E-19,-0.004,8.31578938344685E-19));
#4786=CARTESIAN_POINT('',(0.0137431461315726,-0.004,-0.000434090320372222));
#4787=CARTESIAN_POINT('',(0.0137431461315726,0.0009,-0.000434090320372222));
#4788=CARTESIAN_POINT('',(-1.31709164735396E-19,0.0009,8.31578938344685E-19));
#4789=CARTESIAN_POINT('',(0.0137431461315726,0.0009,0.000434090320372244));
#4790=CARTESIAN_POINT('',(0.0137431461315726,-0.004,0.000434090320372244));
#4791=CARTESIAN_POINT('',(0.0113720716575484,-0.004,0.00106605164759715));
#4792=CARTESIAN_POINT('',(0.0113720716575484,0.0009,0.00106605164759715));
#4793=CARTESIAN_POINT('',(0.0114607713840817,-0.004,0.00107439384544635));
#4794=CARTESIAN_POINT('',(0.0114607713840817,0.0009,0.00107439384544635));
#4795=CARTESIAN_POINT('',(0.0116174823929376,-0.004,0.0010890498116411));
#4796=CARTESIAN_POINT('',(0.0116174823929376,0.000899999999999999,0.0010890498116411));
#4797=CARTESIAN_POINT('',(0.011713679894006,-0.004,0.001097891310829));
#4798=CARTESIAN_POINT('',(0.011713679894006,0.0009,0.001097891310829));
#4799=CARTESIAN_POINT('',(0.0117186213483754,-0.004,0.00109716764030099));
#4800=CARTESIAN_POINT('',(0.0117186213483754,0.0009,0.00109716764030099));
#4801=CARTESIAN_POINT('',(0.0117757567285668,-0.004,0.00109802932291299));
#4802=CARTESIAN_POINT('',(0.0117757567285668,0.000899999999999999,0.00109802932291299));
#4803=CARTESIAN_POINT('',(0.0118486443804384,-0.004,0.00109452239662674));
#4804=CARTESIAN_POINT('',(0.0118486443804384,0.0009,0.00109452239662674));
#4805=CARTESIAN_POINT('',(0.0119925253087795,-0.004,0.0010811571002758));
#4806=CARTESIAN_POINT('',(0.0119925253087795,0.0009,0.0010811571002758));
#4807=CARTESIAN_POINT('',(0.0121979666298006,-0.004,0.0010477918490408));
#4808=CARTESIAN_POINT('',(0.0121979666298006,0.000900000000000001,0.0010477918490408));
#4809=CARTESIAN_POINT('',(0.0124749617904775,-0.004,0.000980569110908708));
#4810=CARTESIAN_POINT('',(0.0124749617904775,0.000899999999999999,0.000980569110908708));
#4811=CARTESIAN_POINT('',(0.012772868272966,-0.004,0.000885883873320691));
#4812=CARTESIAN_POINT('',(0.012772868272966,0.000900000000000001,0.000885883873320691));
#4813=CARTESIAN_POINT('',(0.0131907040582736,-0.004,0.000723017575991738));
#4814=CARTESIAN_POINT('',(0.0131907040582736,0.0009,0.000723017575991738));
#4815=CARTESIAN_POINT('',(0.0135203419304675,-0.004,0.000560663339129053));
#4816=CARTESIAN_POINT('',(0.0135203419304675,0.000899999999999999,0.000560663339129053));
#4817=CARTESIAN_POINT('',(0.0137431461315726,-0.004,0.000434090320372244));
#4818=CARTESIAN_POINT('',(0.0137431461315726,0.000899999999999999,0.000434090320372244));
#4819=CARTESIAN_POINT('',(0.0108897826040932,0.0009,0.00102055920239311));
#4820=CARTESIAN_POINT('',(0.0112723316327994,0.0009,0.00105668702242542));
#4821=CARTESIAN_POINT('',(0.0116905417768501,0.0009,0.00109618266791444));
#4822=CARTESIAN_POINT('',(0.0117034812263799,0.0009,0.00109658885366551));
#4823=CARTESIAN_POINT('',(0.0117168644285583,0.0009,0.00109724070229242));
#4824=CARTESIAN_POINT('',(0.0117327191250905,0.0009,0.00109757620138782));
#4825=CARTESIAN_POINT('',(0.0117540484245035,0.0009,0.00109766505841085));
#4826=CARTESIAN_POINT('',(0.0117798272415748,0.0009,0.0010972321464921));
#4827=CARTESIAN_POINT('',(0.0118103652450258,0.0009,0.00109611744539966));
#4828=CARTESIAN_POINT('',(0.0118455431331427,0.0009,0.00109412500996622));
#4829=CARTESIAN_POINT('',(0.0118853662050858,0.0009,0.00109107057911072));
#4830=CARTESIAN_POINT('',(0.0119297951345637,0.0009,0.00108676721955591));
#4831=CARTESIAN_POINT('',(0.0119787966105912,0.0009,0.00108102981586322));
#4832=CARTESIAN_POINT('',(0.0120323283894624,0.0009,0.00107367393661606));
#4833=CARTESIAN_POINT('',(0.0120903436775545,0.0009,0.00106451635664533));
#4834=CARTESIAN_POINT('',(0.0121527898931986,0.0009,0.00105337509632915));
#4835=CARTESIAN_POINT('',(0.0122196090600447,0.0009,0.00104006959964516));
#4836=CARTESIAN_POINT('',(0.012290737738534,0.0009,0.0010244208714642));
#4837=CARTESIAN_POINT('',(0.0123661070946214,0.0009,0.00100625162535619));
#4838=CARTESIAN_POINT('',(0.0124456429346351,0.0009,0.00098538642723601));
#4839=CARTESIAN_POINT('',(0.0125292657546335,0.0009,0.000961651838625253));
#4840=CARTESIAN_POINT('',(0.0126168907903059,0.0009,0.000934876559379825));
#4841=CARTESIAN_POINT('',(0.0127084280718665,0.0009,0.000904891565803177));
#4842=CARTESIAN_POINT('',(0.0128037824802388,0.0009,0.0008715302607249));
#4843=CARTESIAN_POINT('',(0.0129028538147175,0.0009,0.000834628570640395));
#4844=CARTESIAN_POINT('',(0.0130055368336216,0.0009,0.000794025240313076));
#4845=CARTESIAN_POINT('',(0.0131117214158715,0.0009,0.000749561358587146));
#4846=CARTESIAN_POINT('',(0.0132212922735701,0.0009,0.000701082836756848));
#4847=CARTESIAN_POINT('',(0.0133341304077481,0.0009,0.000648431523748518));
#4848=CARTESIAN_POINT('',(0.0134501078841384,0.0009,0.000591479963043283));
#4849=CARTESIAN_POINT('',(0.013569108257735,0.0009,0.000529998675676859));
#4850=CARTESIAN_POINT('',(0.0136671490971021,0.0009,0.000477024914463534));
#4851=CARTESIAN_POINT('',(0.0137255467751397,0.0009,0.000444088352998361));
#4852=CARTESIAN_POINT('',(0.0137431461315726,0.0009,0.000434090320372244));
#4853=CARTESIAN_POINT('',(0.0113720716801717,0.0009,0.00106605164972487));
#4854=CARTESIAN_POINT('',(0.0113720716801717,-0.004,0.00106605164972487));
#4855=CARTESIAN_POINT('',(0.0111449109296758,-0.004,0.0025002880372777));
#4856=CARTESIAN_POINT('',(0.0111449109296758,0.0009,0.0025002880372777));
#4857=CARTESIAN_POINT('',(0.0112318472634947,-0.004,0.00251976385854819));
#4858=CARTESIAN_POINT('',(0.0112318472634947,0.0009,0.00251976385854819));
#4859=CARTESIAN_POINT('',(0.0113854172322655,-0.004,0.0025542515713382));
#4860=CARTESIAN_POINT('',(0.0113854172322655,0.000899999999999998,0.0025542515713382));
#4861=CARTESIAN_POINT('',(0.0114796386660126,-0.004,0.00257556946856825));
#4862=CARTESIAN_POINT('',(0.0114796386660126,0.000900000000000001,0.00257556946856825));
#4863=CARTESIAN_POINT('',(0.0114841146418992,-0.004,0.00257778471351663));
#4864=CARTESIAN_POINT('',(0.0114841146418992,0.000899999999999999,0.00257778471351663));
#4865=CARTESIAN_POINT('',(0.0115387198921121,-0.004,0.00259462100811276));
#4866=CARTESIAN_POINT('',(0.0115387198921121,0.000900000000000001,0.00259462100811276));
#4867=CARTESIAN_POINT('',(0.0116069564685615,-0.004,0.00262047981631785));
#4868=CARTESIAN_POINT('',(0.0116069564685615,0.0009,0.00262047981631785));
#4869=CARTESIAN_POINT('',(0.0117396652593237,-0.004,0.00267765262052848));
#4870=CARTESIAN_POINT('',(0.0117396652593237,0.0009,0.00267765262052848));
#4871=CARTESIAN_POINT('',(0.0119247411367438,-0.004,0.0027728697196757));
#4872=CARTESIAN_POINT('',(0.0119247411367438,0.000900000000000001,0.0027728697196757));
#4873=CARTESIAN_POINT('',(0.0121674062207966,-0.004,0.00292239855482823));
#4874=CARTESIAN_POINT('',(0.0121674062207966,0.0009,0.00292239855482823));
#4875=CARTESIAN_POINT('',(0.0124214727746827,-0.004,0.00310450773285667));
#4876=CARTESIAN_POINT('',(0.0124214727746827,0.0009,0.00310450773285667));
#4877=CARTESIAN_POINT('',(0.0127685297673552,-0.004,0.00338852114473427));
#4878=CARTESIAN_POINT('',(0.0127685297673552,0.000900000000000001,0.00338852114473427));
#4879=CARTESIAN_POINT('',(0.0130318637954235,-0.004,0.00364479290414821));
#4880=CARTESIAN_POINT('',(0.0130318637954235,0.0009,0.00364479290414821));
#4881=CARTESIAN_POINT('',(0.0132046499689173,-0.004,0.0038340212829836));
#4882=CARTESIAN_POINT('',(0.0132046499689173,0.0009,0.0038340212829836));
#4883=CARTESIAN_POINT('',(0.0111449109518493,0.,0.0025002880422451));
#4884=CARTESIAN_POINT('',(0.0111449109518493,0.0009,0.0025002880422451));
#4885=CARTESIAN_POINT('',(0.0106721688439656,0.0009,0.00239451841001254));
#4886=CARTESIAN_POINT('',(0.0110471587008788,0.0009,0.00247837296240313));
#4887=CARTESIAN_POINT('',(0.0114571050092188,0.0009,0.00257004441312715));
#4888=CARTESIAN_POINT('',(0.0114695366753113,0.0009,0.00257365661732434));
#4889=CARTESIAN_POINT('',(0.0114824662892555,0.0009,0.00257717230935238));
#4890=CARTESIAN_POINT('',(0.0114976486766284,0.0009,0.00258175260142058));
#4891=CARTESIAN_POINT('',(0.0115179615041533,0.0009,0.00258825920936652));
#4892=CARTESIAN_POINT('',(0.0115423448389714,0.0009,0.00259663702563777));
#4893=CARTESIAN_POINT('',(0.0115710437445669,0.0009,0.00260713393141609));
#4894=CARTESIAN_POINT('',(0.0116038842078809,0.0009,0.00261989941537271));
#4895=CARTESIAN_POINT('',(0.0116408143289088,0.0009,0.00263511035774004));
#4896=CARTESIAN_POINT('',(0.0116817389405654,0.0009,0.00265293239013715));
#4897=CARTESIAN_POINT('',(0.0117265691584049,0.0009,0.00267353127414766));
#4898=CARTESIAN_POINT('',(0.0117752078138332,0.0009,0.00269706936044906));
#4899=CARTESIAN_POINT('',(0.0118275537837796,0.0009,0.00272370644650775));
#4900=CARTESIAN_POINT('',(0.0118835008253094,0.0009,0.00275359935659961));
#4901=CARTESIAN_POINT('',(0.0119429380047579,0.0009,0.0027869018940289));
#4902=CARTESIAN_POINT('',(0.0120057496749823,0.0009,0.00282376468937775));
#4903=CARTESIAN_POINT('',(0.0120718155863959,0.0009,0.00286433508117104));
#4904=CARTESIAN_POINT('',(0.0121410109645098,0.0009,0.00290875699003315));
#4905=CARTESIAN_POINT('',(0.012213206601145,0.0009,0.00295717079769005));
#4906=CARTESIAN_POINT('',(0.0122882689459959,0.0009,0.00300971322664753));
#4907=CARTESIAN_POINT('',(0.0123660602015166,0.0009,0.00306651722580078));
#4908=CARTESIAN_POINT('',(0.0124464384227328,0.0009,0.00312771184506319));
#4909=CARTESIAN_POINT('',(0.0125292576116096,0.0009,0.0031934221638897));
#4910=CARTESIAN_POINT('',(0.0126143678467518,0.0009,0.00326376902365585));
#4911=CARTESIAN_POINT('',(0.0127016152905415,0.0009,0.0033388695285669));
#4912=CARTESIAN_POINT('',(0.0127908426816441,0.0009,0.0034188345997711));
#4913=CARTESIAN_POINT('',(0.0128818879739449,0.0009,0.00350377787517372));
#4914=CARTESIAN_POINT('',(0.0129745901084953,0.0009,0.00359378103926494));
#4915=CARTESIAN_POINT('',(0.0130687674266136,0.0009,0.00368902635602329));
#4916=CARTESIAN_POINT('',(0.0131456400132859,0.0009,0.00376970368232511));
#4917=CARTESIAN_POINT('',(0.013191001548291,0.0009,0.00381907408867659));
#4918=CARTESIAN_POINT('',(0.0132046499689173,0.0009,0.0038340212829836));
#4919=CARTESIAN_POINT('',(3.87457859809021E-17,-0.004,4.87435520523254E-18));
#4920=CARTESIAN_POINT('',(0.0108353443600597,-0.004,0.00149138152359595));
#4921=CARTESIAN_POINT('',(0.0108353443600597,0.0009,0.00149138152359595));
#4922=CARTESIAN_POINT('',(3.87457859809021E-17,0.0009,4.87435520523254E-18));
#4923=CARTESIAN_POINT('',(0.0107658870958246,0.0009,0.00192991743086506));
#4924=CARTESIAN_POINT('',(0.0107658870958246,-0.004,0.00192991743086507));
#4925=CARTESIAN_POINT('',(0.0113257214963322,-0.002,0.00155887724651239));
#4926=CARTESIAN_POINT('',(0.0113257214963322,0.0009,0.00155887724651239));
#4927=CARTESIAN_POINT('',(0.0112531207921476,-0.002,0.00201726005252448));
#4928=CARTESIAN_POINT('',(0.0112531207921476,0.0009,0.00201726005252448));
#4929=CARTESIAN_POINT('',(0.0111449109296758,-0.004,-0.00250028803727769));
#4930=CARTESIAN_POINT('',(0.0111449109296758,0.000899999999999999,-0.00250028803727769));
#4931=CARTESIAN_POINT('',(0.0112318472634947,-0.004,-0.00251976385854818));
#4932=CARTESIAN_POINT('',(0.0112318472634947,0.000899999999999999,-0.00251976385854818));
#4933=CARTESIAN_POINT('',(0.0113854172322655,-0.004,-0.00255425157133818));
#4934=CARTESIAN_POINT('',(0.0113854172322655,0.0009,-0.00255425157133818));
#4935=CARTESIAN_POINT('',(0.0114796386660126,-0.004,-0.00257556946856823));
#4936=CARTESIAN_POINT('',(0.0114796386660126,0.000900000000000001,-0.00257556946856823));
#4937=CARTESIAN_POINT('',(0.0114841146418992,-0.004,-0.00257778471351662));
#4938=CARTESIAN_POINT('',(0.0114841146418992,0.000899999999999999,-0.00257778471351662));
#4939=CARTESIAN_POINT('',(0.0115387198921121,-0.004,-0.00259462100811274));
#4940=CARTESIAN_POINT('',(0.0115387198921121,0.000900000000000001,-0.00259462100811274));
#4941=CARTESIAN_POINT('',(0.0116069564685616,-0.004,-0.00262047981631784));
#4942=CARTESIAN_POINT('',(0.0116069564685616,0.0009,-0.00262047981631784));
#4943=CARTESIAN_POINT('',(0.0117396652593237,-0.004,-0.00267765262052846));
#4944=CARTESIAN_POINT('',(0.0117396652593237,0.0009,-0.00267765262052846));
#4945=CARTESIAN_POINT('',(0.0119247411367438,-0.004,-0.00277286971967569));
#4946=CARTESIAN_POINT('',(0.0119247411367438,0.000899999999999999,-0.00277286971967569));
#4947=CARTESIAN_POINT('',(0.0121674062207966,-0.004,-0.00292239855482821));
#4948=CARTESIAN_POINT('',(0.0121674062207966,0.0009,-0.00292239855482821));
#4949=CARTESIAN_POINT('',(0.0124214727746827,-0.004,-0.00310450773285666));
#4950=CARTESIAN_POINT('',(0.0124214727746827,0.0009,-0.00310450773285666));
#4951=CARTESIAN_POINT('',(0.0127685297673553,-0.004,-0.00338852114473425));
#4952=CARTESIAN_POINT('',(0.0127685297673553,0.0009,-0.00338852114473425));
#4953=CARTESIAN_POINT('',(0.0130318637954235,-0.004,-0.00364479290414819));
#4954=CARTESIAN_POINT('',(0.0130318637954235,0.000899999999999999,-0.00364479290414819));
#4955=CARTESIAN_POINT('',(0.0132046499689173,-0.004,-0.00383402128298358));
#4956=CARTESIAN_POINT('',(0.0132046499689173,0.000899999999999999,-0.00383402128298358));
#4957=CARTESIAN_POINT('',(0.0106721688439656,0.0009,-0.00239451841001252));
#4958=CARTESIAN_POINT('',(0.0110471587008788,0.0009,-0.00247837296240311));
#4959=CARTESIAN_POINT('',(0.0114571050092188,0.0009,-0.00257004441312713));
#4960=CARTESIAN_POINT('',(0.0114695366753113,0.0009,-0.00257365661732432));
#4961=CARTESIAN_POINT('',(0.0114824662892555,0.0009,-0.00257717230935236));
#4962=CARTESIAN_POINT('',(0.0114976486766284,0.0009,-0.00258175260142056));
#4963=CARTESIAN_POINT('',(0.0115179615041533,0.0009,-0.00258825920936651));
#4964=CARTESIAN_POINT('',(0.0115423448389714,0.0009,-0.00259663702563775));
#4965=CARTESIAN_POINT('',(0.0115710437445669,0.0009,-0.00260713393141607));
#4966=CARTESIAN_POINT('',(0.0116038842078809,0.0009,-0.00261989941537269));
#4967=CARTESIAN_POINT('',(0.0116408143289088,0.0009,-0.00263511035774001));
#4968=CARTESIAN_POINT('',(0.0116817389405654,0.0009,-0.00265293239013714));
#4969=CARTESIAN_POINT('',(0.0117265691584049,0.0009,-0.00267353127414765));
#4970=CARTESIAN_POINT('',(0.0117752078138332,0.0009,-0.00269706936044905));
#4971=CARTESIAN_POINT('',(0.0118275537837796,0.0009,-0.00272370644650773));
#4972=CARTESIAN_POINT('',(0.0118835008253094,0.0009,-0.00275359935659959));
#4973=CARTESIAN_POINT('',(0.0119429380047579,0.0009,-0.00278690189402888));
#4974=CARTESIAN_POINT('',(0.0120057496749823,0.0009,-0.00282376468937773));
#4975=CARTESIAN_POINT('',(0.0120718155863959,0.0009,-0.00286433508117102));
#4976=CARTESIAN_POINT('',(0.0121410109645098,0.0009,-0.00290875699003313));
#4977=CARTESIAN_POINT('',(0.012213206601145,0.0009,-0.00295717079769003));
#4978=CARTESIAN_POINT('',(0.0122882689459959,0.0009,-0.00300971322664751));
#4979=CARTESIAN_POINT('',(0.0123660602015166,0.0009,-0.00306651722580076));
#4980=CARTESIAN_POINT('',(0.0124464384227328,0.0009,-0.00312771184506317));
#4981=CARTESIAN_POINT('',(0.0125292576116096,0.0009,-0.00319342216388968));
#4982=CARTESIAN_POINT('',(0.0126143678467518,0.0009,-0.00326376902365583));
#4983=CARTESIAN_POINT('',(0.0127016152905415,0.0009,-0.00333886952856688));
#4984=CARTESIAN_POINT('',(0.0127908426816441,0.0009,-0.00341883459977108));
#4985=CARTESIAN_POINT('',(0.0128818879739449,0.0009,-0.00350377787517369));
#4986=CARTESIAN_POINT('',(0.0129745901084953,0.0009,-0.00359378103926491));
#4987=CARTESIAN_POINT('',(0.0130687674266136,0.0009,-0.00368902635602327));
#4988=CARTESIAN_POINT('',(0.0131456400132859,0.0009,-0.00376970368232509));
#4989=CARTESIAN_POINT('',(0.013191001548291,0.0009,-0.00381907408867657));
#4990=CARTESIAN_POINT('',(0.0132046499689173,0.0009,-0.00383402128298358));
#4991=CARTESIAN_POINT('',(0.0111449109518493,0.0009,-0.00250028804224508));
#4992=CARTESIAN_POINT('',(0.0111449109518493,-0.004,-0.00250028804224508));
#4993=CARTESIAN_POINT('',(0.0113720716575484,-0.004,-0.00106605164759714));
#4994=CARTESIAN_POINT('',(0.0113720716575484,0.0009,-0.00106605164759714));
#4995=CARTESIAN_POINT('',(0.0114607713840817,-0.004,-0.00107439384544633));
#4996=CARTESIAN_POINT('',(0.0114607713840817,0.0009,-0.00107439384544633));
#4997=CARTESIAN_POINT('',(0.0116174823929376,-0.004,-0.00108904981164108));
#4998=CARTESIAN_POINT('',(0.0116174823929376,0.0009,-0.00108904981164108));
#4999=CARTESIAN_POINT('',(0.011713679894006,-0.004,-0.00109789131082898));
#5000=CARTESIAN_POINT('',(0.011713679894006,0.0009,-0.00109789131082898));
#5001=CARTESIAN_POINT('',(0.0117186213483754,-0.004,-0.00109716764030097));
#5002=CARTESIAN_POINT('',(0.0117186213483754,0.0009,-0.00109716764030097));
#5003=CARTESIAN_POINT('',(0.0117757567285668,-0.004,-0.00109802932291297));
#5004=CARTESIAN_POINT('',(0.0117757567285668,0.0009,-0.00109802932291297));
#5005=CARTESIAN_POINT('',(0.0118486443804384,-0.004,-0.00109452239662672));
#5006=CARTESIAN_POINT('',(0.0118486443804384,0.000900000000000001,-0.00109452239662672));
#5007=CARTESIAN_POINT('',(0.0119925253087795,-0.004,-0.00108115710027579));
#5008=CARTESIAN_POINT('',(0.0119925253087795,0.0009,-0.00108115710027579));
#5009=CARTESIAN_POINT('',(0.0121979666298006,-0.004,-0.00104779184904078));
#5010=CARTESIAN_POINT('',(0.0121979666298006,0.000900000000000001,-0.00104779184904078));
#5011=CARTESIAN_POINT('',(0.0124749617904775,-0.004,-0.000980569110908689));
#5012=CARTESIAN_POINT('',(0.0124749617904775,0.000899999999999999,-0.000980569110908689));
#5013=CARTESIAN_POINT('',(0.012772868272966,-0.004,-0.000885883873320671));
#5014=CARTESIAN_POINT('',(0.012772868272966,0.0009,-0.000885883873320671));
#5015=CARTESIAN_POINT('',(0.0131907040582736,-0.004,-0.000723017575991721));
#5016=CARTESIAN_POINT('',(0.0131907040582736,0.0009,-0.000723017575991721));
#5017=CARTESIAN_POINT('',(0.0135203419304675,-0.004,-0.00056066333912903));
#5018=CARTESIAN_POINT('',(0.0135203419304675,0.0009,-0.00056066333912903));
#5019=CARTESIAN_POINT('',(0.0137431461315726,-0.004,-0.000434090320372222));
#5020=CARTESIAN_POINT('',(0.0137431461315726,0.0009,-0.000434090320372222));
#5021=CARTESIAN_POINT('',(0.0113720716801717,0.,-0.00106605164972485));
#5022=CARTESIAN_POINT('',(0.0113720716801717,0.0009,-0.00106605164972485));
#5023=CARTESIAN_POINT('',(0.0108897826040932,0.0009,-0.00102055920239309));
#5024=CARTESIAN_POINT('',(0.0112723316327994,0.0009,-0.00105668702242541));
#5025=CARTESIAN_POINT('',(0.0116905417768501,0.0009,-0.00109618266791442));
#5026=CARTESIAN_POINT('',(0.0117034812263799,0.0009,-0.00109658885366549));
#5027=CARTESIAN_POINT('',(0.0117168644285583,0.0009,-0.0010972407022924));
#5028=CARTESIAN_POINT('',(0.0117327191250905,0.0009,-0.0010975762013878));
#5029=CARTESIAN_POINT('',(0.0117540484245035,0.0009,-0.00109766505841084));
#5030=CARTESIAN_POINT('',(0.0117798272415748,0.0009,-0.00109723214649208));
#5031=CARTESIAN_POINT('',(0.0118103652450258,0.0009,-0.00109611744539964));
#5032=CARTESIAN_POINT('',(0.0118455431331427,0.0009,-0.0010941250099662));
#5033=CARTESIAN_POINT('',(0.0118853662050858,0.0009,-0.0010910705791107));
#5034=CARTESIAN_POINT('',(0.0119297951345637,0.0009,-0.00108676721955589));
#5035=CARTESIAN_POINT('',(0.0119787966105912,0.0009,-0.0010810298158632));
#5036=CARTESIAN_POINT('',(0.0120323283894624,0.0009,-0.00107367393661604));
#5037=CARTESIAN_POINT('',(0.0120903436775545,0.0009,-0.00106451635664531));
#5038=CARTESIAN_POINT('',(0.0121527898931986,0.0009,-0.00105337509632913));
#5039=CARTESIAN_POINT('',(0.0122196090600447,0.0009,-0.00104006959964514));
#5040=CARTESIAN_POINT('',(0.012290737738534,0.0009,-0.00102442087146418));
#5041=CARTESIAN_POINT('',(0.0123661070946214,0.0009,-0.00100625162535617));
#5042=CARTESIAN_POINT('',(0.0124456429346351,0.0009,-0.000985386427235991));
#5043=CARTESIAN_POINT('',(0.0125292657546335,0.0009,-0.000961651838625233));
#5044=CARTESIAN_POINT('',(0.0126168907903059,0.0009,-0.000934876559379805));
#5045=CARTESIAN_POINT('',(0.0127084280718665,0.0009,-0.000904891565803157));
#5046=CARTESIAN_POINT('',(0.0128037824802388,0.0009,-0.00087153026072488));
#5047=CARTESIAN_POINT('',(0.0129028538147175,0.0009,-0.000834628570640375));
#5048=CARTESIAN_POINT('',(0.0130055368336216,0.0009,-0.000794025240313056));
#5049=CARTESIAN_POINT('',(0.0131117214158715,0.0009,-0.000749561358587126));
#5050=CARTESIAN_POINT('',(0.0132212922735702,0.0009,-0.000701082836756827));
#5051=CARTESIAN_POINT('',(0.0133341304077481,0.0009,-0.000648431523748497));
#5052=CARTESIAN_POINT('',(0.0134501078841384,0.0009,-0.000591479963043262));
#5053=CARTESIAN_POINT('',(0.013569108257735,0.0009,-0.000529998675676837));
#5054=CARTESIAN_POINT('',(0.0136671490971021,0.0009,-0.000477024914463512));
#5055=CARTESIAN_POINT('',(0.0137255467751397,0.0009,-0.000444088352998339));
#5056=CARTESIAN_POINT('',(0.0137431461315726,0.0009,-0.000434090320372222));
#5057=CARTESIAN_POINT('',(3.83556908311512E-17,-0.004,-7.33731904783974E-18));
#5058=CARTESIAN_POINT('',(0.0107658870958246,-0.004,-0.00192991743086505));
#5059=CARTESIAN_POINT('',(0.0107658870958246,0.0009,-0.00192991743086505));
#5060=CARTESIAN_POINT('',(3.83556908311512E-17,0.0009,-7.33731904783974E-18));
#5061=CARTESIAN_POINT('',(0.0108353443600596,0.0009,-0.00149138152359593));
#5062=CARTESIAN_POINT('',(0.0108353443600597,-0.004,-0.00149138152359593));
#5063=CARTESIAN_POINT('',(0.0112531207921476,-0.002,-0.00201726005252447));
#5064=CARTESIAN_POINT('',(0.0112531207921476,0.0009,-0.00201726005252447));
#5065=CARTESIAN_POINT('',(0.0113257214963322,-0.002,-0.00155887724651237));
#5066=CARTESIAN_POINT('',(0.0113257214963322,0.0009,-0.00155887724651237));
#5067=CARTESIAN_POINT('',(0.00982680866884605,-0.004,-0.00582188210853268));
#5068=CARTESIAN_POINT('',(0.00982680866884605,0.0009,-0.00582188210853268));
#5069=CARTESIAN_POINT('',(0.00990347167587535,-0.004,-0.00586726951984087));
#5070=CARTESIAN_POINT('',(0.00990347167587535,0.0009,-0.00586726951984087));
#5071=CARTESIAN_POINT('',(0.0100388681060328,-0.004,-0.00594752501399773));
#5072=CARTESIAN_POINT('',(0.0100388681060328,0.0009,-0.00594752501399773));
#5073=CARTESIAN_POINT('',(0.0101218904220443,-0.004,-0.00599691556333431));
#5074=CARTESIAN_POINT('',(0.0101218904220443,0.000900000000000001,-0.00599691556333431));
#5075=CARTESIAN_POINT('',(0.0101254627797422,-0.004,-0.00600040553909302));
#5076=CARTESIAN_POINT('',(0.0101254627797422,0.000899999999999999,-0.00600040553909302));
#5077=CARTESIAN_POINT('',(0.0101721927576286,-0.004,-0.00603329175707682));
#5078=CARTESIAN_POINT('',(0.0101721927576286,0.0009,-0.00603329175707682));
#5079=CARTESIAN_POINT('',(0.0102290987871209,-0.004,-0.00607897120688475));
#5080=CARTESIAN_POINT('',(0.0102290987871209,0.000900000000000001,-0.00607897120688475));
#5081=CARTESIAN_POINT('',(0.0103376449792277,-0.004,-0.00617435504653258));
#5082=CARTESIAN_POINT('',(0.0103376449792277,0.000899999999999999,-0.00617435504653258));
#5083=CARTESIAN_POINT('',(0.0104842388966656,-0.004,-0.00632210348051094));
#5084=CARTESIAN_POINT('',(0.0104842388966656,0.000900000000000001,-0.00632210348051094));
#5085=CARTESIAN_POINT('',(0.0106688201549201,-0.004,-0.00653930148847053));
#5086=CARTESIAN_POINT('',(0.0106688201549201,0.0009,-0.00653930148847053));
#5087=CARTESIAN_POINT('',(0.0108541769757237,-0.004,-0.00679100849176472));
#5088=CARTESIAN_POINT('',(0.0108541769757237,0.000900000000000001,-0.00679100849176472));
#5089=CARTESIAN_POINT('',(0.0110964828192301,-0.004,-0.00716836780659859));
#5090=CARTESIAN_POINT('',(0.0110964828192301,0.000899999999999998,-0.00716836780659859));
#5091=CARTESIAN_POINT('',(0.0112677360337497,-0.004,-0.00749347142320193));
#5092=CARTESIAN_POINT('',(0.0112677360337497,0.0009,-0.00749347142320193));
#5093=CARTESIAN_POINT('',(0.0113735906650983,-0.004,-0.00772683216996392));
#5094=CARTESIAN_POINT('',(0.0113735906650983,0.0009,-0.00772683216996392));
#5095=CARTESIAN_POINT('',(0.0094098888400181,0.0009,-0.00557520387685534));
#5096=CARTESIAN_POINT('',(0.00974061290523556,0.0009,-0.00577083253383182));
#5097=CARTESIAN_POINT('',(0.0101021669769407,0.0009,-0.00598469764045946));
#5098=CARTESIAN_POINT('',(0.0101128739615023,0.0009,-0.00599197464689037));
#5099=CARTESIAN_POINT('',(0.0101240843465135,0.0009,-0.0059993137391424));
#5100=CARTESIAN_POINT('',(0.0101371082668691,0.0009,-0.0060083614714738));
#5101=CARTESIAN_POINT('',(0.01015441626142,0.0009,-0.00602082663226877));
#5102=CARTESIAN_POINT('',(0.0101750173032842,0.0009,-0.00603632927386418));
#5103=CARTESIAN_POINT('',(0.0101990678621875,0.0009,-0.00605518087405456));
#5104=CARTESIAN_POINT('',(0.0102263562473364,0.0009,-0.00607746983202235));
#5105=CARTESIAN_POINT('',(0.0102567784398956,0.0009,-0.00610334833288171));
#5106=CARTESIAN_POINT('',(0.0102901927476035,0.0009,-0.00613294449341671));
#5107=CARTESIAN_POINT('',(0.0103264634131822,0.0009,-0.00616638849545723));
#5108=CARTESIAN_POINT('',(0.0103654478546889,0.0009,-0.0062038047169262));
#5109=CARTESIAN_POINT('',(0.0104070005182355,0.0009,-0.00624531388549792));
#5110=CARTESIAN_POINT('',(0.0104509718994202,0.0009,-0.00629103231904951));
#5111=CARTESIAN_POINT('',(0.0104972089662234,0.0009,-0.0063410720128281));
#5112=CARTESIAN_POINT('',(0.0105455551842668,0.0009,-0.00639554048809789));
#5113=CARTESIAN_POINT('',(0.010595850659289,0.0009,-0.0064545407129572));
#5114=CARTESIAN_POINT('',(0.0106479322497808,0.0009,-0.00651817100661618));
#5115=CARTESIAN_POINT('',(0.0107016336911224,0.0009,-0.00658652495250693));
#5116=CARTESIAN_POINT('',(0.0107567857198476,0.0009,-0.00665969131214547));
#5117=CARTESIAN_POINT('',(0.0108132161992346,0.0009,-0.00673775394566148));
#5118=CARTESIAN_POINT('',(0.0108707502529741,0.0009,-0.00682079172340663));
#5119=CARTESIAN_POINT('',(0.0109292103770065,0.0009,-0.0069088784871377));
#5120=CARTESIAN_POINT('',(0.0109884166455732,0.0009,-0.00700208283557337));
#5121=CARTESIAN_POINT('',(0.0110481865632158,0.0009,-0.00710046860299286));
#5122=CARTESIAN_POINT('',(0.0111083362889975,0.0009,-0.00720409268525207));
#5123=CARTESIAN_POINT('',(0.0111686765918609,0.0009,-0.00731301308341798));
#5124=CARTESIAN_POINT('',(0.0112290290537478,0.0009,-0.00742725771410502));
#5125=CARTESIAN_POINT('',(0.0112891645843184,0.0009,-0.00754694378503785));
#5126=CARTESIAN_POINT('',(0.0113373440939096,0.0009,-0.00764742741761776));
#5127=CARTESIAN_POINT('',(0.0113652291827836,0.0009,-0.007708398949498));
#5128=CARTESIAN_POINT('',(0.0113735906650983,0.0009,-0.00772683216996392));
#5129=CARTESIAN_POINT('',(0.0098268086883993,0.0009,-0.00582188212010894));
#5130=CARTESIAN_POINT('',(0.0098268086883993,-0.004,-0.00582188212010894));
#5131=CARTESIAN_POINT('',(0.0104860547776979,-0.004,-0.00452803876958657));
#5132=CARTESIAN_POINT('',(0.0104860547776979,0.0009,-0.00452803876958657));
#5133=CARTESIAN_POINT('',(0.0105678353497051,-0.004,-0.00456338239410647));
#5134=CARTESIAN_POINT('',(0.0105678353497051,0.0009,-0.00456338239410647));
#5135=CARTESIAN_POINT('',(0.0107123474332296,-0.004,-0.00462574741120072));
#5136=CARTESIAN_POINT('',(0.0107123474332296,0.000899999999999999,-0.00462574741120072));
#5137=CARTESIAN_POINT('',(0.0108011045199671,-0.004,-0.0046638828392637));
#5138=CARTESIAN_POINT('',(0.0108011045199671,0.000900000000000001,-0.0046638828392637));
#5139=CARTESIAN_POINT('',(0.0108060277488366,-0.004,-0.00466472158106947));
#5140=CARTESIAN_POINT('',(0.0108060277488366,0.000899999999999999,-0.00466472158106947));
#5141=CARTESIAN_POINT('',(0.0108601004499079,-0.004,-0.00468319689339182));
#5142=CARTESIAN_POINT('',(0.0108601004499079,0.000900000000000001,-0.00468319689339182));
#5143=CARTESIAN_POINT('',(0.0109305044259982,-0.004,-0.00470238513140351));
#5144=CARTESIAN_POINT('',(0.0109305044259982,0.000899999999999998,-0.00470238513140351));
#5145=CARTESIAN_POINT('',(0.011071473424175,-0.004,-0.00473413563124061));
#5146=CARTESIAN_POINT('',(0.011071473424175,0.000900000000000001,-0.00473413563124061));
#5147=CARTESIAN_POINT('',(0.0112771701609015,-0.004,-0.00476588825117806));
#5148=CARTESIAN_POINT('',(0.0112771701609015,0.000899999999999998,-0.00476588825117806));
#5149=CARTESIAN_POINT('',(0.0115613811819368,-0.004,-0.00478755184004313));
#5150=CARTESIAN_POINT('',(0.0115613811819368,0.000900000000000001,-0.00478755184004313));
#5151=CARTESIAN_POINT('',(0.0118739664308852,-0.004,-0.0047895589936615));
#5152=CARTESIAN_POINT('',(0.0118739664308852,0.0009,-0.0047895589936615));
#5153=CARTESIAN_POINT('',(0.0123216803309288,-0.004,-0.00476378229881998));
#5154=CARTESIAN_POINT('',(0.0123216803309288,0.000900000000000001,-0.00476378229881998));
#5155=CARTESIAN_POINT('',(0.0126853547955959,-0.004,-0.00471123794840106));
#5156=CARTESIAN_POINT('',(0.0126853547955959,0.0009,-0.00471123794840106));
#5157=CARTESIAN_POINT('',(0.01293636739674,-0.004,-0.00465971013868491));
#5158=CARTESIAN_POINT('',(0.01293636739674,0.0009,-0.00465971013868491));
#5159=CARTESIAN_POINT('',(0.0104860547985564,0.,-0.00452803877860113));
#5160=CARTESIAN_POINT('',(0.0104860547985564,0.0009,-0.00452803877860113));
#5161=CARTESIAN_POINT('',(0.0100414285693552,0.0009,-0.0043357373694144));
#5162=CARTESIAN_POINT('',(0.010394090205549,0.0009,-0.00448831111912753));
#5163=CARTESIAN_POINT('',(0.0107796268625691,0.0009,-0.00465510775186678));
#5164=CARTESIAN_POINT('',(0.0107918074920618,0.0009,-0.00465949256727472));
#5165=CARTESIAN_POINT('',(0.010804334241399,0.0009,-0.00466424814907129));
#5166=CARTESIAN_POINT('',(0.0108193092789278,0.0009,-0.00466946659834128));
#5167=CARTESIAN_POINT('',(0.0108395671897923,0.0009,-0.00467614222238878));
#5168=CARTESIAN_POINT('',(0.0108642180788903,0.0009,-0.00468369659125738));
#5169=CARTESIAN_POINT('',(0.0108936059076482,0.0009,-0.00469207320956034));
#5170=CARTESIAN_POINT('',(0.0109276777637805,0.0009,-0.00470104885611242));
#5171=CARTESIAN_POINT('',(0.0109664956268933,0.0009,-0.00471044992574235));
#5172=CARTESIAN_POINT('',(0.0110100798610207,0.0009,-0.00472008648184635));
#5173=CARTESIAN_POINT('',(0.0110584559893494,0.0009,-0.00472977217551977));
#5174=CARTESIAN_POINT('',(0.0111116408281696,0.0009,-0.00473931854803898));
#5175=CARTESIAN_POINT('',(0.0111696464937926,0.0009,-0.00474853688188835));
#5176=CARTESIAN_POINT('',(0.0112324792128753,0.0009,-0.00475723785553332));
#5177=CARTESIAN_POINT('',(0.0113001396415117,0.0009,-0.00476523183431491));
#5178=CARTESIAN_POINT('',(0.0113726227576327,0.0009,-0.00477232897984728));
#5179=CARTESIAN_POINT('',(0.0114499178806909,0.0009,-0.00477833941182619));
#5180=CARTESIAN_POINT('',(0.0115320086604251,0.0009,-0.00478307335541633));
#5181=CARTESIAN_POINT('',(0.0116188730795308,0.0009,-0.00478634129275353));
#5182=CARTESIAN_POINT('',(0.0117104834570136,0.0009,-0.00478795411410704));
#5183=CARTESIAN_POINT('',(0.0118068064577172,0.0009,-0.00478772326619602));
#5184=CARTESIAN_POINT('',(0.0119078030993808,0.0009,-0.00478546091228481));
#5185=CARTESIAN_POINT('',(0.0120134287869721,0.0009,-0.00478098004547698));
#5186=CARTESIAN_POINT('',(0.012123633260313,0.0009,-0.00477409478146096));
#5187=CARTESIAN_POINT('',(0.0122383608942811,0.0009,-0.00476461995746157));
#5188=CARTESIAN_POINT('',(0.0123575496595992,0.0009,-0.00475237340049164));
#5189=CARTESIAN_POINT('',(0.0124811352528915,0.0009,-0.00473716792723812));
#5190=CARTESIAN_POINT('',(0.01260903538767,0.0009,-0.00471884278548556));
#5191=CARTESIAN_POINT('',(0.0127412102310529,0.0009,-0.0046971437442838));
#5192=CARTESIAN_POINT('',(0.0128508224026669,0.0009,-0.00467705898899644));
#5193=CARTESIAN_POINT('',(0.0129165398521301,0.0009,-0.00466378033253629));
#5194=CARTESIAN_POINT('',(0.01293636739674,0.0009,-0.00465971013868491));
#5195=CARTESIAN_POINT('',(3.42110734230351E-17,-0.004,-1.88307653904016E-17));
#5196=CARTESIAN_POINT('',(0.00964258979230418,-0.004,-0.00516230262066757));
#5197=CARTESIAN_POINT('',(0.00964258979230418,0.0009,-0.00516230262066757));
#5198=CARTESIAN_POINT('',(3.42110734230351E-17,0.0009,-1.88307653904016E-17));
#5199=CARTESIAN_POINT('',(0.00984416262404869,0.0009,-0.00476669366346126));
#5200=CARTESIAN_POINT('',(0.00984416262404874,-0.004,-0.00476669366346128));
#5201=CARTESIAN_POINT('',(0.0100789862197247,-0.002,-0.00539593388254298));
#5202=CARTESIAN_POINT('',(0.0100789862197247,0.0009,-0.00539593388254298));
#5203=CARTESIAN_POINT('',(0.0102896816695141,-0.002,-0.00498242077932415));
#5204=CARTESIAN_POINT('',(0.0102896816695141,0.0009,-0.00498242077932415));
#5205=CARTESIAN_POINT('',(0.00250028803727768,-0.004,0.0111449109296758));
#5206=CARTESIAN_POINT('',(0.00250028803727768,0.000899999999999999,0.0111449109296758));
#5207=CARTESIAN_POINT('',(0.00251976385854817,-0.004,0.0112318472634947));
#5208=CARTESIAN_POINT('',(0.00251976385854817,0.000899999999999999,0.0112318472634947));
#5209=CARTESIAN_POINT('',(0.00255425157133818,-0.004,0.0113854172322655));
#5210=CARTESIAN_POINT('',(0.00255425157133818,0.0009,0.0113854172322655));
#5211=CARTESIAN_POINT('',(0.00257556946856823,-0.004,0.0114796386660126));
#5212=CARTESIAN_POINT('',(0.00257556946856823,0.0009,0.0114796386660126));
#5213=CARTESIAN_POINT('',(0.00257778471351661,-0.004,0.0114841146418991));
#5214=CARTESIAN_POINT('',(0.00257778471351661,0.0009,0.0114841146418991));
#5215=CARTESIAN_POINT('',(0.00259462100811274,-0.004,0.0115387198921121));
#5216=CARTESIAN_POINT('',(0.00259462100811274,0.000900000000000001,0.0115387198921121));
#5217=CARTESIAN_POINT('',(0.00262047981631784,-0.004,0.0116069564685616));
#5218=CARTESIAN_POINT('',(0.00262047981631784,0.000899999999999997,0.0116069564685616));
#5219=CARTESIAN_POINT('',(0.00267765262052846,-0.004,0.0117396652593237));
#5220=CARTESIAN_POINT('',(0.00267765262052846,0.000900000000000001,0.0117396652593237));
#5221=CARTESIAN_POINT('',(0.00277286971967569,-0.004,0.0119247411367438));
#5222=CARTESIAN_POINT('',(0.00277286971967569,0.0009,0.0119247411367438));
#5223=CARTESIAN_POINT('',(0.00292239855482821,-0.004,0.0121674062207966));
#5224=CARTESIAN_POINT('',(0.00292239855482821,0.0009,0.0121674062207966));
#5225=CARTESIAN_POINT('',(0.00310450773285665,-0.004,0.0124214727746827));
#5226=CARTESIAN_POINT('',(0.00310450773285665,0.0009,0.0124214727746827));
#5227=CARTESIAN_POINT('',(0.00338852114473426,-0.004,0.0127685297673553));
#5228=CARTESIAN_POINT('',(0.00338852114473426,0.0009,0.0127685297673553));
#5229=CARTESIAN_POINT('',(0.00364479290414813,-0.004,0.0130318637954235));
#5230=CARTESIAN_POINT('',(0.00364479290414813,0.000899999999999999,0.0130318637954235));
#5231=CARTESIAN_POINT('',(0.00383402128298358,-0.004,0.0132046499689173));
#5232=CARTESIAN_POINT('',(0.00383402128298358,0.000899999999999999,0.0132046499689173));
#5233=CARTESIAN_POINT('',(0.00239451841001252,0.0009,0.0106721688439656));
#5234=CARTESIAN_POINT('',(0.00247837296240311,0.0009,0.0110471587008788));
#5235=CARTESIAN_POINT('',(0.00257004441312713,0.0009,0.0114571050092188));
#5236=CARTESIAN_POINT('',(0.00257365661732432,0.0009,0.0114695366753113));
#5237=CARTESIAN_POINT('',(0.00257717230935235,0.0009,0.0114824662892555));
#5238=CARTESIAN_POINT('',(0.00258175260142056,0.0009,0.0114976486766284));
#5239=CARTESIAN_POINT('',(0.0025882592093665,0.0009,0.0115179615041533));
#5240=CARTESIAN_POINT('',(0.00259663702563775,0.0009,0.0115423448389714));
#5241=CARTESIAN_POINT('',(0.00260713393141607,0.0009,0.0115710437445669));
#5242=CARTESIAN_POINT('',(0.00261989941537269,0.0009,0.0116038842078809));
#5243=CARTESIAN_POINT('',(0.00263511035774001,0.0009,0.0116408143289088));
#5244=CARTESIAN_POINT('',(0.00265293239013714,0.0009,0.0116817389405654));
#5245=CARTESIAN_POINT('',(0.00267353127414764,0.0009,0.0117265691584049));
#5246=CARTESIAN_POINT('',(0.00269706936044905,0.0009,0.0117752078138332));
#5247=CARTESIAN_POINT('',(0.00272370644650773,0.0009,0.0118275537837796));
#5248=CARTESIAN_POINT('',(0.00275359935659959,0.0009,0.0118835008253094));
#5249=CARTESIAN_POINT('',(0.00278690189402888,0.0009,0.0119429380047579));
#5250=CARTESIAN_POINT('',(0.00282376468937773,0.0009,0.0120057496749823));
#5251=CARTESIAN_POINT('',(0.00286433508117102,0.0009,0.0120718155863959));
#5252=CARTESIAN_POINT('',(0.00290875699003313,0.0009,0.0121410109645098));
#5253=CARTESIAN_POINT('',(0.00295717079769003,0.0009,0.012213206601145));
#5254=CARTESIAN_POINT('',(0.0030097132266475,0.0009,0.0122882689459959));
#5255=CARTESIAN_POINT('',(0.00306651722580076,0.0009,0.0123660602015166));
#5256=CARTESIAN_POINT('',(0.00312771184506317,0.0009,0.0124464384227328));
#5257=CARTESIAN_POINT('',(0.00319342216388968,0.0009,0.0125292576116096));
#5258=CARTESIAN_POINT('',(0.00326376902365583,0.0009,0.0126143678467518));
#5259=CARTESIAN_POINT('',(0.00333886952856688,0.0009,0.0127016152905415));
#5260=CARTESIAN_POINT('',(0.00341883459977108,0.0009,0.0127908426816441));
#5261=CARTESIAN_POINT('',(0.00350377787517369,0.0009,0.0128818879739449));
#5262=CARTESIAN_POINT('',(0.00359378103926491,0.0009,0.0129745901084953));
#5263=CARTESIAN_POINT('',(0.00368902635602327,0.0009,0.0130687674266136));
#5264=CARTESIAN_POINT('',(0.00376970368232509,0.0009,0.0131456400132859));
#5265=CARTESIAN_POINT('',(0.00381907408867656,0.0009,0.013191001548291));
#5266=CARTESIAN_POINT('',(0.00383402128298358,0.0009,0.0132046499689173));
#5267=CARTESIAN_POINT('',(0.00250028804224508,0.0009,0.0111449109518493));
#5268=CARTESIAN_POINT('',(0.00250028804224508,-0.004,0.0111449109518493));
#5269=CARTESIAN_POINT('',(0.00106605164759713,-0.004,0.0113720716575484));
#5270=CARTESIAN_POINT('',(0.00106605164759713,0.0009,0.0113720716575484));
#5271=CARTESIAN_POINT('',(0.00107439384544633,-0.004,0.0114607713840817));
#5272=CARTESIAN_POINT('',(0.00107439384544633,0.0009,0.0114607713840817));
#5273=CARTESIAN_POINT('',(0.00108904981164108,-0.004,0.0116174823929376));
#5274=CARTESIAN_POINT('',(0.00108904981164108,0.000900000000000001,0.0116174823929376));
#5275=CARTESIAN_POINT('',(0.00109789131082898,-0.004,0.011713679894006));
#5276=CARTESIAN_POINT('',(0.00109789131082898,0.0009,0.011713679894006));
#5277=CARTESIAN_POINT('',(0.00109716764030097,-0.004,0.0117186213483754));
#5278=CARTESIAN_POINT('',(0.00109716764030097,0.000899999999999999,0.0117186213483754));
#5279=CARTESIAN_POINT('',(0.00109802932291297,-0.004,0.0117757567285668));
#5280=CARTESIAN_POINT('',(0.00109802932291297,0.000900000000000001,0.0117757567285668));
#5281=CARTESIAN_POINT('',(0.00109452239662672,-0.004,0.0118486443804384));
#5282=CARTESIAN_POINT('',(0.00109452239662672,0.0009,0.0118486443804384));
#5283=CARTESIAN_POINT('',(0.00108115710027578,-0.004,0.0119925253087795));
#5284=CARTESIAN_POINT('',(0.00108115710027578,0.000900000000000001,0.0119925253087795));
#5285=CARTESIAN_POINT('',(0.00104779184904078,-0.004,0.0121979666298006));
#5286=CARTESIAN_POINT('',(0.00104779184904078,0.000900000000000001,0.0121979666298006));
#5287=CARTESIAN_POINT('',(0.000980569110908686,-0.004,0.0124749617904775));
#5288=CARTESIAN_POINT('',(0.000980569110908686,0.000899999999999999,0.0124749617904775));
#5289=CARTESIAN_POINT('',(0.00088588387332067,-0.004,0.012772868272966));
#5290=CARTESIAN_POINT('',(0.00088588387332067,0.0009,0.012772868272966));
#5291=CARTESIAN_POINT('',(0.000723017575991719,-0.004,0.0131907040582736));
#5292=CARTESIAN_POINT('',(0.000723017575991719,0.0009,0.0131907040582736));
#5293=CARTESIAN_POINT('',(0.000560663339129022,-0.004,0.0135203419304675));
#5294=CARTESIAN_POINT('',(0.000560663339129022,0.0009,0.0135203419304675));
#5295=CARTESIAN_POINT('',(0.00043409032037222,-0.004,0.0137431461315726));
#5296=CARTESIAN_POINT('',(0.00043409032037222,0.0009,0.0137431461315726));
#5297=CARTESIAN_POINT('',(0.00106605164972485,0.,0.0113720716801717));
#5298=CARTESIAN_POINT('',(0.00106605164972485,0.0009,0.0113720716801717));
#5299=CARTESIAN_POINT('',(0.00102055920239309,0.0009,0.0108897826040932));
#5300=CARTESIAN_POINT('',(0.0010566870224254,0.0009,0.0112723316327994));
#5301=CARTESIAN_POINT('',(0.00109618266791442,0.0009,0.0116905417768501));
#5302=CARTESIAN_POINT('',(0.00109658885366549,0.0009,0.0117034812263799));
#5303=CARTESIAN_POINT('',(0.0010972407022924,0.0009,0.0117168644285583));
#5304=CARTESIAN_POINT('',(0.00109757620138779,0.0009,0.0117327191250905));
#5305=CARTESIAN_POINT('',(0.00109766505841083,0.0009,0.0117540484245035));
#5306=CARTESIAN_POINT('',(0.00109723214649208,0.0009,0.0117798272415748));
#5307=CARTESIAN_POINT('',(0.00109611744539964,0.0009,0.0118103652450258));
#5308=CARTESIAN_POINT('',(0.0010941250099662,0.0009,0.0118455431331427));
#5309=CARTESIAN_POINT('',(0.0010910705791107,0.0009,0.0118853662050858));
#5310=CARTESIAN_POINT('',(0.00108676721955589,0.0009,0.0119297951345637));
#5311=CARTESIAN_POINT('',(0.0010810298158632,0.0009,0.0119787966105912));
#5312=CARTESIAN_POINT('',(0.00107367393661604,0.0009,0.0120323283894624));
#5313=CARTESIAN_POINT('',(0.00106451635664531,0.0009,0.0120903436775545));
#5314=CARTESIAN_POINT('',(0.00105337509632913,0.0009,0.0121527898931986));
#5315=CARTESIAN_POINT('',(0.00104006959964514,0.0009,0.0122196090600447));
#5316=CARTESIAN_POINT('',(0.00102442087146418,0.0009,0.012290737738534));
#5317=CARTESIAN_POINT('',(0.00100625162535617,0.0009,0.0123661070946214));
#5318=CARTESIAN_POINT('',(0.000985386427235989,0.0009,0.0124456429346351));
#5319=CARTESIAN_POINT('',(0.00096165183862523,0.0009,0.0125292657546335));
#5320=CARTESIAN_POINT('',(0.000934876559379803,0.0009,0.0126168907903059));
#5321=CARTESIAN_POINT('',(0.000904891565803156,0.0009,0.0127084280718665));
#5322=CARTESIAN_POINT('',(0.000871530260724878,0.0009,0.0128037824802388));
#5323=CARTESIAN_POINT('',(0.000834628570640373,0.0009,0.0129028538147175));
#5324=CARTESIAN_POINT('',(0.000794025240313054,0.0009,0.0130055368336216));
#5325=CARTESIAN_POINT('',(0.000749561358587123,0.0009,0.0131117214158715));
#5326=CARTESIAN_POINT('',(0.000701082836756825,0.0009,0.0132212922735701));
#5327=CARTESIAN_POINT('',(0.000648431523748496,0.0009,0.0133341304077481));
#5328=CARTESIAN_POINT('',(0.00059147996304326,0.0009,0.0134501078841384));
#5329=CARTESIAN_POINT('',(0.000529998675676835,0.0009,0.013569108257735));
#5330=CARTESIAN_POINT('',(0.000477024914463509,0.0009,0.0136671490971021));
#5331=CARTESIAN_POINT('',(0.000444088352998337,0.0009,0.0137255467751397));
#5332=CARTESIAN_POINT('',(0.00043409032037222,0.0009,0.0137431461315726));
#5333=CARTESIAN_POINT('',(7.33731904783973E-18,-0.004,3.83556908311512E-17));
#5334=CARTESIAN_POINT('',(0.00192991743086505,-0.004,0.0107658870958246));
#5335=CARTESIAN_POINT('',(0.00192991743086505,0.0009,0.0107658870958246));
#5336=CARTESIAN_POINT('',(7.33731904783973E-18,0.0009,3.83556908311512E-17));
#5337=CARTESIAN_POINT('',(0.00149138152359593,0.0009,0.0108353443600596));
#5338=CARTESIAN_POINT('',(0.00149138152359593,-0.004,0.0108353443600597));
#5339=CARTESIAN_POINT('',(0.00201726005252446,-0.002,0.0112531207921476));
#5340=CARTESIAN_POINT('',(0.00201726005252446,0.0009,0.0112531207921476));
#5341=CARTESIAN_POINT('',(0.00155887724651237,-0.002,0.0113257214963322));
#5342=CARTESIAN_POINT('',(0.00155887724651237,0.0009,0.0113257214963322));
#5343=CARTESIAN_POINT('',(0.00582188210853268,-0.004,0.00982680866884605));
#5344=CARTESIAN_POINT('',(0.00582188210853268,0.0009,0.00982680866884605));
#5345=CARTESIAN_POINT('',(0.00586726951984087,-0.004,0.00990347167587535));
#5346=CARTESIAN_POINT('',(0.00586726951984087,0.0009,0.00990347167587535));
#5347=CARTESIAN_POINT('',(0.00594752501399772,-0.004,0.0100388681060328));
#5348=CARTESIAN_POINT('',(0.00594752501399772,0.0009,0.0100388681060328));
#5349=CARTESIAN_POINT('',(0.00599691556333432,-0.004,0.0101218904220443));
#5350=CARTESIAN_POINT('',(0.00599691556333432,0.0009,0.0101218904220443));
#5351=CARTESIAN_POINT('',(0.00600040553909302,-0.004,0.0101254627797422));
#5352=CARTESIAN_POINT('',(0.00600040553909302,0.000900000000000001,0.0101254627797422));
#5353=CARTESIAN_POINT('',(0.00603329175707682,-0.004,0.0101721927576286));
#5354=CARTESIAN_POINT('',(0.00603329175707682,0.000899999999999997,0.0101721927576286));
#5355=CARTESIAN_POINT('',(0.00607897120688474,-0.004,0.0102290987871209));
#5356=CARTESIAN_POINT('',(0.00607897120688474,0.000900000000000001,0.0102290987871209));
#5357=CARTESIAN_POINT('',(0.00617435504653259,-0.004,0.0103376449792277));
#5358=CARTESIAN_POINT('',(0.00617435504653259,0.000899999999999999,0.0103376449792277));
#5359=CARTESIAN_POINT('',(0.00632210348051094,-0.004,0.0104842388966656));
#5360=CARTESIAN_POINT('',(0.00632210348051094,0.000900000000000001,0.0104842388966656));
#5361=CARTESIAN_POINT('',(0.00653930148847053,-0.004,0.0106688201549201));
#5362=CARTESIAN_POINT('',(0.00653930148847053,0.0009,0.0106688201549201));
#5363=CARTESIAN_POINT('',(0.00679100849176471,-0.004,0.0108541769757237));
#5364=CARTESIAN_POINT('',(0.00679100849176471,0.000900000000000001,0.0108541769757237));
#5365=CARTESIAN_POINT('',(0.0071683678065986,-0.004,0.0110964828192301));
#5366=CARTESIAN_POINT('',(0.0071683678065986,0.000899999999999998,0.0110964828192301));
#5367=CARTESIAN_POINT('',(0.00749347142320193,-0.004,0.0112677360337495));
#5368=CARTESIAN_POINT('',(0.00749347142320193,0.0009,0.0112677360337495));
#5369=CARTESIAN_POINT('',(0.00772683216996392,-0.004,0.0113735906650983));
#5370=CARTESIAN_POINT('',(0.00772683216996392,0.0009,0.0113735906650983));
#5371=CARTESIAN_POINT('',(0.00557520387685534,0.0009,0.0094098888400181));
#5372=CARTESIAN_POINT('',(0.00577083253383182,0.0009,0.00974061290523556));
#5373=CARTESIAN_POINT('',(0.00598469764045946,0.0009,0.0101021669769407));
#5374=CARTESIAN_POINT('',(0.00599197464689037,0.0009,0.0101128739615023));
#5375=CARTESIAN_POINT('',(0.0059993137391424,0.0009,0.0101240843465135));
#5376=CARTESIAN_POINT('',(0.0060083614714738,0.0009,0.0101371082668691));
#5377=CARTESIAN_POINT('',(0.00602082663226877,0.0009,0.01015441626142));
#5378=CARTESIAN_POINT('',(0.00603632927386418,0.0009,0.0101750173032842));
#5379=CARTESIAN_POINT('',(0.00605518087405456,0.0009,0.0101990678621875));
#5380=CARTESIAN_POINT('',(0.00607746983202234,0.0009,0.0102263562473364));
#5381=CARTESIAN_POINT('',(0.00610334833288171,0.0009,0.0102567784398956));
#5382=CARTESIAN_POINT('',(0.00613294449341671,0.0009,0.0102901927476035));
#5383=CARTESIAN_POINT('',(0.00616638849545723,0.0009,0.0103264634131822));
#5384=CARTESIAN_POINT('',(0.00620380471692619,0.0009,0.0103654478546889));
#5385=CARTESIAN_POINT('',(0.00624531388549792,0.0009,0.0104070005182355));
#5386=CARTESIAN_POINT('',(0.00629103231904951,0.0009,0.0104509718994202));
#5387=CARTESIAN_POINT('',(0.0063410720128281,0.0009,0.0104972089662234));
#5388=CARTESIAN_POINT('',(0.00639554048809789,0.0009,0.0105455551842668));
#5389=CARTESIAN_POINT('',(0.0064545407129572,0.0009,0.010595850659289));
#5390=CARTESIAN_POINT('',(0.00651817100661618,0.0009,0.0106479322497808));
#5391=CARTESIAN_POINT('',(0.00658652495250693,0.0009,0.0107016336911224));
#5392=CARTESIAN_POINT('',(0.00665969131214547,0.0009,0.0107567857198476));
#5393=CARTESIAN_POINT('',(0.00673775394566148,0.0009,0.0108132161992346));
#5394=CARTESIAN_POINT('',(0.00682079172340662,0.0009,0.0108707502529741));
#5395=CARTESIAN_POINT('',(0.0069088784871377,0.0009,0.0109292103770065));
#5396=CARTESIAN_POINT('',(0.00700208283557337,0.0009,0.0109884166455732));
#5397=CARTESIAN_POINT('',(0.00710046860299286,0.0009,0.0110481865632158));
#5398=CARTESIAN_POINT('',(0.00720409268525207,0.0009,0.0111083362889975));
#5399=CARTESIAN_POINT('',(0.00731301308341798,0.0009,0.0111686765918609));
#5400=CARTESIAN_POINT('',(0.00742725771410501,0.0009,0.0112290290537478));
#5401=CARTESIAN_POINT('',(0.00754694378503785,0.0009,0.0112891645843184));
#5402=CARTESIAN_POINT('',(0.00764742741761776,0.0009,0.0113373440939096));
#5403=CARTESIAN_POINT('',(0.007708398949498,0.0009,0.0113652291827836));
#5404=CARTESIAN_POINT('',(0.00772683216996392,0.0009,0.0113735906650983));
#5405=CARTESIAN_POINT('',(0.00582188212010894,0.0009,0.0098268086883993));
#5406=CARTESIAN_POINT('',(0.00582188212010894,-0.004,0.0098268086883993));
#5407=CARTESIAN_POINT('',(0.00452803876958657,-0.004,0.0104860547776979));
#5408=CARTESIAN_POINT('',(0.00452803876958657,0.0009,0.0104860547776979));
#5409=CARTESIAN_POINT('',(0.00456338239410647,-0.004,0.0105678353497051));
#5410=CARTESIAN_POINT('',(0.00456338239410647,0.0009,0.0105678353497051));
#5411=CARTESIAN_POINT('',(0.00462574741120072,-0.004,0.0107123474332296));
#5412=CARTESIAN_POINT('',(0.00462574741120072,0.000899999999999999,0.0107123474332296));
#5413=CARTESIAN_POINT('',(0.0046638828392637,-0.004,0.0108011045199671));
#5414=CARTESIAN_POINT('',(0.0046638828392637,0.000900000000000001,0.0108011045199671));
#5415=CARTESIAN_POINT('',(0.00466472158106946,-0.004,0.0108060277488366));
#5416=CARTESIAN_POINT('',(0.00466472158106946,0.000900000000000001,0.0108060277488366));
#5417=CARTESIAN_POINT('',(0.00468319689339182,-0.004,0.0108601004499079));
#5418=CARTESIAN_POINT('',(0.00468319689339182,0.0009,0.0108601004499079));
#5419=CARTESIAN_POINT('',(0.00470238513140351,-0.004,0.0109305044259982));
#5420=CARTESIAN_POINT('',(0.00470238513140351,0.000900000000000001,0.0109305044259982));
#5421=CARTESIAN_POINT('',(0.00473413563124061,-0.004,0.011071473424175));
#5422=CARTESIAN_POINT('',(0.00473413563124061,0.0009,0.011071473424175));
#5423=CARTESIAN_POINT('',(0.00476588825117805,-0.004,0.0112771701609015));
#5424=CARTESIAN_POINT('',(0.00476588825117805,0.0009,0.0112771701609015));
#5425=CARTESIAN_POINT('',(0.00478755184004313,-0.004,0.0115613811819368));
#5426=CARTESIAN_POINT('',(0.00478755184004313,0.000900000000000001,0.0115613811819368));
#5427=CARTESIAN_POINT('',(0.0047895589936615,-0.004,0.0118739664308852));
#5428=CARTESIAN_POINT('',(0.0047895589936615,0.0009,0.0118739664308852));
#5429=CARTESIAN_POINT('',(0.00476378229881995,-0.004,0.0123216803309288));
#5430=CARTESIAN_POINT('',(0.00476378229881995,0.000900000000000001,0.0123216803309288));
#5431=CARTESIAN_POINT('',(0.00471123794840118,-0.004,0.0126853547955959));
#5432=CARTESIAN_POINT('',(0.00471123794840118,0.0009,0.0126853547955959));
#5433=CARTESIAN_POINT('',(0.0046597101386849,-0.004,0.01293636739674));
#5434=CARTESIAN_POINT('',(0.0046597101386849,0.0009,0.01293636739674));
#5435=CARTESIAN_POINT('',(0.00452803877860112,0.,0.0104860547985564));
#5436=CARTESIAN_POINT('',(0.00452803877860112,0.0009,0.0104860547985564));
#5437=CARTESIAN_POINT('',(0.0043357373694144,0.0009,0.0100414285693552));
#5438=CARTESIAN_POINT('',(0.00448831111912753,0.0009,0.010394090205549));
#5439=CARTESIAN_POINT('',(0.00465510775186678,0.0009,0.0107796268625691));
#5440=CARTESIAN_POINT('',(0.00465949256727472,0.0009,0.0107918074920618));
#5441=CARTESIAN_POINT('',(0.00466424814907129,0.0009,0.010804334241399));
#5442=CARTESIAN_POINT('',(0.00466946659834127,0.0009,0.0108193092789278));
#5443=CARTESIAN_POINT('',(0.00467614222238877,0.0009,0.0108395671897923));
#5444=CARTESIAN_POINT('',(0.00468369659125738,0.0009,0.0108642180788903));
#5445=CARTESIAN_POINT('',(0.00469207320956034,0.0009,0.0108936059076482));
#5446=CARTESIAN_POINT('',(0.00470104885611242,0.0009,0.0109276777637805));
#5447=CARTESIAN_POINT('',(0.00471044992574235,0.0009,0.0109664956268933));
#5448=CARTESIAN_POINT('',(0.00472008648184635,0.0009,0.0110100798610207));
#5449=CARTESIAN_POINT('',(0.00472977217551977,0.0009,0.0110584559893494));
#5450=CARTESIAN_POINT('',(0.00473931854803898,0.0009,0.0111116408281696));
#5451=CARTESIAN_POINT('',(0.00474853688188835,0.0009,0.0111696464937926));
#5452=CARTESIAN_POINT('',(0.00475723785553331,0.0009,0.0112324792128753));
#5453=CARTESIAN_POINT('',(0.0047652318343149,0.0009,0.0113001396415117));
#5454=CARTESIAN_POINT('',(0.00477232897984728,0.0009,0.0113726227576327));
#5455=CARTESIAN_POINT('',(0.00477833941182618,0.0009,0.0114499178806909));
#5456=CARTESIAN_POINT('',(0.00478307335541632,0.0009,0.0115320086604251));
#5457=CARTESIAN_POINT('',(0.00478634129275353,0.0009,0.0116188730795308));
#5458=CARTESIAN_POINT('',(0.00478795411410704,0.0009,0.0117104834570136));
#5459=CARTESIAN_POINT('',(0.00478772326619601,0.0009,0.0118068064577172));
#5460=CARTESIAN_POINT('',(0.00478546091228481,0.0009,0.0119078030993808));
#5461=CARTESIAN_POINT('',(0.00478098004547697,0.0009,0.0120134287869721));
#5462=CARTESIAN_POINT('',(0.00477409478146096,0.0009,0.012123633260313));
#5463=CARTESIAN_POINT('',(0.00476461995746156,0.0009,0.0122383608942811));
#5464=CARTESIAN_POINT('',(0.00475237340049163,0.0009,0.0123575496595992));
#5465=CARTESIAN_POINT('',(0.00473716792723812,0.0009,0.0124811352528915));
#5466=CARTESIAN_POINT('',(0.00471884278548555,0.0009,0.01260903538767));
#5467=CARTESIAN_POINT('',(0.0046971437442838,0.0009,0.0127412102310529));
#5468=CARTESIAN_POINT('',(0.00467705898899643,0.0009,0.0128508224026669));
#5469=CARTESIAN_POINT('',(0.00466378033253629,0.0009,0.0129165398521301));
#5470=CARTESIAN_POINT('',(0.0046597101386849,0.0009,0.01293636739674));
#5471=CARTESIAN_POINT('',(1.88307653904016E-17,-0.004,3.42110734230351E-17));
#5472=CARTESIAN_POINT('',(0.00516230262066757,-0.004,0.00964258979230418));
#5473=CARTESIAN_POINT('',(0.00516230262066757,0.0009,0.00964258979230418));
#5474=CARTESIAN_POINT('',(1.88307653904016E-17,0.0009,3.42110734230351E-17));
#5475=CARTESIAN_POINT('',(0.00476669366346126,0.0009,0.00984416262404869));
#5476=CARTESIAN_POINT('',(0.00476669366346128,-0.004,0.00984416262404874));
#5477=CARTESIAN_POINT('',(0.00539593388254298,-0.002,0.0100789862197247));
#5478=CARTESIAN_POINT('',(0.00539593388254298,0.0009,0.0100789862197247));
#5479=CARTESIAN_POINT('',(0.00498242077932415,-0.002,0.0102896816695141));
#5480=CARTESIAN_POINT('',(0.00498242077932415,0.0009,0.0102896816695141));
#5481=CARTESIAN_POINT('',(0.00857358979556665,-0.004,0.00754678990810769));
#5482=CARTESIAN_POINT('',(0.00857358979556665,0.000899999999999997,0.00754678990810769));
#5483=CARTESIAN_POINT('',(0.00864044596086102,-0.004,0.00760567527907677));
#5484=CARTESIAN_POINT('',(0.00864044596086102,0.000899999999999998,0.00760567527907677));
#5485=CARTESIAN_POINT('',(0.00875861326944374,-0.004,0.0077096446246747));
#5486=CARTESIAN_POINT('',(0.00875861326944374,0.000899999999999996,0.0077096446246747));
#5487=CARTESIAN_POINT('',(0.00883124177979362,-0.004,0.0077733410202088));
#5488=CARTESIAN_POINT('',(0.00883124177979362,0.000899999999999999,0.0077733410202088));
#5489=CARTESIAN_POINT('',(0.00883566486321928,-0.004,0.00777566007245655));
#5490=CARTESIAN_POINT('',(0.00883566486321928,0.000899999999999997,0.00777566007245655));
#5491=CARTESIAN_POINT('',(0.00888138187244276,-0.004,0.00780994052219406));
#5492=CARTESIAN_POINT('',(0.00888138187244276,0.000899999999999997,0.00780994052219406));
#5493=CARTESIAN_POINT('',(0.00894241054103887,-0.004,0.00784994564607481));
#5494=CARTESIAN_POINT('',(0.00894241054103887,0.000899999999999998,0.00784994564607481));
#5495=CARTESIAN_POINT('',(0.0090666685813209,-0.004,0.00792370398195712));
#5496=CARTESIAN_POINT('',(0.0090666685813209,0.000899999999999996,0.00792370398195712));
#5497=CARTESIAN_POINT('',(0.00925248570398873,-0.004,0.00801746630539405));
#5498=CARTESIAN_POINT('',(0.00925248570398873,0.000899999999999999,0.00801746630539405));
#5499=CARTESIAN_POINT('',(0.00951609203042876,-0.004,0.00812589563823908));
#5500=CARTESIAN_POINT('',(0.00951609203042876,0.000899999999999996,0.00812589563823908));
#5501=CARTESIAN_POINT('',(0.00981275802376046,-0.004,0.00822439870888301));
#5502=CARTESIAN_POINT('',(0.00981275802376046,0.000899999999999998,0.00822439870888301));
#5503=CARTESIAN_POINT('',(0.0102465246825977,-0.004,0.00833823481901678));
#5504=CARTESIAN_POINT('',(0.0102465246825977,0.000899999999999995,0.00833823481901678));
#5505=CARTESIAN_POINT('',(0.0106086367492673,-0.004,0.00840064376215879));
#5506=CARTESIAN_POINT('',(0.0106086367492673,0.000899999999999997,0.00840064376215879));
#5507=CARTESIAN_POINT('',(0.0108632868881428,-0.004,0.00842920506251354));
#5508=CARTESIAN_POINT('',(0.0108632868881428,0.000899999999999997,0.00842920506251354));
#5509=CARTESIAN_POINT('',(0.00821014954350203,0.0009,0.00722650335385887));
#5510=CARTESIAN_POINT('',(0.00849840280909454,0.0009,0.00748058805158708));
#5511=CARTESIAN_POINT('',(0.00881352696490327,0.0009,0.00775835845502356));
#5512=CARTESIAN_POINT('',(0.00882375644947656,0.0009,0.00776629268380544));
#5513=CARTESIAN_POINT('',(0.00883420054046848,0.0009,0.00777468648929133));
#5514=CARTESIAN_POINT('',(0.00884683005798323,0.0009,0.00778427707056229));
#5515=CARTESIAN_POINT('',(0.00886403359483873,0.0009,0.00779688600504067));
#5516=CARTESIAN_POINT('',(0.0088851435551857,0.0009,0.00781168818043739));
#5517=CARTESIAN_POINT('',(0.00891050452381468,0.0009,0.00782873615637292));
#5518=CARTESIAN_POINT('',(0.00894013515729143,0.0009,0.00784780128608901));
#5519=CARTESIAN_POINT('',(0.0089741480486726,0.0009,0.00786873761400788));
#5520=CARTESIAN_POINT('',(0.00901262125894375,0.0009,0.0078913707925174));
#5521=CARTESIAN_POINT('',(0.00905563664707649,0.0009,0.00791553148037597));
#5522=CARTESIAN_POINT('',(0.00910326844326149,0.0009,0.00794104563920588));
#5523=CARTESIAN_POINT('',(0.00915558648771507,0.0009,0.00796773753213027));
#5524=CARTESIAN_POINT('',(0.00921265520591131,0.0009,0.00799542902781277));
#5525=CARTESIAN_POINT('',(0.00927453382216511,0.0009,0.00802393997571947));
#5526=CARTESIAN_POINT('',(0.00934127622349225,0.0009,0.00805308827691175));
#5527=CARTESIAN_POINT('',(0.0094129309283296,0.0009,0.00808269004401834));
#5528=CARTESIAN_POINT('',(0.00948954103030378,0.0009,0.00811255973793687));
#5529=CARTESIAN_POINT('',(0.00957114415395465,0.0009,0.00814251031274641));
#5530=CARTESIAN_POINT('',(0.00965777241121284,0.0009,0.00817235336050759));
#5531=CARTESIAN_POINT('',(0.0097494523646287,0.0009,0.00820189925526413));
#5532=CARTESIAN_POINT('',(0.00984620498461267,0.0009,0.00823095730748357));
#5533=CARTESIAN_POINT('',(0.00994804564707773,0.0009,0.0082593358824156));
#5534=CARTESIAN_POINT('',(0.0100549839931652,0.0009,0.00828684266232523));
#5535=CARTESIAN_POINT('',(0.0101670243386841,0.0009,0.00831328435784041));
#5536=CARTESIAN_POINT('',(0.0102841639848354,0.0009,0.00833846854405385));
#5537=CARTESIAN_POINT('',(0.0104063996182991,0.0009,0.00836219732821996));
#5538=CARTESIAN_POINT('',(0.0105337026551411,0.0009,0.00838429239797358));
#5539=CARTESIAN_POINT('',(0.0106661137737236,0.0009,0.00840449965627543));
#5540=CARTESIAN_POINT('',(0.0107765676745141,0.0009,0.00841926994270027));
#5541=CARTESIAN_POINT('',(0.010843172013569,0.0009,0.00842694899865731));
#5542=CARTESIAN_POINT('',(0.0108632868881428,0.0009,0.00842920506251354));
#5543=CARTESIAN_POINT('',(0.00857358981261862,0.0009,0.00754678992312667));
#5544=CARTESIAN_POINT('',(0.00857358981261862,-0.004,0.00754678992312667));
#5545=CARTESIAN_POINT('',(0.00754678990810767,-0.004,0.00857358979556665));
#5546=CARTESIAN_POINT('',(0.00754678990810767,0.0009,0.00857358979556665));
#5547=CARTESIAN_POINT('',(0.00760567527907674,-0.004,0.00864044596086102));
#5548=CARTESIAN_POINT('',(0.00760567527907674,0.0009,0.00864044596086102));
#5549=CARTESIAN_POINT('',(0.00770964462467468,-0.004,0.00875861326944374));
#5550=CARTESIAN_POINT('',(0.00770964462467468,0.000900000000000001,0.00875861326944374));
#5551=CARTESIAN_POINT('',(0.00777334102020879,-0.004,0.00883124177979362));
#5552=CARTESIAN_POINT('',(0.00777334102020879,0.0009,0.00883124177979362));
#5553=CARTESIAN_POINT('',(0.00777566007245652,-0.004,0.00883566486321929));
#5554=CARTESIAN_POINT('',(0.00777566007245652,0.0009,0.00883566486321929));
#5555=CARTESIAN_POINT('',(0.00780994052219405,-0.004,0.00888138187244277));
#5556=CARTESIAN_POINT('',(0.00780994052219405,0.000900000000000001,0.00888138187244277));
#5557=CARTESIAN_POINT('',(0.00784994564607479,-0.004,0.00894241054103888));
#5558=CARTESIAN_POINT('',(0.00784994564607479,0.000899999999999998,0.00894241054103888));
#5559=CARTESIAN_POINT('',(0.00792370398195709,-0.004,0.00906666858132091));
#5560=CARTESIAN_POINT('',(0.00792370398195709,0.000900000000000001,0.00906666858132091));
#5561=CARTESIAN_POINT('',(0.00801746630539404,-0.004,0.00925248570398873));
#5562=CARTESIAN_POINT('',(0.00801746630539404,0.000899999999999999,0.00925248570398873));
#5563=CARTESIAN_POINT('',(0.00812589563823906,-0.004,0.00951609203042878));
#5564=CARTESIAN_POINT('',(0.00812589563823906,0.000900000000000001,0.00951609203042878));
#5565=CARTESIAN_POINT('',(0.00822439870888298,-0.004,0.00981275802376047));
#5566=CARTESIAN_POINT('',(0.00822439870888298,0.0009,0.00981275802376047));
#5567=CARTESIAN_POINT('',(0.00833823481901676,-0.004,0.0102465246825977));
#5568=CARTESIAN_POINT('',(0.00833823481901676,0.000900000000000001,0.0102465246825977));
#5569=CARTESIAN_POINT('',(0.00840064376215876,-0.004,0.0106086367492673));
#5570=CARTESIAN_POINT('',(0.00840064376215876,0.0009,0.0106086367492673));
#5571=CARTESIAN_POINT('',(0.00842920506251352,-0.004,0.0108632868881428));
#5572=CARTESIAN_POINT('',(0.00842920506251352,0.0009,0.0108632868881428));
#5573=CARTESIAN_POINT('',(0.00754678992312665,0.,0.00857358981261862));
#5574=CARTESIAN_POINT('',(0.00754678992312665,0.0009,0.00857358981261862));
#5575=CARTESIAN_POINT('',(0.00722650335385885,0.0009,0.00821014954350204));
#5576=CARTESIAN_POINT('',(0.00748058805158706,0.0009,0.00849840280909455));
#5577=CARTESIAN_POINT('',(0.00775835845502355,0.0009,0.00881352696490328));
#5578=CARTESIAN_POINT('',(0.00776629268380543,0.0009,0.00882375644947657));
#5579=CARTESIAN_POINT('',(0.00777468648929132,0.0009,0.00883420054046849));
#5580=CARTESIAN_POINT('',(0.00778427707056227,0.0009,0.00884683005798324));
#5581=CARTESIAN_POINT('',(0.00779688600504066,0.0009,0.00886403359483874));
#5582=CARTESIAN_POINT('',(0.00781168818043738,0.0009,0.00888514355518571));
#5583=CARTESIAN_POINT('',(0.00782873615637291,0.0009,0.0089105045238147));
#5584=CARTESIAN_POINT('',(0.00784780128608899,0.0009,0.00894013515729144));
#5585=CARTESIAN_POINT('',(0.00786873761400787,0.0009,0.00897414804867262));
#5586=CARTESIAN_POINT('',(0.00789137079251738,0.0009,0.00901262125894376));
#5587=CARTESIAN_POINT('',(0.00791553148037595,0.0009,0.0090556366470765));
#5588=CARTESIAN_POINT('',(0.00794104563920587,0.0009,0.0091032684432615));
#5589=CARTESIAN_POINT('',(0.00796773753213025,0.0009,0.00915558648771508));
#5590=CARTESIAN_POINT('',(0.00799542902781275,0.0009,0.00921265520591132));
#5591=CARTESIAN_POINT('',(0.00802393997571946,0.0009,0.00927453382216512));
#5592=CARTESIAN_POINT('',(0.00805308827691174,0.0009,0.00934127622349226));
#5593=CARTESIAN_POINT('',(0.00808269004401832,0.0009,0.00941293092832961));
#5594=CARTESIAN_POINT('',(0.00811255973793685,0.0009,0.0094895410303038));
#5595=CARTESIAN_POINT('',(0.0081425103127464,0.0009,0.00957114415395467));
#5596=CARTESIAN_POINT('',(0.00817235336050757,0.0009,0.00965777241121285));
#5597=CARTESIAN_POINT('',(0.00820189925526411,0.0009,0.00974945236462871));
#5598=CARTESIAN_POINT('',(0.00823095730748355,0.0009,0.00984620498461269));
#5599=CARTESIAN_POINT('',(0.00825933588241558,0.0009,0.00994804564707775));
#5600=CARTESIAN_POINT('',(0.00828684266232521,0.0009,0.0100549839931652));
#5601=CARTESIAN_POINT('',(0.00831328435784039,0.0009,0.0101670243386841));
#5602=CARTESIAN_POINT('',(0.00833846854405383,0.0009,0.0102841639848354));
#5603=CARTESIAN_POINT('',(0.00836219732821995,0.0009,0.0104063996182991));
#5604=CARTESIAN_POINT('',(0.00838429239797356,0.0009,0.0105337026551411));
#5605=CARTESIAN_POINT('',(0.00840449965627542,0.0009,0.0106661137737237));
#5606=CARTESIAN_POINT('',(0.00841926994270025,0.0009,0.0107765676745141));
#5607=CARTESIAN_POINT('',(0.00842694899865729,0.0009,0.010843172013569));
#5608=CARTESIAN_POINT('',(0.00842920506251352,0.0009,0.0108632868881428));
#5609=CARTESIAN_POINT('',(2.84809252148937E-17,-0.004,2.67176377857078E-17));
#5610=CARTESIAN_POINT('',(0.00788936566208182,-0.004,0.00757540861603942));
#5611=CARTESIAN_POINT('',(0.00788936566208182,0.0009,0.00757540861603942));
#5612=CARTESIAN_POINT('',(2.84809252148937E-17,0.0009,2.67176377857078E-17));
#5613=CARTESIAN_POINT('',(0.00757540861603937,0.0009,0.0078893656620818));
#5614=CARTESIAN_POINT('',(0.00757540861603941,-0.004,0.00788936566208184));
#5615=CARTESIAN_POINT('',(0.00824641610845615,-0.002,0.00791825025168888));
#5616=CARTESIAN_POINT('',(0.00824641610845615,0.0009,0.00791825025168888));
#5617=CARTESIAN_POINT('',(0.00791825025168885,-0.002,0.00824641610845615));
#5618=CARTESIAN_POINT('',(0.00791825025168885,0.0009,0.00824641610845615));
#5619=CARTESIAN_POINT('',(0.0104860547776979,-0.004,0.0045280387695866));
#5620=CARTESIAN_POINT('',(0.0104860547776979,0.000899999999999999,0.0045280387695866));
#5621=CARTESIAN_POINT('',(0.0105678353497051,-0.004,0.00456338239410649));
#5622=CARTESIAN_POINT('',(0.0105678353497051,0.0009,0.00456338239410649));
#5623=CARTESIAN_POINT('',(0.0107123474332296,-0.004,0.00462574741120074));
#5624=CARTESIAN_POINT('',(0.0107123474332296,0.000899999999999999,0.00462574741120074));
#5625=CARTESIAN_POINT('',(0.0108011045199671,-0.004,0.00466388283926372));
#5626=CARTESIAN_POINT('',(0.0108011045199671,0.000900000000000001,0.00466388283926372));
#5627=CARTESIAN_POINT('',(0.0108060277488366,-0.004,0.00466472158106949));
#5628=CARTESIAN_POINT('',(0.0108060277488366,0.000899999999999999,0.00466472158106949));
#5629=CARTESIAN_POINT('',(0.0108601004499079,-0.004,0.00468319689339184));
#5630=CARTESIAN_POINT('',(0.0108601004499079,0.000899999999999999,0.00468319689339184));
#5631=CARTESIAN_POINT('',(0.0109305044259982,-0.004,0.00470238513140354));
#5632=CARTESIAN_POINT('',(0.0109305044259982,0.000900000000000001,0.00470238513140354));
#5633=CARTESIAN_POINT('',(0.0110714734241749,-0.004,0.00473413563124062));
#5634=CARTESIAN_POINT('',(0.0110714734241749,0.000899999999999998,0.00473413563124062));
#5635=CARTESIAN_POINT('',(0.0112771701609015,-0.004,0.00476588825117807));
#5636=CARTESIAN_POINT('',(0.0112771701609015,0.000900000000000001,0.00476588825117807));
#5637=CARTESIAN_POINT('',(0.0115613811819368,-0.004,0.00478755184004315));
#5638=CARTESIAN_POINT('',(0.0115613811819368,0.000899999999999998,0.00478755184004315));
#5639=CARTESIAN_POINT('',(0.0118739664308852,-0.004,0.00478955899366153));
#5640=CARTESIAN_POINT('',(0.0118739664308852,0.0009,0.00478955899366153));
#5641=CARTESIAN_POINT('',(0.0123216803309288,-0.004,0.00476378229881997));
#5642=CARTESIAN_POINT('',(0.0123216803309288,0.000899999999999999,0.00476378229881997));
#5643=CARTESIAN_POINT('',(0.0126853547955959,-0.004,0.0047112379484012));
#5644=CARTESIAN_POINT('',(0.0126853547955959,0.0009,0.0047112379484012));
#5645=CARTESIAN_POINT('',(0.01293636739674,-0.004,0.00465971013868492));
#5646=CARTESIAN_POINT('',(0.01293636739674,0.0009,0.00465971013868492));
#5647=CARTESIAN_POINT('',(0.0100414285693552,0.0009,0.00433573736941442));
#5648=CARTESIAN_POINT('',(0.010394090205549,0.0009,0.00448831111912755));
#5649=CARTESIAN_POINT('',(0.0107796268625691,0.0009,0.0046551077518668));
#5650=CARTESIAN_POINT('',(0.0107918074920618,0.0009,0.00465949256727474));
#5651=CARTESIAN_POINT('',(0.010804334241399,0.0009,0.00466424814907131));
#5652=CARTESIAN_POINT('',(0.0108193092789278,0.0009,0.00466946659834129));
#5653=CARTESIAN_POINT('',(0.0108395671897923,0.0009,0.00467614222238879));
#5654=CARTESIAN_POINT('',(0.0108642180788903,0.0009,0.0046836965912574));
#5655=CARTESIAN_POINT('',(0.0108936059076482,0.0009,0.00469207320956036));
#5656=CARTESIAN_POINT('',(0.0109276777637805,0.0009,0.00470104885611244));
#5657=CARTESIAN_POINT('',(0.0109664956268933,0.0009,0.00471044992574237));
#5658=CARTESIAN_POINT('',(0.0110100798610206,0.0009,0.00472008648184637));
#5659=CARTESIAN_POINT('',(0.0110584559893493,0.0009,0.00472977217551978));
#5660=CARTESIAN_POINT('',(0.0111116408281696,0.0009,0.004739318548039));
#5661=CARTESIAN_POINT('',(0.0111696464937926,0.0009,0.00474853688188837));
#5662=CARTESIAN_POINT('',(0.0112324792128753,0.0009,0.00475723785553333));
#5663=CARTESIAN_POINT('',(0.0113001396415117,0.0009,0.00476523183431492));
#5664=CARTESIAN_POINT('',(0.0113726227576327,0.0009,0.0047723289798473));
#5665=CARTESIAN_POINT('',(0.0114499178806909,0.0009,0.0047783394118262));
#5666=CARTESIAN_POINT('',(0.0115320086604251,0.0009,0.00478307335541634));
#5667=CARTESIAN_POINT('',(0.0116188730795307,0.0009,0.00478634129275355));
#5668=CARTESIAN_POINT('',(0.0117104834570136,0.0009,0.00478795411410706));
#5669=CARTESIAN_POINT('',(0.0118068064577172,0.0009,0.00478772326619603));
#5670=CARTESIAN_POINT('',(0.0119078030993808,0.0009,0.00478546091228483));
#5671=CARTESIAN_POINT('',(0.0120134287869721,0.0009,0.00478098004547699));
#5672=CARTESIAN_POINT('',(0.012123633260313,0.0009,0.00477409478146098));
#5673=CARTESIAN_POINT('',(0.0122383608942811,0.0009,0.00476461995746158));
#5674=CARTESIAN_POINT('',(0.0123575496595992,0.0009,0.00475237340049166));
#5675=CARTESIAN_POINT('',(0.0124811352528915,0.0009,0.00473716792723814));
#5676=CARTESIAN_POINT('',(0.01260903538767,0.0009,0.00471884278548558));
#5677=CARTESIAN_POINT('',(0.0127412102310529,0.0009,0.00469714374428382));
#5678=CARTESIAN_POINT('',(0.0128508224026669,0.0009,0.00467705898899645));
#5679=CARTESIAN_POINT('',(0.0129165398521301,0.0009,0.00466378033253631));
#5680=CARTESIAN_POINT('',(0.01293636739674,0.0009,0.00465971013868492));
#5681=CARTESIAN_POINT('',(0.0104860547985564,0.0009,0.00452803877860115));
#5682=CARTESIAN_POINT('',(0.0104860547985564,-0.004,0.00452803877860115));
#5683=CARTESIAN_POINT('',(0.00982680866884603,-0.004,0.00582188210853269));
#5684=CARTESIAN_POINT('',(0.00982680866884603,0.0009,0.00582188210853269));
#5685=CARTESIAN_POINT('',(0.00990347167587533,-0.004,0.00586726951984088));
#5686=CARTESIAN_POINT('',(0.00990347167587533,0.0009,0.00586726951984088));
#5687=CARTESIAN_POINT('',(0.0100388681060328,-0.004,0.00594752501399773));
#5688=CARTESIAN_POINT('',(0.0100388681060328,0.000900000000000001,0.00594752501399773));
#5689=CARTESIAN_POINT('',(0.0101218904220443,-0.004,0.00599691556333433));
#5690=CARTESIAN_POINT('',(0.0101218904220443,0.000900000000000001,0.00599691556333433));
#5691=CARTESIAN_POINT('',(0.0101254627797422,-0.004,0.00600040553909303));
#5692=CARTESIAN_POINT('',(0.0101254627797422,0.0009,0.00600040553909303));
#5693=CARTESIAN_POINT('',(0.0101721927576286,-0.004,0.00603329175707685));
#5694=CARTESIAN_POINT('',(0.0101721927576286,0.0009,0.00603329175707685));
#5695=CARTESIAN_POINT('',(0.0102290987871209,-0.004,0.00607897120688476));
#5696=CARTESIAN_POINT('',(0.0102290987871209,0.000900000000000001,0.00607897120688476));
#5697=CARTESIAN_POINT('',(0.0103376449792277,-0.004,0.00617435504653261));
#5698=CARTESIAN_POINT('',(0.0103376449792277,0.0009,0.00617435504653261));
#5699=CARTESIAN_POINT('',(0.0104842388966656,-0.004,0.00632210348051096));
#5700=CARTESIAN_POINT('',(0.0104842388966656,0.000899999999999999,0.00632210348051096));
#5701=CARTESIAN_POINT('',(0.0106688201549201,-0.004,0.00653930148847054));
#5702=CARTESIAN_POINT('',(0.0106688201549201,0.0009,0.00653930148847054));
#5703=CARTESIAN_POINT('',(0.0108541769757237,-0.004,0.00679100849176473));
#5704=CARTESIAN_POINT('',(0.0108541769757237,0.000899999999999999,0.00679100849176473));
#5705=CARTESIAN_POINT('',(0.0110964828192301,-0.004,0.00716836780659861));
#5706=CARTESIAN_POINT('',(0.0110964828192301,0.000899999999999999,0.00716836780659861));
#5707=CARTESIAN_POINT('',(0.0112677360337495,-0.004,0.00749347142320197));
#5708=CARTESIAN_POINT('',(0.0112677360337495,0.0009,0.00749347142320197));
#5709=CARTESIAN_POINT('',(0.0113735906650983,-0.004,0.00772683216996394));
#5710=CARTESIAN_POINT('',(0.0113735906650983,0.0009,0.00772683216996394));
#5711=CARTESIAN_POINT('',(0.00982680868839928,0.,0.00582188212010895));
#5712=CARTESIAN_POINT('',(0.00982680868839928,0.0009,0.00582188212010895));
#5713=CARTESIAN_POINT('',(0.00940988884001809,0.0009,0.00557520387685535));
#5714=CARTESIAN_POINT('',(0.00974061290523555,0.0009,0.00577083253383184));
#5715=CARTESIAN_POINT('',(0.0101021669769407,0.0009,0.00598469764045948));
#5716=CARTESIAN_POINT('',(0.0101128739615023,0.0009,0.00599197464689038));
#5717=CARTESIAN_POINT('',(0.0101240843465135,0.0009,0.00599931373914241));
#5718=CARTESIAN_POINT('',(0.0101371082668691,0.0009,0.00600836147147382));
#5719=CARTESIAN_POINT('',(0.01015441626142,0.0009,0.00602082663226879));
#5720=CARTESIAN_POINT('',(0.0101750173032842,0.0009,0.0060363292738642));
#5721=CARTESIAN_POINT('',(0.0101990678621875,0.0009,0.00605518087405458));
#5722=CARTESIAN_POINT('',(0.0102263562473364,0.0009,0.00607746983202236));
#5723=CARTESIAN_POINT('',(0.0102567784398956,0.0009,0.00610334833288173));
#5724=CARTESIAN_POINT('',(0.0102901927476035,0.0009,0.00613294449341673));
#5725=CARTESIAN_POINT('',(0.0103264634131822,0.0009,0.00616638849545725));
#5726=CARTESIAN_POINT('',(0.0103654478546889,0.0009,0.00620380471692621));
#5727=CARTESIAN_POINT('',(0.0104070005182355,0.0009,0.00624531388549794));
#5728=CARTESIAN_POINT('',(0.0104509718994202,0.0009,0.00629103231904953));
#5729=CARTESIAN_POINT('',(0.0104972089662234,0.0009,0.00634107201282812));
#5730=CARTESIAN_POINT('',(0.0105455551842668,0.0009,0.00639554048809791));
#5731=CARTESIAN_POINT('',(0.010595850659289,0.0009,0.00645454071295722));
#5732=CARTESIAN_POINT('',(0.0106479322497808,0.0009,0.00651817100661619));
#5733=CARTESIAN_POINT('',(0.0107016336911224,0.0009,0.00658652495250695));
#5734=CARTESIAN_POINT('',(0.0107567857198476,0.0009,0.00665969131214549));
#5735=CARTESIAN_POINT('',(0.0108132161992346,0.0009,0.00673775394566149));
#5736=CARTESIAN_POINT('',(0.0108707502529741,0.0009,0.00682079172340664));
#5737=CARTESIAN_POINT('',(0.0109292103770065,0.0009,0.00690887848713771));
#5738=CARTESIAN_POINT('',(0.0109884166455732,0.0009,0.00700208283557339));
#5739=CARTESIAN_POINT('',(0.0110481865632158,0.0009,0.00710046860299288));
#5740=CARTESIAN_POINT('',(0.0111083362889975,0.0009,0.00720409268525209));
#5741=CARTESIAN_POINT('',(0.0111686765918609,0.0009,0.007313013083418));
#5742=CARTESIAN_POINT('',(0.0112290290537478,0.0009,0.00742725771410503));
#5743=CARTESIAN_POINT('',(0.0112891645843184,0.0009,0.00754694378503787));
#5744=CARTESIAN_POINT('',(0.0113373440939096,0.0009,0.00764742741761778));
#5745=CARTESIAN_POINT('',(0.0113652291827836,0.0009,0.00770839894949802));
#5746=CARTESIAN_POINT('',(0.0113735906650983,0.0009,0.00772683216996394));
#5747=CARTESIAN_POINT('',(3.53431736410775E-17,-0.004,1.6608893609187E-17));
#5748=CARTESIAN_POINT('',(0.00984416262404873,-0.004,0.0047666936634613));
#5749=CARTESIAN_POINT('',(0.00984416262404873,0.0009,0.0047666936634613));
#5750=CARTESIAN_POINT('',(3.53431736410775E-17,0.0009,1.6608893609187E-17));
#5751=CARTESIAN_POINT('',(0.00964258979230413,0.0009,0.00516230262066756));
#5752=CARTESIAN_POINT('',(0.00964258979230417,-0.004,0.00516230262066758));
#5753=CARTESIAN_POINT('',(0.0102896816695141,-0.002,0.00498242077932418));
#5754=CARTESIAN_POINT('',(0.0102896816695141,0.0009,0.00498242077932418));
#5755=CARTESIAN_POINT('',(0.0100789862197247,-0.002,0.00539593388254299));
#5756=CARTESIAN_POINT('',(0.0100789862197247,0.0009,0.00539593388254299));
#5757=CARTESIAN_POINT('',(-0.00106605164759715,-0.004,0.0113720716575484));
#5758=CARTESIAN_POINT('',(-0.00106605164759715,0.000899999999999999,0.0113720716575484));
#5759=CARTESIAN_POINT('',(-0.00107439384544635,-0.004,0.0114607713840817));
#5760=CARTESIAN_POINT('',(-0.00107439384544635,0.000899999999999999,0.0114607713840817));
#5761=CARTESIAN_POINT('',(-0.0010890498116411,-0.004,0.0116174823929376));
#5762=CARTESIAN_POINT('',(-0.0010890498116411,0.0009,0.0116174823929376));
#5763=CARTESIAN_POINT('',(-0.001097891310829,-0.004,0.011713679894006));
#5764=CARTESIAN_POINT('',(-0.001097891310829,0.0009,0.011713679894006));
#5765=CARTESIAN_POINT('',(-0.00109716764030099,-0.004,0.0117186213483754));
#5766=CARTESIAN_POINT('',(-0.00109716764030099,0.000899999999999998,0.0117186213483754));
#5767=CARTESIAN_POINT('',(-0.00109802932291299,-0.004,0.0117757567285668));
#5768=CARTESIAN_POINT('',(-0.00109802932291299,0.000899999999999999,0.0117757567285668));
#5769=CARTESIAN_POINT('',(-0.00109452239662674,-0.004,0.0118486443804384));
#5770=CARTESIAN_POINT('',(-0.00109452239662674,0.000899999999999999,0.0118486443804384));
#5771=CARTESIAN_POINT('',(-0.0010811571002758,-0.004,0.0119925253087795));
#5772=CARTESIAN_POINT('',(-0.0010811571002758,0.000899999999999999,0.0119925253087795));
#5773=CARTESIAN_POINT('',(-0.0010477918490408,-0.004,0.0121979666298006));
#5774=CARTESIAN_POINT('',(-0.0010477918490408,0.0009,0.0121979666298006));
#5775=CARTESIAN_POINT('',(-0.000980569110908708,-0.004,0.0124749617904775));
#5776=CARTESIAN_POINT('',(-0.000980569110908708,0.000899999999999998,0.0124749617904775));
#5777=CARTESIAN_POINT('',(-0.00088588387332069,-0.004,0.012772868272966));
#5778=CARTESIAN_POINT('',(-0.00088588387332069,0.0009,0.012772868272966));
#5779=CARTESIAN_POINT('',(-0.000723017575991737,-0.004,0.0131907040582736));
#5780=CARTESIAN_POINT('',(-0.000723017575991737,0.000899999999999999,0.0131907040582736));
#5781=CARTESIAN_POINT('',(-0.000560663339129053,-0.004,0.0135203419304675));
#5782=CARTESIAN_POINT('',(-0.000560663339129053,0.000899999999999998,0.0135203419304675));
#5783=CARTESIAN_POINT('',(-0.000434090320372243,-0.004,0.0137431461315726));
#5784=CARTESIAN_POINT('',(-0.000434090320372243,0.000899999999999998,0.0137431461315726));
#5785=CARTESIAN_POINT('',(-0.00102055920239311,0.0009,0.0108897826040932));
#5786=CARTESIAN_POINT('',(-0.00105668702242542,0.0009,0.0112723316327994));
#5787=CARTESIAN_POINT('',(-0.00109618266791444,0.0009,0.0116905417768501));
#5788=CARTESIAN_POINT('',(-0.00109658885366551,0.0009,0.0117034812263799));
#5789=CARTESIAN_POINT('',(-0.00109724070229242,0.0009,0.0117168644285583));
#5790=CARTESIAN_POINT('',(-0.00109757620138781,0.0009,0.0117327191250905));
#5791=CARTESIAN_POINT('',(-0.00109766505841085,0.0009,0.0117540484245035));
#5792=CARTESIAN_POINT('',(-0.00109723214649209,0.0009,0.0117798272415748));
#5793=CARTESIAN_POINT('',(-0.00109611744539966,0.0009,0.0118103652450258));
#5794=CARTESIAN_POINT('',(-0.00109412500996622,0.0009,0.0118455431331427));
#5795=CARTESIAN_POINT('',(-0.00109107057911072,0.0009,0.0118853662050858));
#5796=CARTESIAN_POINT('',(-0.00108676721955591,0.0009,0.0119297951345637));
#5797=CARTESIAN_POINT('',(-0.00108102981586322,0.0009,0.0119787966105912));
#5798=CARTESIAN_POINT('',(-0.00107367393661606,0.0009,0.0120323283894624));
#5799=CARTESIAN_POINT('',(-0.00106451635664533,0.0009,0.0120903436775545));
#5800=CARTESIAN_POINT('',(-0.00105337509632915,0.0009,0.0121527898931986));
#5801=CARTESIAN_POINT('',(-0.00104006959964516,0.0009,0.0122196090600447));
#5802=CARTESIAN_POINT('',(-0.0010244208714642,0.0009,0.012290737738534));
#5803=CARTESIAN_POINT('',(-0.00100625162535619,0.0009,0.0123661070946214));
#5804=CARTESIAN_POINT('',(-0.00098538642723601,0.0009,0.0124456429346351));
#5805=CARTESIAN_POINT('',(-0.000961651838625252,0.0009,0.0125292657546335));
#5806=CARTESIAN_POINT('',(-0.000934876559379824,0.0009,0.0126168907903059));
#5807=CARTESIAN_POINT('',(-0.000904891565803176,0.0009,0.0127084280718665));
#5808=CARTESIAN_POINT('',(-0.000871530260724899,0.0009,0.0128037824802388));
#5809=CARTESIAN_POINT('',(-0.000834628570640394,0.0009,0.0129028538147175));
#5810=CARTESIAN_POINT('',(-0.000794025240313075,0.0009,0.0130055368336216));
#5811=CARTESIAN_POINT('',(-0.000749561358587145,0.0009,0.0131117214158715));
#5812=CARTESIAN_POINT('',(-0.000701082836756847,0.0009,0.0132212922735701));
#5813=CARTESIAN_POINT('',(-0.000648431523748517,0.0009,0.0133341304077481));
#5814=CARTESIAN_POINT('',(-0.000591479963043282,0.0009,0.0134501078841384));
#5815=CARTESIAN_POINT('',(-0.000529998675676858,0.0009,0.013569108257735));
#5816=CARTESIAN_POINT('',(-0.000477024914463533,0.0009,0.0136671490971021));
#5817=CARTESIAN_POINT('',(-0.00044408835299836,0.0009,0.0137255467751397));
#5818=CARTESIAN_POINT('',(-0.000434090320372243,0.0009,0.0137431461315726));
#5819=CARTESIAN_POINT('',(-0.00106605164972487,0.0009,0.0113720716801717));
#5820=CARTESIAN_POINT('',(-0.00106605164972487,-0.004,0.0113720716801717));
#5821=CARTESIAN_POINT('',(-0.0025002880372777,-0.004,0.0111449109296758));
#5822=CARTESIAN_POINT('',(-0.0025002880372777,0.0009,0.0111449109296758));
#5823=CARTESIAN_POINT('',(-0.00251976385854819,-0.004,0.0112318472634947));
#5824=CARTESIAN_POINT('',(-0.00251976385854819,0.0009,0.0112318472634947));
#5825=CARTESIAN_POINT('',(-0.0025542515713382,-0.004,0.0113854172322655));
#5826=CARTESIAN_POINT('',(-0.0025542515713382,0.000899999999999999,0.0113854172322655));
#5827=CARTESIAN_POINT('',(-0.00257556946856824,-0.004,0.0114796386660126));
#5828=CARTESIAN_POINT('',(-0.00257556946856824,0.000900000000000001,0.0114796386660126));
#5829=CARTESIAN_POINT('',(-0.00257778471351663,-0.004,0.0114841146418991));
#5830=CARTESIAN_POINT('',(-0.00257778471351663,0.000900000000000001,0.0114841146418991));
#5831=CARTESIAN_POINT('',(-0.00259462100811275,-0.004,0.0115387198921121));
#5832=CARTESIAN_POINT('',(-0.00259462100811275,0.000900000000000001,0.0115387198921121));
#5833=CARTESIAN_POINT('',(-0.00262047981631785,-0.004,0.0116069564685615));
#5834=CARTESIAN_POINT('',(-0.00262047981631785,0.0009,0.0116069564685615));
#5835=CARTESIAN_POINT('',(-0.00267765262052848,-0.004,0.0117396652593237));
#5836=CARTESIAN_POINT('',(-0.00267765262052848,0.000900000000000001,0.0117396652593237));
#5837=CARTESIAN_POINT('',(-0.0027728697196757,-0.004,0.0119247411367438));
#5838=CARTESIAN_POINT('',(-0.0027728697196757,0.000900000000000001,0.0119247411367438));
#5839=CARTESIAN_POINT('',(-0.00292239855482823,-0.004,0.0121674062207966));
#5840=CARTESIAN_POINT('',(-0.00292239855482823,0.0009,0.0121674062207966));
#5841=CARTESIAN_POINT('',(-0.00310450773285667,-0.004,0.0124214727746827));
#5842=CARTESIAN_POINT('',(-0.00310450773285667,0.0009,0.0124214727746827));
#5843=CARTESIAN_POINT('',(-0.00338852114473427,-0.004,0.0127685297673552));
#5844=CARTESIAN_POINT('',(-0.00338852114473427,0.000900000000000001,0.0127685297673552));
#5845=CARTESIAN_POINT('',(-0.00364479290414821,-0.004,0.0130318637954235));
#5846=CARTESIAN_POINT('',(-0.00364479290414821,0.0009,0.0130318637954235));
#5847=CARTESIAN_POINT('',(-0.0038340212829836,-0.004,0.0132046499689173));
#5848=CARTESIAN_POINT('',(-0.0038340212829836,0.0009,0.0132046499689173));
#5849=CARTESIAN_POINT('',(-0.0025002880422451,0.,0.0111449109518493));
#5850=CARTESIAN_POINT('',(-0.0025002880422451,0.0009,0.0111449109518493));
#5851=CARTESIAN_POINT('',(-0.00239451841001254,0.0009,0.0106721688439656));
#5852=CARTESIAN_POINT('',(-0.00247837296240313,0.0009,0.0110471587008788));
#5853=CARTESIAN_POINT('',(-0.00257004441312715,0.0009,0.0114571050092188));
#5854=CARTESIAN_POINT('',(-0.00257365661732433,0.0009,0.0114695366753113));
#5855=CARTESIAN_POINT('',(-0.00257717230935238,0.0009,0.0114824662892555));
#5856=CARTESIAN_POINT('',(-0.00258175260142058,0.0009,0.0114976486766284));
#5857=CARTESIAN_POINT('',(-0.00258825920936652,0.0009,0.0115179615041533));
#5858=CARTESIAN_POINT('',(-0.00259663702563776,0.0009,0.0115423448389714));
#5859=CARTESIAN_POINT('',(-0.00260713393141609,0.0009,0.0115710437445669));
#5860=CARTESIAN_POINT('',(-0.00261989941537271,0.0009,0.0116038842078809));
#5861=CARTESIAN_POINT('',(-0.00263511035774004,0.0009,0.0116408143289088));
#5862=CARTESIAN_POINT('',(-0.00265293239013715,0.0009,0.0116817389405654));
#5863=CARTESIAN_POINT('',(-0.00267353127414766,0.0009,0.0117265691584049));
#5864=CARTESIAN_POINT('',(-0.00269706936044906,0.0009,0.0117752078138332));
#5865=CARTESIAN_POINT('',(-0.00272370644650775,0.0009,0.0118275537837796));
#5866=CARTESIAN_POINT('',(-0.00275359935659961,0.0009,0.0118835008253094));
#5867=CARTESIAN_POINT('',(-0.0027869018940289,0.0009,0.0119429380047579));
#5868=CARTESIAN_POINT('',(-0.00282376468937775,0.0009,0.0120057496749823));
#5869=CARTESIAN_POINT('',(-0.00286433508117104,0.0009,0.0120718155863959));
#5870=CARTESIAN_POINT('',(-0.00290875699003315,0.0009,0.0121410109645098));
#5871=CARTESIAN_POINT('',(-0.00295717079769005,0.0009,0.012213206601145));
#5872=CARTESIAN_POINT('',(-0.00300971322664752,0.0009,0.0122882689459959));
#5873=CARTESIAN_POINT('',(-0.00306651722580078,0.0009,0.0123660602015166));
#5874=CARTESIAN_POINT('',(-0.00312771184506319,0.0009,0.0124464384227328));
#5875=CARTESIAN_POINT('',(-0.0031934221638897,0.0009,0.0125292576116096));
#5876=CARTESIAN_POINT('',(-0.00326376902365585,0.0009,0.0126143678467518));
#5877=CARTESIAN_POINT('',(-0.0033388695285669,0.0009,0.0127016152905415));
#5878=CARTESIAN_POINT('',(-0.0034188345997711,0.0009,0.0127908426816441));
#5879=CARTESIAN_POINT('',(-0.00350377787517372,0.0009,0.0128818879739449));
#5880=CARTESIAN_POINT('',(-0.00359378103926494,0.0009,0.0129745901084953));
#5881=CARTESIAN_POINT('',(-0.00368902635602329,0.0009,0.0130687674266136));
#5882=CARTESIAN_POINT('',(-0.00376970368232511,0.0009,0.0131456400132859));
#5883=CARTESIAN_POINT('',(-0.00381907408867659,0.0009,0.013191001548291));
#5884=CARTESIAN_POINT('',(-0.0038340212829836,0.0009,0.0132046499689173));
#5885=CARTESIAN_POINT('',(-4.87435520523254E-18,-0.004,3.87457859809021E-17));
#5886=CARTESIAN_POINT('',(-0.00149138152359595,-0.004,0.0108353443600597));
#5887=CARTESIAN_POINT('',(-0.00149138152359595,0.0009,0.0108353443600597));
#5888=CARTESIAN_POINT('',(-4.87435520523254E-18,0.0009,3.87457859809021E-17));
#5889=CARTESIAN_POINT('',(-0.00192991743086506,0.0009,0.0107658870958246));
#5890=CARTESIAN_POINT('',(-0.00192991743086507,-0.004,0.0107658870958246));
#5891=CARTESIAN_POINT('',(-0.00155887724651239,-0.002,0.0113257214963322));
#5892=CARTESIAN_POINT('',(-0.00155887724651239,0.0009,0.0113257214963322));
#5893=CARTESIAN_POINT('',(-0.00201726005252448,-0.002,0.0112531207921476));
#5894=CARTESIAN_POINT('',(-0.00201726005252448,0.0009,0.0112531207921476));
#5895=CARTESIAN_POINT('',(-0.0045280387695866,-0.004,0.0104860547776979));
#5896=CARTESIAN_POINT('',(-0.0045280387695866,0.000899999999999999,0.0104860547776979));
#5897=CARTESIAN_POINT('',(-0.00456338239410649,-0.004,0.0105678353497051));
#5898=CARTESIAN_POINT('',(-0.00456338239410649,0.0009,0.0105678353497051));
#5899=CARTESIAN_POINT('',(-0.00462574741120074,-0.004,0.0107123474332296));
#5900=CARTESIAN_POINT('',(-0.00462574741120074,0.000899999999999999,0.0107123474332296));
#5901=CARTESIAN_POINT('',(-0.00466388283926372,-0.004,0.0108011045199671));
#5902=CARTESIAN_POINT('',(-0.00466388283926372,0.000900000000000001,0.0108011045199671));
#5903=CARTESIAN_POINT('',(-0.00466472158106949,-0.004,0.0108060277488366));
#5904=CARTESIAN_POINT('',(-0.00466472158106949,0.000899999999999999,0.0108060277488366));
#5905=CARTESIAN_POINT('',(-0.00468319689339184,-0.004,0.0108601004499079));
#5906=CARTESIAN_POINT('',(-0.00468319689339184,0.000899999999999999,0.0108601004499079));
#5907=CARTESIAN_POINT('',(-0.00470238513140354,-0.004,0.0109305044259982));
#5908=CARTESIAN_POINT('',(-0.00470238513140354,0.000900000000000001,0.0109305044259982));
#5909=CARTESIAN_POINT('',(-0.00473413563124062,-0.004,0.0110714734241749));
#5910=CARTESIAN_POINT('',(-0.00473413563124062,0.000899999999999998,0.0110714734241749));
#5911=CARTESIAN_POINT('',(-0.00476588825117807,-0.004,0.0112771701609015));
#5912=CARTESIAN_POINT('',(-0.00476588825117807,0.000900000000000001,0.0112771701609015));
#5913=CARTESIAN_POINT('',(-0.00478755184004315,-0.004,0.0115613811819368));
#5914=CARTESIAN_POINT('',(-0.00478755184004315,0.000899999999999998,0.0115613811819368));
#5915=CARTESIAN_POINT('',(-0.00478955899366153,-0.004,0.0118739664308852));
#5916=CARTESIAN_POINT('',(-0.00478955899366153,0.0009,0.0118739664308852));
#5917=CARTESIAN_POINT('',(-0.00476378229881997,-0.004,0.0123216803309288));
#5918=CARTESIAN_POINT('',(-0.00476378229881997,0.000899999999999999,0.0123216803309288));
#5919=CARTESIAN_POINT('',(-0.0047112379484012,-0.004,0.0126853547955959));
#5920=CARTESIAN_POINT('',(-0.0047112379484012,0.0009,0.0126853547955959));
#5921=CARTESIAN_POINT('',(-0.00465971013868492,-0.004,0.01293636739674));
#5922=CARTESIAN_POINT('',(-0.00465971013868492,0.0009,0.01293636739674));
#5923=CARTESIAN_POINT('',(-0.00433573736941442,0.0009,0.0100414285693552));
#5924=CARTESIAN_POINT('',(-0.00448831111912755,0.0009,0.010394090205549));
#5925=CARTESIAN_POINT('',(-0.0046551077518668,0.0009,0.0107796268625691));
#5926=CARTESIAN_POINT('',(-0.00465949256727474,0.0009,0.0107918074920618));
#5927=CARTESIAN_POINT('',(-0.00466424814907131,0.0009,0.010804334241399));
#5928=CARTESIAN_POINT('',(-0.00466946659834129,0.0009,0.0108193092789278));
#5929=CARTESIAN_POINT('',(-0.00467614222238879,0.0009,0.0108395671897923));
#5930=CARTESIAN_POINT('',(-0.0046836965912574,0.0009,0.0108642180788903));
#5931=CARTESIAN_POINT('',(-0.00469207320956036,0.0009,0.0108936059076482));
#5932=CARTESIAN_POINT('',(-0.00470104885611244,0.0009,0.0109276777637805));
#5933=CARTESIAN_POINT('',(-0.00471044992574237,0.0009,0.0109664956268933));
#5934=CARTESIAN_POINT('',(-0.00472008648184637,0.0009,0.0110100798610206));
#5935=CARTESIAN_POINT('',(-0.00472977217551978,0.0009,0.0110584559893493));
#5936=CARTESIAN_POINT('',(-0.004739318548039,0.0009,0.0111116408281696));
#5937=CARTESIAN_POINT('',(-0.00474853688188837,0.0009,0.0111696464937926));
#5938=CARTESIAN_POINT('',(-0.00475723785553333,0.0009,0.0112324792128753));
#5939=CARTESIAN_POINT('',(-0.00476523183431492,0.0009,0.0113001396415117));
#5940=CARTESIAN_POINT('',(-0.0047723289798473,0.0009,0.0113726227576327));
#5941=CARTESIAN_POINT('',(-0.0047783394118262,0.0009,0.0114499178806909));
#5942=CARTESIAN_POINT('',(-0.00478307335541634,0.0009,0.0115320086604251));
#5943=CARTESIAN_POINT('',(-0.00478634129275355,0.0009,0.0116188730795307));
#5944=CARTESIAN_POINT('',(-0.00478795411410706,0.0009,0.0117104834570136));
#5945=CARTESIAN_POINT('',(-0.00478772326619603,0.0009,0.0118068064577172));
#5946=CARTESIAN_POINT('',(-0.00478546091228483,0.0009,0.0119078030993808));
#5947=CARTESIAN_POINT('',(-0.00478098004547699,0.0009,0.0120134287869721));
#5948=CARTESIAN_POINT('',(-0.00477409478146098,0.0009,0.012123633260313));
#5949=CARTESIAN_POINT('',(-0.00476461995746158,0.0009,0.0122383608942811));
#5950=CARTESIAN_POINT('',(-0.00475237340049165,0.0009,0.0123575496595992));
#5951=CARTESIAN_POINT('',(-0.00473716792723814,0.0009,0.0124811352528915));
#5952=CARTESIAN_POINT('',(-0.00471884278548558,0.0009,0.01260903538767));
#5953=CARTESIAN_POINT('',(-0.00469714374428382,0.0009,0.0127412102310529));
#5954=CARTESIAN_POINT('',(-0.00467705898899645,0.0009,0.0128508224026669));
#5955=CARTESIAN_POINT('',(-0.00466378033253631,0.0009,0.0129165398521301));
#5956=CARTESIAN_POINT('',(-0.00465971013868492,0.0009,0.01293636739674));
#5957=CARTESIAN_POINT('',(-0.00452803877860115,0.0009,0.0104860547985564));
#5958=CARTESIAN_POINT('',(-0.00452803877860115,-0.004,0.0104860547985564));
#5959=CARTESIAN_POINT('',(-0.00582188210853269,-0.004,0.00982680866884603));
#5960=CARTESIAN_POINT('',(-0.00582188210853269,0.0009,0.00982680866884603));
#5961=CARTESIAN_POINT('',(-0.00586726951984088,-0.004,0.00990347167587532));
#5962=CARTESIAN_POINT('',(-0.00586726951984088,0.0009,0.00990347167587532));
#5963=CARTESIAN_POINT('',(-0.00594752501399774,-0.004,0.0100388681060328));
#5964=CARTESIAN_POINT('',(-0.00594752501399774,0.0009,0.0100388681060328));
#5965=CARTESIAN_POINT('',(-0.00599691556333434,-0.004,0.0101218904220443));
#5966=CARTESIAN_POINT('',(-0.00599691556333434,0.0009,0.0101218904220443));
#5967=CARTESIAN_POINT('',(-0.00600040553909303,-0.004,0.0101254627797422));
#5968=CARTESIAN_POINT('',(-0.00600040553909303,0.0009,0.0101254627797422));
#5969=CARTESIAN_POINT('',(-0.00603329175707684,-0.004,0.0101721927576286));
#5970=CARTESIAN_POINT('',(-0.00603329175707684,0.0009,0.0101721927576286));
#5971=CARTESIAN_POINT('',(-0.00607897120688476,-0.004,0.0102290987871209));
#5972=CARTESIAN_POINT('',(-0.00607897120688476,0.000900000000000001,0.0102290987871209));
#5973=CARTESIAN_POINT('',(-0.00617435504653261,-0.004,0.0103376449792277));
#5974=CARTESIAN_POINT('',(-0.00617435504653261,0.0009,0.0103376449792277));
#5975=CARTESIAN_POINT('',(-0.00632210348051096,-0.004,0.0104842388966656));
#5976=CARTESIAN_POINT('',(-0.00632210348051096,0.000900000000000001,0.0104842388966656));
#5977=CARTESIAN_POINT('',(-0.00653930148847054,-0.004,0.0106688201549201));
#5978=CARTESIAN_POINT('',(-0.00653930148847054,0.000899999999999999,0.0106688201549201));
#5979=CARTESIAN_POINT('',(-0.00679100849176473,-0.004,0.0108541769757237));
#5980=CARTESIAN_POINT('',(-0.00679100849176473,0.0009,0.0108541769757237));
#5981=CARTESIAN_POINT('',(-0.00716836780659861,-0.004,0.0110964828192301));
#5982=CARTESIAN_POINT('',(-0.00716836780659861,0.0009,0.0110964828192301));
#5983=CARTESIAN_POINT('',(-0.00749347142320196,-0.004,0.0112677360337495));
#5984=CARTESIAN_POINT('',(-0.00749347142320196,0.0009,0.0112677360337495));
#5985=CARTESIAN_POINT('',(-0.00772683216996394,-0.004,0.0113735906650983));
#5986=CARTESIAN_POINT('',(-0.00772683216996394,0.0009,0.0113735906650983));
#5987=CARTESIAN_POINT('',(-0.00582188212010895,0.,0.00982680868839928));
#5988=CARTESIAN_POINT('',(-0.00582188212010895,0.0009,0.00982680868839928));
#5989=CARTESIAN_POINT('',(-0.00557520387685535,0.0009,0.00940988884001809));
#5990=CARTESIAN_POINT('',(-0.00577083253383184,0.0009,0.00974061290523555));
#5991=CARTESIAN_POINT('',(-0.00598469764045948,0.0009,0.0101021669769407));
#5992=CARTESIAN_POINT('',(-0.00599197464689039,0.0009,0.0101128739615023));
#5993=CARTESIAN_POINT('',(-0.00599931373914241,0.0009,0.0101240843465135));
#5994=CARTESIAN_POINT('',(-0.00600836147147382,0.0009,0.0101371082668691));
#5995=CARTESIAN_POINT('',(-0.00602082663226879,0.0009,0.01015441626142));
#5996=CARTESIAN_POINT('',(-0.00603632927386419,0.0009,0.0101750173032842));
#5997=CARTESIAN_POINT('',(-0.00605518087405458,0.0009,0.0101990678621875));
#5998=CARTESIAN_POINT('',(-0.00607746983202236,0.0009,0.0102263562473364));
#5999=CARTESIAN_POINT('',(-0.00610334833288173,0.0009,0.0102567784398956));
#6000=CARTESIAN_POINT('',(-0.00613294449341673,0.0009,0.0102901927476035));
#6001=CARTESIAN_POINT('',(-0.00616638849545725,0.0009,0.0103264634131822));
#6002=CARTESIAN_POINT('',(-0.00620380471692621,0.0009,0.0103654478546889));
#6003=CARTESIAN_POINT('',(-0.00624531388549794,0.0009,0.0104070005182355));
#6004=CARTESIAN_POINT('',(-0.00629103231904953,0.0009,0.0104509718994202));
#6005=CARTESIAN_POINT('',(-0.00634107201282812,0.0009,0.0104972089662234));
#6006=CARTESIAN_POINT('',(-0.00639554048809791,0.0009,0.0105455551842668));
#6007=CARTESIAN_POINT('',(-0.00645454071295722,0.0009,0.010595850659289));
#6008=CARTESIAN_POINT('',(-0.00651817100661619,0.0009,0.0106479322497808));
#6009=CARTESIAN_POINT('',(-0.00658652495250695,0.0009,0.0107016336911224));
#6010=CARTESIAN_POINT('',(-0.00665969131214549,0.0009,0.0107567857198476));
#6011=CARTESIAN_POINT('',(-0.00673775394566149,0.0009,0.0108132161992346));
#6012=CARTESIAN_POINT('',(-0.00682079172340664,0.0009,0.0108707502529741));
#6013=CARTESIAN_POINT('',(-0.00690887848713771,0.0009,0.0109292103770065));
#6014=CARTESIAN_POINT('',(-0.00700208283557339,0.0009,0.0109884166455732));
#6015=CARTESIAN_POINT('',(-0.00710046860299288,0.0009,0.0110481865632158));
#6016=CARTESIAN_POINT('',(-0.00720409268525209,0.0009,0.0111083362889975));
#6017=CARTESIAN_POINT('',(-0.007313013083418,0.0009,0.0111686765918609));
#6018=CARTESIAN_POINT('',(-0.00742725771410503,0.0009,0.0112290290537478));
#6019=CARTESIAN_POINT('',(-0.00754694378503787,0.0009,0.0112891645843184));
#6020=CARTESIAN_POINT('',(-0.00764742741761778,0.0009,0.0113373440939096));
#6021=CARTESIAN_POINT('',(-0.00770839894949802,0.0009,0.0113652291827836));
#6022=CARTESIAN_POINT('',(-0.00772683216996394,0.0009,0.0113735906650983));
#6023=CARTESIAN_POINT('',(-1.6608893609187E-17,-0.004,3.53431736410775E-17));
#6024=CARTESIAN_POINT('',(-0.0047666936634613,-0.004,0.00984416262404873));
#6025=CARTESIAN_POINT('',(-0.0047666936634613,0.0009,0.00984416262404873));
#6026=CARTESIAN_POINT('',(-1.6608893609187E-17,0.0009,3.53431736410775E-17));
#6027=CARTESIAN_POINT('',(-0.00516230262066756,0.0009,0.00964258979230413));
#6028=CARTESIAN_POINT('',(-0.00516230262066758,-0.004,0.00964258979230417));
#6029=CARTESIAN_POINT('',(-0.00498242077932418,-0.002,0.0102896816695141));
#6030=CARTESIAN_POINT('',(-0.00498242077932418,0.0009,0.0102896816695141));
#6031=CARTESIAN_POINT('',(-0.00539593388254299,-0.002,0.0100789862197247));
#6032=CARTESIAN_POINT('',(-0.00539593388254299,0.0009,0.0100789862197247));
#6033=CARTESIAN_POINT('',(-0.00982680866884605,-0.004,0.00582188210853268));
#6034=CARTESIAN_POINT('',(-0.00982680866884605,0.0009,0.00582188210853268));
#6035=CARTESIAN_POINT('',(-0.00990347167587535,-0.004,0.00586726951984087));
#6036=CARTESIAN_POINT('',(-0.00990347167587535,0.0009,0.00586726951984087));
#6037=CARTESIAN_POINT('',(-0.0100388681060328,-0.004,0.00594752501399773));
#6038=CARTESIAN_POINT('',(-0.0100388681060328,0.0009,0.00594752501399773));
#6039=CARTESIAN_POINT('',(-0.0101218904220443,-0.004,0.00599691556333431));
#6040=CARTESIAN_POINT('',(-0.0101218904220443,0.000900000000000001,0.00599691556333431));
#6041=CARTESIAN_POINT('',(-0.0101254627797422,-0.004,0.00600040553909302));
#6042=CARTESIAN_POINT('',(-0.0101254627797422,0.000899999999999999,0.00600040553909302));
#6043=CARTESIAN_POINT('',(-0.0101721927576286,-0.004,0.00603329175707682));
#6044=CARTESIAN_POINT('',(-0.0101721927576286,0.0009,0.00603329175707682));
#6045=CARTESIAN_POINT('',(-0.0102290987871209,-0.004,0.00607897120688474));
#6046=CARTESIAN_POINT('',(-0.0102290987871209,0.000900000000000001,0.00607897120688474));
#6047=CARTESIAN_POINT('',(-0.0103376449792277,-0.004,0.00617435504653259));
#6048=CARTESIAN_POINT('',(-0.0103376449792277,0.000899999999999999,0.00617435504653259));
#6049=CARTESIAN_POINT('',(-0.0104842388966656,-0.004,0.00632210348051094));
#6050=CARTESIAN_POINT('',(-0.0104842388966656,0.000900000000000001,0.00632210348051094));
#6051=CARTESIAN_POINT('',(-0.0106688201549201,-0.004,0.00653930148847053));
#6052=CARTESIAN_POINT('',(-0.0106688201549201,0.0009,0.00653930148847053));
#6053=CARTESIAN_POINT('',(-0.0108541769757237,-0.004,0.00679100849176471));
#6054=CARTESIAN_POINT('',(-0.0108541769757237,0.000900000000000001,0.00679100849176471));
#6055=CARTESIAN_POINT('',(-0.0110964828192301,-0.004,0.0071683678065986));
#6056=CARTESIAN_POINT('',(-0.0110964828192301,0.000899999999999998,0.0071683678065986));
#6057=CARTESIAN_POINT('',(-0.0112677360337497,-0.004,0.00749347142320193));
#6058=CARTESIAN_POINT('',(-0.0112677360337497,0.0009,0.00749347142320193));
#6059=CARTESIAN_POINT('',(-0.0113735906650983,-0.004,0.00772683216996392));
#6060=CARTESIAN_POINT('',(-0.0113735906650983,0.0009,0.00772683216996392));
#6061=CARTESIAN_POINT('',(-0.0094098888400181,0.0009,0.00557520387685534));
#6062=CARTESIAN_POINT('',(-0.00974061290523556,0.0009,0.00577083253383182));
#6063=CARTESIAN_POINT('',(-0.0101021669769407,0.0009,0.00598469764045946));
#6064=CARTESIAN_POINT('',(-0.0101128739615023,0.0009,0.00599197464689037));
#6065=CARTESIAN_POINT('',(-0.0101240843465135,0.0009,0.0059993137391424));
#6066=CARTESIAN_POINT('',(-0.0101371082668691,0.0009,0.0060083614714738));
#6067=CARTESIAN_POINT('',(-0.01015441626142,0.0009,0.00602082663226877));
#6068=CARTESIAN_POINT('',(-0.0101750173032842,0.0009,0.00603632927386418));
#6069=CARTESIAN_POINT('',(-0.0101990678621875,0.0009,0.00605518087405456));
#6070=CARTESIAN_POINT('',(-0.0102263562473364,0.0009,0.00607746983202234));
#6071=CARTESIAN_POINT('',(-0.0102567784398956,0.0009,0.00610334833288171));
#6072=CARTESIAN_POINT('',(-0.0102901927476035,0.0009,0.00613294449341671));
#6073=CARTESIAN_POINT('',(-0.0103264634131822,0.0009,0.00616638849545723));
#6074=CARTESIAN_POINT('',(-0.0103654478546889,0.0009,0.0062038047169262));
#6075=CARTESIAN_POINT('',(-0.0104070005182355,0.0009,0.00624531388549792));
#6076=CARTESIAN_POINT('',(-0.0104509718994202,0.0009,0.00629103231904951));
#6077=CARTESIAN_POINT('',(-0.0104972089662234,0.0009,0.0063410720128281));
#6078=CARTESIAN_POINT('',(-0.0105455551842668,0.0009,0.00639554048809789));
#6079=CARTESIAN_POINT('',(-0.010595850659289,0.0009,0.0064545407129572));
#6080=CARTESIAN_POINT('',(-0.0106479322497808,0.0009,0.00651817100661618));
#6081=CARTESIAN_POINT('',(-0.0107016336911224,0.0009,0.00658652495250693));
#6082=CARTESIAN_POINT('',(-0.0107567857198476,0.0009,0.00665969131214547));
#6083=CARTESIAN_POINT('',(-0.0108132161992346,0.0009,0.00673775394566148));
#6084=CARTESIAN_POINT('',(-0.0108707502529741,0.0009,0.00682079172340662));
#6085=CARTESIAN_POINT('',(-0.0109292103770065,0.0009,0.0069088784871377));
#6086=CARTESIAN_POINT('',(-0.0109884166455732,0.0009,0.00700208283557337));
#6087=CARTESIAN_POINT('',(-0.0110481865632158,0.0009,0.00710046860299286));
#6088=CARTESIAN_POINT('',(-0.0111083362889975,0.0009,0.00720409268525207));
#6089=CARTESIAN_POINT('',(-0.0111686765918609,0.0009,0.00731301308341798));
#6090=CARTESIAN_POINT('',(-0.0112290290537478,0.0009,0.00742725771410502));
#6091=CARTESIAN_POINT('',(-0.0112891645843184,0.0009,0.00754694378503785));
#6092=CARTESIAN_POINT('',(-0.0113373440939096,0.0009,0.00764742741761776));
#6093=CARTESIAN_POINT('',(-0.0113652291827836,0.0009,0.007708398949498));
#6094=CARTESIAN_POINT('',(-0.0113735906650983,0.0009,0.00772683216996392));
#6095=CARTESIAN_POINT('',(-0.0098268086883993,0.0009,0.00582188212010894));
#6096=CARTESIAN_POINT('',(-0.0098268086883993,-0.004,0.00582188212010894));
#6097=CARTESIAN_POINT('',(-0.0104860547776979,-0.004,0.00452803876958657));
#6098=CARTESIAN_POINT('',(-0.0104860547776979,0.0009,0.00452803876958657));
#6099=CARTESIAN_POINT('',(-0.0105678353497051,-0.004,0.00456338239410647));
#6100=CARTESIAN_POINT('',(-0.0105678353497051,0.0009,0.00456338239410647));
#6101=CARTESIAN_POINT('',(-0.0107123474332296,-0.004,0.00462574741120072));
#6102=CARTESIAN_POINT('',(-0.0107123474332296,0.000899999999999999,0.00462574741120072));
#6103=CARTESIAN_POINT('',(-0.0108011045199671,-0.004,0.0046638828392637));
#6104=CARTESIAN_POINT('',(-0.0108011045199671,0.000900000000000001,0.0046638828392637));
#6105=CARTESIAN_POINT('',(-0.0108060277488366,-0.004,0.00466472158106947));
#6106=CARTESIAN_POINT('',(-0.0108060277488366,0.000899999999999999,0.00466472158106947));
#6107=CARTESIAN_POINT('',(-0.0108601004499079,-0.004,0.00468319689339182));
#6108=CARTESIAN_POINT('',(-0.0108601004499079,0.000900000000000001,0.00468319689339182));
#6109=CARTESIAN_POINT('',(-0.0109305044259982,-0.004,0.00470238513140351));
#6110=CARTESIAN_POINT('',(-0.0109305044259982,0.000899999999999998,0.00470238513140351));
#6111=CARTESIAN_POINT('',(-0.011071473424175,-0.004,0.00473413563124061));
#6112=CARTESIAN_POINT('',(-0.011071473424175,0.000900000000000001,0.00473413563124061));
#6113=CARTESIAN_POINT('',(-0.0112771701609015,-0.004,0.00476588825117806));
#6114=CARTESIAN_POINT('',(-0.0112771701609015,0.000899999999999998,0.00476588825117806));
#6115=CARTESIAN_POINT('',(-0.0115613811819368,-0.004,0.00478755184004313));
#6116=CARTESIAN_POINT('',(-0.0115613811819368,0.000900000000000001,0.00478755184004313));
#6117=CARTESIAN_POINT('',(-0.0118739664308852,-0.004,0.0047895589936615));
#6118=CARTESIAN_POINT('',(-0.0118739664308852,0.0009,0.0047895589936615));
#6119=CARTESIAN_POINT('',(-0.0123216803309288,-0.004,0.00476378229881998));
#6120=CARTESIAN_POINT('',(-0.0123216803309288,0.000900000000000001,0.00476378229881998));
#6121=CARTESIAN_POINT('',(-0.0126853547955959,-0.004,0.00471123794840106));
#6122=CARTESIAN_POINT('',(-0.0126853547955959,0.0009,0.00471123794840106));
#6123=CARTESIAN_POINT('',(-0.01293636739674,-0.004,0.00465971013868491));
#6124=CARTESIAN_POINT('',(-0.01293636739674,0.0009,0.00465971013868491));
#6125=CARTESIAN_POINT('',(-0.0104860547985564,0.,0.00452803877860113));
#6126=CARTESIAN_POINT('',(-0.0104860547985564,0.0009,0.00452803877860113));
#6127=CARTESIAN_POINT('',(-0.0100414285693552,0.0009,0.0043357373694144));
#6128=CARTESIAN_POINT('',(-0.010394090205549,0.0009,0.00448831111912753));
#6129=CARTESIAN_POINT('',(-0.0107796268625691,0.0009,0.00465510775186678));
#6130=CARTESIAN_POINT('',(-0.0107918074920618,0.0009,0.00465949256727472));
#6131=CARTESIAN_POINT('',(-0.010804334241399,0.0009,0.00466424814907129));
#6132=CARTESIAN_POINT('',(-0.0108193092789278,0.0009,0.00466946659834128));
#6133=CARTESIAN_POINT('',(-0.0108395671897923,0.0009,0.00467614222238878));
#6134=CARTESIAN_POINT('',(-0.0108642180788903,0.0009,0.00468369659125738));
#6135=CARTESIAN_POINT('',(-0.0108936059076482,0.0009,0.00469207320956034));
#6136=CARTESIAN_POINT('',(-0.0109276777637805,0.0009,0.00470104885611242));
#6137=CARTESIAN_POINT('',(-0.0109664956268933,0.0009,0.00471044992574235));
#6138=CARTESIAN_POINT('',(-0.0110100798610207,0.0009,0.00472008648184635));
#6139=CARTESIAN_POINT('',(-0.0110584559893494,0.0009,0.00472977217551977));
#6140=CARTESIAN_POINT('',(-0.0111116408281696,0.0009,0.00473931854803898));
#6141=CARTESIAN_POINT('',(-0.0111696464937926,0.0009,0.00474853688188835));
#6142=CARTESIAN_POINT('',(-0.0112324792128753,0.0009,0.00475723785553331));
#6143=CARTESIAN_POINT('',(-0.0113001396415117,0.0009,0.00476523183431491));
#6144=CARTESIAN_POINT('',(-0.0113726227576327,0.0009,0.00477232897984728));
#6145=CARTESIAN_POINT('',(-0.0114499178806909,0.0009,0.00477833941182619));
#6146=CARTESIAN_POINT('',(-0.0115320086604251,0.0009,0.00478307335541633));
#6147=CARTESIAN_POINT('',(-0.0116188730795308,0.0009,0.00478634129275353));
#6148=CARTESIAN_POINT('',(-0.0117104834570136,0.0009,0.00478795411410704));
#6149=CARTESIAN_POINT('',(-0.0118068064577172,0.0009,0.00478772326619601));
#6150=CARTESIAN_POINT('',(-0.0119078030993808,0.0009,0.00478546091228481));
#6151=CARTESIAN_POINT('',(-0.0120134287869721,0.0009,0.00478098004547698));
#6152=CARTESIAN_POINT('',(-0.012123633260313,0.0009,0.00477409478146096));
#6153=CARTESIAN_POINT('',(-0.0122383608942811,0.0009,0.00476461995746156));
#6154=CARTESIAN_POINT('',(-0.0123575496595992,0.0009,0.00475237340049164));
#6155=CARTESIAN_POINT('',(-0.0124811352528915,0.0009,0.00473716792723812));
#6156=CARTESIAN_POINT('',(-0.01260903538767,0.0009,0.00471884278548556));
#6157=CARTESIAN_POINT('',(-0.0127412102310529,0.0009,0.0046971437442838));
#6158=CARTESIAN_POINT('',(-0.0128508224026669,0.0009,0.00467705898899644));
#6159=CARTESIAN_POINT('',(-0.0129165398521301,0.0009,0.00466378033253629));
#6160=CARTESIAN_POINT('',(-0.01293636739674,0.0009,0.00465971013868491));
#6161=CARTESIAN_POINT('',(-3.42110734230351E-17,-0.004,1.88307653904016E-17));
#6162=CARTESIAN_POINT('',(-0.00964258979230418,-0.004,0.00516230262066757));
#6163=CARTESIAN_POINT('',(-0.00964258979230418,0.0009,0.00516230262066757));
#6164=CARTESIAN_POINT('',(-3.42110734230351E-17,0.0009,1.88307653904016E-17));
#6165=CARTESIAN_POINT('',(-0.00984416262404869,0.0009,0.00476669366346126));
#6166=CARTESIAN_POINT('',(-0.00984416262404874,-0.004,0.00476669366346128));
#6167=CARTESIAN_POINT('',(-0.0100789862197247,-0.002,0.00539593388254298));
#6168=CARTESIAN_POINT('',(-0.0100789862197247,0.0009,0.00539593388254298));
#6169=CARTESIAN_POINT('',(-0.0102896816695141,-0.002,0.00498242077932415));
#6170=CARTESIAN_POINT('',(-0.0102896816695141,0.0009,0.00498242077932415));
#6171=CARTESIAN_POINT('',(-0.00754678990810769,-0.004,0.00857358979556665));
#6172=CARTESIAN_POINT('',(-0.00754678990810769,0.000899999999999997,0.00857358979556665));
#6173=CARTESIAN_POINT('',(-0.00760567527907677,-0.004,0.00864044596086102));
#6174=CARTESIAN_POINT('',(-0.00760567527907677,0.000899999999999998,0.00864044596086102));
#6175=CARTESIAN_POINT('',(-0.0077096446246747,-0.004,0.00875861326944374));
#6176=CARTESIAN_POINT('',(-0.0077096446246747,0.000899999999999996,0.00875861326944374));
#6177=CARTESIAN_POINT('',(-0.0077733410202088,-0.004,0.00883124177979362));
#6178=CARTESIAN_POINT('',(-0.0077733410202088,0.000899999999999999,0.00883124177979362));
#6179=CARTESIAN_POINT('',(-0.00777566007245655,-0.004,0.00883566486321928));
#6180=CARTESIAN_POINT('',(-0.00777566007245655,0.000899999999999997,0.00883566486321928));
#6181=CARTESIAN_POINT('',(-0.00780994052219406,-0.004,0.00888138187244276));
#6182=CARTESIAN_POINT('',(-0.00780994052219406,0.000899999999999997,0.00888138187244276));
#6183=CARTESIAN_POINT('',(-0.00784994564607481,-0.004,0.00894241054103887));
#6184=CARTESIAN_POINT('',(-0.00784994564607481,0.000899999999999998,0.00894241054103887));
#6185=CARTESIAN_POINT('',(-0.00792370398195712,-0.004,0.0090666685813209));
#6186=CARTESIAN_POINT('',(-0.00792370398195712,0.000899999999999996,0.0090666685813209));
#6187=CARTESIAN_POINT('',(-0.00801746630539404,-0.004,0.00925248570398873));
#6188=CARTESIAN_POINT('',(-0.00801746630539404,0.000899999999999999,0.00925248570398873));
#6189=CARTESIAN_POINT('',(-0.00812589563823908,-0.004,0.00951609203042876));
#6190=CARTESIAN_POINT('',(-0.00812589563823908,0.000899999999999996,0.00951609203042876));
#6191=CARTESIAN_POINT('',(-0.008224398708883,-0.004,0.00981275802376046));
#6192=CARTESIAN_POINT('',(-0.008224398708883,0.000899999999999998,0.00981275802376046));
#6193=CARTESIAN_POINT('',(-0.00833823481901678,-0.004,0.0102465246825977));
#6194=CARTESIAN_POINT('',(-0.00833823481901678,0.000899999999999995,0.0102465246825977));
#6195=CARTESIAN_POINT('',(-0.00840064376215879,-0.004,0.0106086367492673));
#6196=CARTESIAN_POINT('',(-0.00840064376215879,0.000899999999999997,0.0106086367492673));
#6197=CARTESIAN_POINT('',(-0.00842920506251354,-0.004,0.0108632868881428));
#6198=CARTESIAN_POINT('',(-0.00842920506251354,0.000899999999999997,0.0108632868881428));
#6199=CARTESIAN_POINT('',(-0.00722650335385887,0.0009,0.00821014954350203));
#6200=CARTESIAN_POINT('',(-0.00748058805158708,0.0009,0.00849840280909454));
#6201=CARTESIAN_POINT('',(-0.00775835845502356,0.0009,0.00881352696490327));
#6202=CARTESIAN_POINT('',(-0.00776629268380544,0.0009,0.00882375644947656));
#6203=CARTESIAN_POINT('',(-0.00777468648929133,0.0009,0.00883420054046848));
#6204=CARTESIAN_POINT('',(-0.00778427707056229,0.0009,0.00884683005798323));
#6205=CARTESIAN_POINT('',(-0.00779688600504067,0.0009,0.00886403359483873));
#6206=CARTESIAN_POINT('',(-0.00781168818043739,0.0009,0.0088851435551857));
#6207=CARTESIAN_POINT('',(-0.00782873615637292,0.0009,0.00891050452381468));
#6208=CARTESIAN_POINT('',(-0.00784780128608901,0.0009,0.00894013515729143));
#6209=CARTESIAN_POINT('',(-0.00786873761400788,0.0009,0.00897414804867261));
#6210=CARTESIAN_POINT('',(-0.0078913707925174,0.0009,0.00901262125894375));
#6211=CARTESIAN_POINT('',(-0.00791553148037597,0.0009,0.00905563664707649));
#6212=CARTESIAN_POINT('',(-0.00794104563920588,0.0009,0.00910326844326149));
#6213=CARTESIAN_POINT('',(-0.00796773753213027,0.0009,0.00915558648771507));
#6214=CARTESIAN_POINT('',(-0.00799542902781277,0.0009,0.00921265520591131));
#6215=CARTESIAN_POINT('',(-0.00802393997571947,0.0009,0.00927453382216511));
#6216=CARTESIAN_POINT('',(-0.00805308827691175,0.0009,0.00934127622349225));
#6217=CARTESIAN_POINT('',(-0.00808269004401834,0.0009,0.0094129309283296));
#6218=CARTESIAN_POINT('',(-0.00811255973793687,0.0009,0.00948954103030378));
#6219=CARTESIAN_POINT('',(-0.00814251031274642,0.0009,0.00957114415395465));
#6220=CARTESIAN_POINT('',(-0.00817235336050759,0.0009,0.00965777241121284));
#6221=CARTESIAN_POINT('',(-0.00820189925526413,0.0009,0.0097494523646287));
#6222=CARTESIAN_POINT('',(-0.00823095730748357,0.0009,0.00984620498461267));
#6223=CARTESIAN_POINT('',(-0.0082593358824156,0.0009,0.00994804564707773));
#6224=CARTESIAN_POINT('',(-0.00828684266232523,0.0009,0.0100549839931652));
#6225=CARTESIAN_POINT('',(-0.00831328435784041,0.0009,0.0101670243386841));
#6226=CARTESIAN_POINT('',(-0.00833846854405385,0.0009,0.0102841639848354));
#6227=CARTESIAN_POINT('',(-0.00836219732821996,0.0009,0.0104063996182991));
#6228=CARTESIAN_POINT('',(-0.00838429239797358,0.0009,0.0105337026551411));
#6229=CARTESIAN_POINT('',(-0.00840449965627544,0.0009,0.0106661137737236));
#6230=CARTESIAN_POINT('',(-0.00841926994270027,0.0009,0.0107765676745141));
#6231=CARTESIAN_POINT('',(-0.00842694899865731,0.0009,0.010843172013569));
#6232=CARTESIAN_POINT('',(-0.00842920506251354,0.0009,0.0108632868881428));
#6233=CARTESIAN_POINT('',(-0.00754678992312667,0.0009,0.00857358981261862));
#6234=CARTESIAN_POINT('',(-0.00754678992312667,-0.004,0.00857358981261862));
#6235=CARTESIAN_POINT('',(-0.00857358979556666,-0.004,0.00754678990810767));
#6236=CARTESIAN_POINT('',(-0.00857358979556666,0.000899999999999998,0.00754678990810767));
#6237=CARTESIAN_POINT('',(-0.00864044596086102,-0.004,0.00760567527907675));
#6238=CARTESIAN_POINT('',(-0.00864044596086102,0.000899999999999998,0.00760567527907675));
#6239=CARTESIAN_POINT('',(-0.00875861326944374,-0.004,0.00770964462467468));
#6240=CARTESIAN_POINT('',(-0.00875861326944374,0.0009,0.00770964462467468));
#6241=CARTESIAN_POINT('',(-0.00883124177979362,-0.004,0.00777334102020879));
#6242=CARTESIAN_POINT('',(-0.00883124177979362,0.000899999999999999,0.00777334102020879));
#6243=CARTESIAN_POINT('',(-0.00883566486321929,-0.004,0.00777566007245652));
#6244=CARTESIAN_POINT('',(-0.00883566486321929,0.000899999999999999,0.00777566007245652));
#6245=CARTESIAN_POINT('',(-0.00888138187244277,-0.004,0.00780994052219405));
#6246=CARTESIAN_POINT('',(-0.00888138187244277,0.0009,0.00780994052219405));
#6247=CARTESIAN_POINT('',(-0.00894241054103888,-0.004,0.00784994564607479));
#6248=CARTESIAN_POINT('',(-0.00894241054103888,0.000899999999999997,0.00784994564607479));
#6249=CARTESIAN_POINT('',(-0.00906666858132091,-0.004,0.0079237039819571));
#6250=CARTESIAN_POINT('',(-0.00906666858132091,0.000899999999999999,0.0079237039819571));
#6251=CARTESIAN_POINT('',(-0.00925248570398873,-0.004,0.00801746630539404));
#6252=CARTESIAN_POINT('',(-0.00925248570398873,0.000899999999999999,0.00801746630539404));
#6253=CARTESIAN_POINT('',(-0.00951609203042877,-0.004,0.00812589563823905));
#6254=CARTESIAN_POINT('',(-0.00951609203042877,0.000899999999999998,0.00812589563823905));
#6255=CARTESIAN_POINT('',(-0.00981275802376047,-0.004,0.00822439870888298));
#6256=CARTESIAN_POINT('',(-0.00981275802376047,0.000899999999999998,0.00822439870888298));
#6257=CARTESIAN_POINT('',(-0.0102465246825977,-0.004,0.00833823481901677));
#6258=CARTESIAN_POINT('',(-0.0102465246825977,0.000899999999999999,0.00833823481901677));
#6259=CARTESIAN_POINT('',(-0.0106086367492673,-0.004,0.00840064376215876));
#6260=CARTESIAN_POINT('',(-0.0106086367492673,0.000899999999999998,0.00840064376215876));
#6261=CARTESIAN_POINT('',(-0.0108632868881428,-0.004,0.00842920506251352));
#6262=CARTESIAN_POINT('',(-0.0108632868881428,0.000899999999999998,0.00842920506251352));
#6263=CARTESIAN_POINT('',(-0.00857358981261862,0.,0.00754678992312665));
#6264=CARTESIAN_POINT('',(-0.00857358981261862,0.0009,0.00754678992312665));
#6265=CARTESIAN_POINT('',(-0.00821014954350204,0.0009,0.00722650335385886));
#6266=CARTESIAN_POINT('',(-0.00849840280909455,0.0009,0.00748058805158706));
#6267=CARTESIAN_POINT('',(-0.00881352696490328,0.0009,0.00775835845502355));
#6268=CARTESIAN_POINT('',(-0.00882375644947657,0.0009,0.00776629268380543));
#6269=CARTESIAN_POINT('',(-0.00883420054046849,0.0009,0.00777468648929132));
#6270=CARTESIAN_POINT('',(-0.00884683005798324,0.0009,0.00778427707056227));
#6271=CARTESIAN_POINT('',(-0.00886403359483874,0.0009,0.00779688600504066));
#6272=CARTESIAN_POINT('',(-0.00888514355518571,0.0009,0.00781168818043738));
#6273=CARTESIAN_POINT('',(-0.0089105045238147,0.0009,0.00782873615637291));
#6274=CARTESIAN_POINT('',(-0.00894013515729144,0.0009,0.00784780128608899));
#6275=CARTESIAN_POINT('',(-0.00897414804867262,0.0009,0.00786873761400787));
#6276=CARTESIAN_POINT('',(-0.00901262125894376,0.0009,0.00789137079251738));
#6277=CARTESIAN_POINT('',(-0.0090556366470765,0.0009,0.00791553148037595));
#6278=CARTESIAN_POINT('',(-0.0091032684432615,0.0009,0.00794104563920587));
#6279=CARTESIAN_POINT('',(-0.00915558648771508,0.0009,0.00796773753213026));
#6280=CARTESIAN_POINT('',(-0.00921265520591132,0.0009,0.00799542902781275));
#6281=CARTESIAN_POINT('',(-0.00927453382216512,0.0009,0.00802393997571946));
#6282=CARTESIAN_POINT('',(-0.00934127622349226,0.0009,0.00805308827691174));
#6283=CARTESIAN_POINT('',(-0.00941293092832961,0.0009,0.00808269004401832));
#6284=CARTESIAN_POINT('',(-0.0094895410303038,0.0009,0.00811255973793685));
#6285=CARTESIAN_POINT('',(-0.00957114415395467,0.0009,0.0081425103127464));
#6286=CARTESIAN_POINT('',(-0.00965777241121285,0.0009,0.00817235336050757));
#6287=CARTESIAN_POINT('',(-0.00974945236462871,0.0009,0.00820189925526411));
#6288=CARTESIAN_POINT('',(-0.00984620498461269,0.0009,0.00823095730748355));
#6289=CARTESIAN_POINT('',(-0.00994804564707775,0.0009,0.00825933588241558));
#6290=CARTESIAN_POINT('',(-0.0100549839931652,0.0009,0.00828684266232522));
#6291=CARTESIAN_POINT('',(-0.0101670243386841,0.0009,0.00831328435784039));
#6292=CARTESIAN_POINT('',(-0.0102841639848354,0.0009,0.00833846854405383));
#6293=CARTESIAN_POINT('',(-0.0104063996182991,0.0009,0.00836219732821995));
#6294=CARTESIAN_POINT('',(-0.0105337026551411,0.0009,0.00838429239797356));
#6295=CARTESIAN_POINT('',(-0.0106661137737237,0.0009,0.00840449965627542));
#6296=CARTESIAN_POINT('',(-0.0107765676745141,0.0009,0.00841926994270025));
#6297=CARTESIAN_POINT('',(-0.010843172013569,0.0009,0.00842694899865729));
#6298=CARTESIAN_POINT('',(-0.0108632868881428,0.0009,0.00842920506251352));
#6299=CARTESIAN_POINT('',(-2.67176377857078E-17,-0.004,2.84809252148937E-17));
#6300=CARTESIAN_POINT('',(-0.00757540861603942,-0.004,0.00788936566208183));
#6301=CARTESIAN_POINT('',(-0.00757540861603942,0.0009,0.00788936566208183));
#6302=CARTESIAN_POINT('',(-2.67176377857078E-17,0.0009,2.84809252148937E-17));
#6303=CARTESIAN_POINT('',(-0.0078893656620818,0.0009,0.00757540861603937));
#6304=CARTESIAN_POINT('',(-0.00788936566208184,-0.004,0.00757540861603941));
#6305=CARTESIAN_POINT('',(-0.00791825025168888,-0.002,0.00824641610845615));
#6306=CARTESIAN_POINT('',(-0.00791825025168888,0.0009,0.00824641610845615));
#6307=CARTESIAN_POINT('',(-0.00824641610845615,-0.002,0.00791825025168885));
#6308=CARTESIAN_POINT('',(-0.00824641610845615,0.0009,0.00791825025168885));
#6309=CARTESIAN_POINT('',(0.0045280387695866,-0.004,-0.0104860547776979));
#6310=CARTESIAN_POINT('',(0.0045280387695866,0.000899999999999999,-0.0104860547776979));
#6311=CARTESIAN_POINT('',(0.00456338239410649,-0.004,-0.0105678353497051));
#6312=CARTESIAN_POINT('',(0.00456338239410649,0.0009,-0.0105678353497051));
#6313=CARTESIAN_POINT('',(0.00462574741120074,-0.004,-0.0107123474332296));
#6314=CARTESIAN_POINT('',(0.00462574741120074,0.000899999999999999,-0.0107123474332296));
#6315=CARTESIAN_POINT('',(0.00466388283926372,-0.004,-0.0108011045199671));
#6316=CARTESIAN_POINT('',(0.00466388283926372,0.000900000000000001,-0.0108011045199671));
#6317=CARTESIAN_POINT('',(0.00466472158106948,-0.004,-0.0108060277488366));
#6318=CARTESIAN_POINT('',(0.00466472158106948,0.000899999999999999,-0.0108060277488366));
#6319=CARTESIAN_POINT('',(0.00468319689339184,-0.004,-0.0108601004499079));
#6320=CARTESIAN_POINT('',(0.00468319689339184,0.000899999999999999,-0.0108601004499079));
#6321=CARTESIAN_POINT('',(0.00470238513140353,-0.004,-0.0109305044259982));
#6322=CARTESIAN_POINT('',(0.00470238513140353,0.000900000000000001,-0.0109305044259982));
#6323=CARTESIAN_POINT('',(0.00473413563124062,-0.004,-0.0110714734241749));
#6324=CARTESIAN_POINT('',(0.00473413563124062,0.000899999999999998,-0.0110714734241749));
#6325=CARTESIAN_POINT('',(0.00476588825117807,-0.004,-0.0112771701609015));
#6326=CARTESIAN_POINT('',(0.00476588825117807,0.000900000000000001,-0.0112771701609015));
#6327=CARTESIAN_POINT('',(0.00478755184004315,-0.004,-0.0115613811819368));
#6328=CARTESIAN_POINT('',(0.00478755184004315,0.000899999999999998,-0.0115613811819368));
#6329=CARTESIAN_POINT('',(0.00478955899366152,-0.004,-0.0118739664308852));
#6330=CARTESIAN_POINT('',(0.00478955899366152,0.0009,-0.0118739664308852));
#6331=CARTESIAN_POINT('',(0.00476378229881998,-0.004,-0.0123216803309288));
#6332=CARTESIAN_POINT('',(0.00476378229881998,0.000899999999999999,-0.0123216803309288));
#6333=CARTESIAN_POINT('',(0.0047112379484012,-0.004,-0.0126853547955959));
#6334=CARTESIAN_POINT('',(0.0047112379484012,0.0009,-0.0126853547955959));
#6335=CARTESIAN_POINT('',(0.00465971013868492,-0.004,-0.01293636739674));
#6336=CARTESIAN_POINT('',(0.00465971013868492,0.0009,-0.01293636739674));
#6337=CARTESIAN_POINT('',(0.00433573736941442,0.0009,-0.0100414285693552));
#6338=CARTESIAN_POINT('',(0.00448831111912755,0.0009,-0.010394090205549));
#6339=CARTESIAN_POINT('',(0.0046551077518668,0.0009,-0.0107796268625691));
#6340=CARTESIAN_POINT('',(0.00465949256727474,0.0009,-0.0107918074920618));
#6341=CARTESIAN_POINT('',(0.0046642481490713,0.0009,-0.010804334241399));
#6342=CARTESIAN_POINT('',(0.00466946659834129,0.0009,-0.0108193092789278));
#6343=CARTESIAN_POINT('',(0.00467614222238879,0.0009,-0.0108395671897923));
#6344=CARTESIAN_POINT('',(0.00468369659125739,0.0009,-0.0108642180788903));
#6345=CARTESIAN_POINT('',(0.00469207320956035,0.0009,-0.0108936059076482));
#6346=CARTESIAN_POINT('',(0.00470104885611244,0.0009,-0.0109276777637805));
#6347=CARTESIAN_POINT('',(0.00471044992574237,0.0009,-0.0109664956268933));
#6348=CARTESIAN_POINT('',(0.00472008648184637,0.0009,-0.0110100798610206));
#6349=CARTESIAN_POINT('',(0.00472977217551978,0.0009,-0.0110584559893493));
#6350=CARTESIAN_POINT('',(0.00473931854803899,0.0009,-0.0111116408281696));
#6351=CARTESIAN_POINT('',(0.00474853688188836,0.0009,-0.0111696464937926));
#6352=CARTESIAN_POINT('',(0.00475723785553333,0.0009,-0.0112324792128753));
#6353=CARTESIAN_POINT('',(0.00476523183431492,0.0009,-0.0113001396415117));
#6354=CARTESIAN_POINT('',(0.0047723289798473,0.0009,-0.0113726227576327));
#6355=CARTESIAN_POINT('',(0.0047783394118262,0.0009,-0.0114499178806909));
#6356=CARTESIAN_POINT('',(0.00478307335541634,0.0009,-0.0115320086604251));
#6357=CARTESIAN_POINT('',(0.00478634129275355,0.0009,-0.0116188730795307));
#6358=CARTESIAN_POINT('',(0.00478795411410705,0.0009,-0.0117104834570136));
#6359=CARTESIAN_POINT('',(0.00478772326619603,0.0009,-0.0118068064577172));
#6360=CARTESIAN_POINT('',(0.00478546091228482,0.0009,-0.0119078030993808));
#6361=CARTESIAN_POINT('',(0.00478098004547699,0.0009,-0.0120134287869721));
#6362=CARTESIAN_POINT('',(0.00477409478146098,0.0009,-0.012123633260313));
#6363=CARTESIAN_POINT('',(0.00476461995746158,0.0009,-0.0122383608942811));
#6364=CARTESIAN_POINT('',(0.00475237340049165,0.0009,-0.0123575496595992));
#6365=CARTESIAN_POINT('',(0.00473716792723814,0.0009,-0.0124811352528915));
#6366=CARTESIAN_POINT('',(0.00471884278548557,0.0009,-0.01260903538767));
#6367=CARTESIAN_POINT('',(0.00469714374428382,0.0009,-0.0127412102310529));
#6368=CARTESIAN_POINT('',(0.00467705898899645,0.0009,-0.0128508224026669));
#6369=CARTESIAN_POINT('',(0.00466378033253631,0.0009,-0.0129165398521301));
#6370=CARTESIAN_POINT('',(0.00465971013868492,0.0009,-0.01293636739674));
#6371=CARTESIAN_POINT('',(0.00452803877860115,0.0009,-0.0104860547985564));
#6372=CARTESIAN_POINT('',(0.00452803877860115,-0.004,-0.0104860547985564));
#6373=CARTESIAN_POINT('',(0.00582188210853269,-0.004,-0.00982680866884603));
#6374=CARTESIAN_POINT('',(0.00582188210853269,0.0009,-0.00982680866884603));
#6375=CARTESIAN_POINT('',(0.00586726951984088,-0.004,-0.00990347167587533));
#6376=CARTESIAN_POINT('',(0.00586726951984088,0.0009,-0.00990347167587533));
#6377=CARTESIAN_POINT('',(0.00594752501399774,-0.004,-0.0100388681060328));
#6378=CARTESIAN_POINT('',(0.00594752501399774,0.000899999999999998,-0.0100388681060328));
#6379=CARTESIAN_POINT('',(0.00599691556333432,-0.004,-0.0101218904220443));
#6380=CARTESIAN_POINT('',(0.00599691556333432,0.000900000000000001,-0.0101218904220443));
#6381=CARTESIAN_POINT('',(0.00600040553909304,-0.004,-0.0101254627797422));
#6382=CARTESIAN_POINT('',(0.00600040553909304,0.000899999999999999,-0.0101254627797422));
#6383=CARTESIAN_POINT('',(0.00603329175707683,-0.004,-0.0101721927576286));
#6384=CARTESIAN_POINT('',(0.00603329175707683,0.000899999999999999,-0.0101721927576286));
#6385=CARTESIAN_POINT('',(0.00607897120688477,-0.004,-0.0102290987871209));
#6386=CARTESIAN_POINT('',(0.00607897120688477,0.000900000000000001,-0.0102290987871209));
#6387=CARTESIAN_POINT('',(0.0061743550465326,-0.004,-0.0103376449792277));
#6388=CARTESIAN_POINT('',(0.0061743550465326,0.000899999999999998,-0.0103376449792277));
#6389=CARTESIAN_POINT('',(0.00632210348051097,-0.004,-0.0104842388966656));
#6390=CARTESIAN_POINT('',(0.00632210348051097,0.0009,-0.0104842388966656));
#6391=CARTESIAN_POINT('',(0.00653930148847054,-0.004,-0.0106688201549201));
#6392=CARTESIAN_POINT('',(0.00653930148847054,0.000899999999999999,-0.0106688201549201));
#6393=CARTESIAN_POINT('',(0.00679100849176473,-0.004,-0.0108541769757237));
#6394=CARTESIAN_POINT('',(0.00679100849176473,0.0009,-0.0108541769757237));
#6395=CARTESIAN_POINT('',(0.0071683678065986,-0.004,-0.0110964828192301));
#6396=CARTESIAN_POINT('',(0.0071683678065986,0.000899999999999999,-0.0110964828192301));
#6397=CARTESIAN_POINT('',(0.00749347142320196,-0.004,-0.0112677360337495));
#6398=CARTESIAN_POINT('',(0.00749347142320196,0.0009,-0.0112677360337495));
#6399=CARTESIAN_POINT('',(0.00772683216996394,-0.004,-0.0113735906650983));
#6400=CARTESIAN_POINT('',(0.00772683216996394,0.0009,-0.0113735906650983));
#6401=CARTESIAN_POINT('',(0.00582188212010895,0.,-0.00982680868839928));
#6402=CARTESIAN_POINT('',(0.00582188212010895,0.0009,-0.00982680868839928));
#6403=CARTESIAN_POINT('',(0.00557520387685535,0.0009,-0.00940988884001809));
#6404=CARTESIAN_POINT('',(0.00577083253383183,0.0009,-0.00974061290523555));
#6405=CARTESIAN_POINT('',(0.00598469764045948,0.0009,-0.0101021669769407));
#6406=CARTESIAN_POINT('',(0.00599197464689038,0.0009,-0.0101128739615023));
#6407=CARTESIAN_POINT('',(0.00599931373914241,0.0009,-0.0101240843465135));
#6408=CARTESIAN_POINT('',(0.00600836147147382,0.0009,-0.0101371082668691));
#6409=CARTESIAN_POINT('',(0.00602082663226878,0.0009,-0.01015441626142));
#6410=CARTESIAN_POINT('',(0.00603632927386419,0.0009,-0.0101750173032842));
#6411=CARTESIAN_POINT('',(0.00605518087405458,0.0009,-0.0101990678621875));
#6412=CARTESIAN_POINT('',(0.00607746983202236,0.0009,-0.0102263562473364));
#6413=CARTESIAN_POINT('',(0.00610334833288172,0.0009,-0.0102567784398956));
#6414=CARTESIAN_POINT('',(0.00613294449341672,0.0009,-0.0102901927476035));
#6415=CARTESIAN_POINT('',(0.00616638849545725,0.0009,-0.0103264634131822));
#6416=CARTESIAN_POINT('',(0.00620380471692621,0.0009,-0.0103654478546889));
#6417=CARTESIAN_POINT('',(0.00624531388549793,0.0009,-0.0104070005182355));
#6418=CARTESIAN_POINT('',(0.00629103231904953,0.0009,-0.0104509718994202));
#6419=CARTESIAN_POINT('',(0.00634107201282812,0.0009,-0.0104972089662234));
#6420=CARTESIAN_POINT('',(0.00639554048809791,0.0009,-0.0105455551842668));
#6421=CARTESIAN_POINT('',(0.00645454071295721,0.0009,-0.010595850659289));
#6422=CARTESIAN_POINT('',(0.00651817100661619,0.0009,-0.0106479322497808));
#6423=CARTESIAN_POINT('',(0.00658652495250695,0.0009,-0.0107016336911224));
#6424=CARTESIAN_POINT('',(0.00665969131214549,0.0009,-0.0107567857198476));
#6425=CARTESIAN_POINT('',(0.00673775394566149,0.0009,-0.0108132161992346));
#6426=CARTESIAN_POINT('',(0.00682079172340664,0.0009,-0.0108707502529741));
#6427=CARTESIAN_POINT('',(0.00690887848713771,0.0009,-0.0109292103770065));
#6428=CARTESIAN_POINT('',(0.00700208283557339,0.0009,-0.0109884166455732));
#6429=CARTESIAN_POINT('',(0.00710046860299287,0.0009,-0.0110481865632158));
#6430=CARTESIAN_POINT('',(0.00720409268525209,0.0009,-0.0111083362889975));
#6431=CARTESIAN_POINT('',(0.00731301308341799,0.0009,-0.0111686765918609));
#6432=CARTESIAN_POINT('',(0.00742725771410503,0.0009,-0.0112290290537478));
#6433=CARTESIAN_POINT('',(0.00754694378503786,0.0009,-0.0112891645843184));
#6434=CARTESIAN_POINT('',(0.00764742741761778,0.0009,-0.0113373440939096));
#6435=CARTESIAN_POINT('',(0.00770839894949802,0.0009,-0.0113652291827836));
#6436=CARTESIAN_POINT('',(0.00772683216996394,0.0009,-0.0113735906650983));
#6437=CARTESIAN_POINT('',(1.6608893609187E-17,-0.004,-3.53431736410775E-17));
#6438=CARTESIAN_POINT('',(0.0047666936634613,-0.004,-0.00984416262404873));
#6439=CARTESIAN_POINT('',(0.0047666936634613,0.0009,-0.00984416262404873));
#6440=CARTESIAN_POINT('',(1.6608893609187E-17,0.0009,-3.53431736410775E-17));
#6441=CARTESIAN_POINT('',(0.00516230262066756,0.0009,-0.00964258979230413));
#6442=CARTESIAN_POINT('',(0.00516230262066758,-0.004,-0.00964258979230417));
#6443=CARTESIAN_POINT('',(0.00498242077932417,-0.002,-0.0102896816695141));
#6444=CARTESIAN_POINT('',(0.00498242077932417,0.0009,-0.0102896816695141));
#6445=CARTESIAN_POINT('',(0.00539593388254298,-0.002,-0.0100789862197247));
#6446=CARTESIAN_POINT('',(0.00539593388254298,0.0009,-0.0100789862197247));
#6447=CARTESIAN_POINT('',(0.00106605164759715,-0.004,-0.0113720716575484));
#6448=CARTESIAN_POINT('',(0.00106605164759715,0.0009,-0.0113720716575484));
#6449=CARTESIAN_POINT('',(0.00107439384544635,-0.004,-0.0114607713840817));
#6450=CARTESIAN_POINT('',(0.00107439384544635,0.0009,-0.0114607713840817));
#6451=CARTESIAN_POINT('',(0.0010890498116411,-0.004,-0.0116174823929376));
#6452=CARTESIAN_POINT('',(0.0010890498116411,0.0009,-0.0116174823929376));
#6453=CARTESIAN_POINT('',(0.001097891310829,-0.004,-0.011713679894006));
#6454=CARTESIAN_POINT('',(0.001097891310829,0.000899999999999999,-0.011713679894006));
#6455=CARTESIAN_POINT('',(0.00109716764030099,-0.004,-0.0117186213483754));
#6456=CARTESIAN_POINT('',(0.00109716764030099,0.0009,-0.0117186213483754));
#6457=CARTESIAN_POINT('',(0.00109802932291298,-0.004,-0.0117757567285668));
#6458=CARTESIAN_POINT('',(0.00109802932291298,0.000900000000000001,-0.0117757567285668));
#6459=CARTESIAN_POINT('',(0.00109452239662674,-0.004,-0.0118486443804384));
#6460=CARTESIAN_POINT('',(0.00109452239662674,0.000899999999999998,-0.0118486443804384));
#6461=CARTESIAN_POINT('',(0.0010811571002758,-0.004,-0.0119925253087796));
#6462=CARTESIAN_POINT('',(0.0010811571002758,0.0009,-0.0119925253087796));
#6463=CARTESIAN_POINT('',(0.00104779184904079,-0.004,-0.0121979666298006));
#6464=CARTESIAN_POINT('',(0.00104779184904079,0.0009,-0.0121979666298006));
#6465=CARTESIAN_POINT('',(0.000980569110908705,-0.004,-0.0124749617904775));
#6466=CARTESIAN_POINT('',(0.000980569110908705,0.0009,-0.0124749617904775));
#6467=CARTESIAN_POINT('',(0.000885883873320689,-0.004,-0.012772868272966));
#6468=CARTESIAN_POINT('',(0.000885883873320689,0.0009,-0.012772868272966));
#6469=CARTESIAN_POINT('',(0.000723017575991735,-0.004,-0.0131907040582736));
#6470=CARTESIAN_POINT('',(0.000723017575991735,0.000900000000000001,-0.0131907040582736));
#6471=CARTESIAN_POINT('',(0.000560663339129058,-0.004,-0.0135203419304675));
#6472=CARTESIAN_POINT('',(0.000560663339129058,0.000899999999999999,-0.0135203419304675));
#6473=CARTESIAN_POINT('',(0.000434090320372241,-0.004,-0.0137431461315726));
#6474=CARTESIAN_POINT('',(0.000434090320372241,0.000899999999999999,-0.0137431461315726));
#6475=CARTESIAN_POINT('',(0.0010205592023931,0.0009,-0.0108897826040932));
#6476=CARTESIAN_POINT('',(0.00105668702242542,0.0009,-0.0112723316327994));
#6477=CARTESIAN_POINT('',(0.00109618266791444,0.0009,-0.0116905417768501));
#6478=CARTESIAN_POINT('',(0.00109658885366551,0.0009,-0.0117034812263799));
#6479=CARTESIAN_POINT('',(0.00109724070229242,0.0009,-0.0117168644285583));
#6480=CARTESIAN_POINT('',(0.00109757620138781,0.0009,-0.0117327191250905));
#6481=CARTESIAN_POINT('',(0.00109766505841085,0.0009,-0.0117540484245035));
#6482=CARTESIAN_POINT('',(0.00109723214649209,0.0009,-0.0117798272415748));
#6483=CARTESIAN_POINT('',(0.00109611744539966,0.0009,-0.0118103652450258));
#6484=CARTESIAN_POINT('',(0.00109412500996622,0.0009,-0.0118455431331427));
#6485=CARTESIAN_POINT('',(0.00109107057911072,0.0009,-0.0118853662050858));
#6486=CARTESIAN_POINT('',(0.00108676721955591,0.0009,-0.0119297951345637));
#6487=CARTESIAN_POINT('',(0.00108102981586322,0.0009,-0.0119787966105912));
#6488=CARTESIAN_POINT('',(0.00107367393661606,0.0009,-0.0120323283894624));
#6489=CARTESIAN_POINT('',(0.00106451635664533,0.0009,-0.0120903436775545));
#6490=CARTESIAN_POINT('',(0.00105337509632915,0.0009,-0.0121527898931986));
#6491=CARTESIAN_POINT('',(0.00104006959964516,0.0009,-0.0122196090600447));
#6492=CARTESIAN_POINT('',(0.0010244208714642,0.0009,-0.012290737738534));
#6493=CARTESIAN_POINT('',(0.00100625162535619,0.0009,-0.0123661070946214));
#6494=CARTESIAN_POINT('',(0.000985386427236008,0.0009,-0.0124456429346351));
#6495=CARTESIAN_POINT('',(0.00096165183862525,0.0009,-0.0125292657546335));
#6496=CARTESIAN_POINT('',(0.000934876559379822,0.0009,-0.0126168907903059));
#6497=CARTESIAN_POINT('',(0.000904891565803175,0.0009,-0.0127084280718665));
#6498=CARTESIAN_POINT('',(0.000871530260724898,0.0009,-0.0128037824802388));
#6499=CARTESIAN_POINT('',(0.000834628570640392,0.0009,-0.0129028538147175));
#6500=CARTESIAN_POINT('',(0.000794025240313074,0.0009,-0.0130055368336216));
#6501=CARTESIAN_POINT('',(0.000749561358587144,0.0009,-0.0131117214158715));
#6502=CARTESIAN_POINT('',(0.000701082836756846,0.0009,-0.0132212922735701));
#6503=CARTESIAN_POINT('',(0.000648431523748516,0.0009,-0.0133341304077481));
#6504=CARTESIAN_POINT('',(0.00059147996304328,0.0009,-0.0134501078841384));
#6505=CARTESIAN_POINT('',(0.000529998675676856,0.0009,-0.013569108257735));
#6506=CARTESIAN_POINT('',(0.000477024914463531,0.0009,-0.0136671490971021));
#6507=CARTESIAN_POINT('',(0.000444088352998358,0.0009,-0.0137255467751397));
#6508=CARTESIAN_POINT('',(0.000434090320372241,0.0009,-0.0137431461315726));
#6509=CARTESIAN_POINT('',(0.00106605164972487,0.0009,-0.0113720716801717));
#6510=CARTESIAN_POINT('',(0.00106605164972487,-0.004,-0.0113720716801717));
#6511=CARTESIAN_POINT('',(0.0025002880372777,-0.004,-0.0111449109296758));
#6512=CARTESIAN_POINT('',(0.0025002880372777,0.0009,-0.0111449109296758));
#6513=CARTESIAN_POINT('',(0.00251976385854819,-0.004,-0.0112318472634947));
#6514=CARTESIAN_POINT('',(0.00251976385854819,0.0009,-0.0112318472634947));
#6515=CARTESIAN_POINT('',(0.0025542515713382,-0.004,-0.0113854172322655));
#6516=CARTESIAN_POINT('',(0.0025542515713382,0.000899999999999999,-0.0113854172322655));
#6517=CARTESIAN_POINT('',(0.00257556946856824,-0.004,-0.0114796386660126));
#6518=CARTESIAN_POINT('',(0.00257556946856824,0.000900000000000001,-0.0114796386660126));
#6519=CARTESIAN_POINT('',(0.00257778471351663,-0.004,-0.0114841146418991));
#6520=CARTESIAN_POINT('',(0.00257778471351663,0.000900000000000001,-0.0114841146418991));
#6521=CARTESIAN_POINT('',(0.00259462100811275,-0.004,-0.0115387198921121));
#6522=CARTESIAN_POINT('',(0.00259462100811275,0.000900000000000001,-0.0115387198921121));
#6523=CARTESIAN_POINT('',(0.00262047981631785,-0.004,-0.0116069564685615));
#6524=CARTESIAN_POINT('',(0.00262047981631785,0.0009,-0.0116069564685615));
#6525=CARTESIAN_POINT('',(0.00267765262052848,-0.004,-0.0117396652593237));
#6526=CARTESIAN_POINT('',(0.00267765262052848,0.000900000000000001,-0.0117396652593237));
#6527=CARTESIAN_POINT('',(0.0027728697196757,-0.004,-0.0119247411367438));
#6528=CARTESIAN_POINT('',(0.0027728697196757,0.000900000000000001,-0.0119247411367438));
#6529=CARTESIAN_POINT('',(0.00292239855482822,-0.004,-0.0121674062207966));
#6530=CARTESIAN_POINT('',(0.00292239855482822,0.0009,-0.0121674062207966));
#6531=CARTESIAN_POINT('',(0.00310450773285667,-0.004,-0.0124214727746827));
#6532=CARTESIAN_POINT('',(0.00310450773285667,0.0009,-0.0124214727746827));
#6533=CARTESIAN_POINT('',(0.00338852114473428,-0.004,-0.0127685297673552));
#6534=CARTESIAN_POINT('',(0.00338852114473428,0.000900000000000001,-0.0127685297673552));
#6535=CARTESIAN_POINT('',(0.00364479290414814,-0.004,-0.0130318637954235));
#6536=CARTESIAN_POINT('',(0.00364479290414814,0.0009,-0.0130318637954235));
#6537=CARTESIAN_POINT('',(0.0038340212829836,-0.004,-0.0132046499689173));
#6538=CARTESIAN_POINT('',(0.0038340212829836,0.0009,-0.0132046499689173));
#6539=CARTESIAN_POINT('',(0.0025002880422451,0.,-0.0111449109518493));
#6540=CARTESIAN_POINT('',(0.0025002880422451,0.0009,-0.0111449109518493));
#6541=CARTESIAN_POINT('',(0.00239451841001254,0.0009,-0.0106721688439656));
#6542=CARTESIAN_POINT('',(0.00247837296240313,0.0009,-0.0110471587008788));
#6543=CARTESIAN_POINT('',(0.00257004441312715,0.0009,-0.0114571050092188));
#6544=CARTESIAN_POINT('',(0.00257365661732433,0.0009,-0.0114695366753113));
#6545=CARTESIAN_POINT('',(0.00257717230935238,0.0009,-0.0114824662892555));
#6546=CARTESIAN_POINT('',(0.00258175260142058,0.0009,-0.0114976486766284));
#6547=CARTESIAN_POINT('',(0.00258825920936652,0.0009,-0.0115179615041533));
#6548=CARTESIAN_POINT('',(0.00259663702563776,0.0009,-0.0115423448389714));
#6549=CARTESIAN_POINT('',(0.00260713393141608,0.0009,-0.0115710437445669));
#6550=CARTESIAN_POINT('',(0.00261989941537271,0.0009,-0.0116038842078809));
#6551=CARTESIAN_POINT('',(0.00263511035774003,0.0009,-0.0116408143289088));
#6552=CARTESIAN_POINT('',(0.00265293239013715,0.0009,-0.0116817389405654));
#6553=CARTESIAN_POINT('',(0.00267353127414766,0.0009,-0.0117265691584049));
#6554=CARTESIAN_POINT('',(0.00269706936044906,0.0009,-0.0117752078138332));
#6555=CARTESIAN_POINT('',(0.00272370644650775,0.0009,-0.0118275537837796));
#6556=CARTESIAN_POINT('',(0.00275359935659961,0.0009,-0.0118835008253094));
#6557=CARTESIAN_POINT('',(0.00278690189402889,0.0009,-0.0119429380047579));
#6558=CARTESIAN_POINT('',(0.00282376468937775,0.0009,-0.0120057496749823));
#6559=CARTESIAN_POINT('',(0.00286433508117104,0.0009,-0.0120718155863959));
#6560=CARTESIAN_POINT('',(0.00290875699003315,0.0009,-0.0121410109645098));
#6561=CARTESIAN_POINT('',(0.00295717079769005,0.0009,-0.012213206601145));
#6562=CARTESIAN_POINT('',(0.00300971322664752,0.0009,-0.0122882689459959));
#6563=CARTESIAN_POINT('',(0.00306651722580078,0.0009,-0.0123660602015166));
#6564=CARTESIAN_POINT('',(0.00312771184506319,0.0009,-0.0124464384227328));
#6565=CARTESIAN_POINT('',(0.0031934221638897,0.0009,-0.0125292576116096));
#6566=CARTESIAN_POINT('',(0.00326376902365585,0.0009,-0.0126143678467518));
#6567=CARTESIAN_POINT('',(0.0033388695285669,0.0009,-0.0127016152905415));
#6568=CARTESIAN_POINT('',(0.0034188345997711,0.0009,-0.0127908426816441));
#6569=CARTESIAN_POINT('',(0.00350377787517372,0.0009,-0.0128818879739449));
#6570=CARTESIAN_POINT('',(0.00359378103926494,0.0009,-0.0129745901084953));
#6571=CARTESIAN_POINT('',(0.00368902635602329,0.0009,-0.0130687674266136));
#6572=CARTESIAN_POINT('',(0.00376970368232511,0.0009,-0.0131456400132859));
#6573=CARTESIAN_POINT('',(0.00381907408867658,0.0009,-0.013191001548291));
#6574=CARTESIAN_POINT('',(0.0038340212829836,0.0009,-0.0132046499689173));
#6575=CARTESIAN_POINT('',(4.87435520523253E-18,-0.004,-3.87457859809021E-17));
#6576=CARTESIAN_POINT('',(0.00149138152359595,-0.004,-0.0108353443600597));
#6577=CARTESIAN_POINT('',(0.00149138152359595,0.0009,-0.0108353443600597));
#6578=CARTESIAN_POINT('',(4.87435520523253E-18,0.0009,-3.87457859809021E-17));
#6579=CARTESIAN_POINT('',(0.00192991743086506,0.0009,-0.0107658870958246));
#6580=CARTESIAN_POINT('',(0.00192991743086506,-0.004,-0.0107658870958246));
#6581=CARTESIAN_POINT('',(0.00155887724651239,-0.002,-0.0113257214963322));
#6582=CARTESIAN_POINT('',(0.00155887724651239,0.0009,-0.0113257214963322));
#6583=CARTESIAN_POINT('',(0.00201726005252448,-0.002,-0.0112531207921476));
#6584=CARTESIAN_POINT('',(0.00201726005252448,0.0009,-0.0112531207921476));
#6585=CARTESIAN_POINT('',(-0.00250028803727769,-0.004,-0.0111449109296758));
#6586=CARTESIAN_POINT('',(-0.00250028803727769,0.000899999999999999,-0.0111449109296758));
#6587=CARTESIAN_POINT('',(-0.00251976385854818,-0.004,-0.0112318472634947));
#6588=CARTESIAN_POINT('',(-0.00251976385854818,0.000899999999999999,-0.0112318472634947));
#6589=CARTESIAN_POINT('',(-0.00255425157133818,-0.004,-0.0113854172322655));
#6590=CARTESIAN_POINT('',(-0.00255425157133818,0.0009,-0.0113854172322655));
#6591=CARTESIAN_POINT('',(-0.00257556946856823,-0.004,-0.0114796386660126));
#6592=CARTESIAN_POINT('',(-0.00257556946856823,0.000900000000000001,-0.0114796386660126));
#6593=CARTESIAN_POINT('',(-0.00257778471351662,-0.004,-0.0114841146418992));
#6594=CARTESIAN_POINT('',(-0.00257778471351662,0.000899999999999999,-0.0114841146418992));
#6595=CARTESIAN_POINT('',(-0.00259462100811273,-0.004,-0.0115387198921121));
#6596=CARTESIAN_POINT('',(-0.00259462100811273,0.000900000000000001,-0.0115387198921121));
#6597=CARTESIAN_POINT('',(-0.00262047981631784,-0.004,-0.0116069564685616));
#6598=CARTESIAN_POINT('',(-0.00262047981631784,0.0009,-0.0116069564685616));
#6599=CARTESIAN_POINT('',(-0.00267765262052846,-0.004,-0.0117396652593237));
#6600=CARTESIAN_POINT('',(-0.00267765262052846,0.0009,-0.0117396652593237));
#6601=CARTESIAN_POINT('',(-0.00277286971967569,-0.004,-0.0119247411367438));
#6602=CARTESIAN_POINT('',(-0.00277286971967569,0.000899999999999999,-0.0119247411367438));
#6603=CARTESIAN_POINT('',(-0.00292239855482821,-0.004,-0.0121674062207966));
#6604=CARTESIAN_POINT('',(-0.00292239855482821,0.0009,-0.0121674062207966));
#6605=CARTESIAN_POINT('',(-0.00310450773285665,-0.004,-0.0124214727746827));
#6606=CARTESIAN_POINT('',(-0.00310450773285665,0.0009,-0.0124214727746827));
#6607=CARTESIAN_POINT('',(-0.00338852114473425,-0.004,-0.0127685297673553));
#6608=CARTESIAN_POINT('',(-0.00338852114473425,0.0009,-0.0127685297673553));
#6609=CARTESIAN_POINT('',(-0.00364479290414819,-0.004,-0.0130318637954235));
#6610=CARTESIAN_POINT('',(-0.00364479290414819,0.000899999999999999,-0.0130318637954235));
#6611=CARTESIAN_POINT('',(-0.00383402128298358,-0.004,-0.0132046499689173));
#6612=CARTESIAN_POINT('',(-0.00383402128298358,0.000899999999999999,-0.0132046499689173));
#6613=CARTESIAN_POINT('',(-0.00239451841001252,0.0009,-0.0106721688439656));
#6614=CARTESIAN_POINT('',(-0.00247837296240311,0.0009,-0.0110471587008788));
#6615=CARTESIAN_POINT('',(-0.00257004441312713,0.0009,-0.0114571050092188));
#6616=CARTESIAN_POINT('',(-0.00257365661732432,0.0009,-0.0114695366753113));
#6617=CARTESIAN_POINT('',(-0.00257717230935236,0.0009,-0.0114824662892555));
#6618=CARTESIAN_POINT('',(-0.00258175260142056,0.0009,-0.0114976486766284));
#6619=CARTESIAN_POINT('',(-0.0025882592093665,0.0009,-0.0115179615041533));
#6620=CARTESIAN_POINT('',(-0.00259663702563775,0.0009,-0.0115423448389714));
#6621=CARTESIAN_POINT('',(-0.00260713393141607,0.0009,-0.0115710437445669));
#6622=CARTESIAN_POINT('',(-0.00261989941537269,0.0009,-0.0116038842078809));
#6623=CARTESIAN_POINT('',(-0.00263511035774001,0.0009,-0.0116408143289088));
#6624=CARTESIAN_POINT('',(-0.00265293239013714,0.0009,-0.0116817389405654));
#6625=CARTESIAN_POINT('',(-0.00267353127414765,0.0009,-0.0117265691584049));
#6626=CARTESIAN_POINT('',(-0.00269706936044905,0.0009,-0.0117752078138332));
#6627=CARTESIAN_POINT('',(-0.00272370644650773,0.0009,-0.0118275537837796));
#6628=CARTESIAN_POINT('',(-0.00275359935659959,0.0009,-0.0118835008253094));
#6629=CARTESIAN_POINT('',(-0.00278690189402888,0.0009,-0.0119429380047579));
#6630=CARTESIAN_POINT('',(-0.00282376468937773,0.0009,-0.0120057496749823));
#6631=CARTESIAN_POINT('',(-0.00286433508117102,0.0009,-0.0120718155863959));
#6632=CARTESIAN_POINT('',(-0.00290875699003313,0.0009,-0.0121410109645098));
#6633=CARTESIAN_POINT('',(-0.00295717079769003,0.0009,-0.012213206601145));
#6634=CARTESIAN_POINT('',(-0.00300971322664751,0.0009,-0.0122882689459959));
#6635=CARTESIAN_POINT('',(-0.00306651722580076,0.0009,-0.0123660602015166));
#6636=CARTESIAN_POINT('',(-0.00312771184506317,0.0009,-0.0124464384227328));
#6637=CARTESIAN_POINT('',(-0.00319342216388968,0.0009,-0.0125292576116096));
#6638=CARTESIAN_POINT('',(-0.00326376902365583,0.0009,-0.0126143678467518));
#6639=CARTESIAN_POINT('',(-0.00333886952856688,0.0009,-0.0127016152905415));
#6640=CARTESIAN_POINT('',(-0.00341883459977108,0.0009,-0.0127908426816441));
#6641=CARTESIAN_POINT('',(-0.00350377787517369,0.0009,-0.0128818879739449));
#6642=CARTESIAN_POINT('',(-0.00359378103926491,0.0009,-0.0129745901084953));
#6643=CARTESIAN_POINT('',(-0.00368902635602327,0.0009,-0.0130687674266136));
#6644=CARTESIAN_POINT('',(-0.00376970368232509,0.0009,-0.0131456400132859));
#6645=CARTESIAN_POINT('',(-0.00381907408867657,0.0009,-0.013191001548291));
#6646=CARTESIAN_POINT('',(-0.00383402128298358,0.0009,-0.0132046499689173));
#6647=CARTESIAN_POINT('',(-0.00250028804224508,0.0009,-0.0111449109518493));
#6648=CARTESIAN_POINT('',(-0.00250028804224508,-0.004,-0.0111449109518493));
#6649=CARTESIAN_POINT('',(-0.00106605164759713,-0.004,-0.0113720716575484));
#6650=CARTESIAN_POINT('',(-0.00106605164759713,0.000900000000000001,-0.0113720716575484));
#6651=CARTESIAN_POINT('',(-0.00107439384544633,-0.004,-0.0114607713840817));
#6652=CARTESIAN_POINT('',(-0.00107439384544633,0.000900000000000001,-0.0114607713840817));
#6653=CARTESIAN_POINT('',(-0.00108904981164108,-0.004,-0.0116174823929376));
#6654=CARTESIAN_POINT('',(-0.00108904981164108,0.000900000000000001,-0.0116174823929376));
#6655=CARTESIAN_POINT('',(-0.00109789131082898,-0.004,-0.011713679894006));
#6656=CARTESIAN_POINT('',(-0.00109789131082898,0.000900000000000001,-0.011713679894006));
#6657=CARTESIAN_POINT('',(-0.00109716764030097,-0.004,-0.0117186213483754));
#6658=CARTESIAN_POINT('',(-0.00109716764030097,0.000900000000000001,-0.0117186213483754));
#6659=CARTESIAN_POINT('',(-0.00109802932291297,-0.004,-0.0117757567285668));
#6660=CARTESIAN_POINT('',(-0.00109802932291297,0.000900000000000002,-0.0117757567285668));
#6661=CARTESIAN_POINT('',(-0.00109452239662672,-0.004,-0.0118486443804384));
#6662=CARTESIAN_POINT('',(-0.00109452239662672,0.000900000000000001,-0.0118486443804384));
#6663=CARTESIAN_POINT('',(-0.00108115710027579,-0.004,-0.0119925253087795));
#6664=CARTESIAN_POINT('',(-0.00108115710027579,0.000900000000000002,-0.0119925253087795));
#6665=CARTESIAN_POINT('',(-0.00104779184904078,-0.004,-0.0121979666298006));
#6666=CARTESIAN_POINT('',(-0.00104779184904078,0.000900000000000002,-0.0121979666298006));
#6667=CARTESIAN_POINT('',(-0.000980569110908687,-0.004,-0.0124749617904775));
#6668=CARTESIAN_POINT('',(-0.000980569110908687,0.000900000000000001,-0.0124749617904775));
#6669=CARTESIAN_POINT('',(-0.000885883873320671,-0.004,-0.012772868272966));
#6670=CARTESIAN_POINT('',(-0.000885883873320671,0.000900000000000001,-0.012772868272966));
#6671=CARTESIAN_POINT('',(-0.000723017575991721,-0.004,-0.0131907040582736));
#6672=CARTESIAN_POINT('',(-0.000723017575991721,0.000900000000000001,-0.0131907040582736));
#6673=CARTESIAN_POINT('',(-0.000560663339129023,-0.004,-0.0135203419304675));
#6674=CARTESIAN_POINT('',(-0.000560663339129023,0.000900000000000001,-0.0135203419304675));
#6675=CARTESIAN_POINT('',(-0.000434090320372222,-0.004,-0.0137431461315726));
#6676=CARTESIAN_POINT('',(-0.000434090320372222,0.000900000000000001,-0.0137431461315726));
#6677=CARTESIAN_POINT('',(-0.00106605164972485,0.,-0.0113720716801717));
#6678=CARTESIAN_POINT('',(-0.00106605164972485,0.0009,-0.0113720716801717));
#6679=CARTESIAN_POINT('',(-0.00102055920239309,0.0009,-0.0108897826040932));
#6680=CARTESIAN_POINT('',(-0.0010566870224254,0.0009,-0.0112723316327994));
#6681=CARTESIAN_POINT('',(-0.00109618266791442,0.0009,-0.0116905417768501));
#6682=CARTESIAN_POINT('',(-0.00109658885366549,0.0009,-0.0117034812263799));
#6683=CARTESIAN_POINT('',(-0.0010972407022924,0.0009,-0.0117168644285583));
#6684=CARTESIAN_POINT('',(-0.0010975762013878,0.0009,-0.0117327191250905));
#6685=CARTESIAN_POINT('',(-0.00109766505841084,0.0009,-0.0117540484245035));
#6686=CARTESIAN_POINT('',(-0.00109723214649208,0.0009,-0.0117798272415748));
#6687=CARTESIAN_POINT('',(-0.00109611744539964,0.0009,-0.0118103652450258));
#6688=CARTESIAN_POINT('',(-0.0010941250099662,0.0009,-0.0118455431331427));
#6689=CARTESIAN_POINT('',(-0.0010910705791107,0.0009,-0.0118853662050858));
#6690=CARTESIAN_POINT('',(-0.00108676721955589,0.0009,-0.0119297951345637));
#6691=CARTESIAN_POINT('',(-0.0010810298158632,0.0009,-0.0119787966105912));
#6692=CARTESIAN_POINT('',(-0.00107367393661604,0.0009,-0.0120323283894624));
#6693=CARTESIAN_POINT('',(-0.00106451635664531,0.0009,-0.0120903436775545));
#6694=CARTESIAN_POINT('',(-0.00105337509632913,0.0009,-0.0121527898931986));
#6695=CARTESIAN_POINT('',(-0.00104006959964514,0.0009,-0.0122196090600447));
#6696=CARTESIAN_POINT('',(-0.00102442087146418,0.0009,-0.012290737738534));
#6697=CARTESIAN_POINT('',(-0.00100625162535617,0.0009,-0.0123661070946214));
#6698=CARTESIAN_POINT('',(-0.00098538642723599,0.0009,-0.0124456429346351));
#6699=CARTESIAN_POINT('',(-0.000961651838625232,0.0009,-0.0125292657546335));
#6700=CARTESIAN_POINT('',(-0.000934876559379804,0.0009,-0.0126168907903059));
#6701=CARTESIAN_POINT('',(-0.000904891565803157,0.0009,-0.0127084280718665));
#6702=CARTESIAN_POINT('',(-0.000871530260724879,0.0009,-0.0128037824802388));
#6703=CARTESIAN_POINT('',(-0.000834628570640374,0.0009,-0.0129028538147175));
#6704=CARTESIAN_POINT('',(-0.000794025240313055,0.0009,-0.0130055368336216));
#6705=CARTESIAN_POINT('',(-0.000749561358587125,0.0009,-0.0131117214158715));
#6706=CARTESIAN_POINT('',(-0.000701082836756827,0.0009,-0.0132212922735702));
#6707=CARTESIAN_POINT('',(-0.000648431523748497,0.0009,-0.0133341304077481));
#6708=CARTESIAN_POINT('',(-0.000591479963043261,0.0009,-0.0134501078841384));
#6709=CARTESIAN_POINT('',(-0.000529998675676836,0.0009,-0.013569108257735));
#6710=CARTESIAN_POINT('',(-0.000477024914463511,0.0009,-0.0136671490971021));
#6711=CARTESIAN_POINT('',(-0.000444088352998338,0.0009,-0.0137255467751397));
#6712=CARTESIAN_POINT('',(-0.000434090320372222,0.0009,-0.0137431461315726));
#6713=CARTESIAN_POINT('',(-7.33731904783974E-18,-0.004,-3.83556908311512E-17));
#6714=CARTESIAN_POINT('',(-0.00192991743086505,-0.004,-0.0107658870958246));
#6715=CARTESIAN_POINT('',(-0.00192991743086505,0.0009,-0.0107658870958246));
#6716=CARTESIAN_POINT('',(-7.33731904783974E-18,0.0009,-3.83556908311512E-17));
#6717=CARTESIAN_POINT('',(-0.00149138152359593,0.0009,-0.0108353443600596));
#6718=CARTESIAN_POINT('',(-0.00149138152359593,-0.004,-0.0108353443600597));
#6719=CARTESIAN_POINT('',(-0.00201726005252447,-0.002,-0.0112531207921476));
#6720=CARTESIAN_POINT('',(-0.00201726005252447,0.0009,-0.0112531207921476));
#6721=CARTESIAN_POINT('',(-0.00155887724651237,-0.002,-0.0113257214963322));
#6722=CARTESIAN_POINT('',(-0.00155887724651237,0.0009,-0.0113257214963322));
#6723=CARTESIAN_POINT('',(-0.00582188210853268,-0.004,-0.00982680866884605));
#6724=CARTESIAN_POINT('',(-0.00582188210853268,0.0009,-0.00982680866884605));
#6725=CARTESIAN_POINT('',(-0.00586726951984087,-0.004,-0.00990347167587535));
#6726=CARTESIAN_POINT('',(-0.00586726951984087,0.0009,-0.00990347167587535));
#6727=CARTESIAN_POINT('',(-0.00594752501399773,-0.004,-0.0100388681060328));
#6728=CARTESIAN_POINT('',(-0.00594752501399773,0.0009,-0.0100388681060328));
#6729=CARTESIAN_POINT('',(-0.00599691556333431,-0.004,-0.0101218904220443));
#6730=CARTESIAN_POINT('',(-0.00599691556333431,0.000900000000000001,-0.0101218904220443));
#6731=CARTESIAN_POINT('',(-0.00600040553909302,-0.004,-0.0101254627797422));
#6732=CARTESIAN_POINT('',(-0.00600040553909302,0.000899999999999999,-0.0101254627797422));
#6733=CARTESIAN_POINT('',(-0.00603329175707682,-0.004,-0.0101721927576286));
#6734=CARTESIAN_POINT('',(-0.00603329175707682,0.0009,-0.0101721927576286));
#6735=CARTESIAN_POINT('',(-0.00607897120688474,-0.004,-0.0102290987871209));
#6736=CARTESIAN_POINT('',(-0.00607897120688474,0.000900000000000001,-0.0102290987871209));
#6737=CARTESIAN_POINT('',(-0.00617435504653259,-0.004,-0.0103376449792277));
#6738=CARTESIAN_POINT('',(-0.00617435504653259,0.000899999999999999,-0.0103376449792277));
#6739=CARTESIAN_POINT('',(-0.00632210348051094,-0.004,-0.0104842388966656));
#6740=CARTESIAN_POINT('',(-0.00632210348051094,0.000900000000000001,-0.0104842388966656));
#6741=CARTESIAN_POINT('',(-0.00653930148847053,-0.004,-0.0106688201549201));
#6742=CARTESIAN_POINT('',(-0.00653930148847053,0.0009,-0.0106688201549201));
#6743=CARTESIAN_POINT('',(-0.00679100849176471,-0.004,-0.0108541769757237));
#6744=CARTESIAN_POINT('',(-0.00679100849176471,0.000900000000000001,-0.0108541769757237));
#6745=CARTESIAN_POINT('',(-0.0071683678065986,-0.004,-0.0110964828192301));
#6746=CARTESIAN_POINT('',(-0.0071683678065986,0.000899999999999998,-0.0110964828192301));
#6747=CARTESIAN_POINT('',(-0.00749347142320193,-0.004,-0.0112677360337497));
#6748=CARTESIAN_POINT('',(-0.00749347142320193,0.0009,-0.0112677360337497));
#6749=CARTESIAN_POINT('',(-0.00772683216996392,-0.004,-0.0113735906650983));
#6750=CARTESIAN_POINT('',(-0.00772683216996392,0.0009,-0.0113735906650983));
#6751=CARTESIAN_POINT('',(-0.00557520387685534,0.0009,-0.0094098888400181));
#6752=CARTESIAN_POINT('',(-0.00577083253383182,0.0009,-0.00974061290523556));
#6753=CARTESIAN_POINT('',(-0.00598469764045946,0.0009,-0.0101021669769407));
#6754=CARTESIAN_POINT('',(-0.00599197464689037,0.0009,-0.0101128739615023));
#6755=CARTESIAN_POINT('',(-0.0059993137391424,0.0009,-0.0101240843465135));
#6756=CARTESIAN_POINT('',(-0.0060083614714738,0.0009,-0.0101371082668691));
#6757=CARTESIAN_POINT('',(-0.00602082663226877,0.0009,-0.01015441626142));
#6758=CARTESIAN_POINT('',(-0.00603632927386418,0.0009,-0.0101750173032842));
#6759=CARTESIAN_POINT('',(-0.00605518087405456,0.0009,-0.0101990678621875));
#6760=CARTESIAN_POINT('',(-0.00607746983202234,0.0009,-0.0102263562473364));
#6761=CARTESIAN_POINT('',(-0.00610334833288171,0.0009,-0.0102567784398956));
#6762=CARTESIAN_POINT('',(-0.00613294449341671,0.0009,-0.0102901927476035));
#6763=CARTESIAN_POINT('',(-0.00616638849545723,0.0009,-0.0103264634131822));
#6764=CARTESIAN_POINT('',(-0.0062038047169262,0.0009,-0.0103654478546889));
#6765=CARTESIAN_POINT('',(-0.00624531388549792,0.0009,-0.0104070005182355));
#6766=CARTESIAN_POINT('',(-0.00629103231904951,0.0009,-0.0104509718994202));
#6767=CARTESIAN_POINT('',(-0.0063410720128281,0.0009,-0.0104972089662234));
#6768=CARTESIAN_POINT('',(-0.00639554048809789,0.0009,-0.0105455551842668));
#6769=CARTESIAN_POINT('',(-0.0064545407129572,0.0009,-0.010595850659289));
#6770=CARTESIAN_POINT('',(-0.00651817100661618,0.0009,-0.0106479322497808));
#6771=CARTESIAN_POINT('',(-0.00658652495250693,0.0009,-0.0107016336911224));
#6772=CARTESIAN_POINT('',(-0.00665969131214547,0.0009,-0.0107567857198476));
#6773=CARTESIAN_POINT('',(-0.00673775394566148,0.0009,-0.0108132161992346));
#6774=CARTESIAN_POINT('',(-0.00682079172340662,0.0009,-0.0108707502529741));
#6775=CARTESIAN_POINT('',(-0.0069088784871377,0.0009,-0.0109292103770065));
#6776=CARTESIAN_POINT('',(-0.00700208283557337,0.0009,-0.0109884166455732));
#6777=CARTESIAN_POINT('',(-0.00710046860299286,0.0009,-0.0110481865632158));
#6778=CARTESIAN_POINT('',(-0.00720409268525207,0.0009,-0.0111083362889975));
#6779=CARTESIAN_POINT('',(-0.00731301308341798,0.0009,-0.0111686765918609));
#6780=CARTESIAN_POINT('',(-0.00742725771410502,0.0009,-0.0112290290537478));
#6781=CARTESIAN_POINT('',(-0.00754694378503785,0.0009,-0.0112891645843184));
#6782=CARTESIAN_POINT('',(-0.00764742741761776,0.0009,-0.0113373440939096));
#6783=CARTESIAN_POINT('',(-0.007708398949498,0.0009,-0.0113652291827836));
#6784=CARTESIAN_POINT('',(-0.00772683216996392,0.0009,-0.0113735906650983));
#6785=CARTESIAN_POINT('',(-0.00582188212010894,0.0009,-0.0098268086883993));
#6786=CARTESIAN_POINT('',(-0.00582188212010894,-0.004,-0.0098268086883993));
#6787=CARTESIAN_POINT('',(-0.00452803876958657,-0.004,-0.0104860547776979));
#6788=CARTESIAN_POINT('',(-0.00452803876958657,0.0009,-0.0104860547776979));
#6789=CARTESIAN_POINT('',(-0.00456338239410647,-0.004,-0.0105678353497051));
#6790=CARTESIAN_POINT('',(-0.00456338239410647,0.0009,-0.0105678353497051));
#6791=CARTESIAN_POINT('',(-0.00462574741120072,-0.004,-0.0107123474332296));
#6792=CARTESIAN_POINT('',(-0.00462574741120072,0.000899999999999999,-0.0107123474332296));
#6793=CARTESIAN_POINT('',(-0.0046638828392637,-0.004,-0.0108011045199671));
#6794=CARTESIAN_POINT('',(-0.0046638828392637,0.000900000000000001,-0.0108011045199671));
#6795=CARTESIAN_POINT('',(-0.00466472158106947,-0.004,-0.0108060277488366));
#6796=CARTESIAN_POINT('',(-0.00466472158106947,0.000899999999999999,-0.0108060277488366));
#6797=CARTESIAN_POINT('',(-0.00468319689339182,-0.004,-0.0108601004499079));
#6798=CARTESIAN_POINT('',(-0.00468319689339182,0.000900000000000001,-0.0108601004499079));
#6799=CARTESIAN_POINT('',(-0.00470238513140351,-0.004,-0.0109305044259982));
#6800=CARTESIAN_POINT('',(-0.00470238513140351,0.000899999999999998,-0.0109305044259982));
#6801=CARTESIAN_POINT('',(-0.00473413563124061,-0.004,-0.011071473424175));
#6802=CARTESIAN_POINT('',(-0.00473413563124061,0.000900000000000001,-0.011071473424175));
#6803=CARTESIAN_POINT('',(-0.00476588825117806,-0.004,-0.0112771701609015));
#6804=CARTESIAN_POINT('',(-0.00476588825117806,0.000899999999999998,-0.0112771701609015));
#6805=CARTESIAN_POINT('',(-0.00478755184004313,-0.004,-0.0115613811819368));
#6806=CARTESIAN_POINT('',(-0.00478755184004313,0.000900000000000001,-0.0115613811819368));
#6807=CARTESIAN_POINT('',(-0.0047895589936615,-0.004,-0.0118739664308852));
#6808=CARTESIAN_POINT('',(-0.0047895589936615,0.0009,-0.0118739664308852));
#6809=CARTESIAN_POINT('',(-0.00476378229881998,-0.004,-0.0123216803309288));
#6810=CARTESIAN_POINT('',(-0.00476378229881998,0.000900000000000001,-0.0123216803309288));
#6811=CARTESIAN_POINT('',(-0.00471123794840106,-0.004,-0.0126853547955959));
#6812=CARTESIAN_POINT('',(-0.00471123794840106,0.0009,-0.0126853547955959));
#6813=CARTESIAN_POINT('',(-0.00465971013868491,-0.004,-0.01293636739674));
#6814=CARTESIAN_POINT('',(-0.00465971013868491,0.0009,-0.01293636739674));
#6815=CARTESIAN_POINT('',(-0.00452803877860113,0.,-0.0104860547985564));
#6816=CARTESIAN_POINT('',(-0.00452803877860113,0.0009,-0.0104860547985564));
#6817=CARTESIAN_POINT('',(-0.0043357373694144,0.0009,-0.0100414285693552));
#6818=CARTESIAN_POINT('',(-0.00448831111912753,0.0009,-0.010394090205549));
#6819=CARTESIAN_POINT('',(-0.00465510775186678,0.0009,-0.0107796268625691));
#6820=CARTESIAN_POINT('',(-0.00465949256727472,0.0009,-0.0107918074920618));
#6821=CARTESIAN_POINT('',(-0.00466424814907129,0.0009,-0.010804334241399));
#6822=CARTESIAN_POINT('',(-0.00466946659834128,0.0009,-0.0108193092789278));
#6823=CARTESIAN_POINT('',(-0.00467614222238878,0.0009,-0.0108395671897923));
#6824=CARTESIAN_POINT('',(-0.00468369659125738,0.0009,-0.0108642180788903));
#6825=CARTESIAN_POINT('',(-0.00469207320956034,0.0009,-0.0108936059076482));
#6826=CARTESIAN_POINT('',(-0.00470104885611242,0.0009,-0.0109276777637805));
#6827=CARTESIAN_POINT('',(-0.00471044992574235,0.0009,-0.0109664956268933));
#6828=CARTESIAN_POINT('',(-0.00472008648184635,0.0009,-0.0110100798610207));
#6829=CARTESIAN_POINT('',(-0.00472977217551977,0.0009,-0.0110584559893494));
#6830=CARTESIAN_POINT('',(-0.00473931854803898,0.0009,-0.0111116408281696));
#6831=CARTESIAN_POINT('',(-0.00474853688188835,0.0009,-0.0111696464937926));
#6832=CARTESIAN_POINT('',(-0.00475723785553331,0.0009,-0.0112324792128753));
#6833=CARTESIAN_POINT('',(-0.00476523183431491,0.0009,-0.0113001396415117));
#6834=CARTESIAN_POINT('',(-0.00477232897984728,0.0009,-0.0113726227576327));
#6835=CARTESIAN_POINT('',(-0.00477833941182619,0.0009,-0.0114499178806909));
#6836=CARTESIAN_POINT('',(-0.00478307335541633,0.0009,-0.0115320086604251));
#6837=CARTESIAN_POINT('',(-0.00478634129275353,0.0009,-0.0116188730795308));
#6838=CARTESIAN_POINT('',(-0.00478795411410704,0.0009,-0.0117104834570136));
#6839=CARTESIAN_POINT('',(-0.00478772326619601,0.0009,-0.0118068064577172));
#6840=CARTESIAN_POINT('',(-0.00478546091228481,0.0009,-0.0119078030993808));
#6841=CARTESIAN_POINT('',(-0.00478098004547698,0.0009,-0.0120134287869721));
#6842=CARTESIAN_POINT('',(-0.00477409478146096,0.0009,-0.012123633260313));
#6843=CARTESIAN_POINT('',(-0.00476461995746156,0.0009,-0.0122383608942811));
#6844=CARTESIAN_POINT('',(-0.00475237340049164,0.0009,-0.0123575496595992));
#6845=CARTESIAN_POINT('',(-0.00473716792723812,0.0009,-0.0124811352528915));
#6846=CARTESIAN_POINT('',(-0.00471884278548556,0.0009,-0.01260903538767));
#6847=CARTESIAN_POINT('',(-0.0046971437442838,0.0009,-0.0127412102310529));
#6848=CARTESIAN_POINT('',(-0.00467705898899644,0.0009,-0.0128508224026669));
#6849=CARTESIAN_POINT('',(-0.00466378033253629,0.0009,-0.0129165398521301));
#6850=CARTESIAN_POINT('',(-0.00465971013868491,0.0009,-0.01293636739674));
#6851=CARTESIAN_POINT('',(-1.88307653904016E-17,-0.004,-3.42110734230351E-17));
#6852=CARTESIAN_POINT('',(-0.00516230262066757,-0.004,-0.00964258979230418));
#6853=CARTESIAN_POINT('',(-0.00516230262066757,0.0009,-0.00964258979230418));
#6854=CARTESIAN_POINT('',(-1.88307653904016E-17,0.0009,-3.42110734230351E-17));
#6855=CARTESIAN_POINT('',(-0.00476669366346126,0.0009,-0.00984416262404869));
#6856=CARTESIAN_POINT('',(-0.00476669366346128,-0.004,-0.00984416262404874));
#6857=CARTESIAN_POINT('',(-0.00539593388254298,-0.002,-0.0100789862197247));
#6858=CARTESIAN_POINT('',(-0.00539593388254298,0.0009,-0.0100789862197247));
#6859=CARTESIAN_POINT('',(-0.00498242077932415,-0.002,-0.0102896816695141));
#6860=CARTESIAN_POINT('',(-0.00498242077932415,0.0009,-0.0102896816695141));
#6861=CARTESIAN_POINT('',(-0.00857358979556665,-0.004,-0.00754678990810769));
#6862=CARTESIAN_POINT('',(-0.00857358979556665,0.000899999999999997,-0.00754678990810769));
#6863=CARTESIAN_POINT('',(-0.00864044596086102,-0.004,-0.00760567527907677));
#6864=CARTESIAN_POINT('',(-0.00864044596086102,0.000899999999999998,-0.00760567527907677));
#6865=CARTESIAN_POINT('',(-0.00875861326944374,-0.004,-0.0077096446246747));
#6866=CARTESIAN_POINT('',(-0.00875861326944374,0.000899999999999996,-0.0077096446246747));
#6867=CARTESIAN_POINT('',(-0.00883124177979362,-0.004,-0.0077733410202088));
#6868=CARTESIAN_POINT('',(-0.00883124177979362,0.000899999999999999,-0.0077733410202088));
#6869=CARTESIAN_POINT('',(-0.00883566486321928,-0.004,-0.00777566007245655));
#6870=CARTESIAN_POINT('',(-0.00883566486321928,0.000899999999999997,-0.00777566007245655));
#6871=CARTESIAN_POINT('',(-0.00888138187244276,-0.004,-0.00780994052219406));
#6872=CARTESIAN_POINT('',(-0.00888138187244276,0.000899999999999997,-0.00780994052219406));
#6873=CARTESIAN_POINT('',(-0.00894241054103887,-0.004,-0.00784994564607481));
#6874=CARTESIAN_POINT('',(-0.00894241054103887,0.000899999999999998,-0.00784994564607481));
#6875=CARTESIAN_POINT('',(-0.0090666685813209,-0.004,-0.00792370398195712));
#6876=CARTESIAN_POINT('',(-0.0090666685813209,0.000899999999999996,-0.00792370398195712));
#6877=CARTESIAN_POINT('',(-0.00925248570398873,-0.004,-0.00801746630539405));
#6878=CARTESIAN_POINT('',(-0.00925248570398873,0.000899999999999999,-0.00801746630539405));
#6879=CARTESIAN_POINT('',(-0.00951609203042876,-0.004,-0.00812589563823907));
#6880=CARTESIAN_POINT('',(-0.00951609203042876,0.000899999999999996,-0.00812589563823907));
#6881=CARTESIAN_POINT('',(-0.00981275802376046,-0.004,-0.00822439870888301));
#6882=CARTESIAN_POINT('',(-0.00981275802376046,0.000899999999999998,-0.00822439870888301));
#6883=CARTESIAN_POINT('',(-0.0102465246825977,-0.004,-0.00833823481901678));
#6884=CARTESIAN_POINT('',(-0.0102465246825977,0.000899999999999995,-0.00833823481901678));
#6885=CARTESIAN_POINT('',(-0.0106086367492673,-0.004,-0.00840064376215879));
#6886=CARTESIAN_POINT('',(-0.0106086367492673,0.000899999999999997,-0.00840064376215879));
#6887=CARTESIAN_POINT('',(-0.0108632868881428,-0.004,-0.00842920506251354));
#6888=CARTESIAN_POINT('',(-0.0108632868881428,0.000899999999999997,-0.00842920506251354));
#6889=CARTESIAN_POINT('',(-0.00821014954350203,0.0009,-0.00722650335385887));
#6890=CARTESIAN_POINT('',(-0.00849840280909454,0.0009,-0.00748058805158708));
#6891=CARTESIAN_POINT('',(-0.00881352696490327,0.0009,-0.00775835845502356));
#6892=CARTESIAN_POINT('',(-0.00882375644947656,0.0009,-0.00776629268380544));
#6893=CARTESIAN_POINT('',(-0.00883420054046848,0.0009,-0.00777468648929133));
#6894=CARTESIAN_POINT('',(-0.00884683005798323,0.0009,-0.00778427707056229));
#6895=CARTESIAN_POINT('',(-0.00886403359483873,0.0009,-0.00779688600504067));
#6896=CARTESIAN_POINT('',(-0.0088851435551857,0.0009,-0.00781168818043739));
#6897=CARTESIAN_POINT('',(-0.00891050452381468,0.0009,-0.00782873615637292));
#6898=CARTESIAN_POINT('',(-0.00894013515729143,0.0009,-0.007847801286089));
#6899=CARTESIAN_POINT('',(-0.00897414804867261,0.0009,-0.00786873761400788));
#6900=CARTESIAN_POINT('',(-0.00901262125894375,0.0009,-0.00789137079251739));
#6901=CARTESIAN_POINT('',(-0.00905563664707649,0.0009,-0.00791553148037597));
#6902=CARTESIAN_POINT('',(-0.00910326844326149,0.0009,-0.00794104563920588));
#6903=CARTESIAN_POINT('',(-0.00915558648771507,0.0009,-0.00796773753213027));
#6904=CARTESIAN_POINT('',(-0.00921265520591131,0.0009,-0.00799542902781277));
#6905=CARTESIAN_POINT('',(-0.00927453382216511,0.0009,-0.00802393997571947));
#6906=CARTESIAN_POINT('',(-0.00934127622349225,0.0009,-0.00805308827691175));
#6907=CARTESIAN_POINT('',(-0.0094129309283296,0.0009,-0.00808269004401834));
#6908=CARTESIAN_POINT('',(-0.00948954103030378,0.0009,-0.00811255973793686));
#6909=CARTESIAN_POINT('',(-0.00957114415395465,0.0009,-0.00814251031274641));
#6910=CARTESIAN_POINT('',(-0.00965777241121284,0.0009,-0.00817235336050759));
#6911=CARTESIAN_POINT('',(-0.0097494523646287,0.0009,-0.00820189925526413));
#6912=CARTESIAN_POINT('',(-0.00984620498461267,0.0009,-0.00823095730748357));
#6913=CARTESIAN_POINT('',(-0.00994804564707773,0.0009,-0.00825933588241559));
#6914=CARTESIAN_POINT('',(-0.0100549839931652,0.0009,-0.00828684266232523));
#6915=CARTESIAN_POINT('',(-0.0101670243386841,0.0009,-0.00831328435784041));
#6916=CARTESIAN_POINT('',(-0.0102841639848354,0.0009,-0.00833846854405385));
#6917=CARTESIAN_POINT('',(-0.0104063996182991,0.0009,-0.00836219732821996));
#6918=CARTESIAN_POINT('',(-0.0105337026551411,0.0009,-0.00838429239797358));
#6919=CARTESIAN_POINT('',(-0.0106661137737236,0.0009,-0.00840449965627543));
#6920=CARTESIAN_POINT('',(-0.0107765676745141,0.0009,-0.00841926994270027));
#6921=CARTESIAN_POINT('',(-0.010843172013569,0.0009,-0.00842694899865731));
#6922=CARTESIAN_POINT('',(-0.0108632868881428,0.0009,-0.00842920506251354));
#6923=CARTESIAN_POINT('',(-0.00857358981261862,0.0009,-0.00754678992312667));
#6924=CARTESIAN_POINT('',(-0.00857358981261862,-0.004,-0.00754678992312667));
#6925=CARTESIAN_POINT('',(-0.00754678990810767,-0.004,-0.00857358979556666));
#6926=CARTESIAN_POINT('',(-0.00754678990810767,0.000899999999999998,-0.00857358979556666));
#6927=CARTESIAN_POINT('',(-0.00760567527907675,-0.004,-0.00864044596086102));
#6928=CARTESIAN_POINT('',(-0.00760567527907675,0.000899999999999998,-0.00864044596086102));
#6929=CARTESIAN_POINT('',(-0.00770964462467468,-0.004,-0.00875861326944374));
#6930=CARTESIAN_POINT('',(-0.00770964462467468,0.0009,-0.00875861326944374));
#6931=CARTESIAN_POINT('',(-0.00777334102020879,-0.004,-0.00883124177979362));
#6932=CARTESIAN_POINT('',(-0.00777334102020879,0.000899999999999999,-0.00883124177979362));
#6933=CARTESIAN_POINT('',(-0.00777566007245652,-0.004,-0.00883566486321929));
#6934=CARTESIAN_POINT('',(-0.00777566007245652,0.000899999999999999,-0.00883566486321929));
#6935=CARTESIAN_POINT('',(-0.00780994052219405,-0.004,-0.00888138187244277));
#6936=CARTESIAN_POINT('',(-0.00780994052219405,0.0009,-0.00888138187244277));
#6937=CARTESIAN_POINT('',(-0.00784994564607479,-0.004,-0.00894241054103888));
#6938=CARTESIAN_POINT('',(-0.00784994564607479,0.000899999999999997,-0.00894241054103888));
#6939=CARTESIAN_POINT('',(-0.0079237039819571,-0.004,-0.00906666858132091));
#6940=CARTESIAN_POINT('',(-0.0079237039819571,0.000899999999999999,-0.00906666858132091));
#6941=CARTESIAN_POINT('',(-0.00801746630539404,-0.004,-0.00925248570398873));
#6942=CARTESIAN_POINT('',(-0.00801746630539404,0.000899999999999999,-0.00925248570398873));
#6943=CARTESIAN_POINT('',(-0.00812589563823905,-0.004,-0.00951609203042877));
#6944=CARTESIAN_POINT('',(-0.00812589563823905,0.000899999999999998,-0.00951609203042877));
#6945=CARTESIAN_POINT('',(-0.00822439870888298,-0.004,-0.00981275802376047));
#6946=CARTESIAN_POINT('',(-0.00822439870888298,0.000899999999999998,-0.00981275802376047));
#6947=CARTESIAN_POINT('',(-0.00833823481901677,-0.004,-0.0102465246825977));
#6948=CARTESIAN_POINT('',(-0.00833823481901677,0.000899999999999999,-0.0102465246825977));
#6949=CARTESIAN_POINT('',(-0.00840064376215876,-0.004,-0.0106086367492673));
#6950=CARTESIAN_POINT('',(-0.00840064376215876,0.000899999999999998,-0.0106086367492673));
#6951=CARTESIAN_POINT('',(-0.00842920506251352,-0.004,-0.0108632868881428));
#6952=CARTESIAN_POINT('',(-0.00842920506251352,0.000899999999999998,-0.0108632868881428));
#6953=CARTESIAN_POINT('',(-0.00754678992312665,0.,-0.00857358981261862));
#6954=CARTESIAN_POINT('',(-0.00754678992312665,0.0009,-0.00857358981261862));
#6955=CARTESIAN_POINT('',(-0.00722650335385886,0.0009,-0.00821014954350204));
#6956=CARTESIAN_POINT('',(-0.00748058805158706,0.0009,-0.00849840280909455));
#6957=CARTESIAN_POINT('',(-0.00775835845502355,0.0009,-0.00881352696490328));
#6958=CARTESIAN_POINT('',(-0.00776629268380543,0.0009,-0.00882375644947657));
#6959=CARTESIAN_POINT('',(-0.00777468648929132,0.0009,-0.00883420054046849));
#6960=CARTESIAN_POINT('',(-0.00778427707056227,0.0009,-0.00884683005798324));
#6961=CARTESIAN_POINT('',(-0.00779688600504066,0.0009,-0.00886403359483874));
#6962=CARTESIAN_POINT('',(-0.00781168818043738,0.0009,-0.00888514355518571));
#6963=CARTESIAN_POINT('',(-0.00782873615637291,0.0009,-0.00891050452381469));
#6964=CARTESIAN_POINT('',(-0.00784780128608899,0.0009,-0.00894013515729144));
#6965=CARTESIAN_POINT('',(-0.00786873761400787,0.0009,-0.00897414804867262));
#6966=CARTESIAN_POINT('',(-0.00789137079251738,0.0009,-0.00901262125894376));
#6967=CARTESIAN_POINT('',(-0.00791553148037595,0.0009,-0.0090556366470765));
#6968=CARTESIAN_POINT('',(-0.00794104563920587,0.0009,-0.0091032684432615));
#6969=CARTESIAN_POINT('',(-0.00796773753213026,0.0009,-0.00915558648771508));
#6970=CARTESIAN_POINT('',(-0.00799542902781275,0.0009,-0.00921265520591132));
#6971=CARTESIAN_POINT('',(-0.00802393997571946,0.0009,-0.00927453382216512));
#6972=CARTESIAN_POINT('',(-0.00805308827691174,0.0009,-0.00934127622349226));
#6973=CARTESIAN_POINT('',(-0.00808269004401832,0.0009,-0.00941293092832961));
#6974=CARTESIAN_POINT('',(-0.00811255973793685,0.0009,-0.0094895410303038));
#6975=CARTESIAN_POINT('',(-0.0081425103127464,0.0009,-0.00957114415395467));
#6976=CARTESIAN_POINT('',(-0.00817235336050757,0.0009,-0.00965777241121285));
#6977=CARTESIAN_POINT('',(-0.00820189925526411,0.0009,-0.00974945236462871));
#6978=CARTESIAN_POINT('',(-0.00823095730748355,0.0009,-0.00984620498461269));
#6979=CARTESIAN_POINT('',(-0.00825933588241558,0.0009,-0.00994804564707775));
#6980=CARTESIAN_POINT('',(-0.00828684266232522,0.0009,-0.0100549839931652));
#6981=CARTESIAN_POINT('',(-0.00831328435784039,0.0009,-0.0101670243386841));
#6982=CARTESIAN_POINT('',(-0.00833846854405383,0.0009,-0.0102841639848354));
#6983=CARTESIAN_POINT('',(-0.00836219732821995,0.0009,-0.0104063996182991));
#6984=CARTESIAN_POINT('',(-0.00838429239797356,0.0009,-0.0105337026551411));
#6985=CARTESIAN_POINT('',(-0.00840449965627542,0.0009,-0.0106661137737237));
#6986=CARTESIAN_POINT('',(-0.00841926994270025,0.0009,-0.0107765676745141));
#6987=CARTESIAN_POINT('',(-0.00842694899865729,0.0009,-0.010843172013569));
#6988=CARTESIAN_POINT('',(-0.00842920506251352,0.0009,-0.0108632868881428));
#6989=CARTESIAN_POINT('',(-2.84809252148937E-17,-0.004,-2.67176377857078E-17));
#6990=CARTESIAN_POINT('',(-0.00788936566208183,-0.004,-0.00757540861603942));
#6991=CARTESIAN_POINT('',(-0.00788936566208183,0.0009,-0.00757540861603942));
#6992=CARTESIAN_POINT('',(-2.84809252148937E-17,0.0009,-2.67176377857078E-17));
#6993=CARTESIAN_POINT('',(-0.00757540861603937,0.0009,-0.0078893656620818));
#6994=CARTESIAN_POINT('',(-0.00757540861603941,-0.004,-0.00788936566208184));
#6995=CARTESIAN_POINT('',(-0.00824641610845615,-0.002,-0.00791825025168888));
#6996=CARTESIAN_POINT('',(-0.00824641610845615,0.0009,-0.00791825025168888));
#6997=CARTESIAN_POINT('',(-0.00791825025168885,-0.002,-0.00824641610845615));
#6998=CARTESIAN_POINT('',(-0.00791825025168885,0.0009,-0.00824641610845615));
#6999=CARTESIAN_POINT('',(-0.0104860547776979,-0.004,-0.0045280387695866));
#7000=CARTESIAN_POINT('',(-0.0104860547776979,0.000899999999999999,-0.0045280387695866));
#7001=CARTESIAN_POINT('',(-0.0105678353497051,-0.004,-0.00456338239410649));
#7002=CARTESIAN_POINT('',(-0.0105678353497051,0.0009,-0.00456338239410649));
#7003=CARTESIAN_POINT('',(-0.0107123474332296,-0.004,-0.00462574741120074));
#7004=CARTESIAN_POINT('',(-0.0107123474332296,0.000899999999999999,-0.00462574741120074));
#7005=CARTESIAN_POINT('',(-0.0108011045199671,-0.004,-0.00466388283926372));
#7006=CARTESIAN_POINT('',(-0.0108011045199671,0.000900000000000001,-0.00466388283926372));
#7007=CARTESIAN_POINT('',(-0.0108060277488366,-0.004,-0.00466472158106949));
#7008=CARTESIAN_POINT('',(-0.0108060277488366,0.000899999999999999,-0.00466472158106949));
#7009=CARTESIAN_POINT('',(-0.0108601004499079,-0.004,-0.00468319689339183));
#7010=CARTESIAN_POINT('',(-0.0108601004499079,0.000899999999999999,-0.00468319689339183));
#7011=CARTESIAN_POINT('',(-0.0109305044259982,-0.004,-0.00470238513140354));
#7012=CARTESIAN_POINT('',(-0.0109305044259982,0.000900000000000001,-0.00470238513140354));
#7013=CARTESIAN_POINT('',(-0.0110714734241749,-0.004,-0.00473413563124062));
#7014=CARTESIAN_POINT('',(-0.0110714734241749,0.000899999999999998,-0.00473413563124062));
#7015=CARTESIAN_POINT('',(-0.0112771701609015,-0.004,-0.00476588825117807));
#7016=CARTESIAN_POINT('',(-0.0112771701609015,0.000900000000000001,-0.00476588825117807));
#7017=CARTESIAN_POINT('',(-0.0115613811819368,-0.004,-0.00478755184004315));
#7018=CARTESIAN_POINT('',(-0.0115613811819368,0.000899999999999998,-0.00478755184004315));
#7019=CARTESIAN_POINT('',(-0.0118739664308852,-0.004,-0.00478955899366152));
#7020=CARTESIAN_POINT('',(-0.0118739664308852,0.0009,-0.00478955899366152));
#7021=CARTESIAN_POINT('',(-0.0123216803309288,-0.004,-0.00476378229881998));
#7022=CARTESIAN_POINT('',(-0.0123216803309288,0.000899999999999999,-0.00476378229881998));
#7023=CARTESIAN_POINT('',(-0.0126853547955959,-0.004,-0.0047112379484012));
#7024=CARTESIAN_POINT('',(-0.0126853547955959,0.0009,-0.0047112379484012));
#7025=CARTESIAN_POINT('',(-0.01293636739674,-0.004,-0.00465971013868492));
#7026=CARTESIAN_POINT('',(-0.01293636739674,0.0009,-0.00465971013868492));
#7027=CARTESIAN_POINT('',(-0.0100414285693552,0.0009,-0.00433573736941442));
#7028=CARTESIAN_POINT('',(-0.010394090205549,0.0009,-0.00448831111912755));
#7029=CARTESIAN_POINT('',(-0.0107796268625691,0.0009,-0.0046551077518668));
#7030=CARTESIAN_POINT('',(-0.0107918074920618,0.0009,-0.00465949256727474));
#7031=CARTESIAN_POINT('',(-0.010804334241399,0.0009,-0.00466424814907131));
#7032=CARTESIAN_POINT('',(-0.0108193092789278,0.0009,-0.00466946659834129));
#7033=CARTESIAN_POINT('',(-0.0108395671897923,0.0009,-0.00467614222238879));
#7034=CARTESIAN_POINT('',(-0.0108642180788903,0.0009,-0.00468369659125739));
#7035=CARTESIAN_POINT('',(-0.0108936059076482,0.0009,-0.00469207320956035));
#7036=CARTESIAN_POINT('',(-0.0109276777637805,0.0009,-0.00470104885611244));
#7037=CARTESIAN_POINT('',(-0.0109664956268933,0.0009,-0.00471044992574237));
#7038=CARTESIAN_POINT('',(-0.0110100798610206,0.0009,-0.00472008648184637));
#7039=CARTESIAN_POINT('',(-0.0110584559893493,0.0009,-0.00472977217551978));
#7040=CARTESIAN_POINT('',(-0.0111116408281696,0.0009,-0.004739318548039));
#7041=CARTESIAN_POINT('',(-0.0111696464937926,0.0009,-0.00474853688188836));
#7042=CARTESIAN_POINT('',(-0.0112324792128753,0.0009,-0.00475723785553333));
#7043=CARTESIAN_POINT('',(-0.0113001396415117,0.0009,-0.00476523183431492));
#7044=CARTESIAN_POINT('',(-0.0113726227576327,0.0009,-0.0047723289798473));
#7045=CARTESIAN_POINT('',(-0.0114499178806909,0.0009,-0.0047783394118262));
#7046=CARTESIAN_POINT('',(-0.0115320086604251,0.0009,-0.00478307335541634));
#7047=CARTESIAN_POINT('',(-0.0116188730795307,0.0009,-0.00478634129275355));
#7048=CARTESIAN_POINT('',(-0.0117104834570136,0.0009,-0.00478795411410706));
#7049=CARTESIAN_POINT('',(-0.0118068064577172,0.0009,-0.00478772326619603));
#7050=CARTESIAN_POINT('',(-0.0119078030993808,0.0009,-0.00478546091228482));
#7051=CARTESIAN_POINT('',(-0.0120134287869721,0.0009,-0.00478098004547699));
#7052=CARTESIAN_POINT('',(-0.012123633260313,0.0009,-0.00477409478146098));
#7053=CARTESIAN_POINT('',(-0.0122383608942811,0.0009,-0.00476461995746158));
#7054=CARTESIAN_POINT('',(-0.0123575496595992,0.0009,-0.00475237340049165));
#7055=CARTESIAN_POINT('',(-0.0124811352528915,0.0009,-0.00473716792723814));
#7056=CARTESIAN_POINT('',(-0.01260903538767,0.0009,-0.00471884278548558));
#7057=CARTESIAN_POINT('',(-0.0127412102310529,0.0009,-0.00469714374428382));
#7058=CARTESIAN_POINT('',(-0.0128508224026669,0.0009,-0.00467705898899645));
#7059=CARTESIAN_POINT('',(-0.0129165398521301,0.0009,-0.00466378033253631));
#7060=CARTESIAN_POINT('',(-0.01293636739674,0.0009,-0.00465971013868492));
#7061=CARTESIAN_POINT('',(-0.0104860547985564,0.0009,-0.00452803877860115));
#7062=CARTESIAN_POINT('',(-0.0104860547985564,-0.004,-0.00452803877860115));
#7063=CARTESIAN_POINT('',(-0.00982680866884603,-0.004,-0.00582188210853269));
#7064=CARTESIAN_POINT('',(-0.00982680866884603,0.0009,-0.00582188210853269));
#7065=CARTESIAN_POINT('',(-0.00990347167587533,-0.004,-0.00586726951984088));
#7066=CARTESIAN_POINT('',(-0.00990347167587533,0.0009,-0.00586726951984088));
#7067=CARTESIAN_POINT('',(-0.0100388681060328,-0.004,-0.00594752501399774));
#7068=CARTESIAN_POINT('',(-0.0100388681060328,0.000899999999999998,-0.00594752501399774));
#7069=CARTESIAN_POINT('',(-0.0101218904220443,-0.004,-0.00599691556333432));
#7070=CARTESIAN_POINT('',(-0.0101218904220443,0.000900000000000001,-0.00599691556333432));
#7071=CARTESIAN_POINT('',(-0.0101254627797422,-0.004,-0.00600040553909304));
#7072=CARTESIAN_POINT('',(-0.0101254627797422,0.000899999999999999,-0.00600040553909304));
#7073=CARTESIAN_POINT('',(-0.0101721927576286,-0.004,-0.00603329175707683));
#7074=CARTESIAN_POINT('',(-0.0101721927576286,0.000899999999999999,-0.00603329175707683));
#7075=CARTESIAN_POINT('',(-0.0102290987871209,-0.004,-0.00607897120688477));
#7076=CARTESIAN_POINT('',(-0.0102290987871209,0.000900000000000001,-0.00607897120688477));
#7077=CARTESIAN_POINT('',(-0.0103376449792277,-0.004,-0.0061743550465326));
#7078=CARTESIAN_POINT('',(-0.0103376449792277,0.000899999999999998,-0.0061743550465326));
#7079=CARTESIAN_POINT('',(-0.0104842388966656,-0.004,-0.00632210348051096));
#7080=CARTESIAN_POINT('',(-0.0104842388966656,0.0009,-0.00632210348051096));
#7081=CARTESIAN_POINT('',(-0.0106688201549201,-0.004,-0.00653930148847054));
#7082=CARTESIAN_POINT('',(-0.0106688201549201,0.000899999999999999,-0.00653930148847054));
#7083=CARTESIAN_POINT('',(-0.0108541769757237,-0.004,-0.00679100849176473));
#7084=CARTESIAN_POINT('',(-0.0108541769757237,0.0009,-0.00679100849176473));
#7085=CARTESIAN_POINT('',(-0.0110964828192301,-0.004,-0.00716836780659861));
#7086=CARTESIAN_POINT('',(-0.0110964828192301,0.000899999999999999,-0.00716836780659861));
#7087=CARTESIAN_POINT('',(-0.0112677360337495,-0.004,-0.00749347142320196));
#7088=CARTESIAN_POINT('',(-0.0112677360337495,0.0009,-0.00749347142320196));
#7089=CARTESIAN_POINT('',(-0.0113735906650983,-0.004,-0.00772683216996394));
#7090=CARTESIAN_POINT('',(-0.0113735906650983,0.0009,-0.00772683216996394));
#7091=CARTESIAN_POINT('',(-0.00982680868839928,0.,-0.00582188212010895));
#7092=CARTESIAN_POINT('',(-0.00982680868839928,0.0009,-0.00582188212010895));
#7093=CARTESIAN_POINT('',(-0.00940988884001809,0.0009,-0.00557520387685535));
#7094=CARTESIAN_POINT('',(-0.00974061290523555,0.0009,-0.00577083253383183));
#7095=CARTESIAN_POINT('',(-0.0101021669769407,0.0009,-0.00598469764045948));
#7096=CARTESIAN_POINT('',(-0.0101128739615023,0.0009,-0.00599197464689038));
#7097=CARTESIAN_POINT('',(-0.0101240843465135,0.0009,-0.00599931373914241));
#7098=CARTESIAN_POINT('',(-0.0101371082668691,0.0009,-0.00600836147147382));
#7099=CARTESIAN_POINT('',(-0.01015441626142,0.0009,-0.00602082663226878));
#7100=CARTESIAN_POINT('',(-0.0101750173032842,0.0009,-0.00603632927386419));
#7101=CARTESIAN_POINT('',(-0.0101990678621875,0.0009,-0.00605518087405458));
#7102=CARTESIAN_POINT('',(-0.0102263562473364,0.0009,-0.00607746983202236));
#7103=CARTESIAN_POINT('',(-0.0102567784398956,0.0009,-0.00610334833288172));
#7104=CARTESIAN_POINT('',(-0.0102901927476035,0.0009,-0.00613294449341672));
#7105=CARTESIAN_POINT('',(-0.0103264634131822,0.0009,-0.00616638849545725));
#7106=CARTESIAN_POINT('',(-0.0103654478546889,0.0009,-0.00620380471692621));
#7107=CARTESIAN_POINT('',(-0.0104070005182355,0.0009,-0.00624531388549793));
#7108=CARTESIAN_POINT('',(-0.0104509718994202,0.0009,-0.00629103231904953));
#7109=CARTESIAN_POINT('',(-0.0104972089662234,0.0009,-0.00634107201282812));
#7110=CARTESIAN_POINT('',(-0.0105455551842668,0.0009,-0.00639554048809791));
#7111=CARTESIAN_POINT('',(-0.010595850659289,0.0009,-0.00645454071295722));
#7112=CARTESIAN_POINT('',(-0.0106479322497808,0.0009,-0.00651817100661619));
#7113=CARTESIAN_POINT('',(-0.0107016336911224,0.0009,-0.00658652495250695));
#7114=CARTESIAN_POINT('',(-0.0107567857198476,0.0009,-0.00665969131214549));
#7115=CARTESIAN_POINT('',(-0.0108132161992346,0.0009,-0.00673775394566149));
#7116=CARTESIAN_POINT('',(-0.0108707502529741,0.0009,-0.00682079172340664));
#7117=CARTESIAN_POINT('',(-0.0109292103770065,0.0009,-0.00690887848713771));
#7118=CARTESIAN_POINT('',(-0.0109884166455732,0.0009,-0.00700208283557339));
#7119=CARTESIAN_POINT('',(-0.0110481865632158,0.0009,-0.00710046860299288));
#7120=CARTESIAN_POINT('',(-0.0111083362889975,0.0009,-0.00720409268525209));
#7121=CARTESIAN_POINT('',(-0.0111686765918609,0.0009,-0.007313013083418));
#7122=CARTESIAN_POINT('',(-0.0112290290537478,0.0009,-0.00742725771410503));
#7123=CARTESIAN_POINT('',(-0.0112891645843184,0.0009,-0.00754694378503786));
#7124=CARTESIAN_POINT('',(-0.0113373440939096,0.0009,-0.00764742741761778));
#7125=CARTESIAN_POINT('',(-0.0113652291827836,0.0009,-0.00770839894949802));
#7126=CARTESIAN_POINT('',(-0.0113735906650983,0.0009,-0.00772683216996394));
#7127=CARTESIAN_POINT('',(-3.53431736410775E-17,-0.004,-1.6608893609187E-17));
#7128=CARTESIAN_POINT('',(-0.00984416262404873,-0.004,-0.0047666936634613));
#7129=CARTESIAN_POINT('',(-0.00984416262404873,0.0009,-0.0047666936634613));
#7130=CARTESIAN_POINT('',(-3.53431736410775E-17,0.0009,-1.6608893609187E-17));
#7131=CARTESIAN_POINT('',(-0.00964258979230413,0.0009,-0.00516230262066756));
#7132=CARTESIAN_POINT('',(-0.00964258979230417,-0.004,-0.00516230262066758));
#7133=CARTESIAN_POINT('',(-0.0102896816695141,-0.002,-0.00498242077932417));
#7134=CARTESIAN_POINT('',(-0.0102896816695141,0.0009,-0.00498242077932417));
#7135=CARTESIAN_POINT('',(-0.0100789862197247,-0.002,-0.00539593388254298));
#7136=CARTESIAN_POINT('',(-0.0100789862197247,0.0009,-0.00539593388254298));
#7137=CARTESIAN_POINT('',(-0.0113720716575484,-0.004,-0.00106605164759715));
#7138=CARTESIAN_POINT('',(-0.0113720716575484,0.000899999999999999,-0.00106605164759715));
#7139=CARTESIAN_POINT('',(-0.0114607713840817,-0.004,-0.00107439384544635));
#7140=CARTESIAN_POINT('',(-0.0114607713840817,0.000899999999999999,-0.00107439384544635));
#7141=CARTESIAN_POINT('',(-0.0116174823929376,-0.004,-0.0010890498116411));
#7142=CARTESIAN_POINT('',(-0.0116174823929376,0.0009,-0.0010890498116411));
#7143=CARTESIAN_POINT('',(-0.011713679894006,-0.004,-0.001097891310829));
#7144=CARTESIAN_POINT('',(-0.011713679894006,0.0009,-0.001097891310829));
#7145=CARTESIAN_POINT('',(-0.0117186213483754,-0.004,-0.00109716764030099));
#7146=CARTESIAN_POINT('',(-0.0117186213483754,0.0009,-0.00109716764030099));
#7147=CARTESIAN_POINT('',(-0.0117757567285668,-0.004,-0.00109802932291299));
#7148=CARTESIAN_POINT('',(-0.0117757567285668,0.000899999999999999,-0.00109802932291299));
#7149=CARTESIAN_POINT('',(-0.0118486443804384,-0.004,-0.00109452239662674));
#7150=CARTESIAN_POINT('',(-0.0118486443804384,0.0009,-0.00109452239662674));
#7151=CARTESIAN_POINT('',(-0.0119925253087795,-0.004,-0.0010811571002758));
#7152=CARTESIAN_POINT('',(-0.0119925253087795,0.0009,-0.0010811571002758));
#7153=CARTESIAN_POINT('',(-0.0121979666298006,-0.004,-0.00104779184904079));
#7154=CARTESIAN_POINT('',(-0.0121979666298006,0.000900000000000001,-0.00104779184904079));
#7155=CARTESIAN_POINT('',(-0.0124749617904775,-0.004,-0.000980569110908706));
#7156=CARTESIAN_POINT('',(-0.0124749617904775,0.000899999999999999,-0.000980569110908706));
#7157=CARTESIAN_POINT('',(-0.012772868272966,-0.004,-0.000885883873320689));
#7158=CARTESIAN_POINT('',(-0.012772868272966,0.000900000000000001,-0.000885883873320689));
#7159=CARTESIAN_POINT('',(-0.0131907040582736,-0.004,-0.000723017575991738));
#7160=CARTESIAN_POINT('',(-0.0131907040582736,0.0009,-0.000723017575991738));
#7161=CARTESIAN_POINT('',(-0.0135203419304675,-0.004,-0.000560663339129051));
#7162=CARTESIAN_POINT('',(-0.0135203419304675,0.000899999999999999,-0.000560663339129051));
#7163=CARTESIAN_POINT('',(-0.0137431461315726,-0.004,-0.000434090320372242));
#7164=CARTESIAN_POINT('',(-0.0137431461315726,0.000899999999999999,-0.000434090320372242));
#7165=CARTESIAN_POINT('',(-0.0108897826040932,0.0009,-0.00102055920239311));
#7166=CARTESIAN_POINT('',(-0.0112723316327994,0.0009,-0.00105668702242542));
#7167=CARTESIAN_POINT('',(-0.0116905417768501,0.0009,-0.00109618266791444));
#7168=CARTESIAN_POINT('',(-0.0117034812263799,0.0009,-0.00109658885366551));
#7169=CARTESIAN_POINT('',(-0.0117168644285583,0.0009,-0.00109724070229242));
#7170=CARTESIAN_POINT('',(-0.0117327191250905,0.0009,-0.00109757620138781));
#7171=CARTESIAN_POINT('',(-0.0117540484245035,0.0009,-0.00109766505841085));
#7172=CARTESIAN_POINT('',(-0.0117798272415748,0.0009,-0.00109723214649209));
#7173=CARTESIAN_POINT('',(-0.0118103652450258,0.0009,-0.00109611744539966));
#7174=CARTESIAN_POINT('',(-0.0118455431331427,0.0009,-0.00109412500996622));
#7175=CARTESIAN_POINT('',(-0.0118853662050858,0.0009,-0.00109107057911072));
#7176=CARTESIAN_POINT('',(-0.0119297951345637,0.0009,-0.00108676721955591));
#7177=CARTESIAN_POINT('',(-0.0119787966105912,0.0009,-0.00108102981586322));
#7178=CARTESIAN_POINT('',(-0.0120323283894624,0.0009,-0.00107367393661606));
#7179=CARTESIAN_POINT('',(-0.0120903436775545,0.0009,-0.00106451635664533));
#7180=CARTESIAN_POINT('',(-0.0121527898931986,0.0009,-0.00105337509632915));
#7181=CARTESIAN_POINT('',(-0.0122196090600447,0.0009,-0.00104006959964516));
#7182=CARTESIAN_POINT('',(-0.012290737738534,0.0009,-0.0010244208714642));
#7183=CARTESIAN_POINT('',(-0.0123661070946214,0.0009,-0.00100625162535619));
#7184=CARTESIAN_POINT('',(-0.0124456429346351,0.0009,-0.000985386427236009));
#7185=CARTESIAN_POINT('',(-0.0125292657546335,0.0009,-0.000961651838625251));
#7186=CARTESIAN_POINT('',(-0.0126168907903059,0.0009,-0.000934876559379823));
#7187=CARTESIAN_POINT('',(-0.0127084280718665,0.0009,-0.000904891565803176));
#7188=CARTESIAN_POINT('',(-0.0128037824802388,0.0009,-0.000871530260724899));
#7189=CARTESIAN_POINT('',(-0.0129028538147175,0.0009,-0.000834628570640393));
#7190=CARTESIAN_POINT('',(-0.0130055368336216,0.0009,-0.000794025240313075));
#7191=CARTESIAN_POINT('',(-0.0131117214158715,0.0009,-0.000749561358587145));
#7192=CARTESIAN_POINT('',(-0.0132212922735701,0.0009,-0.000701082836756846));
#7193=CARTESIAN_POINT('',(-0.0133341304077481,0.0009,-0.000648431523748517));
#7194=CARTESIAN_POINT('',(-0.0134501078841384,0.0009,-0.000591479963043281));
#7195=CARTESIAN_POINT('',(-0.013569108257735,0.0009,-0.000529998675676857));
#7196=CARTESIAN_POINT('',(-0.0136671490971021,0.0009,-0.000477024914463532));
#7197=CARTESIAN_POINT('',(-0.0137255467751397,0.0009,-0.000444088352998359));
#7198=CARTESIAN_POINT('',(-0.0137431461315726,0.0009,-0.000434090320372242));
#7199=CARTESIAN_POINT('',(-0.0113720716801717,0.0009,-0.00106605164972487));
#7200=CARTESIAN_POINT('',(-0.0113720716801717,-0.004,-0.00106605164972487));
#7201=CARTESIAN_POINT('',(-0.0111449109296758,-0.004,-0.0025002880372777));
#7202=CARTESIAN_POINT('',(-0.0111449109296758,0.0009,-0.0025002880372777));
#7203=CARTESIAN_POINT('',(-0.0112318472634947,-0.004,-0.00251976385854819));
#7204=CARTESIAN_POINT('',(-0.0112318472634947,0.0009,-0.00251976385854819));
#7205=CARTESIAN_POINT('',(-0.0113854172322655,-0.004,-0.0025542515713382));
#7206=CARTESIAN_POINT('',(-0.0113854172322655,0.000899999999999999,-0.0025542515713382));
#7207=CARTESIAN_POINT('',(-0.0114796386660126,-0.004,-0.00257556946856824));
#7208=CARTESIAN_POINT('',(-0.0114796386660126,0.000900000000000001,-0.00257556946856824));
#7209=CARTESIAN_POINT('',(-0.0114841146418991,-0.004,-0.00257778471351663));
#7210=CARTESIAN_POINT('',(-0.0114841146418991,0.000900000000000001,-0.00257778471351663));
#7211=CARTESIAN_POINT('',(-0.0115387198921121,-0.004,-0.00259462100811275));
#7212=CARTESIAN_POINT('',(-0.0115387198921121,0.000900000000000001,-0.00259462100811275));
#7213=CARTESIAN_POINT('',(-0.0116069564685615,-0.004,-0.00262047981631785));
#7214=CARTESIAN_POINT('',(-0.0116069564685615,0.0009,-0.00262047981631785));
#7215=CARTESIAN_POINT('',(-0.0117396652593237,-0.004,-0.00267765262052848));
#7216=CARTESIAN_POINT('',(-0.0117396652593237,0.000900000000000001,-0.00267765262052848));
#7217=CARTESIAN_POINT('',(-0.0119247411367438,-0.004,-0.0027728697196757));
#7218=CARTESIAN_POINT('',(-0.0119247411367438,0.000900000000000001,-0.0027728697196757));
#7219=CARTESIAN_POINT('',(-0.0121674062207966,-0.004,-0.00292239855482822));
#7220=CARTESIAN_POINT('',(-0.0121674062207966,0.0009,-0.00292239855482822));
#7221=CARTESIAN_POINT('',(-0.0124214727746827,-0.004,-0.00310450773285667));
#7222=CARTESIAN_POINT('',(-0.0124214727746827,0.0009,-0.00310450773285667));
#7223=CARTESIAN_POINT('',(-0.0127685297673552,-0.004,-0.00338852114473428));
#7224=CARTESIAN_POINT('',(-0.0127685297673552,0.000900000000000001,-0.00338852114473428));
#7225=CARTESIAN_POINT('',(-0.0130318637954235,-0.004,-0.00364479290414814));
#7226=CARTESIAN_POINT('',(-0.0130318637954235,0.0009,-0.00364479290414814));
#7227=CARTESIAN_POINT('',(-0.0132046499689173,-0.004,-0.0038340212829836));
#7228=CARTESIAN_POINT('',(-0.0132046499689173,0.0009,-0.0038340212829836));
#7229=CARTESIAN_POINT('',(-0.0111449109518493,0.,-0.0025002880422451));
#7230=CARTESIAN_POINT('',(-0.0111449109518493,0.0009,-0.0025002880422451));
#7231=CARTESIAN_POINT('',(-0.0106721688439656,0.0009,-0.00239451841001254));
#7232=CARTESIAN_POINT('',(-0.0110471587008788,0.0009,-0.00247837296240313));
#7233=CARTESIAN_POINT('',(-0.0114571050092188,0.0009,-0.00257004441312715));
#7234=CARTESIAN_POINT('',(-0.0114695366753113,0.0009,-0.00257365661732433));
#7235=CARTESIAN_POINT('',(-0.0114824662892555,0.0009,-0.00257717230935238));
#7236=CARTESIAN_POINT('',(-0.0114976486766284,0.0009,-0.00258175260142058));
#7237=CARTESIAN_POINT('',(-0.0115179615041533,0.0009,-0.00258825920936652));
#7238=CARTESIAN_POINT('',(-0.0115423448389714,0.0009,-0.00259663702563776));
#7239=CARTESIAN_POINT('',(-0.0115710437445669,0.0009,-0.00260713393141608));
#7240=CARTESIAN_POINT('',(-0.0116038842078809,0.0009,-0.00261989941537271));
#7241=CARTESIAN_POINT('',(-0.0116408143289088,0.0009,-0.00263511035774004));
#7242=CARTESIAN_POINT('',(-0.0116817389405654,0.0009,-0.00265293239013715));
#7243=CARTESIAN_POINT('',(-0.0117265691584049,0.0009,-0.00267353127414766));
#7244=CARTESIAN_POINT('',(-0.0117752078138332,0.0009,-0.00269706936044906));
#7245=CARTESIAN_POINT('',(-0.0118275537837796,0.0009,-0.00272370644650775));
#7246=CARTESIAN_POINT('',(-0.0118835008253094,0.0009,-0.00275359935659961));
#7247=CARTESIAN_POINT('',(-0.0119429380047579,0.0009,-0.00278690189402889));
#7248=CARTESIAN_POINT('',(-0.0120057496749823,0.0009,-0.00282376468937775));
#7249=CARTESIAN_POINT('',(-0.0120718155863959,0.0009,-0.00286433508117104));
#7250=CARTESIAN_POINT('',(-0.0121410109645098,0.0009,-0.00290875699003315));
#7251=CARTESIAN_POINT('',(-0.012213206601145,0.0009,-0.00295717079769005));
#7252=CARTESIAN_POINT('',(-0.0122882689459959,0.0009,-0.00300971322664752));
#7253=CARTESIAN_POINT('',(-0.0123660602015166,0.0009,-0.00306651722580078));
#7254=CARTESIAN_POINT('',(-0.0124464384227328,0.0009,-0.00312771184506319));
#7255=CARTESIAN_POINT('',(-0.0125292576116096,0.0009,-0.0031934221638897));
#7256=CARTESIAN_POINT('',(-0.0126143678467518,0.0009,-0.00326376902365585));
#7257=CARTESIAN_POINT('',(-0.0127016152905415,0.0009,-0.0033388695285669));
#7258=CARTESIAN_POINT('',(-0.0127908426816441,0.0009,-0.0034188345997711));
#7259=CARTESIAN_POINT('',(-0.0128818879739449,0.0009,-0.00350377787517372));
#7260=CARTESIAN_POINT('',(-0.0129745901084953,0.0009,-0.00359378103926494));
#7261=CARTESIAN_POINT('',(-0.0130687674266136,0.0009,-0.00368902635602329));
#7262=CARTESIAN_POINT('',(-0.0131456400132859,0.0009,-0.00376970368232511));
#7263=CARTESIAN_POINT('',(-0.013191001548291,0.0009,-0.00381907408867658));
#7264=CARTESIAN_POINT('',(-0.0132046499689173,0.0009,-0.0038340212829836));
#7265=CARTESIAN_POINT('',(-3.87457859809021E-17,-0.004,-4.87435520523254E-18));
#7266=CARTESIAN_POINT('',(-0.0108353443600597,-0.004,-0.00149138152359595));
#7267=CARTESIAN_POINT('',(-0.0108353443600597,0.0009,-0.00149138152359595));
#7268=CARTESIAN_POINT('',(-3.87457859809021E-17,0.0009,-4.87435520523254E-18));
#7269=CARTESIAN_POINT('',(-0.0107658870958246,0.0009,-0.00192991743086506));
#7270=CARTESIAN_POINT('',(-0.0107658870958246,-0.004,-0.00192991743086507));
#7271=CARTESIAN_POINT('',(-0.0113257214963322,-0.002,-0.00155887724651239));
#7272=CARTESIAN_POINT('',(-0.0113257214963322,0.0009,-0.00155887724651239));
#7273=CARTESIAN_POINT('',(-0.0112531207921476,-0.002,-0.00201726005252448));
#7274=CARTESIAN_POINT('',(-0.0112531207921476,0.0009,-0.00201726005252448));
#7275=CARTESIAN_POINT('',(-0.0111449109296758,-0.004,0.00250028803727768));
#7276=CARTESIAN_POINT('',(-0.0111449109296758,0.000899999999999999,0.00250028803727768));
#7277=CARTESIAN_POINT('',(-0.0112318472634947,-0.004,0.00251976385854817));
#7278=CARTESIAN_POINT('',(-0.0112318472634947,0.000899999999999999,0.00251976385854817));
#7279=CARTESIAN_POINT('',(-0.0113854172322655,-0.004,0.00255425157133818));
#7280=CARTESIAN_POINT('',(-0.0113854172322655,0.0009,0.00255425157133818));
#7281=CARTESIAN_POINT('',(-0.0114796386660126,-0.004,0.00257556946856823));
#7282=CARTESIAN_POINT('',(-0.0114796386660126,0.0009,0.00257556946856823));
#7283=CARTESIAN_POINT('',(-0.0114841146418991,-0.004,0.00257778471351661));
#7284=CARTESIAN_POINT('',(-0.0114841146418991,0.0009,0.00257778471351661));
#7285=CARTESIAN_POINT('',(-0.0115387198921121,-0.004,0.00259462100811274));
#7286=CARTESIAN_POINT('',(-0.0115387198921121,0.000900000000000001,0.00259462100811274));
#7287=CARTESIAN_POINT('',(-0.0116069564685616,-0.004,0.00262047981631784));
#7288=CARTESIAN_POINT('',(-0.0116069564685616,0.000899999999999997,0.00262047981631784));
#7289=CARTESIAN_POINT('',(-0.0117396652593237,-0.004,0.00267765262052846));
#7290=CARTESIAN_POINT('',(-0.0117396652593237,0.000900000000000001,0.00267765262052846));
#7291=CARTESIAN_POINT('',(-0.0119247411367438,-0.004,0.00277286971967569));
#7292=CARTESIAN_POINT('',(-0.0119247411367438,0.0009,0.00277286971967569));
#7293=CARTESIAN_POINT('',(-0.0121674062207966,-0.004,0.00292239855482821));
#7294=CARTESIAN_POINT('',(-0.0121674062207966,0.0009,0.00292239855482821));
#7295=CARTESIAN_POINT('',(-0.0124214727746827,-0.004,0.00310450773285665));
#7296=CARTESIAN_POINT('',(-0.0124214727746827,0.0009,0.00310450773285665));
#7297=CARTESIAN_POINT('',(-0.0127685297673553,-0.004,0.00338852114473426));
#7298=CARTESIAN_POINT('',(-0.0127685297673553,0.0009,0.00338852114473426));
#7299=CARTESIAN_POINT('',(-0.0130318637954235,-0.004,0.00364479290414813));
#7300=CARTESIAN_POINT('',(-0.0130318637954235,0.000899999999999999,0.00364479290414813));
#7301=CARTESIAN_POINT('',(-0.0132046499689173,-0.004,0.00383402128298358));
#7302=CARTESIAN_POINT('',(-0.0132046499689173,0.000899999999999999,0.00383402128298358));
#7303=CARTESIAN_POINT('',(-0.0106721688439656,0.0009,0.00239451841001252));
#7304=CARTESIAN_POINT('',(-0.0110471587008788,0.0009,0.00247837296240311));
#7305=CARTESIAN_POINT('',(-0.0114571050092188,0.0009,0.00257004441312713));
#7306=CARTESIAN_POINT('',(-0.0114695366753113,0.0009,0.00257365661732432));
#7307=CARTESIAN_POINT('',(-0.0114824662892555,0.0009,0.00257717230935235));
#7308=CARTESIAN_POINT('',(-0.0114976486766284,0.0009,0.00258175260142056));
#7309=CARTESIAN_POINT('',(-0.0115179615041533,0.0009,0.0025882592093665));
#7310=CARTESIAN_POINT('',(-0.0115423448389714,0.0009,0.00259663702563775));
#7311=CARTESIAN_POINT('',(-0.0115710437445669,0.0009,0.00260713393141607));
#7312=CARTESIAN_POINT('',(-0.0116038842078809,0.0009,0.00261989941537269));
#7313=CARTESIAN_POINT('',(-0.0116408143289088,0.0009,0.00263511035774001));
#7314=CARTESIAN_POINT('',(-0.0116817389405654,0.0009,0.00265293239013714));
#7315=CARTESIAN_POINT('',(-0.0117265691584049,0.0009,0.00267353127414764));
#7316=CARTESIAN_POINT('',(-0.0117752078138332,0.0009,0.00269706936044905));
#7317=CARTESIAN_POINT('',(-0.0118275537837796,0.0009,0.00272370644650773));
#7318=CARTESIAN_POINT('',(-0.0118835008253094,0.0009,0.00275359935659959));
#7319=CARTESIAN_POINT('',(-0.0119429380047579,0.0009,0.00278690189402888));
#7320=CARTESIAN_POINT('',(-0.0120057496749823,0.0009,0.00282376468937773));
#7321=CARTESIAN_POINT('',(-0.0120718155863959,0.0009,0.00286433508117102));
#7322=CARTESIAN_POINT('',(-0.0121410109645098,0.0009,0.00290875699003313));
#7323=CARTESIAN_POINT('',(-0.012213206601145,0.0009,0.00295717079769003));
#7324=CARTESIAN_POINT('',(-0.0122882689459959,0.0009,0.00300971322664751));
#7325=CARTESIAN_POINT('',(-0.0123660602015166,0.0009,0.00306651722580076));
#7326=CARTESIAN_POINT('',(-0.0124464384227328,0.0009,0.00312771184506317));
#7327=CARTESIAN_POINT('',(-0.0125292576116096,0.0009,0.00319342216388968));
#7328=CARTESIAN_POINT('',(-0.0126143678467518,0.0009,0.00326376902365583));
#7329=CARTESIAN_POINT('',(-0.0127016152905415,0.0009,0.00333886952856688));
#7330=CARTESIAN_POINT('',(-0.0127908426816441,0.0009,0.00341883459977108));
#7331=CARTESIAN_POINT('',(-0.0128818879739449,0.0009,0.00350377787517369));
#7332=CARTESIAN_POINT('',(-0.0129745901084953,0.0009,0.00359378103926491));
#7333=CARTESIAN_POINT('',(-0.0130687674266136,0.0009,0.00368902635602327));
#7334=CARTESIAN_POINT('',(-0.0131456400132859,0.0009,0.00376970368232509));
#7335=CARTESIAN_POINT('',(-0.013191001548291,0.0009,0.00381907408867656));
#7336=CARTESIAN_POINT('',(-0.0132046499689173,0.0009,0.00383402128298358));
#7337=CARTESIAN_POINT('',(-0.0111449109518493,0.0009,0.00250028804224508));
#7338=CARTESIAN_POINT('',(-0.0111449109518493,-0.004,0.00250028804224508));
#7339=CARTESIAN_POINT('',(-0.0113720716575484,-0.004,0.00106605164759713));
#7340=CARTESIAN_POINT('',(-0.0113720716575484,0.000900000000000001,0.00106605164759713));
#7341=CARTESIAN_POINT('',(-0.0114607713840817,-0.004,0.00107439384544633));
#7342=CARTESIAN_POINT('',(-0.0114607713840817,0.000900000000000001,0.00107439384544633));
#7343=CARTESIAN_POINT('',(-0.0116174823929376,-0.004,0.00108904981164108));
#7344=CARTESIAN_POINT('',(-0.0116174823929376,0.000900000000000001,0.00108904981164108));
#7345=CARTESIAN_POINT('',(-0.011713679894006,-0.004,0.00109789131082898));
#7346=CARTESIAN_POINT('',(-0.011713679894006,0.000900000000000002,0.00109789131082898));
#7347=CARTESIAN_POINT('',(-0.0117186213483754,-0.004,0.00109716764030097));
#7348=CARTESIAN_POINT('',(-0.0117186213483754,0.000900000000000001,0.00109716764030097));
#7349=CARTESIAN_POINT('',(-0.0117757567285668,-0.004,0.00109802932291297));
#7350=CARTESIAN_POINT('',(-0.0117757567285668,0.000900000000000001,0.00109802932291297));
#7351=CARTESIAN_POINT('',(-0.0118486443804384,-0.004,0.00109452239662672));
#7352=CARTESIAN_POINT('',(-0.0118486443804384,0.000900000000000002,0.00109452239662672));
#7353=CARTESIAN_POINT('',(-0.0119925253087795,-0.004,0.00108115710027578));
#7354=CARTESIAN_POINT('',(-0.0119925253087795,0.000900000000000001,0.00108115710027578));
#7355=CARTESIAN_POINT('',(-0.0121979666298006,-0.004,0.00104779184904078));
#7356=CARTESIAN_POINT('',(-0.0121979666298006,0.000900000000000002,0.00104779184904078));
#7357=CARTESIAN_POINT('',(-0.0124749617904775,-0.004,0.000980569110908686));
#7358=CARTESIAN_POINT('',(-0.0124749617904775,0.000900000000000001,0.000980569110908686));
#7359=CARTESIAN_POINT('',(-0.012772868272966,-0.004,0.000885883873320671));
#7360=CARTESIAN_POINT('',(-0.012772868272966,0.000900000000000001,0.000885883873320671));
#7361=CARTESIAN_POINT('',(-0.0131907040582736,-0.004,0.00072301757599172));
#7362=CARTESIAN_POINT('',(-0.0131907040582736,0.000900000000000001,0.00072301757599172));
#7363=CARTESIAN_POINT('',(-0.0135203419304675,-0.004,0.000560663339129022));
#7364=CARTESIAN_POINT('',(-0.0135203419304675,0.000900000000000001,0.000560663339129022));
#7365=CARTESIAN_POINT('',(-0.0137431461315726,-0.004,0.000434090320372221));
#7366=CARTESIAN_POINT('',(-0.0137431461315726,0.000900000000000001,0.000434090320372221));
#7367=CARTESIAN_POINT('',(-0.0113720716801717,0.,0.00106605164972485));
#7368=CARTESIAN_POINT('',(-0.0113720716801717,0.0009,0.00106605164972485));
#7369=CARTESIAN_POINT('',(-0.0108897826040932,0.0009,0.00102055920239309));
#7370=CARTESIAN_POINT('',(-0.0112723316327994,0.0009,0.0010566870224254));
#7371=CARTESIAN_POINT('',(-0.0116905417768501,0.0009,0.00109618266791442));
#7372=CARTESIAN_POINT('',(-0.0117034812263799,0.0009,0.00109658885366549));
#7373=CARTESIAN_POINT('',(-0.0117168644285583,0.0009,0.0010972407022924));
#7374=CARTESIAN_POINT('',(-0.0117327191250905,0.0009,0.0010975762013878));
#7375=CARTESIAN_POINT('',(-0.0117540484245035,0.0009,0.00109766505841083));
#7376=CARTESIAN_POINT('',(-0.0117798272415748,0.0009,0.00109723214649208));
#7377=CARTESIAN_POINT('',(-0.0118103652450258,0.0009,0.00109611744539964));
#7378=CARTESIAN_POINT('',(-0.0118455431331427,0.0009,0.0010941250099662));
#7379=CARTESIAN_POINT('',(-0.0118853662050858,0.0009,0.0010910705791107));
#7380=CARTESIAN_POINT('',(-0.0119297951345637,0.0009,0.00108676721955589));
#7381=CARTESIAN_POINT('',(-0.0119787966105912,0.0009,0.0010810298158632));
#7382=CARTESIAN_POINT('',(-0.0120323283894624,0.0009,0.00107367393661604));
#7383=CARTESIAN_POINT('',(-0.0120903436775545,0.0009,0.00106451635664531));
#7384=CARTESIAN_POINT('',(-0.0121527898931986,0.0009,0.00105337509632913));
#7385=CARTESIAN_POINT('',(-0.0122196090600447,0.0009,0.00104006959964514));
#7386=CARTESIAN_POINT('',(-0.012290737738534,0.0009,0.00102442087146418));
#7387=CARTESIAN_POINT('',(-0.0123661070946214,0.0009,0.00100625162535617));
#7388=CARTESIAN_POINT('',(-0.0124456429346351,0.0009,0.000985386427235989));
#7389=CARTESIAN_POINT('',(-0.0125292657546335,0.0009,0.000961651838625231));
#7390=CARTESIAN_POINT('',(-0.0126168907903059,0.0009,0.000934876559379803));
#7391=CARTESIAN_POINT('',(-0.0127084280718665,0.0009,0.000904891565803157));
#7392=CARTESIAN_POINT('',(-0.0128037824802388,0.0009,0.000871530260724879));
#7393=CARTESIAN_POINT('',(-0.0129028538147175,0.0009,0.000834628570640374));
#7394=CARTESIAN_POINT('',(-0.0130055368336216,0.0009,0.000794025240313055));
#7395=CARTESIAN_POINT('',(-0.0131117214158715,0.0009,0.000749561358587124));
#7396=CARTESIAN_POINT('',(-0.0132212922735702,0.0009,0.000701082836756826));
#7397=CARTESIAN_POINT('',(-0.0133341304077481,0.0009,0.000648431523748497));
#7398=CARTESIAN_POINT('',(-0.0134501078841384,0.0009,0.00059147996304326));
#7399=CARTESIAN_POINT('',(-0.013569108257735,0.0009,0.000529998675676836));
#7400=CARTESIAN_POINT('',(-0.0136671490971021,0.0009,0.00047702491446351));
#7401=CARTESIAN_POINT('',(-0.0137255467751397,0.0009,0.000444088352998337));
#7402=CARTESIAN_POINT('',(-0.0137431461315726,0.0009,0.000434090320372221));
#7403=CARTESIAN_POINT('',(-3.83556908311512E-17,-0.004,7.33731904783973E-18));
#7404=CARTESIAN_POINT('',(-0.0107658870958246,-0.004,0.00192991743086505));
#7405=CARTESIAN_POINT('',(-0.0107658870958246,0.0009,0.00192991743086505));
#7406=CARTESIAN_POINT('',(-3.83556908311512E-17,0.0009,7.33731904783973E-18));
#7407=CARTESIAN_POINT('',(-0.0108353443600596,0.0009,0.00149138152359593));
#7408=CARTESIAN_POINT('',(-0.0108353443600597,-0.004,0.00149138152359593));
#7409=CARTESIAN_POINT('',(-0.0112531207921476,-0.002,0.00201726005252446));
#7410=CARTESIAN_POINT('',(-0.0112531207921476,0.0009,0.00201726005252446));
#7411=CARTESIAN_POINT('',(-0.0113257214963322,-0.002,0.00155887724651237));
#7412=CARTESIAN_POINT('',(-0.0113257214963322,0.0009,0.00155887724651237));
#7413=CARTESIAN_POINT('',(0.0159099025766973,-0.001,-0.0194454364826301));
#7414=CARTESIAN_POINT('',(0.0159099025766973,0.0009,-0.0194454364826301));
#7415=CARTESIAN_POINT('',(0.0332340187157677,0.0009,-0.0367695526217004));
#7416=CARTESIAN_POINT('',(0.0332340187157677,-0.001,-0.0367695526217004));
#7417=CARTESIAN_POINT('',(0.0194454364826301,-0.001,-0.0159099025766973));
#7418=CARTESIAN_POINT('',(0.0367695526217005,-0.001,-0.0332340187157677));
#7419=CARTESIAN_POINT('',(0.0367695526217005,0.0009,-0.0332340187157677));
#7420=CARTESIAN_POINT('',(0.0194454364826301,0.0009,-0.0159099025766973));
#7421=CARTESIAN_POINT('',(0.0353553390593274,-0.000998,-0.0353553390593273));
#7422=CARTESIAN_POINT('',(0.0353553390593274,0.0009,-0.0353553390593273));
#7423=CARTESIAN_POINT('',(0.0353553390593274,0.0009,-0.0371053390593273));
#7424=CARTESIAN_POINT('',(0.0350017856687342,-0.000998,-0.0350017856687341));
#7425=CARTESIAN_POINT('',(0.0350017856687342,0.0009,-0.0350017856687341));
#7426=CARTESIAN_POINT('',(0.,-0.025,1.07156594925393E-19));
#7427=CARTESIAN_POINT('',(0.,0.0009,1.07156594925393E-19));
#7428=CARTESIAN_POINT('',(0.,0.0009,0.00175));
#7429=CARTESIAN_POINT('',(0.,0.0009,0.));
#7430=MECHANICAL_DESIGN_GEOMETRIC_PRESENTATION_REPRESENTATION('',(#2307),
#7431);
#7431=(
GEOMETRIC_REPRESENTATION_CONTEXT(3)
GLOBAL_UNCERTAINTY_ASSIGNED_CONTEXT((#7432))
GLOBAL_UNIT_ASSIGNED_CONTEXT((#7435,#7434,#7433))
REPRESENTATION_CONTEXT('Spur gear (20 teeth)','TOP_LEVEL_ASSEMBLY_PART')
);
#7432=UNCERTAINTY_MEASURE_WITH_UNIT(LENGTH_MEASURE(2.E-5),#7435,
'DISTANCE_ACCURACY_VALUE','Maximum Tolerance applied to model');
#7433=(
NAMED_UNIT(*)
SI_UNIT($,.STERADIAN.)
SOLID_ANGLE_UNIT()
);
#7434=(
NAMED_UNIT(*)
PLANE_ANGLE_UNIT()
SI_UNIT($,.RADIAN.)
);
#7435=(
LENGTH_UNIT()
NAMED_UNIT(*)
SI_UNIT($,.METRE.)
);
#7436=PRODUCT_DEFINITION_SHAPE('','',#7437);
#7437=PRODUCT_DEFINITION('','',#7439,#7438);
#7438=PRODUCT_DEFINITION_CONTEXT('',#7445,'design');
#7439=PRODUCT_DEFINITION_FORMATION_WITH_SPECIFIED_SOURCE('','',#7441,
 .NOT_KNOWN.);
#7440=PRODUCT_RELATED_PRODUCT_CATEGORY('','',(#7441));
#7441=PRODUCT('Spur gear (20 teeth)','Spur gear (20 teeth)',
'Spur gear (20 teeth)',(#7443));
#7442=PRODUCT_CATEGORY('','');
#7443=PRODUCT_CONTEXT('',#7445,'mechanical');
#7444=APPLICATION_PROTOCOL_DEFINITION('international standard',
'ap242_managed_model_based_3d_engineering',2020,#7445);
#7445=APPLICATION_CONTEXT('managed model based 3d engineering');
ENDSEC;
END-ISO-10303-21;
